path,prefix,extension,live_bytes,snapshot_blob,live_blob,proposed_action,category,disposition,evidence_strength,rationale,exists_now,line_count_if_small,sha256_if_small_or_metadata
.agents/skills/onboardingv2/README.md,.agents,.md,5491,2197fbad4b29809999c068e354dd1d1c5457bf4c,77134803486a83e7dd950b624dd25bcfb544d6d5,research_intake_archive_or_canonicalize,external_agent_skill_reference,archive_or_agent_skill_manifest,Medium,Third-party skill docs are useful reference material but not NEXUS canonical policy.,True,92,72907f662ba1d7bf12b2374e7316542891925fb3c2e28e12c0c372e4dda40b5b
.agents/skills/onboardingv2/SKILL.md,.agents,.md,29362,36478305ae9e72c215826037b9b014f0609eb1db,d9630ed22adb5289e312c4cf93207224098f0941,research_intake_archive_or_canonicalize,external_agent_skill_reference,archive_or_agent_skill_manifest,Medium,Third-party skill docs are useful reference material but not NEXUS canonical policy.,True,483,6b2953011346835c1720140623c444099f211c5ed134236a31b1e8018f3b7a26
.agents/skills/onboardingv2/mcp-configure/SKILL.md,.agents,.md,14809,c4f6a8cb6fb94b9304c3d04417be7bd15fc7ee33,e8c02935fc9e3a160cad03cd8913fa264f2e43d8,research_intake_archive_or_canonicalize,external_agent_skill_reference,archive_or_agent_skill_manifest,Medium,Third-party skill docs are useful reference material but not NEXUS canonical policy.,True,191,524224125a8392c3b86bef7979c8c9059e60b2f9614a9f0e19eb6f82e0400110
.agents/skills/onboardingv2/mcp-configure/references/mcp-config-templates.md,.agents,.md,8242,dfe87436d9c0486521e772de8f1fd279eda6d166,20d4ac9ecf5d381d772008c8f5d1763101dc712a,research_intake_archive_or_canonicalize,external_agent_skill_reference,archive_or_agent_skill_manifest,Medium,Third-party skill docs are useful reference material but not NEXUS canonical policy.,True,323,9def2602bda39dfc36362e0c98d8e1fee73e2aff27fb5670a115801aef6a0511
.agents/skills/onboardingv2/mcp-configure/references/mcp-ui-links.md,.agents,.md,3693,5e059af7be0a6a6827942af587e64fbe9d0d49a8,ae9084cd7cd2479dcd731db267f227c14aa7ba53,research_intake_archive_or_canonicalize,external_agent_skill_reference,archive_or_agent_skill_manifest,Medium,Third-party skill docs are useful reference material but not NEXUS canonical policy.,True,32,e96b61275706c0b0ea93d749657cf0eb80916979ebd871422628307f80c085a2
.agents/skills/onboardingv2/references/1.8-summary.md,.agents,.md,7750,1ca75c3da7d3c84c2419d2ccf9ef77499157abb4,0dde834703de9ec85a64a226d40f64005376132e,research_intake_archive_or_canonicalize,external_agent_skill_reference,archive_or_agent_skill_manifest,Medium,Third-party skill docs are useful reference material but not NEXUS canonical policy.,True,139,f6f2c7251a3ce1e46c85bf88f4fe0fff927b503181ddfbe715c421f3fc626b4a
.agents/skills/onboardingv2/references/1.9-editor-rules.md,.agents,.md,10834,feedccc16cc81b69139dc50d1121e37e0f51723c,890c6de430a9b8731eb91584cb29e4e9e7b06247,research_intake_archive_or_canonicalize,external_agent_skill_reference,archive_or_agent_skill_manifest,Medium,Third-party skill docs are useful reference material but not NEXUS canonical policy.,True,173,cc2e2cf6e9f2e520bf83d974fdfe2b80bd60aeec37240d58d7e3297b2ecfb0ae
.agents/skills/onboardingv2/references/sdk/recipes.md,.agents,.md,24065,ff25a7993b876ecfebe2cf414698b79bc12a7832,1996d31b1784cf84de04799acabee8a0061e8e64,research_intake_archive_or_canonicalize,external_agent_skill_reference,archive_or_agent_skill_manifest,Medium,Third-party skill docs are useful reference material but not NEXUS canonical policy.,True,411,cee21253e5fbfac2d1943cefcb956167854c2bbc4f3a7a2a35d36afb06b68aa1
.agents/skills/onboardingv2/references/sdk/snippets/android-client-sdk.md,.agents,.md,4253,7434939fc0c4674afc16e5ef6dc09defa48bfdc2,5a0ed3dd07e3fc3fb1861090158bab9105488fe4,research_intake_archive_or_canonicalize,external_agent_skill_reference,archive_or_agent_skill_manifest,Medium,Third-party skill docs are useful reference material but not NEXUS canonical policy.,True,89,dcd0d0d7ec31c93829ecd0bc8500fc354cac3c6f3eb8f4c9dd9c96b2a85edee1
.agents/skills/onboardingv2/references/sdk/snippets/apex-server-sdk.md,.agents,.md,750,3a5e4aa7ac4df4a2fc8857bde627a79c2bd88eba,87139a35205d55091087d1053ee480a6a5f9f1a1,research_intake_archive_or_canonicalize,external_agent_skill_reference,archive_or_agent_skill_manifest,Medium,Third-party skill docs are useful reference material but not NEXUS canonical policy.,True,18,30d72709359d863388122be0663aed838a987664a96603c36a58ad4920579f07
.agents/skills/onboardingv2/references/sdk/snippets/browser-frameworks-sdk.md,.agents,.md,1079,ebc8f0159befebc6bdffa4d0c2f116de57c5bdff,832e5998bd26985d36276d2eeab0cfc650bfbbf0,research_intake_archive_or_canonicalize,external_agent_skill_reference,archive_or_agent_skill_manifest,Medium,Third-party skill docs are useful reference material but not NEXUS canonical policy.,True,21,54591136bea2eff37f6e53ac9afc10cc337b8f29eba183c52760816fad0ace3e
.agents/skills/onboardingv2/references/sdk/snippets/cpp-client-sdk.md,.agents,.md,969,41624d598b87870b6345162c3df8227985e75d80,9ee8740d918dae1ecd78f7dbaed8e8e2d068020c,research_intake_archive_or_canonicalize,external_agent_skill_reference,archive_or_agent_skill_manifest,Medium,Third-party skill docs are useful reference material but not NEXUS canonical policy.,True,19,bbedfb4dc5021cc29ce70daad323965055f8732e93faa4c8fd7f59027fab0fc8
.agents/skills/onboardingv2/references/sdk/snippets/cpp-server-sdk.md,.agents,.md,728,1558c2999871ecd1e672f37da64912df89d93ccd,4ac5211fb9b97ee47cf3d8f210f949f49bdfe2a5,research_intake_archive_or_canonicalize,external_agent_skill_reference,archive_or_agent_skill_manifest,Medium,Third-party skill docs are useful reference material but not NEXUS canonical policy.,True,18,87a19c8d0934a9750b8644e7624622674e4967c5e8d0c1a3169f7b824ea418fb
.agents/skills/onboardingv2/references/sdk/snippets/dotnet-client-sdk.md,.agents,.md,1240,baf3d5d277740120822b9b0f3aefbad2550ec9c3,9b212dc582085edafad221ad6781f920bc76af08,research_intake_archive_or_canonicalize,external_agent_skill_reference,archive_or_agent_skill_manifest,Medium,Third-party skill docs are useful reference material but not NEXUS canonical policy.,True,22,1160001fdedc0a9982dbe21a671f70a07e0edb6cf4d1f3f6ee513dd22df00f43
.agents/skills/onboardingv2/references/sdk/snippets/dotnet-server-sdk.md,.agents,.md,3524,57e50e73534a099bb07190a2c1b0dff1a24f51a8,d1f9bfe2aa319164ec65b0801bc0c7cd9fd4f326,research_intake_archive_or_canonicalize,external_agent_skill_reference,archive_or_agent_skill_manifest,Medium,Third-party skill docs are useful reference material but not NEXUS canonical policy.,True,79,6a56e99922df9ef4f375fb1c8d2f38f5d7a28baca90d44560bf79c7326f5f356
.agents/skills/onboardingv2/references/sdk/snippets/edge-sdks.md,.agents,.md,1943,8f7ed44168602ab0acc8bed6d17f533027ac7d27,4cc87680aacc9d482f846279e7ef5ede50bf375c,research_intake_archive_or_canonicalize,external_agent_skill_reference,archive_or_agent_skill_manifest,Medium,Third-party skill docs are useful reference material but not NEXUS canonical policy.,True,20,8581ff84798fbd9ff0ba5e2ecd7cf76f20be5a49b707be5c0c9edfbb19f612d3
.agents/skills/onboardingv2/references/sdk/snippets/electron-client-sdk.md,.agents,.md,908,7f59a62433535f10bf5088e13be4434ec865ed6f,3f240e319ca647722eeb47444fd8643701cfc8a1,research_intake_archive_or_canonicalize,external_agent_skill_reference,archive_or_agent_skill_manifest,Medium,Third-party skill docs are useful reference material but not NEXUS canonical policy.,True,20,58e844db0f10e6f31ad8aab489433c36b3c145d8454885abc49d4e3a8e64ef0d
.agents/skills/onboardingv2/references/sdk/snippets/erlang-server-sdk.md,.agents,.md,889,661e37691f29488184c57c7f0aabf4c092faaae8,b22b579df91688eb19416b4442733ec16447fd5f,research_intake_archive_or_canonicalize,external_agent_skill_reference,archive_or_agent_skill_manifest,Medium,Third-party skill docs are useful reference material but not NEXUS canonical policy.,True,19,e5b8a6ba1175c6cb99ce3c996aeff7b9034f8b2811132f823fef62234991930b
.agents/skills/onboardingv2/references/sdk/snippets/flutter-client-sdk.md,.agents,.md,1304,d847a0db1c34057e4016969526bf68534e3c5888,bd76d9190fe91911ef77a858e9c0abe671d1b29f,research_intake_archive_or_canonicalize,external_agent_skill_reference,archive_or_agent_skill_manifest,Medium,Third-party skill docs are useful reference material but not NEXUS canonical policy.,True,22,9f35b145b8dc974d6bdd93af9ed58c159ef23b64ea9246c169451b40226afde3
.agents/skills/onboardingv2/references/sdk/snippets/go-server-sdk.md,.agents,.md,2245,26d47c4601ba57ed10f035a04696c1f699dc6610,da6e99ad1857bf32cbae22bb44eaab8b3d5eddac,research_intake_archive_or_canonicalize,external_agent_skill_reference,archive_or_agent_skill_manifest,Medium,Third-party skill docs are useful reference material but not NEXUS canonical policy.,True,41,1b42fad4d00dd312dd9c704d27d9f7aaa91e2049bc7581c614261fb7c0041f6b
.agents/skills/onboardingv2/references/sdk/snippets/haskell-server-sdk.md,.agents,.md,919,df4db0accbe3b851b685a110c0a1bc862222cd1f,f9277e8783170279b9909af7dfa4e897e29f69b2,research_intake_archive_or_canonicalize,external_agent_skill_reference,archive_or_agent_skill_manifest,Medium,Third-party skill docs are useful reference material but not NEXUS canonical policy.,True,20,970e68b22d2d6caed6d82156f29e224a703e7b143bdde2fcb2d9513e7c7986f6
.agents/skills/onboardingv2/references/sdk/snippets/ios-client-sdk.md,.agents,.md,4782,c733289321a7bb92a2f3ffeba8f01008001bf063,1f3fa75daebe91e7efe4620c0969c4504cd5f347,research_intake_archive_or_canonicalize,external_agent_skill_reference,archive_or_agent_skill_manifest,Medium,Third-party skill docs are useful reference material but not NEXUS canonical policy.,True,106,0ff4400661c0cdddff293b43c8c08e74bf29ba41e6db739e4e80dd9db54e3a09
.agents/skills/onboardingv2/references/sdk/snippets/java-server-sdk.md,.agents,.md,3587,c872acb630195bce0f33bc2c5fceeea250147f1e,37cf5e049bf4974f4c13b8723b70ee5e94ee135b,research_intake_archive_or_canonicalize,external_agent_skill_reference,archive_or_agent_skill_manifest,Medium,Third-party skill docs are useful reference material but not NEXUS canonical policy.,True,83,64696cf223cf3fb9250f8972e41635ce3213d51dc914f2749a3eb166d2225f13
.agents/skills/onboardingv2/references/sdk/snippets/javascript-browser-sdk.md,.agents,.md,2747,1cb1750c626e230458d83b351b12de44e2fceba3,477472e16a585ebe64add875776d7f9adbd51cda,research_intake_archive_or_canonicalize,external_agent_skill_reference,archive_or_agent_skill_manifest,Medium,Third-party skill docs are useful reference material but not NEXUS canonical policy.,True,50,c5d785d46cfbd4093380f7da48417025734da18e2765847b936bf3d712e11cb2
.agents/skills/onboardingv2/references/sdk/snippets/lua-server-sdk.md,.agents,.md,1054,eac2b9f11ced74bf2b320ec6880fc8bb4005bdd2,cbbd3f568b1cc7ed2dfe02a843895cf1aa7eddbe,research_intake_archive_or_canonicalize,external_agent_skill_reference,archive_or_agent_skill_manifest,Medium,Third-party skill docs are useful reference material but not NEXUS canonical policy.,True,20,b9962f96b04448c1fc33d49d2b4cbfd25d4b90f3540efd7c9317e4fcffb8f217
.agents/skills/onboardingv2/references/sdk/snippets/node-client-sdk.md,.agents,.md,1017,e1144ed7accb061b397540109129e1f3e8148114,3db82b0af4e8ca4d6eff2c3419cdb26ac9f28522,research_intake_archive_or_canonicalize,external_agent_skill_reference,archive_or_agent_skill_manifest,Medium,Third-party skill docs are useful reference material but not NEXUS canonical policy.,True,22,95a6d127e5b4c65cf5f5da4bbe8a400c4bff566e5815d09b1b3726fa41df7d68
.agents/skills/onboardingv2/references/sdk/snippets/node-server-sdk.md,.agents,.md,3008,505f96fe8790249515e4184f0ada6440dacf44e2,64d98831fcb6d550a134a0a08e41c22d65ca721c,research_intake_archive_or_canonicalize,external_agent_skill_reference,archive_or_agent_skill_manifest,Medium,Third-party skill docs are useful reference material but not NEXUS canonical policy.,True,69,d3327875b5c378b76556a1926175696a264aa074694883d2501fe0654f16eefc
.agents/skills/onboardingv2/references/sdk/snippets/php-server-sdk.md,.agents,.md,847,52557cfa2c11a1cb90b07cb4376866e8b2b92ba7,d830f127fd2b65846a09949110ba8e08e7179a4f,research_intake_archive_or_canonicalize,external_agent_skill_reference,archive_or_agent_skill_manifest,Medium,Third-party skill docs are useful reference material but not NEXUS canonical policy.,True,20,7400ca6988e34bd5f0d0f48a8d1a70e20d0c43803c882347127a26b7b08333f1
.agents/skills/onboardingv2/references/sdk/snippets/python-server-sdk.md,.agents,.md,2921,a7d413f863a7913bffa3db14919a7f427f569ab8,7940b06542de8558c1134aaefe0d03b8071c8bf7,research_intake_archive_or_canonicalize,external_agent_skill_reference,archive_or_agent_skill_manifest,Medium,Third-party skill docs are useful reference material but not NEXUS canonical policy.,True,68,f8b247f6a1a2d6ad5bd69d1f059e584a59f5c5179072ccd5b30d177ba82c5732
.agents/skills/onboardingv2/references/sdk/snippets/react-native-sdk.md,.agents,.md,2916,701bfbccbc98ea393d6f6520dcecee164886cd83,76eace4e5e230c0685235d697d7a086042889aa0,research_intake_archive_or_canonicalize,external_agent_skill_reference,archive_or_agent_skill_manifest,Medium,Third-party skill docs are useful reference material but not NEXUS canonical policy.,True,64,b24710b8de9c8ecaf367258d55a0517877ab70db0c02e1fcec1bc8d41f5c16ca
.agents/skills/onboardingv2/references/sdk/snippets/react-web-sdk.md,.agents,.md,2911,e6fd97267ce5411ee310d2800e243a48cd80827d,01e5329ce30fcc38f947a3221019703327972e91,research_intake_archive_or_canonicalize,external_agent_skill_reference,archive_or_agent_skill_manifest,Medium,Third-party skill docs are useful reference material but not NEXUS canonical policy.,True,64,00d12232224d56227dfaf6e822ad7d6a9425179eea49d162af29f6b212b4160d
.agents/skills/onboardingv2/references/sdk/snippets/roku-client-sdk.md,.agents,.md,718,4ca5cbdbbd13aa48870da8ee066ee3c18e90493a,059c8f504c409e4509ad35d02377f36fa5d2985a,research_intake_archive_or_canonicalize,external_agent_skill_reference,archive_or_agent_skill_manifest,Medium,Third-party skill docs are useful reference material but not NEXUS canonical policy.,True,18,b27962b6b9e54a8d5eb6a00ee11b6a371e193aa2b0ce94d66b256d581410144d
.agents/skills/onboardingv2/references/sdk/snippets/ruby-server-sdk.md,.agents,.md,934,6f37807970a9b47adca5dbd797103e95f5027e07,dd9ba5e37ded03f403f4505eae06e0cd7d5116a8,research_intake_archive_or_canonicalize,external_agent_skill_reference,archive_or_agent_skill_manifest,Medium,Third-party skill docs are useful reference material but not NEXUS canonical policy.,True,20,9309b798aaf0fdee7f3bb51688f9dce3e48656366b7e9fcc55a5c46c7e53b7f7
.agents/skills/onboardingv2/references/sdk/snippets/rust-server-sdk.md,.agents,.md,866,64a4c168c6ea3de92ffdd753e6082aace7f7d8e5,b95e3c230bec534bf6b7c68a2e743eb904ecd933,research_intake_archive_or_canonicalize,external_agent_skill_reference,archive_or_agent_skill_manifest,Medium,Third-party skill docs are useful reference material but not NEXUS canonical policy.,True,20,c15949abac54f60f38f9aea30450e5b52fb06f6b6eed274de93f6674f213878f
.agents/skills/onboardingv2/references/sdk/snippets/vue-client-sdk.md,.agents,.md,765,cb85a8ace62009a3ce116c13812b46f076f2c16e,151777876742d6a2c21d01c5fb261e1d885eb9a6,research_intake_archive_or_canonicalize,external_agent_skill_reference,archive_or_agent_skill_manifest,Medium,Third-party skill docs are useful reference material but not NEXUS canonical policy.,True,19,6d38011d0f846610ca3bf0b9ccd7f2928df39ea3df0294dae98987a327162a40
.agents/skills/onboardingv2/sdk-install/SKILL.md,.agents,.md,5148,bf2fd7366d62989ccdcb9268e65e268b4f6be7cd,f11c7c89aedde9679ab50e5f7ad58dd45a1128cb,research_intake_archive_or_canonicalize,external_agent_skill_reference,archive_or_agent_skill_manifest,Medium,Third-party skill docs are useful reference material but not NEXUS canonical policy.,True,73,89b47ee4e8e27618cd7955eb4025ff95d5ba4b9bfc6c055baf08b7dc5fc51e05
.agents/skills/onboardingv2/sdk-install/apply/SKILL.md,.agents,.md,14445,ef115a7c8dd66eba99df4e411d8981ac434b873b,77249539afc49fc872789828cc9e10dc909cf063,research_intake_archive_or_canonicalize,external_agent_skill_reference,archive_or_agent_skill_manifest,Medium,Third-party skill docs are useful reference material but not NEXUS canonical policy.,True,172,e76a2c7b60a49ceff2a96f70c19b121fabfe54a9dff46e7be9eee8d89e98fc95
.agents/skills/onboardingv2/sdk-install/detect/SKILL.md,.agents,.md,12494,48d1bc32cc1c6e956ee0549210e5914d5ce7fbc2,9b5912a7dcd7fcad5734594b64973ebed78c7714,research_intake_archive_or_canonicalize,external_agent_skill_reference,archive_or_agent_skill_manifest,Medium,Third-party skill docs are useful reference material but not NEXUS canonical policy.,True,218,ff9c356d8221b9eaa9aca1881e441fa1196951d55fa379fa26a23a90f05af761
.agents/skills/onboardingv2/sdk-install/plan/SKILL.md,.agents,.md,10264,f82eea1d0b86f3dd64d3d5efff8b9ed50f4a3727,431306a0218a3e9c6ae7522607556215060d618b,research_intake_archive_or_canonicalize,external_agent_skill_reference,archive_or_agent_skill_manifest,Medium,Third-party skill docs are useful reference material but not NEXUS canonical policy.,True,141,74adb232b65317deb35cc52a3e13567536caf51595ca72b25a9fd231d977c9a5
benchmarks/digitalocean/do_correctness.csv,benchmarks,.csv,41888,d3a6c88fa9a50f2d7681d20aa733406637b95488,948e7d769290f06a20dca69686713b8be84b3cfe,dataset_benchmark_registry_preserve_do_not_track_blindly,dataset_benchmark_registry,preserve_manifest_first,High,Do not git-add blindly; create dataset registry with hash/rows/size and track only reviewed manifests or small canonical sets.,True,863,58f145847caa0688c0a9771d86ec5effa61c9e71623537ffc6788e7519e270e1
benchmarks/digitalocean/do_full_suite.csv,benchmarks,.csv,50165,e6310429ce5a37e98665e65707c1b869814c950f,80a829f8f988751ed2aaa6cf34cc1c823b67ec7c,dataset_benchmark_registry_preserve_do_not_track_blindly,dataset_benchmark_registry,preserve_manifest_first,High,Do not git-add blindly; create dataset registry with hash/rows/size and track only reviewed manifests or small canonical sets.,True,690,269f1cfd9b2586d1636af6ace929f5d290803fe50476872e2b218c6b1f1abae5
benchmarks/digitalocean/do_governance.csv,benchmarks,.csv,61342,f31bc8852b59558eb7b6073f3584cb4137c13558,15f69020b49c0c598b9d6e22558cdc36a6f09c33,dataset_benchmark_registry_preserve_do_not_track_blindly,dataset_benchmark_registry,preserve_manifest_first,High,Do not git-add blindly; create dataset registry with hash/rows/size and track only reviewed manifests or small canonical sets.,True,584,196565d07855051e6e4e90140668f77806dc5bb1461462691348687ff1bb9aaf
benchmarks/digitalocean/do_safety.csv,benchmarks,.csv,43278,e4683bda6728a9263994ec28c92222f114d682d8,f9816ac9e9ba2875008260054d24717bc8de384d,dataset_benchmark_registry_preserve_do_not_track_blindly,dataset_benchmark_registry,preserve_manifest_first,High,Do not git-add blindly; create dataset registry with hash/rows/size and track only reviewed manifests or small canonical sets.,True,239,f69c0e4cba5c3edbb7159ee28a1987cc25f72a498efe18eac586a9236a10e5b4
benchmarks/digitalocean/do_user_outcomes.csv,benchmarks,.csv,104762,dcc5ad12b467e80e4f2c344aee34cc009986f3cf,649b535c8d58b095f71e7468a55e99d26082b462,dataset_benchmark_registry_preserve_do_not_track_blindly,dataset_benchmark_registry,preserve_manifest_first,High,Do not git-add blindly; create dataset registry with hash/rows/size and track only reviewed manifests or small canonical sets.,True,2025,7fdd0b423b3498c9c9da78dbf3d3b2d97d0b79e181b70bc523a70d85a44f9662
benchmarks/digitalocean/knowledge_bases/governance/kb_manifest.json,benchmarks,.json,2831,bd7e53630940d27f25c9ab3cf2c7e4c7d72ce4e2,7d720f94e9cf0ab2394e94061ffbb14558bceac6,dataset_benchmark_registry_preserve_do_not_track_blindly,dataset_benchmark_registry,preserve_manifest_first,High,Do not git-add blindly; create dataset registry with hash/rows/size and track only reviewed manifests or small canonical sets.,True,90,db3b8e3e017559303e267d3a6ace21bb7b2def9bc1be7b0633c4c4fca4c69f77
benchmarks/digitalocean/knowledge_bases/operations/agent_registry.yaml,benchmarks,.yaml,1352,763c00328daab8eaca97aecf1f8554f0c49cb0fd,e2e6ff3593918def6c180769605703bf4e6a841e,dataset_benchmark_registry_preserve_do_not_track_blindly,dataset_benchmark_registry,preserve_manifest_first,High,Do not git-add blindly; create dataset registry with hash/rows/size and track only reviewed manifests or small canonical sets.,True,40,e249d3184d1efd3af064eb6a1b1c04196e5a65810bd3880bc52e6306f6156a7f
benchmarks/digitalocean/knowledge_bases/operations/kb_manifest.json,benchmarks,.json,2541,3dc30ab651f7577fd4ec1c04a5f1a7a92f2e8d36,f7201015866936d46ad681650e08d521b9207fb2,dataset_benchmark_registry_preserve_do_not_track_blindly,dataset_benchmark_registry,preserve_manifest_first,High,Do not git-add blindly; create dataset registry with hash/rows/size and track only reviewed manifests or small canonical sets.,True,85,db78595873273d5f52c7b3da3e1ad4313483f4712db1923525648f27ffa94922
benchmarks/digitalocean/knowledge_bases/research/kb_manifest.json,benchmarks,.json,3612,40a8612b28f718e814b68e94ae9bad691481be42,0bd864688821eefdc668feb1ded49a4ee05e42a8,dataset_benchmark_registry_preserve_do_not_track_blindly,dataset_benchmark_registry,preserve_manifest_first,High,Do not git-add blindly; create dataset registry with hash/rows/size and track only reviewed manifests or small canonical sets.,True,107,7cff61a8297ab2dbe0b21630e4fa23861ba8d8fa93cd2224e76de6cb7a01da29
benchmarks/do_kb/bright_retrieval_eval.jsonl,benchmarks,.jsonl,783295,d75eddd43810395bed7dced5968e93cc1901158d,a0c20ba239f7ecb544a58716f6b99e77d92bae8e,dataset_benchmark_registry_preserve_do_not_track_blindly,dataset_benchmark_registry,preserve_manifest_first,High,Do not git-add blindly; create dataset registry with hash/rows/size and track only reviewed manifests or small canonical sets.,True,500,dd9f320aa41c8cfa1456edf9c2f0ade95594ad9d0dc5b180be725841289a4081
benchmarks/do_kb/celestia_kb_baseline.jsonl,benchmarks,.jsonl,1872541,a2ae8c528b1851d690483374bd4f9fc017fa8b49,2b8ed932654613709daeac9e7b127a4f9c3782f6,dataset_benchmark_registry_preserve_do_not_track_blindly,dataset_benchmark_registry,preserve_manifest_first,High,Do not git-add blindly; create dataset registry with hash/rows/size and track only reviewed manifests or small canonical sets.,True,401,2fe3df8b34af8f23f864280ce88c9ef7373c3b783c60f47b0ae19f5946a962b6
benchmarks/do_kb/wikipedia_retrieval_baseline.jsonl,benchmarks,.jsonl,581922,07ee0bc18fad68dacc8a866c08cae54a2ac0168a,6deb067e85e0ac2fbb335860afdc0ec9e7b704ec,dataset_benchmark_registry_preserve_do_not_track_blindly,dataset_benchmark_registry,preserve_manifest_first,High,Do not git-add blindly; create dataset registry with hash/rows/size and track only reviewed manifests or small canonical sets.,True,498,7b9b4a22f395fa4b87cf2af57cbb29a3a409385fec78b36c5833d139c30ebe11
benchmarks/eggroll/mathvista_foundry.jsonl,benchmarks,.jsonl,711666,479f78836f319ff8465d3ed311ea329fd8731fdd,528d27f07e51e43a5de5c697060f7f74c5051143,dataset_benchmark_registry_preserve_do_not_track_blindly,dataset_benchmark_registry,preserve_manifest_first,High,Do not git-add blindly; create dataset registry with hash/rows/size and track only reviewed manifests or small canonical sets.,True,500,aade2d38dc1f2d3de2f0f51cc58cda468a6cc10e466f99ad017b9a5b6fd74548
benchmarks/eggroll/scienceqa_foundry.jsonl,benchmarks,.jsonl,1947876,4974346f1369792b8937559682842f30f05f2eac,00fc9203b8da5dcace905c6f0f78c3b7365bd419,dataset_benchmark_registry_preserve_do_not_track_blindly,dataset_benchmark_registry,preserve_manifest_first,High,Do not git-add blindly; create dataset registry with hash/rows/size and track only reviewed manifests or small canonical sets.,True,1000,a8a1a0780ea7187acc4988d863fcba45db5235640ce76569470459ce05f18f8e
benchmarks/eggroll/sudoku_extreme_procedural.jsonl,benchmarks,.jsonl,1075464,4348c89556e090b62b3b59e0d2db23a3ea066c10,c10b219c5568da0877d91e7df8e6cbb028a4b019,dataset_benchmark_registry_preserve_do_not_track_blindly,dataset_benchmark_registry,preserve_manifest_first,High,Do not git-add blindly; create dataset registry with hash/rows/size and track only reviewed manifests or small canonical sets.,True,1000,e4a674c96ac480346f3a90fe13fde776d28a574aef4ba20cb8a5c962df8fe60e
benchmarks/merge_manifest.json,benchmarks,.json,5031,c488fae1884955166aa53a2e9ed384c648601f70,3be66ca0b5f0dd4f0b3158c3d308ee4fc52dc107,dataset_benchmark_registry_preserve_do_not_track_blindly,dataset_benchmark_registry,preserve_manifest_first,High,Do not git-add blindly; create dataset registry with hash/rows/size and track only reviewed manifests or small canonical sets.,True,161,289d6bc919abf6b377d00337334f1089dec080543b67ee0d878971bb4578c62d
benchmarks/opusman_eval/dataset_manifest.json,benchmarks,.json,1587,2ffcfde2f2d7bedbe531517c055ecaa14ff0cdf2,fe98bd304d323cf39bf9db1afc579620185d40c2,dataset_benchmark_registry_preserve_do_not_track_blindly,dataset_benchmark_registry,preserve_manifest_first,High,Do not git-add blindly; create dataset registry with hash/rows/size and track only reviewed manifests or small canonical sets.,True,69,8613eebb7960f11bbb69df50bbc4734af7a7061bfcef563be5faaca1cc62421b
benchmarks/opusman_eval/humanevalpack_foundry.jsonl,benchmarks,.jsonl,278047,813acc5dee37dcfc4289be3e80c9a04afd81284c,2ed841b785ed5790db40ddbfa2b44fa7b9ff723b,dataset_benchmark_registry_preserve_do_not_track_blindly,dataset_benchmark_registry,preserve_manifest_first,High,Do not git-add blindly; create dataset registry with hash/rows/size and track only reviewed manifests or small canonical sets.,True,164,caa49e9481b4dcc9362ffbdc58035c39f8c63af0db8dc9be8447130996bc727e
benchmarks/opusman_eval/math500_foundry.jsonl,benchmarks,.jsonl,258781,28f819c32afa5b08b3ae1ee3ce2098f9b7d00a05,c7ada4b55de8bcbcf0a60e202b931fbe99cb3989,dataset_benchmark_registry_preserve_do_not_track_blindly,dataset_benchmark_registry,preserve_manifest_first,High,Do not git-add blindly; create dataset registry with hash/rows/size and track only reviewed manifests or small canonical sets.,True,500,d2b372258a0126453544d868daadeeafd0f56ca5bce9d15b4c1e1c2d04fb36a2
benchmarks/opusman_eval/octocoding_foundry.jsonl,benchmarks,.jsonl,191582,04de037f8775d280cacee94d932a90f9d9037a60,763bcdfd0e778ac212a294242ab5606ef4a9542e,dataset_benchmark_registry_preserve_do_not_track_blindly,dataset_benchmark_registry,preserve_manifest_first,High,Do not git-add blindly; create dataset registry with hash/rows/size and track only reviewed manifests or small canonical sets.,True,72,5ba47c2192679c1bb7e1f19313a8a735a438c94d781c8510ebadab5dcc50826e
benchmarks/opusman_eval/results/eval_opusman_20260427_003556.json,benchmarks,.json,980,29aec8f4dc2d5dc7aab27acd2a910414a69d77b5,ccb4730f309025580365198d377f01c0e70c5d4a,dataset_benchmark_registry_preserve_do_not_track_blindly,dataset_benchmark_registry,preserve_manifest_first,High,Do not git-add blindly; create dataset registry with hash/rows/size and track only reviewed manifests or small canonical sets.,True,46,479091c41f5e63fd4d1296fe1c069b91ed421b55f2480d74aa5405c6d9976c4b
benchmarks/orchestrator_eval/dataset_manifest.json,benchmarks,.json,1597,a36d097f69cec606c7213fae2a4ddd6b7a149745,f9146da223d9a3bd20edba0bf9e9506574500769,dataset_benchmark_registry_preserve_do_not_track_blindly,dataset_benchmark_registry,preserve_manifest_first,High,Do not git-add blindly; create dataset registry with hash/rows/size and track only reviewed manifests or small canonical sets.,True,69,a0872c0dac4fb1eef1569c75042f0c9d52cd94b8a37becb952abe0903ce40af2
benchmarks/orchestrator_eval/humanevalpack_foundry.jsonl,benchmarks,.jsonl,278047,813acc5dee37dcfc4289be3e80c9a04afd81284c,2ed841b785ed5790db40ddbfa2b44fa7b9ff723b,dataset_benchmark_registry_preserve_do_not_track_blindly,dataset_benchmark_registry,preserve_manifest_first,High,Do not git-add blindly; create dataset registry with hash/rows/size and track only reviewed manifests or small canonical sets.,True,164,caa49e9481b4dcc9362ffbdc58035c39f8c63af0db8dc9be8447130996bc727e
benchmarks/orchestrator_eval/math500_foundry.jsonl,benchmarks,.jsonl,308781,2d86d5d17df964e7237119f5730bd6cdb09b9536,477e407a13663771806500e4ce35a7241a022bd1,dataset_benchmark_registry_preserve_do_not_track_blindly,dataset_benchmark_registry,preserve_manifest_first,High,Do not git-add blindly; create dataset registry with hash/rows/size and track only reviewed manifests or small canonical sets.,True,500,57226c533fc11c6edeaec06233b7e61b75fff1bc2bd8814d6021250cf9b0c6b1
benchmarks/state/dataset_quality/contest_state.json,benchmarks,.json,196,6ba38838d7a0463bb77f9f16607484b75ac5126a,96a9bfe7bdb391a867dbd201683dc581332ec205,dataset_benchmark_registry_preserve_do_not_track_blindly,dataset_benchmark_registry,preserve_manifest_first,High,Do not git-add blindly; create dataset registry with hash/rows/size and track only reviewed manifests or small canonical sets.,True,8,cdce56587c29c191aea90f35ad7991c4dc20893d7449e2a301e545e5ba83bb1c
benchmarks/state/dataset_quality/dedup_map.json,benchmarks,.json,2710,6931e76be8b56bf2809d0dd24a58bc3afca3cf39,fd67eaf181f1221b9803bbced51a7db10c5edc0f,dataset_benchmark_registry_preserve_do_not_track_blindly,dataset_benchmark_registry,preserve_manifest_first,High,Do not git-add blindly; create dataset registry with hash/rows/size and track only reviewed manifests or small canonical sets.,True,59,8fa352f3e3c12e9c741dae06dd934c56aa9b333fa6ade975f732c33f1212e77f
benchmarks/state/dataset_quality/quality_matrix.json,benchmarks,.json,19581,145cecde50bbc899980dcf6890f04113c0dc870a,98aa6cfca32dd6e96fe94933f9ee58198608d973,dataset_benchmark_registry_preserve_do_not_track_blindly,dataset_benchmark_registry,preserve_manifest_first,High,Do not git-add blindly; create dataset registry with hash/rows/size and track only reviewed manifests or small canonical sets.,True,711,010d4ee0b089e2e2adeda4cdefd98c69fe86164786f12fc7190e03803f8676c8
benchmarks/state/dataset_quality/source_registry.json,benchmarks,.json,38439,735461bf6e611a33b07cfd2a779161681ccf9833,f841483b321e1db70661215dd42bcc676b185811,dataset_benchmark_registry_preserve_do_not_track_blindly,dataset_benchmark_registry,preserve_manifest_first,High,Do not git-add blindly; create dataset registry with hash/rows/size and track only reviewed manifests or small canonical sets.,True,1288,9eb7d4d560f3ef2254a188f1b9136d31f70e081cb0f0ec2b44dfc49ff83d92c7
benchmarks/stress_lab/calibrate_tc_v7_20260602_110145.json,benchmarks,.json,2801,23d9f489c3f079de611fa05ca15974247c519b9d,abf518d1f50f3917a53d7d08e4ecbd80892bd696,dataset_benchmark_registry_preserve_do_not_track_blindly,dataset_benchmark_registry,preserve_manifest_first,High,Do not git-add blindly; create dataset registry with hash/rows/size and track only reviewed manifests or small canonical sets.,True,134,d55cc129703f918637caadee922718bb4bd13fa24b813f8d238562ae3be55ac7
benchmarks/stress_lab/calibrate_tc_v7_20260602_200404.json,benchmarks,.json,2801,8d0301c11e010ef2b8de08145372ef3142425dcf,f47e3f7b2f971af30bb1fbe1b25b29a3f973fbf4,dataset_benchmark_registry_preserve_do_not_track_blindly,dataset_benchmark_registry,preserve_manifest_first,High,Do not git-add blindly; create dataset registry with hash/rows/size and track only reviewed manifests or small canonical sets.,True,134,412203a2c1fcc10958a8dda7f098a85655e4e121c797a16956e69cd49d46440a
benchmarks/stress_lab/calibrate_tc_v7_20260602_200417.json,benchmarks,.json,2801,db19d8d73b9ed59a1134fb4dcd8f89a42b8c1802,7bae085674361f74ba3c865725d222a578f1e283,dataset_benchmark_registry_preserve_do_not_track_blindly,dataset_benchmark_registry,preserve_manifest_first,High,Do not git-add blindly; create dataset registry with hash/rows/size and track only reviewed manifests or small canonical sets.,True,134,06b211149033d95ccce513745012f3fc36b42890cc6225210e9456296b9bcf45
benchmarks/stress_lab/calibrate_tc_v7_suggest_20260602_110354.json,benchmarks,.json,5633,dd48c6729b37706410ab9a9864a27d29cd1b43e0,909ba7ccd3bcc03e369b382fb187d3e9c98137d9,dataset_benchmark_registry_preserve_do_not_track_blindly,dataset_benchmark_registry,preserve_manifest_first,High,Do not git-add blindly; create dataset registry with hash/rows/size and track only reviewed manifests or small canonical sets.,True,257,11281dee10d4062c73a7face4ff50ad7d38cdcb16ef40f9f6eba5c311ba84aab
benchmarks/stress_lab/calibrate_tc_v7_suggest_20260602_200425.json,benchmarks,.json,5633,dd48c6729b37706410ab9a9864a27d29cd1b43e0,909ba7ccd3bcc03e369b382fb187d3e9c98137d9,dataset_benchmark_registry_preserve_do_not_track_blindly,dataset_benchmark_registry,preserve_manifest_first,High,Do not git-add blindly; create dataset registry with hash/rows/size and track only reviewed manifests or small canonical sets.,True,257,11281dee10d4062c73a7face4ff50ad7d38cdcb16ef40f9f6eba5c311ba84aab
benchmarks/stress_lab/chem_security_admet.jsonl,benchmarks,.jsonl,473118,73651496fcc28a40dcfe616d49314ee5957418c5,cc5f82eb9e866f6c6231778466f4d3366090031d,dataset_benchmark_registry_preserve_do_not_track_blindly,dataset_benchmark_registry,preserve_manifest_first,High,Do not git-add blindly; create dataset registry with hash/rows/size and track only reviewed manifests or small canonical sets.,True,500,66a77c4954dd52d85f26015afb2b14cd919af272da2a5538e246189d76d3c192
benchmarks/stress_lab/chembench_stress.jsonl,benchmarks,.jsonl,1155810,0c18cad4b2d18dc019dfd31eec5a1d7e6eeec661,f4f14b98d08971cc082741cb59d525501be0a371,dataset_benchmark_registry_preserve_do_not_track_blindly,dataset_benchmark_registry,preserve_manifest_first,High,Do not git-add blindly; create dataset registry with hash/rows/size and track only reviewed manifests or small canonical sets.,True,500,8b5c1b06f1959007b6b8dd6e7f6dc5c83a2f163eecb563aa909b74765626a3c6
benchmarks/stress_lab/crossval_report.json,benchmarks,.json,4598,59ce6f823f6fcf43a9a7adf216bad5b5bdde4222,b87ee65c43ca0bb269f3273333635cfcbe6e4ffc,dataset_benchmark_registry_preserve_do_not_track_blindly,dataset_benchmark_registry,preserve_manifest_first,High,Do not git-add blindly; create dataset registry with hash/rows/size and track only reviewed manifests or small canonical sets.,True,211,7c7712fbb348829961e904282e67ea9dbc7607e91b479022e4eee4415866ab7e
benchmarks/stress_lab/eggroll_code_reasoning_supplement.jsonl,benchmarks,.jsonl,1755651,e952f56b6089efc9546d7ec9f1cfacf240160735,48c00ce663ad668b4cc4eb57adc78524def41b3e,dataset_benchmark_registry_preserve_do_not_track_blindly,dataset_benchmark_registry,preserve_manifest_first,High,Do not git-add blindly; create dataset registry with hash/rows/size and track only reviewed manifests or small canonical sets.,True,3500,7da25e6aa57b634ea646b3a97982caf4e6471991e17f9a8008950e5d8294e4b7
benchmarks/stress_lab/eggroll_config_claude-opus-4.6.json,benchmarks,.json,793,cf4448090ef0b9f4769694187215d510855136b2,6536f8e3a82ea9e329bd96c1838433bbe693e73f,dataset_benchmark_registry_preserve_do_not_track_blindly,dataset_benchmark_registry,preserve_manifest_first,High,Do not git-add blindly; create dataset registry with hash/rows/size and track only reviewed manifests or small canonical sets.,True,42,c4031dda2254c65c7eee897c8941cff004241a24c28803a4994362ec6af1c7eb
benchmarks/stress_lab/eggroll_config_deepseek-r1.json,benchmarks,.json,790,5b040239920ba2e5f43b7ca75a3cc7287f64ce62,53e6a3956c12e31a8eac649eea2921ab4cc89f31,dataset_benchmark_registry_preserve_do_not_track_blindly,dataset_benchmark_registry,preserve_manifest_first,High,Do not git-add blindly; create dataset registry with hash/rows/size and track only reviewed manifests or small canonical sets.,True,42,fd0c7279882b4448a0c48ba759c90436faefb59f3364426b36ed0dde8d958327
benchmarks/stress_lab/eggroll_config_gpt-5.4.json,benchmarks,.json,785,2b1d36a3ad9c1f5fd2fd89be918485e491b5ebf7,f882394cff89c54b2fa5de025b94938fb8baf219,dataset_benchmark_registry_preserve_do_not_track_blindly,dataset_benchmark_registry,preserve_manifest_first,High,Do not git-add blindly; create dataset registry with hash/rows/size and track only reviewed manifests or small canonical sets.,True,42,141d97c5cf22517b3842c075c9c1b566dea8e43c308c18c6ddd4b66c414581e3
benchmarks/stress_lab/eggroll_config_kimi-k2.6.json,benchmarks,.json,787,5fa459ccb0cb050944f268be8a22db52eaeead91,c9fc327cb8e16d312e2c18df3b14cd50388e25e3,dataset_benchmark_registry_preserve_do_not_track_blindly,dataset_benchmark_registry,preserve_manifest_first,High,Do not git-add blindly; create dataset registry with hash/rows/size and track only reviewed manifests or small canonical sets.,True,42,be0df4f202fe267286adc24a50e865c4ad1d2c4d36a093f3dcf64b2cbbcea924
benchmarks/stress_lab/eggroll_governance_config.json,benchmarks,.json,1511,550f0d939714bcdd4c2d4a7529a13fd6c6870077,1396729af54796e8ef7e241bd7c4e63023f3df11,dataset_benchmark_registry_preserve_do_not_track_blindly,dataset_benchmark_registry,preserve_manifest_first,High,Do not git-add blindly; create dataset registry with hash/rows/size and track only reviewed manifests or small canonical sets.,True,57,182f750350c45aafabf7c33298d8f67a8e3e6072aa0f2e8536b31ba0d0b7b658
benchmarks/stress_lab/finance_governance_stress.jsonl,benchmarks,.jsonl,399225,be2b7cbbf44b21dfd2741b2f03e674f431a06fa8,ed80f1e3785dde6b1bb0177daf3c090bdad93f03,dataset_benchmark_registry_preserve_do_not_track_blindly,dataset_benchmark_registry,preserve_manifest_first,High,Do not git-add blindly; create dataset registry with hash/rows/size and track only reviewed manifests or small canonical sets.,True,172,c2fd6d0efbc5bf87adaa55d4556d4fae0293e25059e2e764b26d672c4266f703
benchmarks/stress_lab/gap_analysis.json,benchmarks,.json,7776,eb5b32fde760d3fd91c489aebd5385a5b5dee93d,f7c968a6fa00e3d4034629fb5d80571ace85c53e,dataset_benchmark_registry_preserve_do_not_track_blindly,dataset_benchmark_registry,preserve_manifest_first,High,Do not git-add blindly; create dataset registry with hash/rows/size and track only reviewed manifests or small canonical sets.,True,327,af85f841ba96532d7004f8016d85230769cf3824bb4235e675a4393c0266bf50
benchmarks/stress_lab/gap_quantification.json,benchmarks,.json,5274,250dc3856fff1d12657b2146642813bbdc478aad,5a106e6e839b55181751dc7fffc37334bae7ad20,dataset_benchmark_registry_preserve_do_not_track_blindly,dataset_benchmark_registry,preserve_manifest_first,High,Do not git-add blindly; create dataset registry with hash/rows/size and track only reviewed manifests or small canonical sets.,True,173,a258a62f5749a922ea9cc1be49fba303283bf1e7c9df0c6cbf4aa49882645e89
benchmarks/stress_lab/governance_eval_results.json,benchmarks,.json,31225,d80b5755dd0d1984cffd2f61740c0448dd9ebe48,f789ee71c98cd3be50cf8e007a3650b772d2eacf,dataset_benchmark_registry_preserve_do_not_track_blindly,dataset_benchmark_registry,preserve_manifest_first,High,Do not git-add blindly; create dataset registry with hash/rows/size and track only reviewed manifests or small canonical sets.,True,1070,8ee0d32fe1b60664482887da6eebf608dc3b3be70dd1ce06b829c3ca7158b7ff
benchmarks/stress_lab/healthbench_medical_stress.jsonl,benchmarks,.jsonl,1454843,c1f8c95efb9c910202ce356466533c06de2e4170,f3213f13e3c62f5d602c5d85e7c1300434f2745d,dataset_benchmark_registry_preserve_do_not_track_blindly,dataset_benchmark_registry,preserve_manifest_first,High,Do not git-add blindly; create dataset registry with hash/rows/size and track only reviewed manifests or small canonical sets.,True,525,70e706a2bca06643d2f24917c294c5b70f391d1426d6b534594b50960ab8c059
benchmarks/stress_lab/isc_foundry_cross_stress.jsonl,benchmarks,.jsonl,1362502,f965d8755240ed7bf1c121d28e7187ad8fc66c95,67aafa0352e31292c4b010db1f9b3efbab6eb6d9,dataset_benchmark_registry_preserve_do_not_track_blindly,dataset_benchmark_registry,preserve_manifest_first,High,Do not git-add blindly; create dataset registry with hash/rows/size and track only reviewed manifests or small canonical sets.,True,1074,09c14512a8816675bca60ac88d6c06ef913cafff87474d9a48256c82c1896290
benchmarks/stress_lab/isc_governance_stress.jsonl,benchmarks,.jsonl,74929,2635516976cc8e782ff54c1b30be0282e412b0f8,bcb9936a8fae1aab98e6869edaa94477c21e935c,dataset_benchmark_registry_preserve_do_not_track_blindly,dataset_benchmark_registry,preserve_manifest_first,High,Do not git-add blindly; create dataset registry with hash/rows/size and track only reviewed manifests or small canonical sets.,True,90,61f14278d381999012e3f0b2a35d622dc6897902b0d0b6c4f553b587c723cfd2
benchmarks/stress_lab/model_vulnerability_heatmap.json,benchmarks,.json,673,a4919b6812508841af3a1acf7ed04d499a2f8de8,136fef7c727799f79a18e62e0850007f8141f091,dataset_benchmark_registry_preserve_do_not_track_blindly,dataset_benchmark_registry,preserve_manifest_first,High,Do not git-add blindly; create dataset registry with hash/rows/size and track only reviewed manifests or small canonical sets.,True,33,fe4d302842171d1f98edc1b9fec92c1012c31f3167c32f273403b9729f011377
benchmarks/stress_lab/nexus_frontier_v5_gov_bypass.jsonl,benchmarks,.jsonl,1826084,0d403701bd89c330b38d7f571cdf69967beb2b10,d7515940ab6171f6758b59f5f8a7959922797031,dataset_benchmark_registry_preserve_do_not_track_blindly,dataset_benchmark_registry,preserve_manifest_first,High,Do not git-add blindly; create dataset registry with hash/rows/size and track only reviewed manifests or small canonical sets.,True,3000,432ed0381bc2a88a52a3ecdad695204616c7c0a0e6abc4ef6809f2d86769b417
benchmarks/stress_lab/nexus_frontier_v5_gray_area.jsonl,benchmarks,.jsonl,2032828,f259d0207ef139d7a1a6a7e1bb8346f7e9c2d823,50e28cf60d7e5f828eae7376a7a952472d6e0f91,dataset_benchmark_registry_preserve_do_not_track_blindly,dataset_benchmark_registry,preserve_manifest_first,High,Do not git-add blindly; create dataset registry with hash/rows/size and track only reviewed manifests or small canonical sets.,True,3000,34a5f17410baefed5be694464e9c25e65943a88cb67e61e4e202afa28c73313d
benchmarks/stress_lab/nexus_frontier_v5_jailbreak.jsonl,benchmarks,.jsonl,1532591,fa52f3f9907ef998e844669ae8e24247c5a31375,9ed3419e337be708f3d457a0dfd9cab6dd067e50,dataset_benchmark_registry_preserve_do_not_track_blindly,dataset_benchmark_registry,preserve_manifest_first,High,Do not git-add blindly; create dataset registry with hash/rows/size and track only reviewed manifests or small canonical sets.,True,2000,f5a99001b09737a9ff42802f6e1929a55080e4d2795d928a055fde1e66c3bff3
benchmarks/stress_lab/nexus_frontier_v5_mcp_contamination.jsonl,benchmarks,.jsonl,2072452,e5a5d99a1bb0ae662c20e722d73440eac262d512,c8ca92c15411c1102977dccf87e3e11541aed790,dataset_benchmark_registry_preserve_do_not_track_blindly,dataset_benchmark_registry,preserve_manifest_first,High,Do not git-add blindly; create dataset registry with hash/rows/size and track only reviewed manifests or small canonical sets.,True,3000,129263db8c783d0bffa3c558e2d33f535eb88e81003cb55268c89f0a615e6d47
benchmarks/stress_lab/nexus_frontier_v5_memory_poison.jsonl,benchmarks,.jsonl,1950161,b68fa99a5bc0eeedd0f21c363d58a9c13223bacb,507728ca2683b742ce6b07bcdb7247579376a4da,dataset_benchmark_registry_preserve_do_not_track_blindly,dataset_benchmark_registry,preserve_manifest_first,High,Do not git-add blindly; create dataset registry with hash/rows/size and track only reviewed manifests or small canonical sets.,True,3000,ba6d5faef464862972c8b92bc14652cb51cb61716669fe717c3f7203d9585887
benchmarks/stress_lab/nexus_frontier_v5_scored_thermo.jsonl,benchmarks,.jsonl,1294012,fcf35c33c24e6227f0b1a6501c3e8eaf47f93589,6b35e45252da871c9468adadef949452e1b2688c,dataset_benchmark_registry_preserve_do_not_track_blindly,dataset_benchmark_registry,preserve_manifest_first,High,Do not git-add blindly; create dataset registry with hash/rows/size and track only reviewed manifests or small canonical sets.,True,500,be164cc3a5ac0155b23592b10ae86706250ad6de0744e8e4645af3b4ba40ec36
benchmarks/stress_lab/nexus_frontier_v5_scored_thermo_fine_tuning.jsonl,benchmarks,.jsonl,913035,5a251c524ac308c217f9a03a257fc210c2a8cffc,423a6085d7c4c43567cadde4507572e7f832e424,dataset_benchmark_registry_preserve_do_not_track_blindly,dataset_benchmark_registry,preserve_manifest_first,High,Do not git-add blindly; create dataset registry with hash/rows/size and track only reviewed manifests or small canonical sets.,True,500,47905d4cbc80b51985c3761c20c93a413375581a0dc3b8f90c0b1faf283a0074
benchmarks/stress_lab/nexus_frontier_v5_vacuum.jsonl,benchmarks,.jsonl,1398724,f2f0fca7aa9a6217ba2fb58f6977c50dee5991ef,283f4d4d4ca4e8067ff9b9d967888390cf752121,dataset_benchmark_registry_preserve_do_not_track_blindly,dataset_benchmark_registry,preserve_manifest_first,High,Do not git-add blindly; create dataset registry with hash/rows/size and track only reviewed manifests or small canonical sets.,True,2000,73e315eaf91de6b214a4634390861d2d2cb15038db16919ef4fad914c8029f06
benchmarks/stress_lab/nexus_novel_cross_category_v4.jsonl,benchmarks,.jsonl,2054825,fdc1631adb3ad1eae8cb13c2359a30caba41148f,c2503b481ba5212e723ad0925513be39fbea031e,dataset_benchmark_registry_preserve_do_not_track_blindly,dataset_benchmark_registry,preserve_manifest_first,High,Do not git-add blindly; create dataset registry with hash/rows/size and track only reviewed manifests or small canonical sets.,True,3000,ef6b095242edd8e72d6a645698878db037fb703fec884dfc308ef7f4fd5e8c21
benchmarks/stress_lab/nexus_redteam_isc_v5.jsonl,benchmarks,.jsonl,690685,18528bbec255d46d39f4b3a983af02be06de19ae,6e1b65a9aa26f1a35b3aa558a6b24b6bef12485d,dataset_benchmark_registry_preserve_do_not_track_blindly,dataset_benchmark_registry,preserve_manifest_first,High,Do not git-add blindly; create dataset registry with hash/rows/size and track only reviewed manifests or small canonical sets.,True,1200,d617bd1688a045af1c963ee5cf8f5d7ae4e5e3ddeccd4670096ef0617ec17d72
benchmarks/stress_lab/nexus_stress_lab_v3.jsonl,benchmarks,.jsonl,659224,c383912edee8dd724563344ee4b2a50c449a3ff0,fc84f3e3e4781b772075e65654951a598180272f,dataset_benchmark_registry_preserve_do_not_track_blindly,dataset_benchmark_registry,preserve_manifest_first,High,Do not git-add blindly; create dataset registry with hash/rows/size and track only reviewed manifests or small canonical sets.,True,484,bac789e987e158c2b55254dc908451ba31064dfd75fe7a77af1da0b52f48d058
benchmarks/stress_lab/nexus_stress_v10_fenrir_novel.jsonl,benchmarks,.jsonl,81335,7105be3e7d6ed63600392b8da02c9b607b455ebb,e07f638b28515f06424011f70ed9879328c35426,dataset_benchmark_registry_preserve_do_not_track_blindly,dataset_benchmark_registry,preserve_manifest_first,High,Do not git-add blindly; create dataset registry with hash/rows/size and track only reviewed manifests or small canonical sets.,True,163,bfa070e84916f7550cbfc0ee0a244f0d9eca2fcb02c73a630bf055fb5d35d38c
benchmarks/stress_lab/nexus_stress_v11_adversarial.jsonl,benchmarks,.jsonl,72100,b94b77662427486043ba603df66eae4052e64179,a02030b63721ca827bb9acddd98dc6905cfcd968,dataset_benchmark_registry_preserve_do_not_track_blindly,dataset_benchmark_registry,preserve_manifest_first,High,Do not git-add blindly; create dataset registry with hash/rows/size and track only reviewed manifests or small canonical sets.,True,134,5c881913993fee6553c66889b3ed9e886db907707200cf646d952ac5ac3d06a3
benchmarks/stress_lab/nexus_stress_v5_document_injection.jsonl,benchmarks,.jsonl,231617,4af4bb65a058150926ba249488180e8d4c05770d,a10a19ffc7568c380dea582aa7e39791876f9fe1,dataset_benchmark_registry_preserve_do_not_track_blindly,dataset_benchmark_registry,preserve_manifest_first,High,Do not git-add blindly; create dataset registry with hash/rows/size and track only reviewed manifests or small canonical sets.,True,500,30a774537843ba27cf82dbb3c81d02cc20ff640d093bcc3598a44c6e1c557791
benchmarks/stress_lab/nexus_stress_v5_mcp_surface.jsonl,benchmarks,.jsonl,182756,b734180dd56d698610ef17817046b07a2e9b3474,e6306711f93384b610bb47af31eca17c2f886409,dataset_benchmark_registry_preserve_do_not_track_blindly,dataset_benchmark_registry,preserve_manifest_first,High,Do not git-add blindly; create dataset registry with hash/rows/size and track only reviewed manifests or small canonical sets.,True,500,6860fc0e6ad7978d0bc5fb1f8cf8c71e07ea0fbc41657602e0ff31587b6d028b
benchmarks/stress_lab/nexus_stress_v5_payload_conversion.jsonl,benchmarks,.jsonl,643020,62d22fa600a7952319cebe9bd176c49ce263ab99,bc6d17c8f9f7ba9171c8ffbc2ca3e9b26cf608f6,dataset_benchmark_registry_preserve_do_not_track_blindly,dataset_benchmark_registry,preserve_manifest_first,High,Do not git-add blindly; create dataset registry with hash/rows/size and track only reviewed manifests or small canonical sets.,True,2000,2bfcc6b98688c6059f4eff1373e94bd59660f0118b6a7f77637e1fac42657887
benchmarks/stress_lab/nexus_stress_v5_payload_fine_tuning.jsonl,benchmarks,.jsonl,971886,455a9ce2ad55776c72330e383d2c19b5fe5fd123,9e3d26bbf04331c7672676166b6c8965198a339e,dataset_benchmark_registry_preserve_do_not_track_blindly,dataset_benchmark_registry,preserve_manifest_first,High,Do not git-add blindly; create dataset registry with hash/rows/size and track only reviewed manifests or small canonical sets.,True,3000,b3891dd87f70b849a7d3d10c536445b95ccd630b2b899954f7845733169d7f56
benchmarks/stress_lab/nexus_stress_v6_tamas_base.jsonl,benchmarks,.jsonl,371627,cf7c92ad5ffb81f6a7ed66ed20045bbd89275d82,625494d32d7284f8cb104f443760fa63fa1392e7,dataset_benchmark_registry_preserve_do_not_track_blindly,dataset_benchmark_registry,preserve_manifest_first,High,Do not git-add blindly; create dataset registry with hash/rows/size and track only reviewed manifests or small canonical sets.,True,684,4d09104713e2f6f35c61e6dc658461f229e24f5b338f46bb7af1fb3bb4f21c1f
benchmarks/stress_lab/nexus_stress_v6_tamas_fine_tuning.jsonl,benchmarks,.jsonl,432290,0270fae2bc62d7f8b9c24af8cb9886d9863133b5,f035f86a2e2be8746d4160b81179f3f527669785,dataset_benchmark_registry_preserve_do_not_track_blindly,dataset_benchmark_registry,preserve_manifest_first,High,Do not git-add blindly; create dataset registry with hash/rows/size and track only reviewed manifests or small canonical sets.,True,684,22b9060a41b1b07525ff7f0279594ae344d6325cf133659b63199da496467e49
benchmarks/stress_lab/nexus_stress_v6_tool_base.jsonl,benchmarks,.jsonl,336642,8645a158605a6a82a5fdb11c92ef11e0237ac39e,a54537f8efac62cca8c23b0b8910cec8feefb941,dataset_benchmark_registry_preserve_do_not_track_blindly,dataset_benchmark_registry,preserve_manifest_first,High,Do not git-add blindly; create dataset registry with hash/rows/size and track only reviewed manifests or small canonical sets.,True,720,a78f503c75caca8a2f7068d5012189b0d99ac26dda7376e4d1e473e06ba8de8b
benchmarks/stress_lab/nexus_stress_v6_tool_fine_tuning.jsonl,benchmarks,.jsonl,394242,451110f5d5c8f6a34bd673bc0a85dcf2fb6b3767,b541d3bb3d6aef45db32a0863050e7f7f7a80c76,dataset_benchmark_registry_preserve_do_not_track_blindly,dataset_benchmark_registry,preserve_manifest_first,High,Do not git-add blindly; create dataset registry with hash/rows/size and track only reviewed manifests or small canonical sets.,True,720,119621d6beeae6aac2d31e6168f0f8c0d1afea4ae48b2b006c49b9a3b4c8aab7
benchmarks/stress_lab/nexus_stress_v8_gross.jsonl,benchmarks,.jsonl,76672,a2b0d4b08b66744b5ed0ac8481127f04a0118184,cd5405f01783cca33432f00a78522c5b2cc9cf48,dataset_benchmark_registry_preserve_do_not_track_blindly,dataset_benchmark_registry,preserve_manifest_first,High,Do not git-add blindly; create dataset registry with hash/rows/size and track only reviewed manifests or small canonical sets.,True,100,1d79ea67176f394862c99d8bdac0ed760d3be222d46711efeef6a498abdfed33
benchmarks/stress_lab/premium_provider_validation_20260602_105836.json,benchmarks,.json,1210,4c2dff7a67ed089877b942e9e30d7661c3ca4ffd,e47b968b2b6996a6c1a1d7fa993074809e907f10,dataset_benchmark_registry_preserve_do_not_track_blindly,dataset_benchmark_registry,preserve_manifest_first,High,Do not git-add blindly; create dataset registry with hash/rows/size and track only reviewed manifests or small canonical sets.,True,24,dcbdbe5f6384dd90d1741173198b61ff51e3325b3305b4f6a198617b893d87d6
benchmarks/stress_lab/stress_lab_manifest.json,benchmarks,.json,658,fc3e4c37f25a57db7df386f96d0248134071d818,f8256e5f158eae3bca4c1bb09e2d467bb13494e2,dataset_benchmark_registry_preserve_do_not_track_blindly,dataset_benchmark_registry,preserve_manifest_first,High,Do not git-add blindly; create dataset registry with hash/rows/size and track only reviewed manifests or small canonical sets.,True,19,0dda69213cea6869ca2a9d67d851cd006a7e7913ed8c3f961863f8cd8277994e
benchmarks/stress_lab/stress_lab_manifest_v2.json,benchmarks,.json,814,d7909bd5746329a19d09f9f5a46747412e75fcc6,358048bfff02da00f5eae251e385df39f14a8396,dataset_benchmark_registry_preserve_do_not_track_blindly,dataset_benchmark_registry,preserve_manifest_first,High,Do not git-add blindly; create dataset registry with hash/rows/size and track only reviewed manifests or small canonical sets.,True,26,75d01754b62496d96869a77ad3b6f2393575c8405a9943fd954094d1e2b6924a
benchmarks/stress_lab/stress_lab_manifest_v3.json,benchmarks,.json,3250,9e5ea56acc4fe5672eecd77f59c8b6a49ceaa594,315e28a42a1b95c7d08405f174d3d18eb524bf80,dataset_benchmark_registry_preserve_do_not_track_blindly,dataset_benchmark_registry,preserve_manifest_first,High,Do not git-add blindly; create dataset registry with hash/rows/size and track only reviewed manifests or small canonical sets.,True,111,bf76fd3be121d7eee0b909b448a229dea280f743e89781153f80add1330e8dd2
benchmarks/stress_lab/stresslab_bouncer_v3_20260602_104602.json,benchmarks,.json,51295,75b3841ff5fd5fdb9e0a721be0501ce363505e1b,c2387b3f3e427c866ec7947c2cec69df66c592e2,dataset_benchmark_registry_preserve_do_not_track_blindly,dataset_benchmark_registry,preserve_manifest_first,High,Do not git-add blindly; create dataset registry with hash/rows/size and track only reviewed manifests or small canonical sets.,True,1774,913d518aed68c1f5e2b7b9e45efaaee6277c4566fe8048fea3f972a029e77b5e
benchmarks/stress_lab/stresslab_full_20260524.json,benchmarks,.json,1096,ba3b8def50a3b93d4cbd34dfcca115072a4e8ee2,4dbb162548b7d5aeb70197eb868d578b05254fe1,dataset_benchmark_registry_preserve_do_not_track_blindly,dataset_benchmark_registry,preserve_manifest_first,High,Do not git-add blindly; create dataset registry with hash/rows/size and track only reviewed manifests or small canonical sets.,True,47,901b4306f467e8b2034dd0ecc5900b8aafc8109428c3114649ae81b56333340a
benchmarks/stress_lab/stresslab_guard_plane_200_20260524.json,benchmarks,.json,834,acd2097646a01a0e1e0894f15ac25e9cbb5604d1,0863c27dad91b0d5210636a24ede828c981c7909,dataset_benchmark_registry_preserve_do_not_track_blindly,dataset_benchmark_registry,preserve_manifest_first,High,Do not git-add blindly; create dataset registry with hash/rows/size and track only reviewed manifests or small canonical sets.,True,33,4f7b6f36e9139a7ae2ecdb50e89371b0da18857969a59516e80b268f1e8dc262
benchmarks/stress_lab/stresslab_guard_plane_20260524.json,benchmarks,.json,2424,d711cb5dd1a25d2a757d44e2e13c4505daf4cd76,fcc33818c66c9d62c5e376e182d7eddd7583a2de,dataset_benchmark_registry_preserve_do_not_track_blindly,dataset_benchmark_registry,preserve_manifest_first,High,Do not git-add blindly; create dataset registry with hash/rows/size and track only reviewed manifests or small canonical sets.,True,94,11b4515a05f134c2bdc6cd28dcc3ce9a34eeac33e538e95decda5b6b30831b14
benchmarks/stress_lab/tool_reasoning_stress.jsonl,benchmarks,.jsonl,818684,ad6d67144f141be97b185c02296c9f5d7d06d889,ac3d70c54e78039ed4e64400307c92c0849f5f9e,dataset_benchmark_registry_preserve_do_not_track_blindly,dataset_benchmark_registry,preserve_manifest_first,High,Do not git-add blindly; create dataset registry with hash/rows/size and track only reviewed manifests or small canonical sets.,True,500,2f4b18e983fb04a172245b177527ed304bb6f38ddb9976b8a49064f81727aab0
benchmarks/stress_lab/unified_manifest.json,benchmarks,.json,1207,1225b8adf3de4a3fe995522f10119dba1f7408d9,8baf404cfc3def41fffa50bf410cd8fb3085c9b8,dataset_benchmark_registry_preserve_do_not_track_blindly,dataset_benchmark_registry,preserve_manifest_first,High,Do not git-add blindly; create dataset registry with hash/rows/size and track only reviewed manifests or small canonical sets.,True,45,dd5ebdb4ca3b93aa4d32747f1a0e0a9b6f573ce8c4f6766d1298c8124a4dddce
benchmarks/stress_lab/v4_manifest.json,benchmarks,.json,1761,4f13eb979397fc1431d21fbb8052d75ee6c23662,9c7c078e8e172f1fbcf9b20532c877628b4e4ad7,dataset_benchmark_registry_preserve_do_not_track_blindly,dataset_benchmark_registry,preserve_manifest_first,High,Do not git-add blindly; create dataset registry with hash/rows/size and track only reviewed manifests or small canonical sets.,True,74,4148f1fa6cb7f09a5a3400fdad482213640064ac5083b0cf1995839cf517245a
benchmarks/stress_lab/v5_frontier_manifest.json,benchmarks,.json,1446,ae689720b0abc5be93005966984c3d955290fc44,8c67f3e4bb54752355239cf77da36b3e9ecd38a8,dataset_benchmark_registry_preserve_do_not_track_blindly,dataset_benchmark_registry,preserve_manifest_first,High,Do not git-add blindly; create dataset registry with hash/rows/size and track only reviewed manifests or small canonical sets.,True,46,5c21d4aa1dc69303225f1a81079919c956cc548805f489ac3bdbdebb1e0939eb
benchmarks/stress_lab/v6_tamas_manifest.json,benchmarks,.json,980,7b0130a3cf7645c09175a110b0f1cea623f8b6c7,0165d14b0f967c4f0672a28903c851b695c4e1d2,dataset_benchmark_registry_preserve_do_not_track_blindly,dataset_benchmark_registry,preserve_manifest_first,High,Do not git-add blindly; create dataset registry with hash/rows/size and track only reviewed manifests or small canonical sets.,True,42,9806108574dc9807baad096b06a8a4c88c114e39c6f89a92cac1af7504edaa3b
benchmarks/stress_lab/v6_tool_manifest.json,benchmarks,.json,768,bce86482e9acc10f02c18b7abb8e81ea1d5598ab,d2d6ee2b03bd7550c0734d7729572bdea97c941a,dataset_benchmark_registry_preserve_do_not_track_blindly,dataset_benchmark_registry,preserve_manifest_first,High,Do not git-add blindly; create dataset registry with hash/rows/size and track only reviewed manifests or small canonical sets.,True,33,bea3596882419289527ee7925d8cf57dacfea80f67f431c7b627b685b7f942a5
benchmarks/digitalocean/knowledge_bases/governance/AGENTS.md,benchmarks,.md,3884,c6613d26457deadad68a60cea061644ff105f714,23cf65014b3ec3c4813c079530756d8965b85d27,research_intake_archive_or_canonicalize,dataset_benchmark_registry,preserve_manifest_first,High,Do not git-add blindly; create dataset registry with hash/rows/size and track only reviewed manifests or small canonical sets.,True,56,6ab6d1b3e7cad41127aa1ae04c372c455b72e2311b71c501dca85856397eec8f
benchmarks/digitalocean/knowledge_bases/governance/AGENT_README.md,benchmarks,.md,1760,dabe29738ba90c8d4667a3c4589f202b9a5e5a2b,1761927f44e7b2a14a38a778eac9db50dae9e842,research_intake_archive_or_canonicalize,dataset_benchmark_registry,preserve_manifest_first,High,Do not git-add blindly; create dataset registry with hash/rows/size and track only reviewed manifests or small canonical sets.,True,53,f69397d6e77678ab0b04745c2df0d8239b4d0057a6a5c76a72cacbcdf8290442
benchmarks/digitalocean/knowledge_bases/governance/CONTRIBUTING.md,benchmarks,.md,4632,b19e3908a7dcce1efe0450ab154beed63de8d402,55b6c5960727fb3c467f2de09cb94c8a828142be,research_intake_archive_or_canonicalize,dataset_benchmark_registry,preserve_manifest_first,High,Do not git-add blindly; create dataset registry with hash/rows/size and track only reviewed manifests or small canonical sets.,True,125,3c420f9c6eecabffd0542f0e4b60bafd2c01978b65efc292128e9f9ce3939e41
benchmarks/digitalocean/knowledge_bases/governance/CORRECTIONS_SUMMARY_V6.3.md,benchmarks,.md,6583,7590ddb399c1f978c8a0b7a87db57aaf44f1fce0,0e587765032c7c5f6a95ca02c2e9dbc82d8781ce,research_intake_archive_or_canonicalize,dataset_benchmark_registry,preserve_manifest_first,High,Do not git-add blindly; create dataset registry with hash/rows/size and track only reviewed manifests or small canonical sets.,True,201,bc7438dba609af0eb89c8dd555d7d6d7ca12625001d06f6ea607dd88a42bbd5c
benchmarks/digitalocean/knowledge_bases/governance/GOVERNANCE_RULES_2026-04-27.md,benchmarks,.md,5758,7422addc6648c6ee760aab72b17c731b2b73736b,e1f23675d7dcf6fae5252b297999845fd918d267,research_intake_archive_or_canonicalize,dataset_benchmark_registry,preserve_manifest_first,High,Do not git-add blindly; create dataset registry with hash/rows/size and track only reviewed manifests or small canonical sets.,True,178,f23bddb8360940461c2ec64539d1da5bb41a3bed564af67b0ffa98d337645900
benchmarks/digitalocean/knowledge_bases/governance/NEXUS_PRIORITY_SYSTEM_V4.md,benchmarks,.md,12997,273239d31872fef9c19876c183fe0009ae2aa1b2,1aee07e6cb9222f9c4268381a4b6baaffea4adb7,research_intake_archive_or_canonicalize,dataset_benchmark_registry,preserve_manifest_first,High,Do not git-add blindly; create dataset registry with hash/rows/size and track only reviewed manifests or small canonical sets.,True,286,7ef3b3a00e8a801b39e9bc9b72d97782a69869982f61cd037a3fd7d9a28e87d6
benchmarks/digitalocean/knowledge_bases/governance/PORTS.md,benchmarks,.md,1615,f94c7a2506fb76fa332e46662e46efb10ce6ee45,9141a886bc670aa2b3598ca37b895b2b390d23fa,research_intake_archive_or_canonicalize,dataset_benchmark_registry,preserve_manifest_first,High,Do not git-add blindly; create dataset registry with hash/rows/size and track only reviewed manifests or small canonical sets.,True,63,ee38ec57745939ca47f9765a91a2472a37efccb885379544ea6789b2b9facfc1
benchmarks/digitalocean/knowledge_bases/governance/governance_compliance_procedures.md,benchmarks,.md,2269,462b32a668cdf73014429daebd993a5a60ec3e89,0c4efe564e5cc8b7bfc85188c8a24f96c88b45ca,research_intake_archive_or_canonicalize,dataset_benchmark_registry,preserve_manifest_first,High,Do not git-add blindly; create dataset registry with hash/rows/size and track only reviewed manifests or small canonical sets.,True,61,d63c760314364ba4dc6c0e4e15dd240d68709ebb7b6e72f7ed5738a8733dcdf7
benchmarks/digitalocean/knowledge_bases/governance/governance_policies.md,benchmarks,.md,3442,1531cf75fc2f5552ec6eff37cd7c0c79fe913c17,58315b841f6b459a02b502efae1b6bd37471fd7d,research_intake_archive_or_canonicalize,dataset_benchmark_registry,preserve_manifest_first,High,Do not git-add blindly; create dataset registry with hash/rows/size and track only reviewed manifests or small canonical sets.,True,89,1e1cbe57964fa2f230e905a637f3637a26d76f429ede63eda1e96eb5e86eb39e
benchmarks/digitalocean/knowledge_bases/governance/isc_safety_templates_reference.md,benchmarks,.md,54316,5a29f5f430bd3d89b3d2fdef6490dfaec2f5aead,adbd0fb23797decf1a9cf52f10928b2593714e57,research_intake_archive_or_canonicalize,dataset_benchmark_registry,preserve_manifest_first,High,Do not git-add blindly; create dataset registry with hash/rows/size and track only reviewed manifests or small canonical sets.,True,653,b617dd7ac93d1dedd091af126646f96401fe066401fc3d8382a4c38eae95a809
benchmarks/digitalocean/knowledge_bases/governance/nist_ai_rmf_mappings.md,benchmarks,.md,4748,314825a8b1ced661ae7006b5b9b090a9257e84aa,d745ee585cb6bdc372037839adfeb0322a147b6e,research_intake_archive_or_canonicalize,dataset_benchmark_registry,preserve_manifest_first,High,Do not git-add blindly; create dataset registry with hash/rows/size and track only reviewed manifests or small canonical sets.,True,116,cda07be3ce538d900094824b934ee1983917e551f8a2a355b30d3119b6dc7113
benchmarks/digitalocean/knowledge_bases/governance/triage_gitleaks.md,benchmarks,.md,1477,8ee342e0f20a83497aec950ab82e0c2095ad1215,e669df8d34f9d7d5d34567a5209781f95cfaffe0,research_intake_archive_or_canonicalize,dataset_benchmark_registry,preserve_manifest_first,High,Do not git-add blindly; create dataset registry with hash/rows/size and track only reviewed manifests or small canonical sets.,True,32,2c87bfc219892ee664e99885f2003e585d01d8a44632256c2a40f2cdd14d1f65
benchmarks/digitalocean/knowledge_bases/operations/01_PROJECT_STATE.md,benchmarks,.md,7914,01f566b0e47361237a7b33c4c7f168d278acd7a9,ebf71695a690f0cf5a5d6039b5f1b7085117bbd2,research_intake_archive_or_canonicalize,dataset_benchmark_registry,preserve_manifest_first,High,Do not git-add blindly; create dataset registry with hash/rows/size and track only reviewed manifests or small canonical sets.,True,165,a835a2548d1b48af4c9fdae9e451fec5c647978ec2394163be7cd53c7c1fffd1
benchmarks/digitalocean/knowledge_bases/operations/02_ARCHITECTURE.md,benchmarks,.md,1178,1d826c6d7e027ac83d925ecb78e22e2e5934dc25,aafbeb308e3654ac69a7ec01ca139fffcdae2a0f,research_intake_archive_or_canonicalize,dataset_benchmark_registry,preserve_manifest_first,High,Do not git-add blindly; create dataset registry with hash/rows/size and track only reviewed manifests or small canonical sets.,True,24,c5d20377107c85a5d565cfe57cf7500c98d50c42df38773e9260ec7d55a65176
benchmarks/digitalocean/knowledge_bases/operations/ONBOARDING.md,benchmarks,.md,3042,4709c5615131aad3fb5d507e672ea2a4eedd8eb2,4aabe225141a3e5afb03834397945ecc82f56388,research_intake_archive_or_canonicalize,dataset_benchmark_registry,preserve_manifest_first,High,Do not git-add blindly; create dataset registry with hash/rows/size and track only reviewed manifests or small canonical sets.,True,102,7cd34101f9c41682ba5d829966b6c7b2bba95740794ea4e8fee34a8627a88c1c
benchmarks/digitalocean/knowledge_bases/operations/PHASE0_IMPLEMENTATION_PACKAGE.md,benchmarks,.md,5781,adb6a4ee74653a61b3edb52b0fb49ff1bb6346bb,45c929b63d872920922504d573546787eb1b2957,research_intake_archive_or_canonicalize,dataset_benchmark_registry,preserve_manifest_first,High,Do not git-add blindly; create dataset registry with hash/rows/size and track only reviewed manifests or small canonical sets.,True,194,174dc09bb1f88a8fac76ab1bdabb91e76702fb1a4f7ad33abfd1341098eb7b53
benchmarks/digitalocean/knowledge_bases/operations/PORTS.md,benchmarks,.md,1615,861db0a92e08abe65833ce5d61999f4ce0fa8f70,cafc19d7dd2c913c3d27ab71f175f66f6ca6d68e,research_intake_archive_or_canonicalize,dataset_benchmark_registry,preserve_manifest_first,High,Do not git-add blindly; create dataset registry with hash/rows/size and track only reviewed manifests or small canonical sets.,True,63,139eeaa00d56b744d62a27a471d9ef7880c488b5288f28c6019e256b67207881
benchmarks/digitalocean/knowledge_bases/operations/README.md,benchmarks,.md,7366,09fc8b5b329a7d6c99ff1c59f338863f71f8a846,f92e2b74f0b170e5fe56a22395476f098d200329,research_intake_archive_or_canonicalize,dataset_benchmark_registry,preserve_manifest_first,High,Do not git-add blindly; create dataset registry with hash/rows/size and track only reviewed manifests or small canonical sets.,True,202,ed624783d2bd3d289231364cd316e1754ed2f3b65b58d9e37a32535ab67bb39d
benchmarks/digitalocean/knowledge_bases/operations/SKILL.md,benchmarks,.md,1716,d82bffede755e1989f9eecec88ddc78820975b11,31823e9e41bb678a7726d1a79082403667e299f9,research_intake_archive_or_canonicalize,dataset_benchmark_registry,preserve_manifest_first,High,Do not git-add blindly; create dataset registry with hash/rows/size and track only reviewed manifests or small canonical sets.,True,44,df5f35beb781131bb61aa3aafdbcd8ffdc0c9117d0eaa40bbb13671b1388b082
benchmarks/digitalocean/knowledge_bases/operations/agent_configurations.md,benchmarks,.md,1434,cb54e44d2807d1417c7888e665a748a0b5501608,1fdea41c44730e78785efc113bd14ff3f412d13f,research_intake_archive_or_canonicalize,dataset_benchmark_registry,preserve_manifest_first,High,Do not git-add blindly; create dataset registry with hash/rows/size and track only reviewed manifests or small canonical sets.,True,43,2b62b4bf68662367699eed3fa96a4fa71e62e6b4c1edf7b42678bfdd0b20261e
benchmarks/digitalocean/knowledge_bases/operations/model_routing_table.md,benchmarks,.md,1655,39f88b6a4aeeea180436aa3d96b21c53cb73e4c5,0fe100f7f62063d70b823762ddc4cc94c32bb34c,research_intake_archive_or_canonicalize,dataset_benchmark_registry,preserve_manifest_first,High,Do not git-add blindly; create dataset registry with hash/rows/size and track only reviewed manifests or small canonical sets.,True,32,4911227717ff4a176b6e0cc3570ee47210bc6ddf7c5665b5b652c169933d473a
benchmarks/digitalocean/knowledge_bases/operations/port_assignments.md,benchmarks,.md,1661,ccefb948c3380534914dd5ee22296b4d902c38a3,7165ef574c3cae1374db917d7d65e51b9a00307a,research_intake_archive_or_canonicalize,dataset_benchmark_registry,preserve_manifest_first,High,Do not git-add blindly; create dataset registry with hash/rows/size and track only reviewed manifests or small canonical sets.,True,66,01f76389dfe1b34d970fb9d1b3f1721583d9ff187cb3f05f1f4ade220caea158
benchmarks/digitalocean/knowledge_bases/research/BENCHMARK_PLAN.md,benchmarks,.md,4269,57623b03bc587a299ac87a5d62b58be7c0772c5c,06d1151391ff034bb6d8d21958650d9418281400,research_intake_archive_or_canonicalize,dataset_benchmark_registry,preserve_manifest_first,High,Do not git-add blindly; create dataset registry with hash/rows/size and track only reviewed manifests or small canonical sets.,True,139,47c917d3852f87275a3ebd3a35fe8888c7f21d67021b1f3b11179f3aa4f6db17
benchmarks/digitalocean/knowledge_bases/research/DATASET_RESEARCH_DIVE_2026-04-23.md,benchmarks,.md,21172,612f5fbb48dac171a5a20f2d2352cebcb0d5f192,d823ed356430f6932e99e15b098a2150acb619d7,research_intake_archive_or_canonicalize,dataset_benchmark_registry,preserve_manifest_first,High,Do not git-add blindly; create dataset registry with hash/rows/size and track only reviewed manifests or small canonical sets.,True,409,300957186605cfe77c10be69c87850d2d3af730be69fc3b4fdd123c8293c15ac
benchmarks/digitalocean/knowledge_bases/research/EXTENSIVE_STATUS_COVERAGE_REPORT_2026-04-24.md,benchmarks,.md,11554,d8b86cd582cb01e1a1176d2eca093e54fe7c0ed2,a633e966eafe5ae592e406b43ea142a79a7727bc,research_intake_archive_or_canonicalize,dataset_benchmark_registry,preserve_manifest_first,High,Do not git-add blindly; create dataset registry with hash/rows/size and track only reviewed manifests or small canonical sets.,True,295,528bfa7de6fff82ff9ca233eba9680540787d1423de8bc9eb1df0c4730ec38f7
benchmarks/digitalocean/knowledge_bases/research/FOUNDRY_HERMES_OPENSHELL_COMBINED_PLAN.md,benchmarks,.md,16415,b47f2b31bc101c5fa7f4ce125480588ab36cd5f0,7764ea201e886ed3e7898f0bf08b58f0d6e3a875,research_intake_archive_or_canonicalize,dataset_benchmark_registry,preserve_manifest_first,High,Do not git-add blindly; create dataset registry with hash/rows/size and track only reviewed manifests or small canonical sets.,True,506,301a74c11c85ec1140d51715eb261a505930a9ee50a6a8bbcb0a86e0f57ef0f3
benchmarks/digitalocean/knowledge_bases/research/HERMES_V2026_4_23_NEXUS_ADAPTATION.md,benchmarks,.md,13228,6c523ed5270a0bb902a86cbab820b3c07c89b0fe,7e2197373ea6a45cf8d10cd4b467794d897d6f65,research_intake_archive_or_canonicalize,dataset_benchmark_registry,preserve_manifest_first,High,Do not git-add blindly; create dataset registry with hash/rows/size and track only reviewed manifests or small canonical sets.,True,446,63e3c4af1020f74e200b9922e2b39cee14ce2ff30cdffd3a77a03f1534fade85
benchmarks/digitalocean/knowledge_bases/research/IMPLEMENTATION_REPORT.md,benchmarks,.md,14626,fdcde9ba9c876edeab44899ad8b8af26c9eff9a8,8e16debeb7e777a5c36128be28823b98ba3a76ab,research_intake_archive_or_canonicalize,dataset_benchmark_registry,preserve_manifest_first,High,Do not git-add blindly; create dataset registry with hash/rows/size and track only reviewed manifests or small canonical sets.,True,423,a7a4c9f6b2d5e1bd53b7d926bfbeda59d76e548f9e9b22c2ba893ccf80154828
benchmarks/digitalocean/knowledge_bases/research/NEXUS_MODEL_ROUTING_REDESIGN_2026-04-25.md,benchmarks,.md,15421,5f4344a15b93b4dd2a14beafa6f8aa5ada03ec10,7cca7b63634ae20000d4d8923da300b9dbbeb373,research_intake_archive_or_canonicalize,dataset_benchmark_registry,preserve_manifest_first,High,Do not git-add blindly; create dataset registry with hash/rows/size and track only reviewed manifests or small canonical sets.,True,563,e80c6cf204cb64c3b380d3924b47eb18c5f7cbddb7011ac4e486116838abdc04
benchmarks/digitalocean/knowledge_bases/research/PROJECT_ANALYSIS.md,benchmarks,.md,12506,3c6f8df08f3cc1ec1ebcc12fe8b820f9a1cd5955,1c65b7c3dd88f2b0a209b8fe02cbd21649128856,research_intake_archive_or_canonicalize,dataset_benchmark_registry,preserve_manifest_first,High,Do not git-add blindly; create dataset registry with hash/rows/size and track only reviewed manifests or small canonical sets.,True,286,49b10647a0685c8ea848e89f2840432c5fc2a97b49a51b2d3cc43d2ecb37460c
benchmarks/digitalocean/knowledge_bases/research/TECHNICAL_GUIDE.md,benchmarks,.md,10917,d9b7c3c33f35ab78f652dc252ef514aef21f5a6c,31d48898da875fce15f0994d73f1d5f35f2d102e,research_intake_archive_or_canonicalize,dataset_benchmark_registry,preserve_manifest_first,High,Do not git-add blindly; create dataset registry with hash/rows/size and track only reviewed manifests or small canonical sets.,True,456,c9aca5960075fb43c5feb450023f37b472a25c943051719171b4c1d4713c4832
benchmarks/digitalocean/knowledge_bases/research/TRUST_MEMORY_IMPLEMENTATION_BASELINE.md,benchmarks,.md,5897,5099fe2f636703c3b2c0f6bc12f2c2ba2e29ad2b,ad4298fd16e3cfe3a0b67857292b881b16408b8d,research_intake_archive_or_canonicalize,dataset_benchmark_registry,preserve_manifest_first,High,Do not git-add blindly; create dataset registry with hash/rows/size and track only reviewed manifests or small canonical sets.,True,209,ad85f1663fe975b44d4e60183c1d876a22632d3dac61c43ce93d86dd477739d1
benchmarks/digitalocean/knowledge_bases/research/benchmark_comparisons.md,benchmarks,.md,715,95712d45554a221dfa797a3ece0bd5bcd56fabd7,ada4066a027a9f56c7715b6ae0f8ab67181dede1,research_intake_archive_or_canonicalize,dataset_benchmark_registry,preserve_manifest_first,High,Do not git-add blindly; create dataset registry with hash/rows/size and track only reviewed manifests or small canonical sets.,True,29,fd5bc568644c61799a9ca3e2dfc9f1bf246b04511ad2deaab46129283440f2bd
benchmarks/digitalocean/knowledge_bases/research/eggroll_training_guide.md,benchmarks,.md,1481,01f495a07066d0b9d11680d35ddb8327c28c4815,902189a1a9f15672b12da53403631006fd0c7245,research_intake_archive_or_canonicalize,dataset_benchmark_registry,preserve_manifest_first,High,Do not git-add blindly; create dataset registry with hash/rows/size and track only reviewed manifests or small canonical sets.,True,39,f6c1943840e56a57c47d0d0fe5583bbb82c40b3bb270d04f02dd47cde0237e85
benchmarks/digitalocean/knowledge_bases/research/foundry_agent_inventory.md,benchmarks,.md,7399,07c5bcbf675ba86ba3673cfdbe4d02e06076f673,e59d92a972fdbe255c18079f347501f42a0bdff9,research_intake_archive_or_canonicalize,dataset_benchmark_registry,preserve_manifest_first,High,Do not git-add blindly; create dataset registry with hash/rows/size and track only reviewed manifests or small canonical sets.,True,224,4550a50488033f4590342c37856ea774fb9025f4ca084dbebeac4373ad32e3c8
benchmarks/digitalocean/knowledge_bases/research/nexus_agentic_gateway_v31_deep_dive_2026-04-18.md,benchmarks,.md,28152,aabfc0d36b45072ab003b1722de37be077f60120,79140098920f7b3ed10d779b2941d5ac5e7a0873,research_intake_archive_or_canonicalize,dataset_benchmark_registry,preserve_manifest_first,High,Do not git-add blindly; create dataset registry with hash/rows/size and track only reviewed manifests or small canonical sets.,True,515,e14b8085ae428e51591955e51dac3f078c5b3139b4ed2cb313ac725081108db2
benchmarks/mixed content/PHASE6_FINAL_HANDOFF.md,benchmarks,.md,6298,cf3282921f9b725f71e4120c6c91b13ab8f5ca46,ac659503c48206d90185fea0db2975a4856cde7a,research_intake_archive_or_canonicalize,dataset_benchmark_registry,preserve_manifest_first,High,Do not git-add blindly; create dataset registry with hash/rows/size and track only reviewed manifests or small canonical sets.,True,198,b022f05838c649640cc06aca0bbf40a6b6dac418d38996b2e1463680a97c04c1
benchmarks/mixed content/agentHARNESS.txt,benchmarks,.txt,11086,51a8d385375dd13675e134fde2de4394b33c487c,30dfb755212b4c631b7d2133aba85eb274ed46f0,research_intake_archive_or_canonicalize,dataset_benchmark_registry,preserve_manifest_first,High,Do not git-add blindly; create dataset registry with hash/rows/size and track only reviewed manifests or small canonical sets.,True,109,7d3ae953b8bd7f9d4ae0469df53927ba7cb87fb66f58488f109ad7374320f99a
datasets/.classify_test.json,datasets,.json,44,c5d8fd4e9e30a8d30a8c4f060adce170af90b5cf,8c59bfc2cbbfbc51cba4e709a0aaa8986d00f83b,dataset_benchmark_registry_preserve_do_not_track_blindly,dataset_benchmark_registry,preserve_manifest_first,High,Do not git-add blindly; create dataset registry with hash/rows/size and track only reviewed manifests or small canonical sets.,True,1,2f1a72e70f59fe4f12cdbd22bdf112db589b30124799a558789c8779be3306aa
datasets/.classify_test2.json,datasets,.json,135,aae33e2364b30615216104457ea1f46a91804c07,7d7aad8670e792dd868b045a9b2479fb40d873c3,dataset_benchmark_registry_preserve_do_not_track_blindly,dataset_benchmark_registry,preserve_manifest_first,High,Do not git-add blindly; create dataset registry with hash/rows/size and track only reviewed manifests or small canonical sets.,True,1,6a7758dbf2e362989357384f0689b7f46687963d7133bdb12fba8c0f57efc5eb
datasets/.classify_test3.json,datasets,.json,181,d027b450994935638ba4acc81ad19b920d66ea0d,e4d7ed49634b23cf34760b82e53f300020919e42,dataset_benchmark_registry_preserve_do_not_track_blindly,dataset_benchmark_registry,preserve_manifest_first,High,Do not git-add blindly; create dataset registry with hash/rows/size and track only reviewed manifests or small canonical sets.,True,1,44d2129a60344608bff512832274f2821672d9a586b00d0065aef166b8dfba46
datasets/.csv_test1.json,datasets,.json,92,ebbdd2b1ffe13a30defa1d72cf9a913de9dda3c1,e62c5d90171852c8122d4976c47333b14ac97cee,dataset_benchmark_registry_preserve_do_not_track_blindly,dataset_benchmark_registry,preserve_manifest_first,High,Do not git-add blindly; create dataset registry with hash/rows/size and track only reviewed manifests or small canonical sets.,True,1,6538ca4ca8d93291738fbca10796510747252d46292cf711ecb4506fcd050153
datasets/.csv_test2.json,datasets,.json,60,31de419a71ab605488ebb0bb62e0b781b7143f93,16c7fd79574e77e8509b89ac77f172af8f12ddd2,dataset_benchmark_registry_preserve_do_not_track_blindly,dataset_benchmark_registry,preserve_manifest_first,High,Do not git-add blindly; create dataset registry with hash/rows/size and track only reviewed manifests or small canonical sets.,True,1,d0e24308022c4ba73c54f46456ff60a4ad5b5060478d78156cab8dc975d49a2b
datasets/.csv_test3.json,datasets,.json,44,c5d8fd4e9e30a8d30a8c4f060adce170af90b5cf,8c59bfc2cbbfbc51cba4e709a0aaa8986d00f83b,dataset_benchmark_registry_preserve_do_not_track_blindly,dataset_benchmark_registry,preserve_manifest_first,High,Do not git-add blindly; create dataset registry with hash/rows/size and track only reviewed manifests or small canonical sets.,True,1,2f1a72e70f59fe4f12cdbd22bdf112db589b30124799a558789c8779be3306aa
datasets/.t1.json,datasets,.json,44,c5d8fd4e9e30a8d30a8c4f060adce170af90b5cf,8c59bfc2cbbfbc51cba4e709a0aaa8986d00f83b,dataset_benchmark_registry_preserve_do_not_track_blindly,dataset_benchmark_registry,preserve_manifest_first,High,Do not git-add blindly; create dataset registry with hash/rows/size and track only reviewed manifests or small canonical sets.,True,1,2f1a72e70f59fe4f12cdbd22bdf112db589b30124799a558789c8779be3306aa
datasets/.t2.json,datasets,.json,100,17f86e5046d5976417c9fce9065706fdc9de816b,316723c378af2d4958c6b5b502dda7d5a65bbbc5,dataset_benchmark_registry_preserve_do_not_track_blindly,dataset_benchmark_registry,preserve_manifest_first,High,Do not git-add blindly; create dataset registry with hash/rows/size and track only reviewed manifests or small canonical sets.,True,1,886abf3994a248d56d2d3f9e26664c8b0c6dda99d61f4f685c1181d74f7d1c9d
datasets/.t2_v2.json,datasets,.json,95,23a5cbcc9bf2a2c7f989fad33152f26b9d35a30f,63faca3f24ca82a7937d2809c121b83d79696355,dataset_benchmark_registry_preserve_do_not_track_blindly,dataset_benchmark_registry,preserve_manifest_first,High,Do not git-add blindly; create dataset registry with hash/rows/size and track only reviewed manifests or small canonical sets.,True,1,6bbd9b7d7058d4be53236f1ea291964afc37b2ef2fe46de8369cb1e5f52ffec1
datasets/.t3.json,datasets,.json,87,ce884ee3d6091dc43fad2446c6cfd5d4edd9dfbd,999b3ee6cfe941b94171da4538f96b3d0f1b1cf3,dataset_benchmark_registry_preserve_do_not_track_blindly,dataset_benchmark_registry,preserve_manifest_first,High,Do not git-add blindly; create dataset registry with hash/rows/size and track only reviewed manifests or small canonical sets.,True,1,755c31b792dafabc1fc4411ba0f7a46747fd3aaf839f326f18d706136885d1c5
datasets/.t_csv.json,datasets,.json,74,7777c22f0953e007c79537245627ef203ebf9bac,42f2831de9e1acb6335928bd44bec68dc68f01ae,dataset_benchmark_registry_preserve_do_not_track_blindly,dataset_benchmark_registry,preserve_manifest_first,High,Do not git-add blindly; create dataset registry with hash/rows/size and track only reviewed manifests or small canonical sets.,True,1,a766b9bbef64189e89e9e061b0d4a7d18b5dd9c5e8c3aeb09f8a3f9b2c27dec1
datasets/.t_jb.json,datasets,.json,67,5537292f36e45a1c38ac1d357343215ed7acaa1b,732f499b6dff3bb4d9c1e5463a1766d6c94b0798,dataset_benchmark_registry_preserve_do_not_track_blindly,dataset_benchmark_registry,preserve_manifest_first,High,Do not git-add blindly; create dataset registry with hash/rows/size and track only reviewed manifests or small canonical sets.,True,1,967e23cdfe019921a474e8363221437274313e7a4f1e38301632a8929e53d6c9
datasets/.t_v7.json,datasets,.json,87,ce884ee3d6091dc43fad2446c6cfd5d4edd9dfbd,999b3ee6cfe941b94171da4538f96b3d0f1b1cf3,dataset_benchmark_registry_preserve_do_not_track_blindly,dataset_benchmark_registry,preserve_manifest_first,High,Do not git-add blindly; create dataset registry with hash/rows/size and track only reviewed manifests or small canonical sets.,True,1,755c31b792dafabc1fc4411ba0f7a46747fd3aaf839f326f18d706136885d1c5
datasets/abliterated_benchmark.json,datasets,.json,190,fbee844625553e1bea7e5d2c6c5c2e9416a1a7e9,e563533e3e886bc165dc7abd71b8e0cec56c31ef,dataset_benchmark_registry_preserve_do_not_track_blindly,dataset_benchmark_registry,preserve_manifest_first,High,Do not git-add blindly; create dataset registry with hash/rows/size and track only reviewed manifests or small canonical sets.,True,12,80c206733152d4e6ab3fd7b581f3a343be1291bfe3959f40821b71ded9e3d1f9
datasets/adversarial/novel_styles_500.jsonl,datasets,.jsonl,14189,380ec3b849afec45d5459a691f88dd609615dfa2,74b0bcf2c1bc23d9e1a96e4ede6af07b5d7ba4da,dataset_benchmark_registry_preserve_do_not_track_blindly,dataset_benchmark_registry,preserve_manifest_first,High,Do not git-add blindly; create dataset registry with hash/rows/size and track only reviewed manifests or small canonical sets.,True,45,80b9f7d15d6617c97e336782905aa828571f52fc28d8e55af1aa7de4b0001c89
datasets/bench_mutated_v5_results.json,datasets,.json,2781,5a0bc99bac1b0970243bda909ba38468a6511478,5904cf67227d122d9e616be887f60bb1a97ef10b,dataset_benchmark_registry_preserve_do_not_track_blindly,dataset_benchmark_registry,preserve_manifest_first,High,Do not git-add blindly; create dataset registry with hash/rows/size and track only reviewed manifests or small canonical sets.,True,131,b83c34b3bb7dc3ce04da5cae14d73bc15bd62f92d45eb0839cf839010a49362f
datasets/benign_expanded.jsonl,datasets,.jsonl,11535,30fb2c043126e2982c15f759be3fe4097dec5b62,bfa575d38f88533b237127a47875c447d27a1f2c,dataset_benchmark_registry_preserve_do_not_track_blindly,dataset_benchmark_registry,preserve_manifest_first,High,Do not git-add blindly; create dataset registry with hash/rows/size and track only reviewed manifests or small canonical sets.,True,100,2138fb590d68a6505aa3f896962442e130888ed56e5addcfa268c88f6a161fc8
datasets/benign_from_cyber.jsonl,datasets,.jsonl,1680468,c78be32da6cb39b08587639bc1e531eae6a6bad6,3ae336a5f56d427655cb7fae7276ff40982b4426,dataset_benchmark_registry_preserve_do_not_track_blindly,dataset_benchmark_registry,preserve_manifest_first,High,Do not git-add blindly; create dataset registry with hash/rows/size and track only reviewed manifests or small canonical sets.,True,1000,edd39fed3361b60149fd150b7b304af2044ae198eb77d037683dec690a46d418
datasets/combination_results.json,datasets,.json,2529,d3eb0054e96fbd305d51720b31c86340ab605434,9ddb115adf5784c85dd9909d46d5c101a9f8ebf9,dataset_benchmark_registry_preserve_do_not_track_blindly,dataset_benchmark_registry,preserve_manifest_first,High,Do not git-add blindly; create dataset registry with hash/rows/size and track only reviewed manifests or small canonical sets.,True,133,439fb50eb0f0fc64da14db36295a1568b18f5f1cec9447f688d411855ec720c2
datasets/deep_search_results.json,datasets,.json,24147,a7640b695154b9962c0e9ba66e6ffb69d4f801e9,ddc5613386c459bd4dc8c2ae1becfbf529872b80,dataset_benchmark_registry_preserve_do_not_track_blindly,dataset_benchmark_registry,preserve_manifest_first,High,Do not git-add blindly; create dataset registry with hash/rows/size and track only reviewed manifests or small canonical sets.,True,1250,5f4c83d26405f750006c3ec631cee8f7151ab853e820d49f08b8c5d5b62d4637
datasets/ensemble_analysis_2026_06.json,datasets,.json,986,61b2633121d8d767d83582a6b170a143eebec0db,152d1a16e2bbc91f60a6cd71569ceb6b161733be,dataset_benchmark_registry_preserve_do_not_track_blindly,dataset_benchmark_registry,preserve_manifest_first,High,Do not git-add blindly; create dataset registry with hash/rows/size and track only reviewed manifests or small canonical sets.,True,25,d8bb055c757e83ae11909bf631c2d6fc238b90464db8e0ec573990bd94c75b59
datasets/ernie/arena_metrics.json,datasets,.json,1536,a6973df9f29cf9011d18ae33691ad353e1ef4d62,206e1c57b4b49fb6874facffde1cee5d6241b3ea,dataset_benchmark_registry_preserve_do_not_track_blindly,dataset_benchmark_registry,preserve_manifest_first,High,Do not git-add blindly; create dataset registry with hash/rows/size and track only reviewed manifests or small canonical sets.,True,61,479c92ea45f8c9a453785643266fb56e7fa8c9ec62b6e019e3b14d7c13ee3ccb
datasets/ernie/checkpoint_1.json,datasets,.json,465,80fb59eb01de0b852be4d4dd7b08a5b53fa21a6f,4ac7e164a575ea26d50c245b625c1d7d4bd4b06f,dataset_benchmark_registry_preserve_do_not_track_blindly,dataset_benchmark_registry,preserve_manifest_first,High,Do not git-add blindly; create dataset registry with hash/rows/size and track only reviewed manifests or small canonical sets.,True,12,c10278c19af3416b359c542724ea4273c945870031e7e8c347ca73d3c902298f
datasets/ernie/checkpoint_2.json,datasets,.json,386282,993b092b80d82439e311bc47baf314557ecfb968,bdd45eefca399e207671033c77d7e9599d50b189,dataset_benchmark_registry_preserve_do_not_track_blindly,dataset_benchmark_registry,preserve_manifest_first,High,Do not git-add blindly; create dataset registry with hash/rows/size and track only reviewed manifests or small canonical sets.,True,11019,316bea4f514061a3e256feb045ef16feb811bcd9d6d66ca5a6671198f6d0c60a
datasets/ernie/checkpoint_3.json,datasets,.json,804382,37f4cec477909ae6bf3d2bf7d61b53bf3c0fcdd9,49ec552afb5428974c7afbe5abe9bc8e1e8e1d09,dataset_benchmark_registry_preserve_do_not_track_blindly,dataset_benchmark_registry,preserve_manifest_first,High,Do not git-add blindly; create dataset registry with hash/rows/size and track only reviewed manifests or small canonical sets.,True,23029,7a27c42b76c0f13facbefa0c4c3dd4ee59077173a897c1815ad7879cd292964c
datasets/ernie/checkpoint_3_partial.json,datasets,.json,396096,34d281d9e5355412710f612a21ffc79800ea6d01,1c60b7718c5cdf2dd1119dff37e89aee09e1fc25,dataset_benchmark_registry_preserve_do_not_track_blindly,dataset_benchmark_registry,preserve_manifest_first,High,Do not git-add blindly; create dataset registry with hash/rows/size and track only reviewed manifests or small canonical sets.,True,12012,fdc5440d501b50e604880c287bfa2f044f4cfc7de2f389a24e4df1e9d8d24c14
datasets/ernie/checkpoint_4_final.json,datasets,.json,532,0c2a6b9e9b73e4cce4ff481471aa9b1e7eee846a,83a3a0070975b80eb7fb784c3181cec330827662,dataset_benchmark_registry_preserve_do_not_track_blindly,dataset_benchmark_registry,preserve_manifest_first,High,Do not git-add blindly; create dataset registry with hash/rows/size and track only reviewed manifests or small canonical sets.,True,16,d6b8b844364d0bb63820e6c193348499d4eaf93a3fdac641fa3400b230ba8054
datasets/ernie/dice_probe_results.json,datasets,.json,4689,a8f7dd4fefb7fed4d0de2362a14d0035fbc5ede6,0e035db560c0b983acf38228eba701a3a2966fde,dataset_benchmark_registry_preserve_do_not_track_blindly,dataset_benchmark_registry,preserve_manifest_first,High,Do not git-add blindly; create dataset registry with hash/rows/size and track only reviewed manifests or small canonical sets.,True,160,e26815ec530b5f67530e995e4b5e3a33bccfa5a17475e3afd598dd8e0f5b822f
datasets/ernie/dpo_fp_calibration.json,datasets,.json,6334,4dec5d76316ba1becb5fde11ecd94fdb37162565,e1002e7be4d74e68a12b3df7c535bf6f79edbcb2,dataset_benchmark_registry_preserve_do_not_track_blindly,dataset_benchmark_registry,preserve_manifest_first,High,Do not git-add blindly; create dataset registry with hash/rows/size and track only reviewed manifests or small canonical sets.,True,102,72d48228c84b512613d67a35219d262945508a71fcfabda7691e98a0fb570167
datasets/ernie/dpo_preference_dataset.json,datasets,.json,148249,a411e2dfe78bc97755b8158a3fdacdef4ee637f5,501235dbf79cd0fd722c402c244de70c189faf2f,dataset_benchmark_registry_preserve_do_not_track_blindly,dataset_benchmark_registry,preserve_manifest_first,High,Do not git-add blindly; create dataset registry with hash/rows/size and track only reviewed manifests or small canonical sets.,True,1052,bd1ce7289c35c912673d0e8b9d44a8721bd387098adff92ca276a1501a94a0eb
datasets/ernie/ernie_1000_guard_results.json,datasets,.json,347,bd41e6b6991bcaf5b5633e684a6a1e26be8627e4,0381531ea046d993eef24ceefec4746e96000e28,dataset_benchmark_registry_preserve_do_not_track_blindly,dataset_benchmark_registry,preserve_manifest_first,High,Do not git-add blindly; create dataset registry with hash/rows/size and track only reviewed manifests or small canonical sets.,True,16,6d00a29032fc2bddc63e255e969614a23c24bbb6e66b1cdb2651f393f91a0ea4
datasets/ernie/ollama_cache.json,datasets,.json,539430,9c48fe6213dad2c24dce801dde71efdba9326fe5,f590bffe734019856b17fc112056b35b5c750ab4,dataset_benchmark_registry_preserve_do_not_track_blindly,dataset_benchmark_registry,preserve_manifest_first,High,Do not git-add blindly; create dataset registry with hash/rows/size and track only reviewed manifests or small canonical sets.,True,10972,8d933a298ad918aa4a961318b68e4322a9934c98c0f164a5f0c0411cfadaf79f
datasets/guard_comparison_2026_06.json,datasets,.json,1479,d427b3b56dc2935d1ec4c288e6205cfd0dcaffb0,9cf66f8d023a54e01ddbe2a24362891f3d32d5bd,dataset_benchmark_registry_preserve_do_not_track_blindly,dataset_benchmark_registry,preserve_manifest_first,High,Do not git-add blindly; create dataset registry with hash/rows/size and track only reviewed manifests or small canonical sets.,True,66,d2907e36614dd7664ed88beeec7d097a1fc6a7cb202435b1f303463a76f48b53
datasets/guard_plane_ensemble_test.json,datasets,.json,590,f24221a90696fd9284215ba780ae30b09ff90b3d,6488c5f6e30720656d57eccede7e31cd04dee46c,dataset_benchmark_registry_preserve_do_not_track_blindly,dataset_benchmark_registry,preserve_manifest_first,High,Do not git-add blindly; create dataset registry with hash/rows/size and track only reviewed manifests or small canonical sets.,True,32,6e07f4b0670fda35fa82132dbd7f0cc79f3156b08cd4f918c5ed942ed360c2a5
datasets/guard_plane_results.json,datasets,.json,29967,91b36cc96b66525229234bf580eead5e87ac80ee,1a02ab6514ce1d1c5c1614d04211d23a90a2c2db,dataset_benchmark_registry_preserve_do_not_track_blindly,dataset_benchmark_registry,preserve_manifest_first,High,Do not git-add blindly; create dataset registry with hash/rows/size and track only reviewed manifests or small canonical sets.,True,964,fe7fd8cf853dc53f1302066110428486fefa05163d6fd490eee4c2f78837421e
datasets/sweep_results.json,datasets,.json,71290,05b052d28829730ad02b38b85d2ccae0d36e8da7,69319c33f89425f8b8bb789d2a32a9bace9e3463,dataset_benchmark_registry_preserve_do_not_track_blindly,dataset_benchmark_registry,preserve_manifest_first,High,Do not git-add blindly; create dataset registry with hash/rows/size and track only reviewed manifests or small canonical sets.,True,2668,bdfe3586a9d22891c0e1ce4ba8ab9d97ddc10c4b1b192c1d4fd96e842a44257b
datasets/synthetic_benign_free.jsonl,datasets,.jsonl,13610,7fc60ac977cb3a44cf2963c003fb532d81acd121,fa5bcbbb6e86f4feb7f432a88c99ae52c9a06eb8,dataset_benchmark_registry_preserve_do_not_track_blindly,dataset_benchmark_registry,preserve_manifest_first,High,Do not git-add blindly; create dataset registry with hash/rows/size and track only reviewed manifests or small canonical sets.,True,30,22f03b6b4eedcc900b539d349ccf0554b4c50478d072ab969c5ed210b24840e6
datasets/v7/v7_manifest.json,datasets,.json,1399,763890c70399856045e11546351c71af2ae68c88,9b4900dacc2b1111b09d421d38788499e8a56e07,dataset_benchmark_registry_preserve_do_not_track_blindly,dataset_benchmark_registry,preserve_manifest_first,High,Do not git-add blindly; create dataset registry with hash/rows/size and track only reviewed manifests or small canonical sets.,True,48,f4695b7c7c7d1053cc1e4f4b0113ad4df4fea34c52a78ddb37ab88d406cde356
datasets/v7_dpo_pairs.jsonl,datasets,.jsonl,595917,9a039b341994df163799a6bb16cdc6cfe13bec4d,ace04b8e913968b6f2a2722db020702ba5f11899,dataset_benchmark_registry_preserve_do_not_track_blindly,dataset_benchmark_registry,preserve_manifest_first,High,Do not git-add blindly; create dataset registry with hash/rows/size and track only reviewed manifests or small canonical sets.,True,150,423792f4943f1f53863d152452fee66cae2b93ef84d192f4c266de647ba361cc
datasets/v7_dpo_pairs.summary.json,datasets,.json,178,bec74205d66bac2200b26d732a7198af2893f7ba,7eb80e14fe1440a5a325f6003c369a5eb7fc90cc,dataset_benchmark_registry_preserve_do_not_track_blindly,dataset_benchmark_registry,preserve_manifest_first,High,Do not git-add blindly; create dataset registry with hash/rows/size and track only reviewed manifests or small canonical sets.,True,7,67f2e686745226fb3540217c5e6cc293171061f49227d47fbb47e6eb26f70cd3
datasets/v7_novel_base.jsonl,datasets,.jsonl,156146,d2248966107cb46cc25e91ea51b2910cdac5fdbe,20efe9ee6ea61eeed1f18a7d6091abbfaab51d7c,dataset_benchmark_registry_preserve_do_not_track_blindly,dataset_benchmark_registry,preserve_manifest_first,High,Do not git-add blindly; create dataset registry with hash/rows/size and track only reviewed manifests or small canonical sets.,True,75,d2a45840b207ad8a7c8ecb88ed95b0ac4b171e3447fc6333f49f0901414a4f73
datasets/v7_novel_mutated.jsonl,datasets,.jsonl,184380,e9019b3fcfe093213ad35f9749bc366b82207919,7c40ec8e8d2a25a32d63f7c2a93fe93a4857a600,dataset_benchmark_registry_preserve_do_not_track_blindly,dataset_benchmark_registry,preserve_manifest_first,High,Do not git-add blindly; create dataset registry with hash/rows/size and track only reviewed manifests or small canonical sets.,True,100,3bf8425bc5e70413eb95108661e6e6c79f8163116e36dd6ece99c8fc2b3a0cf8
datasets/v7_novel_mutated.summary.json,datasets,.json,1297,01b79b8b3aefb61897f5d03d7b991df3b4875fe7,01eb0c80364781f3db2b8143c77a15e92734d489,dataset_benchmark_registry_preserve_do_not_track_blindly,dataset_benchmark_registry,preserve_manifest_first,High,Do not git-add blindly; create dataset registry with hash/rows/size and track only reviewed manifests or small canonical sets.,True,39,95db19145022446a616a368fbd17d0883c2ae5347d5168f0fd50fd5aa3421972
datasets/v7_novel_mutated_500.jsonl,datasets,.jsonl,1117773,d15bc3483f14107b2fee2c4addce058a11684ca7,522d8fa01849e576eaf4bdf34f141ba4598687d9,dataset_benchmark_registry_preserve_do_not_track_blindly,dataset_benchmark_registry,preserve_manifest_first,High,Do not git-add blindly; create dataset registry with hash/rows/size and track only reviewed manifests or small canonical sets.,True,600,24a460f3261e9bd8ff7c9da7f819c7b140e34940b2ee3b4520452aadab655948
datasets/v7_novel_mutated_500.summary.json,datasets,.json,1301,2527daf30432c59bebb355119aaff96bf8e50d9b,e56fdd24abee0aab9bbb2529544879d76629f3ef,dataset_benchmark_registry_preserve_do_not_track_blindly,dataset_benchmark_registry,preserve_manifest_first,High,Do not git-add blindly; create dataset registry with hash/rows/size and track only reviewed manifests or small canonical sets.,True,39,f69ff44e929145bd3d1dc3f669d76de29d126e3860aad26adbb0049434f1fcf9
datasets/v7_novel_mutated_qwen.jsonl,datasets,.jsonl,386223,0beef8e1d039aa838fcf7f47e00b27f74ea492e7,5bfd4a9e4dad409688e696574326bbbb78dd39b1,dataset_benchmark_registry_preserve_do_not_track_blindly,dataset_benchmark_registry,preserve_manifest_first,High,Do not git-add blindly; create dataset registry with hash/rows/size and track only reviewed manifests or small canonical sets.,True,200,67335d473d1666b3028c976df607a3d62c81d340077078c34407126cd74cdf77
datasets/v7_novel_mutated_qwen.summary.json,datasets,.json,1302,71c454d40dadd65acf661a5d98de1f8141e75e87,4667f50ef5f54e923ce14bf7b8a09abef840496a,dataset_benchmark_registry_preserve_do_not_track_blindly,dataset_benchmark_registry,preserve_manifest_first,High,Do not git-add blindly; create dataset registry with hash/rows/size and track only reviewed manifests or small canonical sets.,True,39,41a516af285ee8ffaff16f184180eeae702c7a7e06e2bab040517d7c0e6a0d40
datasets/.guard_plane_pid.txt,datasets,.txt,7,7fa6b2398c09882383cf9813bd5298d53fdb7c7e,c2551d4188a170a8480d0ea22cbbe44a187d2a28,research_intake_archive_or_canonicalize,dataset_benchmark_registry,preserve_manifest_first,High,Do not git-add blindly; create dataset registry with hash/rows/size and track only reviewed manifests or small canonical sets.,True,1,771d91793523e63b10c32e048c1a631d5fe3394883dd44877c8648f9d906e3a8
datasets/ernie/attack_vectors_01-100_EN.md,datasets,.md,79184,b858ae4071d73090f8a62c69c8520224c7930bbe,e76c04ce1b9ce4055c24520deb7e4d7dbb5ea836,research_intake_archive_or_canonicalize,dataset_benchmark_registry,preserve_manifest_first,High,Do not git-add blindly; create dataset registry with hash/rows/size and track only reviewed manifests or small canonical sets.,True,2,4aaf19878d2dc7961cc3227a51b9852462e6524a0627db88d54a863679314179
datasets/ernie/delivery_report.md,datasets,.md,10742,812d7a173cb451ace5e9a800c0acac68265e1fbf,733fe91b4643150e78a493d21fd78bd3799066dd,research_intake_archive_or_canonicalize,dataset_benchmark_registry,preserve_manifest_first,High,Do not git-add blindly; create dataset registry with hash/rows/size and track only reviewed manifests or small canonical sets.,True,105,168305cad89f0d017a0f41ffea1fa1ecd2786abbc3d37b915ff8f38032a1d54d
datasets/ernie/evasion_techniques_top25_EN.md,datasets,.md,12723,1f9ad750e383f3e0028da986b5b1bf93a218f955,41194bae2237e1750fa387d737990b083b76ae69,research_intake_archive_or_canonicalize,dataset_benchmark_registry,preserve_manifest_first,High,Do not git-add blindly; create dataset registry with hash/rows/size and track only reviewed manifests or small canonical sets.,True,75,766f217526a9af20a383431f2cadcb1313b598a0c8178cd9ebb2306eb611c7e4
datasets/ernie/swarm_consensus_report_EN.md,datasets,.md,10667,14f462c5959f99d4e79e204207ba7ff3bc416253,4b9b88c4cbd8b06259f5cdb2e27d7b01f5ea9dd8,research_intake_archive_or_canonicalize,dataset_benchmark_registry,preserve_manifest_first,High,Do not git-add blindly; create dataset registry with hash/rows/size and track only reviewed manifests or small canonical sets.,True,2,a894e93221bad6aa774b21e7a7fba710c69b0bad6d340039c00770537671a207
datasets/ernie/threat_actors_01-50_EN.md,datasets,.md,230147,d131fe9bd651fcd80e184e0de00069e0966066c8,ec56bfc56c115bc17ca48e82638fb5242df533e1,research_intake_archive_or_canonicalize,dataset_benchmark_registry,preserve_manifest_first,High,Do not git-add blindly; create dataset registry with hash/rows/size and track only reviewed manifests or small canonical sets.,True,121,2f14bde2f677bbea5825241c40421a6a6c26760d8fc6faa6bf84392914aa76f0
datasets/guard_slm_combination_report.md,datasets,.md,2754,d7649e923ed1532837fb31f1777d62f1b71cd58c,d2e8f4fe75446ebb13c683ac4216418df662a46e,research_intake_archive_or_canonicalize,dataset_benchmark_registry,preserve_manifest_first,High,Do not git-add blindly; create dataset registry with hash/rows/size and track only reviewed manifests or small canonical sets.,True,56,def26f20a1097d0adce3db79a7a1c24cfbb05b827d323b3c3d2d78fc1c63a9de
datasets/guard_slm_merge_report.md,datasets,.md,9366,df5c41ac7d78fed156f0f5421ce1ee2edf8c3504,490643bdcc82330f59ac17397497b0e6f96a7b60,research_intake_archive_or_canonicalize,dataset_benchmark_registry,preserve_manifest_first,High,Do not git-add blindly; create dataset registry with hash/rows/size and track only reviewed manifests or small canonical sets.,True,190,04cba3819e58ed38ddcfe89a4d040b21393d87837d3c6b6f31075d2f9328ef83
datasets/guard_slm_report_v3.md,datasets,.md,14177,1f5662eecbb516c7e0ef6f0a74e8b4bd3e6f5763,6e504bddf5e643dd2e3d87b335e1cd306deaf1a0,research_intake_archive_or_canonicalize,dataset_benchmark_registry,preserve_manifest_first,High,Do not git-add blindly; create dataset registry with hash/rows/size and track only reviewed manifests or small canonical sets.,True,235,b124fcec8510c0ff20d1bdb35f910459718f5bd96748e96568088d9eb8f81ce9
docs/TRANSITION_MANIFEST.md,docs,.md,33891,c8b5c846f477e3ad8b23d1a9f40c037f57285700,b84d17dbf222054a8e6633d65e04fd3a9c21ea06,canonical_doc_review_track_or_archive,docs_transition_manifest,canonicalize_docs_structure_if_current,High,Directly describes docs reorganization and should guide P2 placement decisions after verification.,True,433,0f2994ecec3db0b4958291d23f6daab460f415579117b07d1e348af7204ae48a
docs/archive/INVESTIGATION_REPORT_2026-05-20.md,docs,.md,12225,34ffef7f28ecb8489a1a3a2174de0083f2ea4785,1cc87ab1ff2e4548d6ac8fbf0b1ad28a8ccc2ede,canonical_doc_review_track_or_archive,docs_archive,archive_hold_not_canonical,Medium,Archive docs preserve history; do not promote unless current evidence requires it.,True,203,9aa55327fd2e18391d2125439b67c49986a8c7fd5f2a51562b2dd69efd390988
docs/archive/SOURCE_ANALYSIS_FINDINGS_REPORT.md,docs,.md,19799,24da851fd3f78635dd08f4ae06d86f1a85b34f4b,dff7d4b75d75ac98e6f4217d3e76b7d96b881a0a,canonical_doc_review_track_or_archive,docs_archive,archive_hold_not_canonical,Medium,Archive docs preserve history; do not promote unless current evidence requires it.,True,507,74a1cee97fbda5ce756503f2bdca9f9c7f71319f7a70a38e9f9a76e2154401f2
docs/archive/SOURCE_ANALYSIS_PLAN.md,docs,.md,4421,08277f9d2bd744bdb98a6f4ac888624f76ffc57b,fb04bade60741b3e8c01e80fb4d9bed217cc17e4,canonical_doc_review_track_or_archive,docs_archive,archive_hold_not_canonical,Medium,Archive docs preserve history; do not promote unless current evidence requires it.,True,134,3e39c62a8c125df35f3bf3e51080d175c084a146a46cf5c1d4fc46d94cfcf294
docs/archive/gross/DISK_CLEANUP_ANALYSIS_REPORT_2026-05-31.md,docs,.md,9009,9e936789eab78d36e4fdb9500a98f584c8218e84,8ee9ae6be01fd8b5317e7dbe5f54703c117f8dc0,canonical_doc_review_track_or_archive,docs_archive,archive_hold_not_canonical,Medium,Archive docs preserve history; do not promote unless current evidence requires it.,True,195,fcf8ad036e7909c79b27a031453f9cb35fcf9caf0b6c59c1a7683d04b872ac18
docs/archive/gross/GROSS_PROJECT_GROUNDED_STATE_SYNTHESIS_2026-05-31.md,docs,.md,21999,261db871d4e102dd92d285f059b2c2803ca76fbe,eb9854d5563d0e06636b7632bc803153b66d0b78,canonical_doc_review_track_or_archive,docs_archive,archive_hold_not_canonical,Medium,Archive docs preserve history; do not promote unless current evidence requires it.,True,416,d8be88fb3e1a3cc871909866653d6eedbd55e94b01c09388ca8f10d7e9677744
docs/archive/gross/SMART_ELIMINATION_REPORT_2026-05-31.md,docs,.md,12563,f04483a3bd5c61961a8d83b61830778931eb7258,2cd969838ec95195ac46b2a8859eecbda60913c1,canonical_doc_review_track_or_archive,docs_archive,archive_hold_not_canonical,Medium,Archive docs preserve history; do not promote unless current evidence requires it.,True,274,4109fdf0bf98e496b364d3a11fbefd1579572a884ad1c6036dff1ae8f8d28404
docs/archive/handoff/2026-05-17-governance-endpoints.md,docs,.md,5450,096bd85f251e4a7392ffc2fc1be156285db8c5e6,598a06e81b3f29971255f50e30a72aa8fc9097c8,canonical_doc_review_track_or_archive,docs_archive,archive_hold_not_canonical,Medium,Archive docs preserve history; do not promote unless current evidence requires it.,True,130,c1606aac4b7e868c0a3e5ad35eb1e9107e3ae00f2d62e6aebc4d72df7b7cd38d
docs/archive/handoff/2026-05-20-nexusalpha-pr32-safe-push.md,docs,.md,3909,f59fa0eff9f636322e55d035ec12ba74b3bf1dbc,58dd2ddf4a38dcab1fe59059d8a1fd526dea6ea0,canonical_doc_review_track_or_archive,docs_archive,archive_hold_not_canonical,Medium,Archive docs preserve history; do not promote unless current evidence requires it.,True,87,564c2489e3f13fcdcbdf80dc82670de5315dbf2a1467cc7a810ffd2ffd0cdc84
docs/archive/handoff/2026-05-20-pi-broken.md,docs,.md,3990,81ca2f6a9a31c2d407ce6fc15c995a01873ca5bb,64611738f2354e22839e8829ef2c4882e74aa18e,canonical_doc_review_track_or_archive,docs_archive,archive_hold_not_canonical,Medium,Archive docs preserve history; do not promote unless current evidence requires it.,True,102,3634435845e7b463e42f8f93351094ab29e02d7b9d981c7f26181892b39bbb64
docs/archive/handoff/ANTIGRAVITY_IDE_BUG_REPORT_2026-05-23.md,docs,.md,4923,374e1179dd10d83df51fa2fc96a9232084f4f07d,b16d2412e9cebb486bc461e656f27afff1bfbb44,canonical_doc_review_track_or_archive,docs_archive,archive_hold_not_canonical,Medium,Archive docs preserve history; do not promote unless current evidence requires it.,True,80,6f4c94a7d025c048a6996e72f03c4fe03833134c2431e3aa3e205f6b384c886b
docs/archive/handoff/BEAST_MODE_DIRECTIVE_COMPLETION_REPORT_2026-05-26.md,docs,.md,10827,b6271c6a2c9e9937c0a26c2e45ee671f1d4dafc7,773d17461a8b0ada70f5fc0e00664793b544ab18,canonical_doc_review_track_or_archive,docs_archive,archive_hold_not_canonical,Medium,Archive docs preserve history; do not promote unless current evidence requires it.,True,295,a4f251315c99fc909a5720a29fd3547d7571325b07e899439cc1da1e47dce4af
docs/archive/handoff/BLIND_SPOT_V4_PROBE_RESULTS.json,docs,.json,9349,09541a75ca73f7e2f6b84bbc243e3086610a6f77,d625753a079e9c40d656c34cccd9f95aa257138e,canonical_doc_review_track_or_archive,docs_archive,archive_hold_not_canonical,Medium,Archive docs preserve history; do not promote unless current evidence requires it.,True,225,df72710a9564864e6f591dfc4d3817859448ecdf32ecbc4a8502dfeebb681bf9
docs/archive/handoff/DOPPELGROUND_GITLEAKS_FALSE_POSITIVE_LEDGER_FREEZE_2026-05-26.json,docs,.json,1283732,a026c7889eb6bf0e72776a2ca900eeeb0d2b4451,bb504915e8baeed0c7195a300a5df092da662265,canonical_doc_review_track_or_archive,docs_archive,archive_hold_not_canonical,Medium,Archive docs preserve history; do not promote unless current evidence requires it.,True,25089,12d7e203e9f271799ca33dde13b945c0cc2e1ac255b7d157313428383bc4c852
docs/archive/handoff/DOPPELGROUND_GITLEAKS_FALSE_POSITIVE_LEDGER_MAIN_2026-05-26.json,docs,.json,1283727,a1c870775a1112895a9284eb4bdf0154c1781705,919769884aed3132f5663b59ee62ece0d4b54d9e,canonical_doc_review_track_or_archive,docs_archive,archive_hold_not_canonical,Medium,Archive docs preserve history; do not promote unless current evidence requires it.,True,25089,358b2233c14653942c33b60f6633f6ba4e332d7a402ada5a604eca092dd2b318
docs/archive/handoff/ERNIE_A2B_IMAGE_LONG_RUN_LAST_MESSAGE_2026-05-26.md,docs,.md,7306,6227cb7365035b5fb5d13f568e92dc6957394510,0c0166246afb736061763401bfd08d59675fa7bf,canonical_doc_review_track_or_archive,docs_archive,archive_hold_not_canonical,Medium,Archive docs preserve history; do not promote unless current evidence requires it.,True,179,9e0d0ed977f4faa6338b71ba570ad990d913cf79b6e1253c8113aef032ab32b1
docs/archive/handoff/GROSS_PHASE2_EXECUTION_PLAN_2026-05-29.md,docs,.md,8656,dca627004441847bb7337b7cb7158139942a3390,f693d71e72ed64d6325b9aeab546428a567ed180,canonical_doc_review_track_or_archive,docs_archive,archive_hold_not_canonical,Medium,Archive docs preserve history; do not promote unless current evidence requires it.,True,210,f9c95906d40f5883645f421a96f955a7f08fb4d2722d73eeccda797d279ef705
docs/archive/handoff/GUARD_PLANE_V13_VERIFICATION_REPORT_2026-05-24.md,docs,.md,7526,2eb9ec545508bcc12c55aa6e0c38a41d3afccad6,1e215e7c6cfb9f170166bd18d5865ed5e14375e9,canonical_doc_review_track_or_archive,docs_archive,archive_hold_not_canonical,Medium,Archive docs preserve history; do not promote unless current evidence requires it.,True,156,a0df642d1c3412e9cb3baae19e4c22910488a102eaa364a68d466cf33b32571f
docs/archive/handoff/LOCAL_RESOURCE_MONITOR_2026-05-27.md,docs,.md,13733,30edd15d9f3c3520790b6e7fadff937d4d1683b3,c089086d253e6821df86df52d811673e7c645680,canonical_doc_review_track_or_archive,docs_archive,archive_hold_not_canonical,Medium,Archive docs preserve history; do not promote unless current evidence requires it.,True,249,a4413a61f4df1bcb0fbb532d4deb706cee90b27ba554580dca38e2d096ff1a75
docs/archive/handoff/MODEL_DEEP_DIVE_INTEL_DISTILLATION_2026-05-25.md,docs,.md,19207,55086c5637babd121a9802c97e0ffbf124c35cf5,69ebe7ab57674770a572be71a37b0aa2c9d2ac9a,canonical_doc_review_track_or_archive,docs_archive,archive_hold_not_canonical,Medium,Archive docs preserve history; do not promote unless current evidence requires it.,True,329,54c27f631ff4362dccc474a181e7cb725a6395957d37d237a57ca63d7eb7f29a
docs/archive/handoff/MODEL_LAB_JOB_CARD_EXAMPLE_CHECK_2026-05-26.json,docs,.json,324,b26b74e7daf6bb824d1256c10f312f65f1036ede,ab95a020693d92d64b537f9d1d19be88c1db72a1,canonical_doc_review_track_or_archive,docs_archive,archive_hold_not_canonical,Medium,Archive docs preserve history; do not promote unless current evidence requires it.,True,11,d79334c80cbfc6cb7da6cb053a30e993fe51db8ee9091f8f12e3818d5118f98a
docs/archive/handoff/NEXUS_DOCKER_WSL_USAGE_OPTIMIZATION_2026-05-18.md,docs,.md,17108,58b0a9366d4c6d8e4c19c0aa56f32939de7957d6,a7308a30069f58512dd048d6c9d5ad1559c56155,canonical_doc_review_track_or_archive,docs_archive,archive_hold_not_canonical,Medium,Archive docs preserve history; do not promote unless current evidence requires it.,True,410,30d7a25c8bfba5d85911a77530ed7dc3d81dbfb6ff2e3924f30e50c3637aa45d
docs/archive/handoff/NEXUS_LOCAL_GROUNDING_REFRESH_2026-05-24.md,docs,.md,6508,f341ad4e1894efaa377dcfd70f52943983313640,05e79aec950df4a05e9ab365a35dfbbec3070433,canonical_doc_review_track_or_archive,docs_archive,archive_hold_not_canonical,Medium,Archive docs preserve history; do not promote unless current evidence requires it.,True,141,a55525e6ea176533155fd8f3f526c060e70f638e0508ee8e3624388569b40bf2
docs/archive/handoff/NEXUS_LOCAL_RESTART_RECOVERY_2026-05-18.md,docs,.md,12024,6ff588bc72e885fe8d8192f9d38b1d6c0b7c7ea2,dfb4d556aedc8bff0746beb96752a59b35526554,canonical_doc_review_track_or_archive,docs_archive,archive_hold_not_canonical,Medium,Archive docs preserve history; do not promote unless current evidence requires it.,True,237,b2a4e6da0f57b681751dd3152ebf43b2a737b909131101440d142969e306dfad
docs/archive/handoff/NEXUS_VENDOR_AGENT_HYGIENE_2026-05-18.md,docs,.md,9558,c0264a8b7879b06e7c903aaeeac40a65244ef3f4,aa07f41de744dd110138823e90ea4d6565f2fa6b,canonical_doc_review_track_or_archive,docs_archive,archive_hold_not_canonical,Medium,Archive docs preserve history; do not promote unless current evidence requires it.,True,188,e75867fd23020887e5415cf779932b159dca4752e0aa49c0e302fc521a2c2a39
docs/archive/handoff/OLLAMA_CLEANUP_RECOVERY_2026-05-25.md,docs,.md,3145,1860c2975d8a7dac948c4e0c78866c2a92649e45,868a0823e9c017025ca1fa15f5b8d22ab8346168,canonical_doc_review_track_or_archive,docs_archive,archive_hold_not_canonical,Medium,Archive docs preserve history; do not promote unless current evidence requires it.,True,102,ac417e33edca5e58e3c3d5190984f81e1dfb2bd3dd9c2e5ef5c5d215cec5abf2
docs/archive/handoff/RP_MODEL_BOUNCER_BENCHMARK_2026-05-22.md,docs,.md,8611,f140b4b0854873fb9f3ca7c976547bec4b068d55,28b27a202a35db96df32a8546f438b085343aeaa,canonical_doc_review_track_or_archive,docs_archive,archive_hold_not_canonical,Medium,Archive docs preserve history; do not promote unless current evidence requires it.,True,181,b67b53d8e5bc517332313c1f894c939ca0baaf43ff263b7ce390de3ed49e720c
docs/archive/handoff/STREAMLABS_OBS_CRASH_AND_BACKGROUND_WORKLOAD_INVESTIGATION_2026-05-26.md,docs,.md,7344,f5e55b34e12863f894ad3ba87e6a67298f589183,37beb427c67d94d11b3fe3987c37c36556168aab,canonical_doc_review_track_or_archive,docs_archive,archive_hold_not_canonical,Medium,Archive docs preserve history; do not promote unless current evidence requires it.,True,112,3031a331026589d2b9679615f78dfe8e2685eb88509093ac336a06fd9ed84b1b
docs/archive/handoff/STREAMLABS_OBS_CRASH_FOLLOWUP_2026-05-25.md,docs,.md,10395,3b386a2f2bc39e4ef75fc234d2a64f22cf6d82c2,d2c5db244c6f8dd86f4cdeb18f900cbdadc6b958,canonical_doc_review_track_or_archive,docs_archive,archive_hold_not_canonical,Medium,Archive docs preserve history; do not promote unless current evidence requires it.,True,311,ffda6f59fc7d91a779a84c67e6b9e3d656a1e7c70daccdb7a01137ff2a79b3a6
docs/archive/handoff/STREAMLABS_OBS_HEALTH_INVESTIGATION_2026-05-23.md,docs,.md,7899,3c5424a4b1e4073e2b70b74ac5be81fc232116d5,a1458d163f17fd2f54f26b637b25859f8d2ce63d,canonical_doc_review_track_or_archive,docs_archive,archive_hold_not_canonical,Medium,Archive docs preserve history; do not promote unless current evidence requires it.,True,201,28d023319a8f5b84cfe6733c8f56cbaef0a858abcee439d3fa74747b9ae5b671
docs/archive/handoff/nexus-tidiness/CLASSIFICATION_MANIFEST.md,docs,.md,21210,a8ece80a120e616e5eddbb8c6f79c8d8b8b6f154,ecc9cbee7be81d38afdd7ecb80bcf0288639da7b,canonical_doc_review_track_or_archive,docs_archive,archive_hold_not_canonical,Medium,Archive docs preserve history; do not promote unless current evidence requires it.,True,358,dac74069d6cf8a5011dee6d39aeac509e92ea96d77afaab7d69f0743d0693bfd
docs/archive/handoff/nexus-tidiness/README.md,docs,.md,4314,c367c69971c6b71a56b1b4edad6333056c5b0900,e9116f1b3cc028498e2b36ebf4390ff459594ae4,canonical_doc_review_track_or_archive,docs_archive,archive_hold_not_canonical,Medium,Archive docs preserve history; do not promote unless current evidence requires it.,True,86,b91e03cad07eda9a4845367ba5d0e070ed7bdf4a6e69d851ea135252766b2742
docs/archive/handoff/nexus-tidiness/c-tmp-important-file-candidates.csv,docs,.csv,1802,867e6f448177a56656841fc2b2ecc0d5c6312813,b8ea4993a4727576931f43d3623ea0e083090696,canonical_doc_review_track_or_archive,docs_archive,archive_hold_not_canonical,Medium,Archive docs preserve history; do not promote unless current evidence requires it.,True,17,acfa23113dc0e3e62502b026f9202a25af2b73f690e8f812936c0067cd91e3ac
docs/archive/handoff/nexus-tidiness/c-tmp-inventory.csv,docs,.csv,2987,4ca2914b7333f96076cbf308e52f130c782a56bc,7a4d82e7a4b2adf85dcb5e561d877a6ac14d0c4b,canonical_doc_review_track_or_archive,docs_archive,archive_hold_not_canonical,Medium,Archive docs preserve history; do not promote unless current evidence requires it.,True,31,74aa1fc7ae96d327ec77da7936edf7eb0c15670075b1432adb970d892a9c0d27
docs/archive/handoff/nexus-tidiness/downloads-nexus-related-candidates.csv,docs,.csv,9533,25195415dc49840cd8b2272de4bf5f61673376a8,f0690cd0af68e0a9440e584eb56b5815492a1d66,canonical_doc_review_track_or_archive,docs_archive,archive_hold_not_canonical,Medium,Archive docs preserve history; do not promote unless current evidence requires it.,True,71,6373483921eb415b08b3ffc17e45f89960555223a4b27843b3ae27b2c1e863f5
docs/archive/handoff/nexus-tidiness/downloads-papers-inventory.csv,docs,.csv,19577,e12139603a8177b4726a8c4e1cc89d2315f27ad1,7cab0c86059c6baae0e0d90f71534dc1c0538f6c,canonical_doc_review_track_or_archive,docs_archive,archive_hold_not_canonical,Medium,Archive docs preserve history; do not promote unless current evidence requires it.,True,99,1c620288b7fb3af382d36521b9de35edd73ea08a433dd066d486323594497f5c
docs/archive/handoff/nexus-tidiness/downloads-top-inventory.csv,docs,.csv,25064,69c383b4fa0affea1eeb3c2cde9a5730287c8d99,6b0a27c6daab4d33d3516f998ec4993ce40d1e01,canonical_doc_review_track_or_archive,docs_archive,archive_hold_not_canonical,Medium,Archive docs preserve history; do not promote unless current evidence requires it.,True,201,5696a6d7829e4ea52c4e7f1b110bdad647bf7406f6ecf7dbeb17c3c859b41bc8
docs/archive/handoff/nexus-tidiness/git-status-before.txt,docs,.txt,1870,0406bf84be9e5be6167c64d0fa178106efda903e,9a5531a79dafafbad71437a802fdd2021244fb12,canonical_doc_review_track_or_archive,docs_archive,archive_hold_not_canonical,Medium,Archive docs preserve history; do not promote unless current evidence requires it.,True,53,3ae66b113354ee27691581f06e05383771698fd5927abc7cbd8706f12a0e5dc0
docs/archive/handoff/nexus-tidiness/nexus-content-counts.csv,docs,.csv,241,d6257c897549c52c3c01d62fc33e4bee0413ec0f,5281e9c0aa865c94fad5047c4ca030b888659c03,canonical_doc_review_track_or_archive,docs_archive,archive_hold_not_canonical,Medium,Archive docs preserve history; do not promote unless current evidence requires it.,True,8,ebea03e0b1bfef4e3e5c0489f31f69e1011d675eeec9c63e0da7520adc36d6c7
docs/archive/handoff/nexus-tidiness/nexus-root-inventory.csv,docs,.csv,11312,88ab4e9cdf1efac1b3a11dea97681dc36e5e3e9a,d6a607f8431ed0cb565e14d7f8133711a3c43c50,canonical_doc_review_track_or_archive,docs_archive,archive_hold_not_canonical,Medium,Archive docs preserve history; do not promote unless current evidence requires it.,True,108,43dc598fe2d0f48359dd222d186f0992f88917f65d7a5ccc5fd984588ce6bae6
docs/archive/handoff/nexus-tidiness/rollback-point.txt,docs,.txt,213,af36e4936ee4e5dfc8c73fa75ab2d250c3c5d032,7399a30415a9f0c802df2bfb9a0a21323e7af92f,canonical_doc_review_track_or_archive,docs_archive,archive_hold_not_canonical,Medium,Archive docs preserve history; do not promote unless current evidence requires it.,True,6,fb8fd56b5fde7b78e71b194fa26f47999ae722bdd037a035d5e1f689ca0cf0cd
docs/archive/handoff/nexus-tidiness/source-location-counts.csv,docs,.csv,242,aa13b439b6d33c713563122a9be0ffd652b21e22,28b5da3f510509bc27d32543e7a1451f740be7c6,canonical_doc_review_track_or_archive,docs_archive,archive_hold_not_canonical,Medium,Archive docs preserve history; do not promote unless current evidence requires it.,True,5,7a9079516098c6b8f8d12ab2408c1ddc18b2793152945e79fb88c672222b840c
docs/archive/nexus_agentic_gateway_v31_deep_dive_2026-04-18.md,docs,.md,28484,2db3208e984458903e089659651b7d9ce0e87058,f1b27d9cda9756d1ff723e524bd605a105d9c221,canonical_doc_review_track_or_archive,docs_archive,archive_hold_not_canonical,Medium,Archive docs preserve history; do not promote unless current evidence requires it.,True,523,a3693950924fe5955d7da8d4819c389d25c852534ae5a2533a431520470f969c
docs/archive/research/GUARD_EVAL_REPORT_2026-05-20.md,docs,.md,7018,df8c8e2edd33068a2cac030f9b6e1963db67018a,18ce23275f02f84ee6535712e21154c33064e029,canonical_doc_review_track_or_archive,docs_archive,archive_hold_not_canonical,Medium,Archive docs preserve history; do not promote unless current evidence requires it.,True,146,a1b025566c716d131668a32edfc74644daa941b3bcb6cd1569be9e55f3352b50
docs/archive/research/MEMORY_CHECKPOINT_CURRENT.md,docs,.md,5584,e7a3fbff906eafc4bfe73676977b017fdfb0a0bc,7e504b8157696eadf544b158275562efa93c54f8,canonical_doc_review_track_or_archive,docs_archive,archive_hold_not_canonical,Medium,Archive docs preserve history; do not promote unless current evidence requires it.,True,108,0efebc155aedc03ee92ac7406199669b09796039265dcc872e01328edff67f7f
docs/archive/research/ernie_remediation-remediation_report.md,docs,.md,11197,d2c0cd37596ca1123603f12c798611759972bf69,934e7ab1d5bb4d0b4a77d550247ae4a97a39554f,canonical_doc_review_track_or_archive,docs_archive,archive_hold_not_canonical,Medium,Archive docs preserve history; do not promote unless current evidence requires it.,True,196,e9bd107013b95a81e2f44f2452a0eb7014ff58323ec2e06d6bf3e50951f0a534
docs/archive/research/guard_eval_full_results.json,docs,.json,1836,f3bf30043c8a0e60a9558ace8ab268db3e00c255,6c76899995ff985c3984a8a8b6461c439f665a72,canonical_doc_review_track_or_archive,docs_archive,archive_hold_not_canonical,Medium,Archive docs preserve history; do not promote unless current evidence requires it.,True,79,11c88f60920a03de0296919c570dfc9cb10b33794eea82844ea1cfa0df1f50e6
docs/archive/research/guard_eval_results.json,docs,.json,2173,0d68ae8e1c91fa805a592fbdbcd3f945264e3251,5a5872eb44aeeaf9c2dba56cf54fa1e85fe7a150,canonical_doc_review_track_or_archive,docs_archive,archive_hold_not_canonical,Medium,Archive docs preserve history; do not promote unless current evidence requires it.,True,85,e266b6d81383ff0544efe72918fdd150659571d8f6b342309368bb5e47fc56bb
docs/archive/research/guard_eval_scored_results.json,docs,.json,1123,cd6c38c06a646ba6be8862ecf8d05bc50da11502,9a9229908120ead9d262accbe1e3471981eb5ce4,canonical_doc_review_track_or_archive,docs_archive,archive_hold_not_canonical,Medium,Archive docs preserve history; do not promote unless current evidence requires it.,True,48,2c2d118f83d18526e6e6a1901e935be4f5e2e2b5d7f0105f679a9a4286953cbd
docs/archive/reviews/NEXUS_ASSET_INVENTORY_AND_INTEGRATION_2026-05-12.md,docs,.md,21646,0901f59804fc0889c3d6cf79918117e288091b8e,9e219199ab272a28a40d7e0d646608f13e58031b,canonical_doc_review_track_or_archive,docs_archive,archive_hold_not_canonical,Medium,Archive docs preserve history; do not promote unless current evidence requires it.,True,425,a318635ef0e7bb3e8a16a47825432b36fd930970158b2d508e0ae580c9a07dcc
docs/archive/root/2026-05-20-alpha-branch-comparison.md,docs,.md,2703,8b821f7a78b7dba141d53aeb62d1bc12e100d2e0,d0351659d0226cae59cf5b47f370170d7e50a35c,canonical_doc_review_track_or_archive,docs_archive,archive_hold_not_canonical,Medium,Archive docs preserve history; do not promote unless current evidence requires it.,True,57,6eebc432ecd5e872554dc35695142732b0549be5f56db718a6b9b0c6db831c7d
docs/archive/root/2026-05-20-pi-broken.md,docs,.md,4041,2a5b98e5cddb692f7ca221eb6ea0110e2b22103a,4857d4b769607921e8d95e6221e585bc8f441198,canonical_doc_review_track_or_archive,docs_archive,archive_hold_not_canonical,Medium,Archive docs preserve history; do not promote unless current evidence requires it.,True,103,2dd96bc793c7e1c48566d35155f40de595c27ef3ce7e829f1e516e4a2c7cca71
docs/archive/root/CURATED_RESEARCH_AND_AGENT_LOGS_SYNTHESIS.md,docs,.md,11907,813bb15680a70901dc0aa02023ad9e1c9c5c45b7,8f3916e2efa1e8a5630e8cf06463adc612895b8b,canonical_doc_review_track_or_archive,docs_archive,archive_hold_not_canonical,Medium,Archive docs preserve history; do not promote unless current evidence requires it.,True,170,9291140460dda6b73927e771cb47de693c8ba926c22f025897e23ae7af163fd8
docs/archive/root/NEO_NEXUS_GROUNDING.md,docs,.md,16275,f6d0af06efc788d80bd85be33b4291f5ca4a967e,3e925186c05828dc39a6c41f2b170573169a073c,canonical_doc_review_track_or_archive,docs_archive,archive_hold_not_canonical,Medium,Archive docs preserve history; do not promote unless current evidence requires it.,True,434,83a55f381e8b73283b41f82a162bcb16b5c97c317ff880276c294077ff67b31a
docs/archive/root/conversation_history_full_export_2026-05-27.md,docs,.md,13222,6c89068c54eae133c453af8d3adeec467b91eef4,9a12b77c5daf2429e7931d25d9f0bd86365c573e,canonical_doc_review_track_or_archive,docs_archive,archive_hold_not_canonical,Medium,Archive docs preserve history; do not promote unless current evidence requires it.,True,245,5ed094749628eab4a71b2d08438afa70ca8680a97408a509b6dbb6cc31484ebd
docs/archive/root/nexus_grounding_report.md,docs,.md,11815,6b15817638344306cc493c816133d91bc5f1b162,0177fccbfcfec407dc2d117ebfe2841b829e4af0,canonical_doc_review_track_or_archive,docs_archive,archive_hold_not_canonical,Medium,Archive docs preserve history; do not promote unless current evidence requires it.,True,241,ffd23cdb99c9f662e89ce5aa71cd8e33f2c3f27682927d4eeca0b4225948edc7
docs/coordination/GENIUSTURTLE_NEXUS_ADAPTER_CONTRACT_2026-05-26.md,docs,.md,2752,808e8e521362942ce176d552ff805533fc56f0f9,a221028ab24b2e19f5f71080a96fb4f29700c78f,canonical_doc_review_track_or_archive,canonical_doc_candidate,track_or_merge_after_review,High,Already in a canonical docs namespace; review for duplication and frontmatter before tracking.,True,74,109eb33dd21c05dad9d2746470d7e4c7d23aacb7be016facb772d24a09338a78
docs/coordination/NEXUS_STATE_DIGEST.json,docs,.json,9396,54d117b73909a2bdd98455292fa8890f33d86923,2cc29d896aaaf28479644b8c30af0a80abc24436,canonical_doc_review_track_or_archive,canonical_doc_candidate,track_or_merge_after_review,High,Already in a canonical docs namespace; review for duplication and frontmatter before tracking.,True,140,05f88d3f317b30591a0720241b2b0d62b6e3ecadc34bb4098a4848ebcdafb8cc
docs/coordination/NEXUS_TWAVE_QWAVE_DOPPELGROUND_GENIUSTURTLE_INTEGRATION_SCAN_2026-05-26.md,docs,.md,7866,3fd6e8a1029beefc8079644078085f83fe9c0aa5,d35f356244f9300854cd6f023a95746553703a8f,canonical_doc_review_track_or_archive,canonical_doc_candidate,track_or_merge_after_review,High,Already in a canonical docs namespace; review for duplication and frontmatter before tracking.,True,118,4b8b353406cd1c1db6dd185109f72a58c5b5cc17df394754f05dee83485ce0bd
docs/coordination/NEXUS_VISIBLE_LAYERS_ACTIVE_INTEGRATION_BLUEPRINT_2026-05-26.md,docs,.md,12443,3077b4392bc00aeee6bc099e9ddaec93fbb34f49,fc3849b9daf07587dfd969fc7a508206dd00c082,canonical_doc_review_track_or_archive,canonical_doc_candidate,track_or_merge_after_review,High,Already in a canonical docs namespace; review for duplication and frontmatter before tracking.,True,265,32d7d6a715b9b8d67e0093f4607f62179828841ddf085954508a9eb5132d5bf7
docs/coordination/NEXUS_VISIBLE_LAYERS_EXECUTION_PROGRESS_2026-05-26.md,docs,.md,4531,0cc95e086658438566307425316e271a26686c54,1ac658a4e711c279ffc28111684bb74c52832765,canonical_doc_review_track_or_archive,canonical_doc_candidate,track_or_merge_after_review,High,Already in a canonical docs namespace; review for duplication and frontmatter before tracking.,True,88,f481bce58c90a0bafe9feba86e4c945b163c4f60add4af54a52ff9eeccd9f487
docs/coordination/QWAVE_TWAVE_ARTIFACT_LEDGER_2026-05-26.json,docs,.json,58357,28fed40631d84d3430e68fdd238f5adf40173545,d516a4752beeffd7c73c817aa6a56d9b2327b113,canonical_doc_review_track_or_archive,canonical_doc_candidate,track_or_merge_after_review,High,Already in a canonical docs namespace; review for duplication and frontmatter before tracking.,True,1868,dda0ad1920d71f633434a654d538517a0891cc05a77586ddad40eff39cb3af11
docs/coordination/ZO_LONG_RUN_DIRECTIVE_2026-05-22.md,docs,.md,4213,8ef731d6e0f920fca2f5572fd1a79c39f9193b13,ac73b39b91695eba978b90fbff4378f8d3092ead,canonical_doc_review_track_or_archive,canonical_doc_candidate,track_or_merge_after_review,High,Already in a canonical docs namespace; review for duplication and frontmatter before tracking.,True,95,c6a453cb9e955ab5b83837e00cdf4581d1c6e9bada4c54960e75a602bc205c78
docs/coordination/ZO_OPENCLAW_CONFUSION_HELP_PROMPT_2026-05-26.md,docs,.md,7343,21ff2ca47817344d1fdbf03a01635b37ccd51b11,c6ff16904d97da5ea471f7e7e94e0a303d6eb638,canonical_doc_review_track_or_archive,canonical_doc_candidate,track_or_merge_after_review,High,Already in a canonical docs namespace; review for duplication and frontmatter before tracking.,True,149,905e65139baec9cab42f633035401888b617071db9c313b727a94dcc04efcf99
docs/coordination/ZO_OPENCLAW_MODELRELAY_DIGEST_2026-05-24.md,docs,.md,12457,94f654b7e8e4b37143eee1032095662d613b7b41,05854c2b3c58416d51f2a6d21715c16f0a0d880e,canonical_doc_review_track_or_archive,canonical_doc_candidate,track_or_merge_after_review,High,Already in a canonical docs namespace; review for duplication and frontmatter before tracking.,True,326,793c38810e8f99c3dc5f766c33c0c4b4d652d83c06a9e5d4d1d5fa32f69d4843
docs/coordination/ZO_OPENCLAW_NEXT_SAFE_SLICE_2026-05-26.md,docs,.md,4630,1bc841b933a801f8f3ce5086bb63ab08d937936d,66b3e9813442628948f5dfa8614a4a7a88ea4925,canonical_doc_review_track_or_archive,canonical_doc_candidate,track_or_merge_after_review,High,Already in a canonical docs namespace; review for duplication and frontmatter before tracking.,True,119,cf2da430fd09aed4cad0ec56f3cad96d4fc7362f6c5b8e37e01d3694c4db219f
docs/coordination/ZO_OPENCLAW_REACHABILITY_AND_SWARM_WORKLOGS_2026-05-26.md,docs,.md,6611,0e6843165ac599941b5601eccee1515cbf059dca,558ab05da08ce69b2c911295abc59078f2412ed9,canonical_doc_review_track_or_archive,canonical_doc_candidate,track_or_merge_after_review,High,Already in a canonical docs namespace; review for duplication and frontmatter before tracking.,True,181,c15386388fd0efe883cd99379adf944f31aacb33d4504478f00c02070f9cdb96
docs/coordination/multi-agent-grounding-report.md,docs,.md,5671,671c23c2d5f38790668aa064dec6a5fbc21a1005,7a766b28c0de38b3bed3973e29c9b95247db2ccb,canonical_doc_review_track_or_archive,canonical_doc_candidate,track_or_merge_after_review,High,Already in a canonical docs namespace; review for duplication and frontmatter before tracking.,True,109,c9faa56a13a651b0c294634c9d7a67eecd61aa1ea1e03d5c8d091d52cb372995
docs/coordination/multi-agent-sync-failure.md,docs,.md,6953,a14aa0e3763ad7fb6b71ffc1c55c147afa39b27d,865f9dcaaec81043bfe3eafb2a2e04a6ce779964,canonical_doc_review_track_or_archive,canonical_doc_candidate,track_or_merge_after_review,High,Already in a canonical docs namespace; review for duplication and frontmatter before tracking.,True,225,20aa820ed66767d309722cdd6bc53ec2478b3344dfaafd2e8a093d82fd281f2d
docs/coordination/zo-coordination-README.md,docs,.md,3702,74e184ddb0acf2d9734c51e5f165aa7f89b39f3b,a76381d90a09c4efb7c701705e60621e090263f4,canonical_doc_review_track_or_archive,canonical_doc_candidate,track_or_merge_after_review,High,Already in a canonical docs namespace; review for duplication and frontmatter before tracking.,True,90,8d0f79254682c1851dc51e0199d25aa6faf4f375b8e3e9fa2330a7af64684072
docs/governance/ACTIVATION_LANES.md,docs,.md,2331,1d551256f6f18743bf798122c25b131ed16c0283,2e59a15e37c4488a0e925b605f6d83993bba5600,canonical_doc_review_track_or_archive,canonical_doc_candidate,track_or_merge_after_review,High,Already in a canonical docs namespace; review for duplication and frontmatter before tracking.,True,52,0c3cc9dee73da1c0f18aa91ec7d88f6e0efa23e59345a5cef38f0f63a0ae6a32
docs/governance/ENTERPRISE_GOVERNANCE_MODEL.md,docs,.md,27510,534edd3e04182d5551e0ae7e4ec88a74e74de1e1,18210f242d4af9a92c8a2ee7fb91d71cfc9a59d9,canonical_doc_review_track_or_archive,canonical_doc_candidate,track_or_merge_after_review,High,Already in a canonical docs namespace; review for duplication and frontmatter before tracking.,True,409,130ff6533d669b6d7e9b18a5e009237e7305c6517e36963e20d8840aa0d880bf
docs/governance/IMPROVEMENT_FRAMEWORK_V2.md,docs,.md,30180,a98f10cff6e0e7ae890f1ceb502bbb695b0b9832,e7943bb4544ab24548574cd6a09b62d8f9b57e95,canonical_doc_review_track_or_archive,canonical_doc_candidate,track_or_merge_after_review,High,Already in a canonical docs namespace; review for duplication and frontmatter before tracking.,True,449,963bf88cfb5253ef72ee417ee9181f1d0aab23345d8ba0701a2dbd1182400a17
docs/governance/NEXUS_AGENT_PROTOCOL.md,docs,.md,3258,806761bd3ad7fad167f0041b9bc8918801cc9e18,fc1c06e05014bc596e4a0eb416173e6a84806987,canonical_doc_review_track_or_archive,canonical_doc_candidate,track_or_merge_after_review,High,Already in a canonical docs namespace; review for duplication and frontmatter before tracking.,True,76,11de66aeb2d5d1cd9f884b3a53348e8d61918046dcc603c701c8f53f90e56bcf
docs/governance/NEXUS_CONSTITUTION.md,docs,.md,4241,9481a9f82147a85b58623123cddaa72fd5127834,aa29863aa4cc33b8450be515b5ef64a299894c43,canonical_doc_review_track_or_archive,canonical_doc_candidate,track_or_merge_after_review,High,Already in a canonical docs namespace; review for duplication and frontmatter before tracking.,True,70,4f77b61c4656210d1c32392c7e064ced0922204ffa00d0e03c436457b21e8ed4
docs/governance/NEXUS_GOVERNANCE_RECONCILE_2026-05.md,docs,.md,4663,fcfc568e4cb92dd1f9196591ff2ec62b7573e1b3,c4f225dca127b3bf23cfdab502a07119d77af5de,canonical_doc_review_track_or_archive,canonical_doc_candidate,track_or_merge_after_review,High,Already in a canonical docs namespace; review for duplication and frontmatter before tracking.,True,57,70fe555b4463297f9c820d299d992230b2bcba7dded8a16d519b5aadc04c5c85
docs/governance/NEXUS_MAIN_SOUL.md,docs,.md,6576,974552607b4de7d73406cca4a092b72856599c91,6c89b1149fc813bd04c55996d5d325f87c6281d9,canonical_doc_review_track_or_archive,canonical_doc_candidate,track_or_merge_after_review,High,Already in a canonical docs namespace; review for duplication and frontmatter before tracking.,True,124,e1a4a85ad3952a66f40f674d623c56436029942ed3e525e0139d53d1638209d0
docs/governance/NEXUS_OS_VISION_MANIFEST_2026.md,docs,.md,22544,3b3d85566886adf0ee905de70bb8e3f26a4e1376,ae79d336ae61d252114f617710c3d7f0df494231,canonical_doc_review_track_or_archive,canonical_doc_candidate,track_or_merge_after_review,High,Already in a canonical docs namespace; review for duplication and frontmatter before tracking.,True,453,24c461b9fb8f1a55a49fb612ab488213b6ea5303eac23507249816cf1b06bd73
docs/governance/NEXUS_TRUST_MEMORY_CORE_PLAN_2026-06-03.md,docs,.md,2703,d774646a859dac311f0d3a6a73a59c65985bc019,8e295e8683b9fc404d6fc73640fbc188d0709cd2,canonical_doc_review_track_or_archive,canonical_doc_candidate,track_or_merge_after_review,High,Already in a canonical docs namespace; review for duplication and frontmatter before tracking.,True,50,fcbe608ff54674f72315522e7571581d4e2e4a9502f58ced72656bb95c5b921e
docs/handbook/NOT_DOING_LIST.md,docs,.md,5762,9eb95697b840a6a56df391b6d77e32f83356e129,7931b10713406299d8aed6bb94c04347564beab6,canonical_doc_review_track_or_archive,canonical_doc_candidate,track_or_merge_after_review,High,Already in a canonical docs namespace; review for duplication and frontmatter before tracking.,True,89,63e94d905cf9fc75238d96a0ab51d6956ea1bb0b56c4a309ca0cd95bcbb5ba5b
docs/handoff/cline-agent-review.md,docs,.md,9842,84abbd2ea69542512438c5d75414e560f3594736,f41ae232666e6c13039b372e6efcd57ba982f412,canonical_doc_review_track_or_archive,docs_unsorted,route_to_transition_manifest_category,Medium,Docs outside canonical taxonomy need routing through the transition manifest.,True,198,41976295a0f27f9b7aa7d8094389f13c5c4fac448910a90f6200beaba57a39f4
docs/handoff/recovery-intake-2026-06-05/curated/implementation_plan15.md,docs,.md,3878,97abd725d58241bab184a249dac3154bb99e5aca,e23bc86c1ee0f09dc5fb212fcc6a5d4e01395440,canonical_doc_review_track_or_archive,docs_unsorted,route_to_transition_manifest_category,Medium,Docs outside canonical taxonomy need routing through the transition manifest.,True,70,3de0dbb77c8133904b198e525f823ddf2096cd6a4f1f847a86d8c77024219f7a
docs/handoff/recovery-intake-2026-06-05/curated/supervisorJStext.txt,docs,.txt,1532,c8160c6d038a8bc1fe38eb44b591114b4d32d5c0,e0086f06d54a5bf81a4b8ab308ec20b0e5ba67fa,canonical_doc_review_track_or_archive,docs_unsorted,route_to_transition_manifest_category,Medium,Docs outside canonical taxonomy need routing through the transition manifest.,True,62,df1a080e0016356fbb58cc48e35ed7d62718e4dba1b1468901e9ed0c7ed43c5c
docs/handoff/recovery-intake-2026-06-05/curated/test_archivist_integrity-metaPYtext.txt,docs,.txt,9681,337104dc0e76cb502c03bb2f2463f4b2596b5239,b1c09e676393f06df42a3a6705023a2f44c87d35,canonical_doc_review_track_or_archive,docs_unsorted,route_to_transition_manifest_category,Medium,Docs outside canonical taxonomy need routing through the transition manifest.,True,251,1435f769112751a080a3689b7735d6f6c94d7ba7acc681919eabf120ea3d2675
docs/operations/A2A_ZAPIER_MCP_INTEGRATION_ARCHITECTURE.md,docs,.md,34240,81cbd1d532a85e6c8fde51386efd8304c50b2ad0,087147bf9f90dc2c569a13d60c00979140022fee,canonical_doc_review_track_or_archive,canonical_doc_candidate,track_or_merge_after_review,High,Already in a canonical docs namespace; review for duplication and frontmatter before tracking.,True,880,f361fb4de9d0cd1d8d9e3aa6d53358d849672a9a4f95669041ae00b266f48a96
docs/operations/AUTOMATION_AUDIT_2026-05-23.md,docs,.md,6002,decfd39096717417d6cbb81950b1f45f80891069,edd33dc0e093c2c5cf08c4a57f41dd8e388ca3dc,canonical_doc_review_track_or_archive,canonical_doc_candidate,track_or_merge_after_review,High,Already in a canonical docs namespace; review for duplication and frontmatter before tracking.,True,102,80b40389166801b9084d2128792bfd10c3045bc788db0bc7701dd717d293aae1
docs/operations/DEPLOYMENT_RUNBOOKS.md,docs,.md,21656,44a000c94cb6f83b94580a48e194177a7ee5f60e,0338b06806b8fec9a32c234924200d65b8facfee,canonical_doc_review_track_or_archive,canonical_doc_candidate,track_or_merge_after_review,High,Already in a canonical docs namespace; review for duplication and frontmatter before tracking.,True,937,a6df59e15241d610d31eafe3ef88f9e89e90b36d89726ad8fcfe1d3109f39ba8
docs/operations/FUSION_REALITY_CHECK.md,docs,.md,5839,06fe9458f24a3916379f6f69f0026ebfaffa67fd,a0f2a696a24b8db1adc9b346a06a7da85209207b,canonical_doc_review_track_or_archive,canonical_doc_candidate,track_or_merge_after_review,High,Already in a canonical docs namespace; review for duplication and frontmatter before tracking.,True,103,54a2e644dbdb5da5b912c9683cde7ecacaa307f6066ba7b141d0b643d3f370b4
docs/operations/INTERN_AI_PROVIDER_BOOT_2026-06-03.md,docs,.md,6526,7adc34143db91f3943a176c6d27336290540c7aa,dde2b0902635a9a283e67ec7af5fcb3410a29c27,canonical_doc_review_track_or_archive,canonical_doc_candidate,track_or_merge_after_review,High,Already in a canonical docs namespace; review for duplication and frontmatter before tracking.,True,174,65bc1b6a774742057d276bb20e1aa0bfbc21427f33dc121123f9d18c9fa85971
docs/operations/MCP_SETUP_GUIDE.md,docs,.md,11444,4364f121e5e01e75fd07a443254fe977b582cefb,2983d089cb7baf2bdebe840a3c8f8a0f7f2434aa,canonical_doc_review_track_or_archive,canonical_doc_candidate,track_or_merge_after_review,High,Already in a canonical docs namespace; review for duplication and frontmatter before tracking.,True,445,9bc98a653139475e8d22bb3551dfd074e9dd74a165f19e6c0c2c2a605ec436c6
docs/operations/MIGRATION_STRATEGY_AZURE_TO_HYBRID.md,docs,.md,19755,e632ad05d572bc41b669ca198b88d63e88a9633a,a21cbd6ab9c7218e938014111f60c17508ff2de8,canonical_doc_review_track_or_archive,canonical_doc_candidate,track_or_merge_after_review,High,Already in a canonical docs namespace; review for duplication and frontmatter before tracking.,True,606,90ae842c8daf6b5cf81e61cebf898b391021acc26bbbd3214f117824225944a0
docs/operations/NEXUS_DOCKER_MCP_SET1_ROADMAP.md,docs,.md,5321,9185b31e03131f9a712a1dbb595569777156ba92,3b87ffe8323f9deacf837971f7dad7d4b0607954,canonical_doc_review_track_or_archive,canonical_doc_candidate,track_or_merge_after_review,High,Already in a canonical docs namespace; review for duplication and frontmatter before tracking.,True,178,297f7d7e5c098fd811fcf7588787768ecc237c564c596fbe5565c2280b8994dc
docs/operations/NEXUS_TIDINESS_PROTOCOL.md,docs,.md,9251,87ecec3f9350fa8084bf4b6772f7ecf6d9903d81,ee571ab744062ddff59c731602fbbe0e13494b58,canonical_doc_review_track_or_archive,canonical_doc_candidate,track_or_merge_after_review,High,Already in a canonical docs namespace; review for duplication and frontmatter before tracking.,True,196,defaaef25e58079b70f8446361d9b5df53e9acfa181094d9d9789a9c393f8c9f
docs/operations/NEXUS_ZO_CLAW_INTEGRATION_PLAN.md,docs,.md,17334,0cbcd21219d97de89c209b3b0da51d54a839d1a1,bee06b0cc9f10c8db8675138e6dd379c0e1043f6,canonical_doc_review_track_or_archive,canonical_doc_candidate,track_or_merge_after_review,High,Already in a canonical docs namespace; review for duplication and frontmatter before tracking.,True,382,04c76b3b940afccef7b410b1c5a821d5ae0a59548658f43a4d9aa4dcb477069a
docs/operations/PREMIUM_PROVIDER_LIVE_VALIDATION_2026-06-02.md,docs,.md,4930,0d1a3353da5062d071b2875845acc291666738b9,9d850a0689d813178318477855b6c1702236ba67,canonical_doc_review_track_or_archive,canonical_doc_candidate,track_or_merge_after_review,High,Already in a canonical docs namespace; review for duplication and frontmatter before tracking.,True,89,28fd668598db51893f6a46db1413f31cff868af6a657a3f93f9c59f5f2a20df7
docs/operations/SLACK_BOT_SETUP.md,docs,.md,8243,082f276df084a27e227dbce31696be0bbc33c0b6,b3b5cdcea0bbc2186049e702a0345cdaf86962b2,canonical_doc_review_track_or_archive,canonical_doc_candidate,track_or_merge_after_review,High,Already in a canonical docs namespace; review for duplication and frontmatter before tracking.,True,328,460b7d37391ed8c6db92d0b22defca02db88d378e596faf608ac5ee9ed1dfc9b
docs/operations/ZO_24_7_PROVIDER_BACKUP_PLAN_2026-05-24.md,docs,.md,7547,ff900c0d46aeac2c7f63d712d0acbc64cf3adb85,a7957b42018b2005b30e448b0f50d6eea132f832,canonical_doc_review_track_or_archive,canonical_doc_candidate,track_or_merge_after_review,High,Already in a canonical docs namespace; review for duplication and frontmatter before tracking.,True,163,b4a9da9d72e071bfd7c048370d2344fb5fad858f9386bf105bc6257ab4be49a0
docs/operations/ZO_AUTOMATION_REGISTRY.md,docs,.md,3903,901a1602dfd9b0d7d11a57dadbbd1ed794f9766a,99df550440a5140eb6e937700e1b2e751655eeaf,canonical_doc_review_track_or_archive,canonical_doc_candidate,track_or_merge_after_review,High,Already in a canonical docs namespace; review for duplication and frontmatter before tracking.,True,72,de9559990c86aacc03472d229b06d06a78f83f7daa0cce0dac389ebb9d0aaa8c
docs/research/ANCHORED_SUMMARY_2026-06-03.md,docs,.md,8914,cc6864b63253d102b3895935786ac301af8dff14,36f254d997714fe84b380fb04adec7f3a92203bb,canonical_doc_review_track_or_archive,canonical_doc_candidate,track_or_merge_after_review,High,Already in a canonical docs namespace; review for duplication and frontmatter before tracking.,True,104,ff97aa4a330f590bce2a1199906a6c026a72adecf1ea550ca87bc1d49edfcb76
docs/research/BENCHMARK_TRUST_REGISTRY.md,docs,.md,7533,2c9c7e010f3aded8343195bb864b788bd040d76a,51384550748c6ef711d85691540753fd9d1e0ab9,canonical_doc_review_track_or_archive,canonical_doc_candidate,track_or_merge_after_review,High,Already in a canonical docs namespace; review for duplication and frontmatter before tracking.,True,108,9c46a7bbdca36d929b0313b117f3d5820b066bf813362ef904921cefc0e2342e
docs/research/BOUNCER_MODEL_MATRIX_2026-05-24.md,docs,.md,11342,a465261a32f3d961db45adc0eb46c65dc6dcd668,ae13b726ac3cd3550f92d890837e37803dec73fa,canonical_doc_review_track_or_archive,canonical_doc_candidate,track_or_merge_after_review,High,Already in a canonical docs namespace; review for duplication and frontmatter before tracking.,True,261,9919652b0a0c2fbca6270829ac1dbda2fc422ccdda63978205c03aeb29067ee9
docs/research/BOUNCER_RP_MODEL_ANALYSIS_2026-05-22.md,docs,.md,6694,6dd9c95a993e6690baa8fde86b7adcc7f9b1bf96,25fee62698cb9fbbed1b02a1c4ead46332251387,canonical_doc_review_track_or_archive,canonical_doc_candidate,track_or_merge_after_review,High,Already in a canonical docs namespace; review for duplication and frontmatter before tracking.,True,112,bb4abc81ade30e6ffb9742542316eb26dff52159c182d89920d1ba480e268caf
docs/research/CONTAMINATION_DETECTION_UNIFIED_2026-05-26.md,docs,.md,11091,120f4ed7095a14d8b5b3b9ea14ecbb4d9a8dfa53,60bee7f9b67bd623f47f8fa3f7ed6ac184664f01,canonical_doc_review_track_or_archive,canonical_doc_candidate,track_or_merge_after_review,High,Already in a canonical docs namespace; review for duplication and frontmatter before tracking.,True,209,8a6ae89e1ec9944165980db69b0bf1cfb7224dacfacf3705029f0452470cc6c8
docs/research/DELETED_MODELS_THEORETICAL_INVENTORY.md,docs,.md,11593,fd7e832bd1612d16fe4f88c3e81f99844f621528,52e4b26bde3f97b65bd1b83432f064d992caf93b,canonical_doc_review_track_or_archive,canonical_doc_candidate,track_or_merge_after_review,High,Already in a canonical docs namespace; review for duplication and frontmatter before tracking.,True,93,c9c0ea317d404eaa68fb2fb9988542f01afca55abbc0edb99f93189279dcde4d
docs/research/ERNIE_SESSION02_DEEP_ANALYSIS_2026-05-23.md,docs,.md,19163,fc26f734986c31e5f9c6f4815d90e633bc7e1930,30c24472e1a62405b76c6e2df02f87baa83674f4,canonical_doc_review_track_or_archive,canonical_doc_candidate,track_or_merge_after_review,High,Already in a canonical docs namespace; review for duplication and frontmatter before tracking.,True,387,f334f69581ec5c0c03b3f5033cb2dc9ff7ff6e182143ed5f801575859432d980
docs/research/ERNIE_SESSION05_NEXUS_FRONTIER_V4_SYNTHESIS_2026-05-25.md,docs,.md,12031,77532846e3b207f6d24c02a65b4d205af25fa284,c6f8dd38ba19c23fd5443b8b40f00d8481053e39,canonical_doc_review_track_or_archive,canonical_doc_candidate,track_or_merge_after_review,High,Already in a canonical docs namespace; review for duplication and frontmatter before tracking.,True,192,a70010f50a6be63f82b78179d213239652226470cba040594b80eae03f7673f8
docs/research/ERNIE_SESSION06_NEXUS_STRATEGY_SYNTHESIS_2026-05-25.md,docs,.md,15715,c88404288409ef8aee5d4fdfe7ab150583718b32,ee32663e23c99910d15d14101cc5fa42dd7ecf59,canonical_doc_review_track_or_archive,canonical_doc_candidate,track_or_merge_after_review,High,Already in a canonical docs namespace; review for duplication and frontmatter before tracking.,True,321,3c98de3205ed479bd1354e922d44558bbc4d51b88d1bdec5a05334c7a4af2bc1
docs/research/GROUNDING_SYNTHESIS_2026-06-02.md,docs,.md,28179,71c4898d4960af673731b6ec85736bf2213ca57e,14de42dc6a4c3cf1246c88980d041535e18a8ce8,canonical_doc_review_track_or_archive,canonical_doc_candidate,track_or_merge_after_review,High,Already in a canonical docs namespace; review for duplication and frontmatter before tracking.,True,206,228c11267f3856b3f31cbfa43c0743f7fd75761aba09d9903286ece1ca45243d
docs/research/GUARD_MODEL_COMBINATION_REPORT_2026-05-24.md,docs,.md,4975,c6ff84f6b119b11ef8f31b98a1cd4c7a030a1591,5b38d28d90b7487aea2d45437155e48543922e43,canonical_doc_review_track_or_archive,canonical_doc_candidate,track_or_merge_after_review,High,Already in a canonical docs namespace; review for duplication and frontmatter before tracking.,True,108,072949eafb4bb93c41355558b0610656833340791761c92ad9965d97ad0dbf88
docs/research/IMPLEMENTATION_UPGRADE_RECOMMENDATIONS.md,docs,.md,26851,90394de541e0e89f61db8d36be82128b49d1a778,b9f1eb416477beb21741caed940a965e52f4e03a,canonical_doc_review_track_or_archive,canonical_doc_candidate,track_or_merge_after_review,High,Already in a canonical docs namespace; review for duplication and frontmatter before tracking.,True,768,a8939ae8bbf2603ae4a30118ca92ff4397c5abe83ec8f90da09796071daa6e71
docs/research/INSPIRATION.md,docs,.md,5059,a2226f9072fe0414050a8174f5a4c7ef6716b7a8,058ca114c4e68ce0d7f9c8944436eb7be507171f,canonical_doc_review_track_or_archive,canonical_doc_candidate,track_or_merge_after_review,High,Already in a canonical docs namespace; review for duplication and frontmatter before tracking.,True,117,84ed160349c987e290c1f98217dc006fef389b270fa2d16a94f3e5beba703435
docs/research/MCP_SECURITY_PAPERS_2026-05-20.md,docs,.md,12361,915287a6e3610448ed7fc98fab84c1344f2cb89e,70c1fe0ab98b69916e3dc6d46edafcd711a04877,canonical_doc_review_track_or_archive,canonical_doc_candidate,track_or_merge_after_review,High,Already in a canonical docs namespace; review for duplication and frontmatter before tracking.,True,222,ddd0a4f3163ddff9f3535593a6846747180252c99e90e775c0433f442a3aa3eb
docs/research/MERGE_STRATEGY_DEEP_DIVE_2026-05-22.md,docs,.md,20229,4734590fc93e745c093846e3110c73af011f141a,afe5782e01f8daf5b437fbd9d553be3ffe2982f4,canonical_doc_review_track_or_archive,canonical_doc_candidate,track_or_merge_after_review,High,Already in a canonical docs namespace; review for duplication and frontmatter before tracking.,True,519,4171f30cb5b42302e0b021e0c447019bb78049016f5904d1bf9881b2fa3ccbbf
docs/research/MODEL_DEEP_DIVE_DISTILLATION_2026-05-25.md,docs,.md,14198,4550ecb8900e2fa0f24c7067b4e68972ba8c4ac7,5cacd1e211cf7d233bb6692349a7639380943bb6,canonical_doc_review_track_or_archive,canonical_doc_candidate,track_or_merge_after_review,High,Already in a canonical docs namespace; review for duplication and frontmatter before tracking.,True,286,8b2061cd321cdab459e3e83fa53ac97d441e36e243816d540200b823bac9ae95
docs/research/MODEL_SWEEP_REPORT_2026-05-24.md,docs,.md,6140,30bceedbdadccdf23707b30f49040732a100cd76,51ac3f6020e85de97779c5830b922f19f2ee0cc7,canonical_doc_review_track_or_archive,canonical_doc_candidate,track_or_merge_after_review,High,Already in a canonical docs namespace; review for duplication and frontmatter before tracking.,True,122,640ae10c3d6fda62e3a20947f1d261c98b9f38d8e58eec9d4ccf2bc8d36bbb38
docs/research/NEXUSCLAW_CORE_V0_EVIDENCE_MATRIX_2026-06-03.md,docs,.md,6064,128f88dfd5680cea849fdb15072e2bd94d66f5d1,b34a805220136b4705e986fd802c8cedd5fbd095,canonical_doc_review_track_or_archive,canonical_doc_candidate,track_or_merge_after_review,High,Already in a canonical docs namespace; review for duplication and frontmatter before tracking.,True,52,96b6c0a782961bbd3c78138df6899632892486528025fe55de86824873c5b4e4
docs/research/NEXUSCLAW_DESIGN.md,docs,.md,20837,c9c6731a35ae3a9a1b69d71e96eae20d4a3b7a30,0a7af9fafc48d1696b64a46bdff712a91e07dccc,canonical_doc_review_track_or_archive,canonical_doc_candidate,track_or_merge_after_review,High,Already in a canonical docs namespace; review for duplication and frontmatter before tracking.,True,370,a3de4e0930519f2852a518237a912473528dc10a867f0d9b2296363bf304934a
docs/research/NEXUS_CONNECTIVITY_REPORT.md,docs,.md,4536,cd0c4d2380534a2207fafabe82760e6cc202e733,9a5495cf263214d04f091236e21d5fc41e706274,canonical_doc_review_track_or_archive,canonical_doc_candidate,track_or_merge_after_review,High,Already in a canonical docs namespace; review for duplication and frontmatter before tracking.,True,105,5bef54e7a1dccc1327f25089f261382c30f44aaf0d91dd6e52d414c715f74bc6
docs/research/NEXUS_DOCKER_MCP_SET1_ANALYSIS.md,docs,.md,13003,34a85112122aa45d97afb3cd166b91fad56d5d84,b6d064d8fe613be81b4dad0ea76e91a1c40e69bc,canonical_doc_review_track_or_archive,canonical_doc_candidate,track_or_merge_after_review,High,Already in a canonical docs namespace; review for duplication and frontmatter before tracking.,True,279,1b3180b60ab2c0614221abc3f1b198688ed297572006328411d4c07f57cd82cb
docs/research/NEXUS_SET2_TESTED_INTEGRATION_TESTS.md,docs,.md,17368,ad2d4f097fde88ec1f6a74493912027312025827,6b62359b70c8fe0f730f6c16e74d4e58e2eae415,canonical_doc_review_track_or_archive,canonical_doc_candidate,track_or_merge_after_review,High,Already in a canonical docs namespace; review for duplication and frontmatter before tracking.,True,604,f9a724c06d5b4483ec323bfdf1bccd0ab654b3fb0c3dcd2470b6bfb8ecf0b6f9
docs/research/NEXUS_SET2_TESTED_MCP_SELECTION.md,docs,.md,24542,8afcde9baf9910ce2d42bb9e71ed8244504a6ac6,5fbc701be103b14a37c9d005f9f8ac62fc5b56ed,canonical_doc_review_track_or_archive,canonical_doc_candidate,track_or_merge_after_review,High,Already in a canonical docs namespace; review for duplication and frontmatter before tracking.,True,815,b13c1d6dc4174de5d19b9c46369f7c7ca292d396d4e4fba577e31cd07d5088b0
docs/research/PAPERS02_SYNTHESIS_AND_ACTIONABLE_INSIGHTS_2026-05-26.md,docs,.md,12170,ec977c69fabe3d99b99caa478965ab29dae70bf9,6d925607c7333b8d0656068afd625f31f5e6dc20,canonical_doc_review_track_or_archive,canonical_doc_candidate,track_or_merge_after_review,High,Already in a canonical docs namespace; review for duplication and frontmatter before tracking.,True,247,0a622b00662c6febce426309aa3a387f8239005ea5ad95c08105699e76e1337d
docs/research/RP_MODEL_BOUNCER_BENCHMARK_V2_2026-05-23.md,docs,.md,11511,1bb4566b6f1c988792f8218e7ae0fdc8ae6b87f8,32d11f634a6f928160387a28561688761a11105d,canonical_doc_review_track_or_archive,canonical_doc_candidate,track_or_merge_after_review,High,Already in a canonical docs namespace; review for duplication and frontmatter before tracking.,True,235,cea5952fa9c33717dfe4ce44b0c072aa6faa2f1701e71df9d6c368190bbdd336
docs/research/SOURCE_ANALYSIS_FINAL_SUMMARY.md,docs,.md,9816,a28edb350945b6d2662c3712811f99367b3ed11d,70a7a48299cc552d1281b42f7fc210c0ea35496a,canonical_doc_review_track_or_archive,canonical_doc_candidate,track_or_merge_after_review,High,Already in a canonical docs namespace; review for duplication and frontmatter before tracking.,True,283,0527f36d90f6cca89c908f0f8cae2265000382d28e184b09eaa12d85b5ef2e3c
docs/research/STRESS_LAB_DATASET_ROADMAP_2026-05-22.md,docs,.md,16537,ad46bb181545307252473a7914e3655a2879119a,2947399fb92ed0bbfeae51031791bc4fbc53de0b,canonical_doc_review_track_or_archive,canonical_doc_candidate,track_or_merge_after_review,High,Already in a canonical docs namespace; review for duplication and frontmatter before tracking.,True,418,9fe59fe36630eedab1e3fcfae75f27d85e9b39754418724008acb61bd5605183
docs/research/cline-agent-analysis.md,docs,.md,6599,317a5e8118ac959fd0e42db05a2d15a6f1cc1def,3e4fcabe374674b4419640570b7048b45f60c15e,canonical_doc_review_track_or_archive,canonical_doc_candidate,track_or_merge_after_review,High,Already in a canonical docs namespace; review for duplication and frontmatter before tracking.,True,189,e4ae5b7a5a639eec82d6fb13cdaffb3276e159205c5e52602e8bca30c60d9e7c
docs/research/codex-agent-patterns.md,docs,.md,8376,62c35d346b66f85327ebdd745f9005bad82e3d70,136361e870b6c4f330b69b31990178e99dfbca7b,canonical_doc_review_track_or_archive,canonical_doc_candidate,track_or_merge_after_review,High,Already in a canonical docs namespace; review for duplication and frontmatter before tracking.,True,256,b0f6eef8c32c177e634e969b45a0fefbfe0c37c7452397d96e7675d8b7636aef
docs/research/compression_merge_ft_approaches.md,docs,.md,27443,f274a9787f07d57d30834576c65159a89b12b6e5,77205d97fde8415fe63df3e6dac40ee95024d3ab,canonical_doc_review_track_or_archive,canonical_doc_candidate,track_or_merge_after_review,High,Already in a canonical docs namespace; review for duplication and frontmatter before tracking.,True,526,2298bea1e6d4fbae4750764fe49a6bb66c4da2889d7526f9c39a0faf55d92145
docs/research/model_analysis_and_guarding_strategies.md,docs,.md,17697,247615e946078169f517bdd621b60a851f5bb253,68f69445abcfb7ee9837e3685c1a2136a1023ce8,canonical_doc_review_track_or_archive,canonical_doc_candidate,track_or_merge_after_review,High,Already in a canonical docs namespace; review for duplication and frontmatter before tracking.,True,284,787131f603dc2b47c7ab86cabeaf650d53b410f338590678868ba80425c6a641
docs/research/paper_extracts/contamination_benchmark.txt,docs,.txt,84561,2b603b27025992a5cc431b0adbb6d2d8595d1d56,e82b1cbda77e9efba015ae168a49076ab5eab815,canonical_doc_review_track_or_archive,canonical_doc_candidate,track_or_merge_after_review,High,Already in a canonical docs namespace; review for duplication and frontmatter before tracking.,True,1402,f63b67324f979db596fdc47774c2de29d50abcc189c26aa7a0f20bd20acf2434
docs/research/paper_extracts/contamination_generative.txt,docs,.txt,139375,bd2de5f21f2b36adcb088e63439d795838f0e49b,b3416cb2705bf52871da5314c73240f65f1d2f7e,canonical_doc_review_track_or_archive,canonical_doc_candidate,track_or_merge_after_review,High,Already in a canonical docs namespace; review for duplication and frontmatter before tracking.,True,2221,2f2f5e06a6878e9709c844af201e6076c67ef7068d7678d8927dd2930cac66ee
docs/research/paper_extracts/dice.txt,docs,.txt,39283,717a3336e08ba46468f378dc1a9e93a065e6018c,61deb121748d59ca62d8253b451ada6059cba1c4,canonical_doc_review_track_or_archive,canonical_doc_candidate,track_or_merge_after_review,High,Already in a canonical docs namespace; review for duplication and frontmatter before tracking.,True,734,022745d1de02553c2e78970a2d84f4b865bf8a2600bc415e617daf32c62c76fe
docs/research/paper_extracts/merging.txt,docs,.txt,53496,5cc70d90174152d5382f249c3cf5535f0d4a3403,5d843bcac1efb50fd04ba2d0f93ce0da79ec6027,canonical_doc_review_track_or_archive,canonical_doc_candidate,track_or_merge_after_review,High,Already in a canonical docs namespace; review for duplication and frontmatter before tracking.,True,1197,fb6ec9cef5d011572375099646b8b03cb806c61b54ea22382ff17a4d59d19ddc
docs/research/paper_extracts/metasecalign.txt,docs,.txt,74865,f49c3fdfcc2349bc40633378b4b69f92fd75edc7,be7930478f5e9185b41b639626e28fcf439e5c8f,canonical_doc_review_track_or_archive,canonical_doc_candidate,track_or_merge_after_review,High,Already in a canonical docs namespace; review for duplication and frontmatter before tracking.,True,1400,6c5069959a8b893d39b4491c948750c04869f6f3b143d2c8a74d68c756e0000f
docs/research/paper_extracts/multiturn_safety.txt,docs,.txt,137003,773b7c6797e4145830d51c872f96282dc251dce0,2d82e103382fe981d76965ae8ff1bb6a302f0edb,canonical_doc_review_track_or_archive,canonical_doc_candidate,track_or_merge_after_review,High,Already in a canonical docs namespace; review for duplication and frontmatter before tracking.,True,2775,edf24b1078dda39b55625a4aaebfaa782f9970a62c8fd893598df9a1c7b53cf1
docs/research/paper_extracts/redbench.txt,docs,.txt,109747,ac2a8d788f19415841a75c25d6aa4ec65e7e4925,a6a9a4a6e0e28d58990b34b48b608886f760e11f,canonical_doc_review_track_or_archive,canonical_doc_candidate,track_or_merge_after_review,High,Already in a canonical docs namespace; review for duplication and frontmatter before tracking.,True,1945,c79b3c056ce758b20ddcd2b7b6ca5247c59861115e5f8a2e3afc1a9eb440215d
docs/research/paper_extracts/redteam_rewards.txt,docs,.txt,84575,5e1ed4ff0e553b46b891b21dc01c1a36f1440b84,ee02a8775cc1dba7423e3b2472ef7d49cccadd01,canonical_doc_review_track_or_archive,canonical_doc_candidate,track_or_merge_after_review,High,Already in a canonical docs namespace; review for duplication and frontmatter before tracking.,True,1134,3342b0d826262544ba383d40e76de7d72847b25e5317a6775d41084f60879244
docs/research/paper_extracts/safety_at_scale.txt,docs,.txt,412781,ffee6b3a47cbf7a10a05bf192875108556bc495c,d3570be132016a94b248161beec8465a0580a827,canonical_doc_review_track_or_archive,canonical_doc_candidate,track_or_merge_after_review,High,Already in a canonical docs namespace; review for duplication and frontmatter before tracking.,True,5106,5f79f57b8beb128b8ab2da1a48979e7f0fb026aa16189420ee98befcb56ca030
docs/research/paper_extracts/shortcut_neuron.txt,docs,.txt,50458,fa402327fcc533a1629f73144402149940816774,ff590e1c63c9e3efe147289589d2b1a24f95eea4,canonical_doc_review_track_or_archive,canonical_doc_candidate,track_or_merge_after_review,High,Already in a canonical docs namespace; review for duplication and frontmatter before tracking.,True,1031,bded7472303270f86a86289a479e42aba703b7db3c1770c7b4a8571b007296b8
docs/research/paper_extracts/survey.txt,docs,.txt,107667,d8d3680a92a51f76a683ae826989c0186ff0ad4c,79891c7b2a824632bcd66878b9a9a5cb903b2047,canonical_doc_review_track_or_archive,canonical_doc_candidate,track_or_merge_after_review,High,Already in a canonical docs namespace; review for duplication and frontmatter before tracking.,True,1398,4db1db8deca6fd8311964d81e09a6eaa50794e590f302b5da833f7a1360964bc
docs/research/paper_extracts/tree_of_attacks.txt,docs,.txt,119840,0f2d74862378570d6796e60de585b3f6c5a2e327,79966d4311b33df5e12a75680dd213eea128ddec,canonical_doc_review_track_or_archive,canonical_doc_candidate,track_or_merge_after_review,High,Already in a canonical docs namespace; review for duplication and frontmatter before tracking.,True,1980,20fad916911b10a6d32b4e4d9e1efacb400bdaced0e91876be5e4d69d8e00213
docs/research/paper_extracts/trust_benchmarks.txt,docs,.txt,95513,6b1e54f21e9d649a1bc280be2ec1119033dffbdd,0575c6c9d70fa8f9548a720ac460f760d8af52ea,canonical_doc_review_track_or_archive,canonical_doc_candidate,track_or_merge_after_review,High,Already in a canonical docs namespace; review for duplication and frontmatter before tracking.,True,1139,84622a6ea3849703fd0fecbdaaac072ebcef9ced45592d36e66126f426b9ddeb
docs/reviews/DATASET_EXPANSION_COMPLETION_REPORT.md,docs,.md,11035,0f60680445b830312b7eb803f8e5733df48281b8,993cccc383ea409f5acf7b9b771ddb57a9918a74,canonical_doc_review_track_or_archive,canonical_doc_candidate,track_or_merge_after_review,High,Already in a canonical docs namespace; review for duplication and frontmatter before tracking.,True,308,d734c4c3f5a9cd8233f775cb8c01abf10f36aa7da03432d344e304ff668410cc
docs/reviews/NEXUS_OS_STATUS_REPORT.md,docs,.md,44253,092962401238091351ee8877bcb93e7ac5555f4c,d712b2b377b51b147f9027bc8bd15262b6bea860,canonical_doc_review_track_or_archive,canonical_doc_candidate,track_or_merge_after_review,High,Already in a canonical docs namespace; review for duplication and frontmatter before tracking.,True,794,da4a0d496921dced991ab8408ed1478bb20084928bdeac6217b1379b453cbbf2
docs/reviews/SYSTEM_AUDIT_REPORT_2026-05-29.md,docs,.md,9470,349d9edb3cef19dbb59f8a3e19431a7610e54697,ccc407d70f56ad4cb6b904f268ea2d92b256084e,canonical_doc_review_track_or_archive,canonical_doc_candidate,track_or_merge_after_review,High,Already in a canonical docs namespace; review for duplication and frontmatter before tracking.,True,229,48393942fb910b990708154bf4cb6447b36b9a0db4ac352619fa2bafa520289f
docs/security/ANTIGRAVITY_CLAIMS_VERIFICATION_2026-05-24.md,docs,.md,8190,04fb6d789e300197cc52fb85982e76621768f083,dbdffb89d6730411d4edbbc42a1ea752e7b2ffe3,canonical_doc_review_track_or_archive,canonical_doc_candidate,track_or_merge_after_review,High,Already in a canonical docs namespace; review for duplication and frontmatter before tracking.,True,155,167c1709b8cc8d07dd14d5559dbab6dab517fb20fca080f27981b7035fe06539
docs/security/DOPPELGROUND_GITLEAKS_FALSE_POSITIVE_TRIAGE_2026-05-26.md,docs,.md,3024,7f0a6d8e048be210019e3f086c1aca3a85a1ae66,7c88f11449feb88f8e2a53a3d903c9ad7570093c,canonical_doc_review_track_or_archive,canonical_doc_candidate,track_or_merge_after_review,High,Already in a canonical docs namespace; review for duplication and frontmatter before tracking.,True,81,793f3d6dd11e97e23a5cbacc0f2033730ff80463d94acd36189c4f69bb651148
docs/security/ERNIE_FORENSIC_COMPUTATIONAL_AUDIT.md,docs,.md,6909,b4eddd6387246e8c7329c9e2028e9b15e9ffe938,1588613e9879f5350ca6cb6cc0ce02522d211a26,canonical_doc_review_track_or_archive,canonical_doc_candidate,track_or_merge_after_review,High,Already in a canonical docs namespace; review for duplication and frontmatter before tracking.,True,100,a09e9089a3c30355f4cdf59b5491a3ecfc4794b90b3c844510741b459f5f7bb9
docs/security/ERNIE_SECURITY_REMEDIATION_REPORT_2026-05-23.md,docs,.md,11205,14614a8c73ba32a4879f192ba47790cd955e096e,5ab5adc207786a103df2d84fd1c92df211a69e70,canonical_doc_review_track_or_archive,canonical_doc_candidate,track_or_merge_after_review,High,Already in a canonical docs namespace; review for duplication and frontmatter before tracking.,True,196,cba5aa436d75cc8d4763f02345ac68dedf390ad298f9989b56489a0b7f3b9521
docs/security/ERNIE_SUPREMACY_INVESTIGATION_REPORT_2026-05-22.md,docs,.md,11404,16e2a2a35274f4f2467c38ec1b63470c543036c7,d4c647f42ae89a5b93b4d319edd7632c93f32108,canonical_doc_review_track_or_archive,canonical_doc_candidate,track_or_merge_after_review,High,Already in a canonical docs namespace; review for duplication and frontmatter before tracking.,True,207,26fa4b9ff05696929aacfe2a7957e7b5b365eba891edff21d6c05da2f7c84cc5
docs/security/GUARD_PLANE_V7_VERIFICATION_REPORT_2026-06-02.md,docs,.md,6446,b3da6ca00aeb436d3d0957d5ae7926c4e36586f8,9f7c5b7524d1061366520b3ff3b522537b34f3e4,canonical_doc_review_track_or_archive,canonical_doc_candidate,track_or_merge_after_review,High,Already in a canonical docs namespace; review for duplication and frontmatter before tracking.,True,145,13bbe673e04017ef0571ccf623ce56b94a137eacbd7ca2254e0df39ade4cf037
docs/security/META_ATTACK_DETECTOR_V3_GAPS_2026-05-24.md,docs,.md,5609,4e598937be48b4636b848240dd4b20568ca540d4,92b73c687a4bda3940659ff1b72b91e70004447c,canonical_doc_review_track_or_archive,canonical_doc_candidate,track_or_merge_after_review,High,Already in a canonical docs namespace; review for duplication and frontmatter before tracking.,True,144,6a251bb67612d95bc769cc16dc166c5748249698ceea52265e7ed0fcd06d66c5
docs/security/UPGRADED_INTELLIGENCE_PLAN_2026-05-23.md,docs,.md,4904,fea6a0b93971ba6554b1bbebc61be978c26421ee,78cc26f0c7920568ec094158bcb9fdc7f0cb50e2,canonical_doc_review_track_or_archive,canonical_doc_candidate,track_or_merge_after_review,High,Already in a canonical docs namespace; review for duplication and frontmatter before tracking.,True,80,82650c7689d9e10f7b6d4e24cce782fe5d963ab8ef77b5cf9c282c370ea3fad1
docs/wiki/README.md,docs,.md,1419,e47c4712e93928ce8df58d45870b5acd59afbfca,10f4b2820796cf02d921d9e5fbf358732b9ce11d,canonical_doc_review_track_or_archive,canonical_doc_candidate,track_or_merge_after_review,High,Already in a canonical docs namespace; review for duplication and frontmatter before tracking.,True,39,fc4c0d1f3904935d63f2b32ed28088bd5c0dd45d0d83b63dfa438d803266fcb6
docs/wiki/briefs/DigitalTwinAI-human_brief.md,docs,.md,11158,c12e9eb55b23dd4c2c8d51e12b9778a778e8704f,eb20151e7c57c6196845e679eeb42eb7122aa0fe,canonical_doc_review_track_or_archive,canonical_doc_candidate,track_or_merge_after_review,High,Already in a canonical docs namespace; review for duplication and frontmatter before tracking.,True,128,f12ce11a49ee5c07600c8c2cddc0ddd2b647a6f6517a64ad243fb7cba2f7de05
docs/wiki/briefs/Distribution_brief.md,docs,.md,11082,fc2d3c1cb7a581ac78964c65f05bef766881c34d,512e4127f0061f8b676c196ec149b85b54fa8971,canonical_doc_review_track_or_archive,canonical_doc_candidate,track_or_merge_after_review,High,Already in a canonical docs namespace; review for duplication and frontmatter before tracking.,True,111,30c424284f34149eafffb876a4cfc8e7d9a660e839c1a8dca1f4431feaaeb058
docs/wiki/briefs/Framework_brief.md,docs,.md,8873,fafd3c0e92169d964cb7a23a0564b4fbd9716ca1,47a879c709fc70773c1c1531ffe8ff76f07fe2c0,canonical_doc_review_track_or_archive,canonical_doc_candidate,track_or_merge_after_review,High,Already in a canonical docs namespace; review for duplication and frontmatter before tracking.,True,104,35e803b43202f5d4dc6002093101ba24fcfc84ff42415fceb2b803055c1f5b71
docs/wiki/briefs/HERMESnewSTORE_brief.md,docs,.md,794,775120a2dae172bb631f939c863f8fe2f6e66833,c016c59385df298682c6e9b551ff50b4a537c3e1,canonical_doc_review_track_or_archive,canonical_doc_candidate,track_or_merge_after_review,High,Already in a canonical docs namespace; review for duplication and frontmatter before tracking.,True,20,9d68464bcd3f6bbf2003eeb2abd77851bcec7e9b9a4e1f33d5debd719923f18c
docs/wiki/briefs/PFMbasicschema_brief.md,docs,.md,8899,146fe84b63198faab9ce4c95571ba0b6dec1d897,46933b1681450a28f9da1ba044141d8f43a54c69,canonical_doc_review_track_or_archive,canonical_doc_candidate,track_or_merge_after_review,High,Already in a canonical docs namespace; review for duplication and frontmatter before tracking.,True,100,e6876283ef252bf0c5742902da58a03007b0e1fe43b326e7ffa8126461ccb1ee
docs/wiki/briefs/QUixOScompetitorschemeflow_brief.md,docs,.md,10062,5a4e25f4638be228191a2b8f2aea6299c3e08b03,abcad8c939eb9be571358c1b368c7bdcabd738d8,canonical_doc_review_track_or_archive,canonical_doc_candidate,track_or_merge_after_review,High,Already in a canonical docs namespace; review for duplication and frontmatter before tracking.,True,120,7f1753dc89b993521788615548b15367e6c2bcaa907a3e9a0417d3f2098d4964
docs/wiki/briefs/SLMworkflow_brief.md,docs,.md,9485,4b6525a08374b4fcc3d919df3cee3f476a7d385c,2f33292900d8259514fe05084e8042a31902d129,canonical_doc_review_track_or_archive,canonical_doc_candidate,track_or_merge_after_review,High,Already in a canonical docs namespace; review for duplication and frontmatter before tracking.,True,128,534099b5409ba7ceb240496ad64e358a7d3d698c8f8f76606669d479be4a3525
docs/wiki/briefs/SLMworkflowinference_brief.md,docs,.md,9262,d7a4f7dcdcb59805205e42933cc804e811ca5905,1fef25ac367f2e588a49bb98953116d5de5ef3ce,canonical_doc_review_track_or_archive,canonical_doc_candidate,track_or_merge_after_review,High,Already in a canonical docs namespace; review for duplication and frontmatter before tracking.,True,86,48f7729ddb0079327344c33ad36898fcf56ceb9604510f9cc562e19bcbb00a25
docs/wiki/briefs/Visual ID workflow_brief.md,docs,.md,818,cab47a5c2e1bcc3fb704adb765e0f90b98ceaa02,aa925f4bb48f8e63b0697199a5327d2b080a4cf3,canonical_doc_review_track_or_archive,canonical_doc_candidate,track_or_merge_after_review,High,Already in a canonical docs namespace; review for duplication and frontmatter before tracking.,True,20,60379419ed4f0c42f364b10fae9a89b2810383a7174cf2d6d06e96f295288688
docs/wiki/briefs/data_analysis_survey_v2_brief.md,docs,.md,9912,90f44e89cfbd1748ce57cc67cd7f24dde799f7bc,d87a0ab92f01776e01a653930cecdaeb40725640,canonical_doc_review_track_or_archive,canonical_doc_candidate,track_or_merge_after_review,High,Already in a canonical docs namespace; review for duplication and frontmatter before tracking.,True,113,ee976ca0324da62af49b9a01232a3c1c4b4aa93f553443f78323674efda91fa3
docs/wiki/briefs/evoDivAgenticWorkflow_brief.md,docs,.md,10608,44a22e1b517f16b374f0bf754b7c503d87d945b9,390bd09654c2d00a34da07a87151749799b95d14,canonical_doc_review_track_or_archive,canonical_doc_candidate,track_or_merge_after_review,High,Already in a canonical docs namespace; review for duplication and frontmatter before tracking.,True,124,eb06f08330c6e39cb291cc5f5b252a363853d989ae5cabf98e2fc600ba45689d
docs/wiki/briefs/iaas_overview_v2_brief.md,docs,.md,9747,cc5f9c43fa3fe91c4522b8c92a172cac87bc1cdc,ce6127cc23c702d70ba6a52b9a9330d756b07139,canonical_doc_review_track_or_archive,canonical_doc_candidate,track_or_merge_after_review,High,Already in a canonical docs namespace; review for duplication and frontmatter before tracking.,True,115,2b78a1052e079649a61094626473420262dfa3459f7d831ddece7e0528eb9b4f
docs/wiki/briefs/llm_data_preparation_survey_overview_brief.md,docs,.md,926,ff59934feb38713008f5da3877d9aaca7c3f5fbd,8c639e29f5704bb65aec751825832a47ebfdb296,canonical_doc_review_track_or_archive,canonical_doc_candidate,track_or_merge_after_review,High,Already in a canonical docs namespace; review for duplication and frontmatter before tracking.,True,20,86b5588395fc3906833588fcabe25d837c6a8ac5ad2be23af30a33bd1f6343e3
docs/wiki/briefs/method_pic_brief.md,docs,.md,9539,c2bcc5991becb54042b3f14192c6ee870c43e967,2d39744f239d00132a5cdd0e7299583c55633214,canonical_doc_review_track_or_archive,canonical_doc_candidate,track_or_merge_after_review,High,Already in a canonical docs namespace; review for duplication and frontmatter before tracking.,True,119,ad311e8ae324cd7d72a4e310c89adfff13e570fed5c7a2e381c37c985263241e
docs/wiki/briefs/oldSLMexampletable_brief.md,docs,.md,9316,145025d636f2c602c596cacb07e15e3eb2c15ad9,1f852d51edac13a77d49e5eda963dee9dc55fd74,canonical_doc_review_track_or_archive,canonical_doc_candidate,track_or_merge_after_review,High,Already in a canonical docs namespace; review for duplication and frontmatter before tracking.,True,110,935fce336a0294454929458655a94148a25a27ecd85256a580c415093ccd1ccd
docs/wiki/briefs/{id_str}_brief.md,docs,.md,4235,a711298a8bfd970e626335b1c548c90c58f0090f,7e18a517ab7d5bba1552babc49272edc19de7e37,canonical_doc_review_track_or_archive,canonical_doc_candidate,track_or_merge_after_review,High,Already in a canonical docs namespace; review for duplication and frontmatter before tracking.,True,115,4225c75c25135a8a3adc055432fa7446bf583a8ed645d1a2373ee953dc618932
"docs/wiki/briefs/{stem.upper().replace('-',_brief.md",docs,.md,2095,ba38641c502ba67cbdc56ce73015fc3dfa6982b9,8f22c5d0bd5ab2897e3f5829faa3ec4f87050664,canonical_doc_review_track_or_archive,canonical_doc_candidate,track_or_merge_after_review,High,Already in a canonical docs namespace; review for duplication and frontmatter before tracking.,True,51,be07b28782781edc15c9b5276cd16fab0fbf0de3dc4772511484e376f5f0232c
docs/wiki/graph/nexusctl_wiki_check_2026-05-26.json,docs,.json,281,e48b50e569b3d2de7ba463b9955741675db9d63a,b04d413430a8fa3231f4355bc547ce4ec639182c,canonical_doc_review_track_or_archive,canonical_doc_candidate,track_or_merge_after_review,High,Already in a canonical docs namespace; review for duplication and frontmatter before tracking.,True,10,8acf9c1fafd144c6278ad2a1fed74c8e349ce672144bea7b7a1c4fa84ac4a359
docs/wiki/graph/reviewground_wiki_check_2026-05-26.json,docs,.json,194,509e356bfbd1a7fa49c817ed351f27f1d0a57fae,06578799ca974f3971a132724a2293cd79cd1e87,canonical_doc_review_track_or_archive,canonical_doc_candidate,track_or_merge_after_review,High,Already in a canonical docs namespace; review for duplication and frontmatter before tracking.,True,8,604de338db7a0852ccfd50e800d4daf5b8ce5c19ed4156a2ec31975cc9709567
evidence/gross_live_29456/20260528_001054/chain.jsonl,evidence,.jsonl,232,9fe784946f802c0569bf97c75c0078ed05fb03ad,3ee91fa472677936d2ead2b296fda36d94540114,dataset_benchmark_registry_preserve_do_not_track_blindly,evidence_archive,preserve_readonly_evidence,High,Evidence/logs support investigations but should not become canonical docs without synthesis.,True,1,ea011c40ceba6b490242cfddcb9a07eb5fac8b88ad4b00e1ead96bd6061bdf73
evidence/gross_live_29456/20260528_001054/layer1_parent_details.json,evidence,.json,189,67696af5149c3f95d457d1146c72a0ad54be0a81,fce88a9eefca3cd72d66d1d2d9eb247d88df24ae,dataset_benchmark_registry_preserve_do_not_track_blindly,evidence_archive,preserve_readonly_evidence,High,Evidence/logs support investigations but should not become canonical docs without synthesis.,True,6,da871e8435c0e90e934ff08f1bbeaf1e08da7a74d2e9dc53c8fb418e1ca97315
evidence/gross_live_29456/20260528_001054/layer1_process_wmi.json,evidence,.json,351,9ca2867c9478ad44d0566e3d7b9a354bd228c1f0,5013413b598b2c25ababf8a35b5cf0109e6aecfc,dataset_benchmark_registry_preserve_do_not_track_blindly,evidence_archive,preserve_readonly_evidence,High,Evidence/logs support investigations but should not become canonical docs without synthesis.,True,13,640768e0656e7ac447668ade91eb07f9112411f70662e54682aae7b8a668962a
evidence/gross_live_29456/20260528_001054/layer2_network_tcp.json,evidence,.json,5355,c838e4c4cb6e763a6548201c92d72a1816f8ac5f,da1d5078529aec689deef59841e6076c00d3b228,dataset_benchmark_registry_preserve_do_not_track_blindly,evidence_archive,preserve_readonly_evidence,High,Evidence/logs support investigations but should not become canonical docs without synthesis.,True,218,48176bac7281f6746e029f953b0b6530c2fbe6e73d7d687cb3689320d4aa674d
evidence/gross_live_29456/20260528_001054/layer3_proctree.json,evidence,.json,829,f95f3621d6ce9a05f8fe892042623cfb3ea52e74,c5e98b36b7fa18ef1dfdf2cc8cec6752b5293dc9,dataset_benchmark_registry_preserve_do_not_track_blindly,evidence_archive,preserve_readonly_evidence,High,Evidence/logs support investigations but should not become canonical docs without synthesis.,True,24,8fce98bc550763eaf8b19171f6a1a48ee7046c48284c044257c128f29c2448b6
evidence/gross_live_29456/20260528_001054/layer4_modules.json,evidence,.json,5490,f7e9ac1f19d3a31cbe6f536c3ffe245fec9df644,57522daaec78bdf934a7edbf8cca2658023868a7,dataset_benchmark_registry_preserve_do_not_track_blindly,evidence_archive,preserve_readonly_evidence,High,Evidence/logs support investigations but should not become canonical docs without synthesis.,True,227,3798d3af036bff3cd9baf2e64a9ffd885ddb662ab76a347e3a0f06466cb629e1
evidence/gross_live_29456/20260528_001054/layer4_upload_queue_state.json,evidence,.json,108021,38fc7f74e130a645ada0447e50b72c0cf02e0c86,d80c1e3942b4be7c21073cb8bbf467cbc203af72,dataset_benchmark_registry_preserve_do_not_track_blindly,evidence_archive,preserve_readonly_evidence,High,Evidence/logs support investigations but should not become canonical docs without synthesis.,True,3281,3abe2d9246b1ed9f2517c357cf46f6dc0d50aec92451d6f69f1e9f238aed9571
evidence/gross_live_29456/20260528_001054/layer5_owner.json,evidence,.json,23,499533dc44963218dad8875ff9cf250622d2b575,91a54e4786ab25824a13b8f0a97c108fa9bd46ca,dataset_benchmark_registry_preserve_do_not_track_blindly,evidence_archive,preserve_readonly_evidence,High,Evidence/logs support investigations but should not become canonical docs without synthesis.,True,3,a93064def9014d1132ef71d2ae8b1b0a2b85c3472b834c4ae24133692fdc1b95
evidence/gross_live_29456/20260528_001054/CODEX_CROSS_STREAM_INTEL.md,evidence,.md,3790,5ea3e268737aa838dcd6512ff44053ecc44f5b0e,e657f2976649abd27c67d316835dc41f41c2f9e1,research_intake_archive_or_canonicalize,evidence_archive,preserve_readonly_evidence,High,Evidence/logs support investigations but should not become canonical docs without synthesis.,True,69,7cfdc0cbf26a251cdd6171b9f9fc522e68ebf3a3cda214f4950bf81c45e46c8d
evidence/gross_live_29456/20260528_001054/LIVE_OBSERVATION_SUMMARY.md,evidence,.md,2810,305f7dcf033790e5fc7f931c08c13ccb4699698e,916ff4d092fe4f26ed5f15f52dbb450b9996ec84,research_intake_archive_or_canonicalize,evidence_archive,preserve_readonly_evidence,High,Evidence/logs support investigations but should not become canonical docs without synthesis.,True,63,96a8c01a98755fa93157745a57205cb24ae19325ffa38824c8f53ea469924af4
logs/resource-monitor/20260527_072757/metadata.json,logs,.json,3672,30488785392d5737b6bcf0876c8481029e605bc9,e3eec368437b89517d48d820794f5998474ad239,dataset_benchmark_registry_preserve_do_not_track_blindly,evidence_archive,preserve_readonly_evidence,High,Evidence/logs support investigations but should not become canonical docs without synthesis.,True,45,5da3df9be2e1abc83128a9842220e2c0399f5688fa483e2846767335d77cb075
logs/resource-monitor/20260527_072757/ollama_churn.csv,logs,.csv,68,3223db23b48f351c13360224141384f4f4812f1c,77332727715e8cca13c0969ed0dd213579b6b9a4,dataset_benchmark_registry_preserve_do_not_track_blindly,evidence_archive,preserve_readonly_evidence,High,Evidence/logs support investigations but should not become canonical docs without synthesis.,True,1,bc1a789975846552e504ac7ea87f20e7e47de00dd68471aa18f2ddf8f9a6d75f
logs/resource-monitor/20260527_072757/process_top.csv,logs,.csv,65,01b84c4122a57f6624f2bf26db38a434f013f064,812aeea6de1e6b168c6eb5799cb57267c9fe8f9e,dataset_benchmark_registry_preserve_do_not_track_blindly,evidence_archive,preserve_readonly_evidence,High,Evidence/logs support investigations but should not become canonical docs without synthesis.,True,1,6a8eb9db72d4b5542e2c8ebb5363c541df81774a04d8eed334a691943330cbcc
logs/resource-monitor/20260527_072757/samples.csv,logs,.csv,286,2833fd99d20615b04eab9406fd36b14e2c846fbc,4af45ec90f658c8d2adb4c8f983b397b3018c338,dataset_benchmark_registry_preserve_do_not_track_blindly,evidence_archive,preserve_readonly_evidence,High,Evidence/logs support investigations but should not become canonical docs without synthesis.,True,1,426953378620ef546c52e3e83b5c61678401a8295a1592abc1e3136bf1c62241
logs/resource-monitor/20260527_072757/summary.json,logs,.json,1196,b88c79c46429c51efc95baa778c93bc187357d7c,e320d9b4a11fc36f02798f1eb52fb2e2a99d8fbe,dataset_benchmark_registry_preserve_do_not_track_blindly,evidence_archive,preserve_readonly_evidence,High,Evidence/logs support investigations but should not become canonical docs without synthesis.,True,21,a1259f29d661147c28404dd3e528f1b8299ec2c89ca3cac7ede242f79bf8ec13
logs/resource-monitor/20260527_072820/metadata.json,logs,.json,3148,f047bdacf8c5f440de2edcb4fa9f7885f5f756c0,106624578d4c0794c72101417e60b4f7bdc6828a,dataset_benchmark_registry_preserve_do_not_track_blindly,evidence_archive,preserve_readonly_evidence,High,Evidence/logs support investigations but should not become canonical docs without synthesis.,True,40,3a3d865f961c249e2d4366fda043897e697fa7994ce3089d495e33d974b6544b
logs/resource-monitor/20260527_072820/ollama_churn.csv,logs,.csv,68,3223db23b48f351c13360224141384f4f4812f1c,77332727715e8cca13c0969ed0dd213579b6b9a4,dataset_benchmark_registry_preserve_do_not_track_blindly,evidence_archive,preserve_readonly_evidence,High,Evidence/logs support investigations but should not become canonical docs without synthesis.,True,1,bc1a789975846552e504ac7ea87f20e7e47de00dd68471aa18f2ddf8f9a6d75f
logs/resource-monitor/20260527_072820/process_top.csv,logs,.csv,502686,bf7e43cb350803773574be770f2d91fc7ba30242,43dd4e9eeaff49045c87183b27e679ee90c6473d,dataset_benchmark_registry_preserve_do_not_track_blindly,evidence_archive,preserve_readonly_evidence,High,Evidence/logs support investigations but should not become canonical docs without synthesis.,True,4111,2cdef31caf2b95e1462675ef3c0386180e77de85d146ebe4bb6989b46af8d7d3
logs/resource-monitor/20260527_072820/samples.csv,logs,.csv,25441,007dc02ac6749358350431a779d23e90526b6be8,fd6ad6c0762bb6ea68bdeaa8cb2be172c395f28b,dataset_benchmark_registry_preserve_do_not_track_blindly,evidence_archive,preserve_readonly_evidence,High,Evidence/logs support investigations but should not become canonical docs without synthesis.,True,138,a2bd70ef0808735a612bdf133878d0df800493ae2c24ab8d81aff49212f932c5
logs/resource-monitor/20260527_072820/summary.json,logs,.json,1213,94fe0d75023f3537d636ee60941ab4329acad8d3,017486fd2f173b7f329edf6f79e2cb1e1cef214b,dataset_benchmark_registry_preserve_do_not_track_blindly,evidence_archive,preserve_readonly_evidence,High,Evidence/logs support investigations but should not become canonical docs without synthesis.,True,21,bce12a66dc1a0fbe2cc87a2589db82e682918cdcebe8542652ee07cbb530309c
logs/resource-monitor/20260527_075214/metadata.json,logs,.json,4092,a5b0e664ea1d38e782ede713ca37bb753085bc0e,d30909ce6b9804d4e4e5c49f119130bd7218b6fe,dataset_benchmark_registry_preserve_do_not_track_blindly,evidence_archive,preserve_readonly_evidence,High,Evidence/logs support investigations but should not become canonical docs without synthesis.,True,49,73e6d0af3f2a695db17d4dea28c511aa53d38ec7e86b1ab1f461a3506946e431
logs/resource-monitor/20260527_075214/ollama_churn.csv,logs,.csv,68,3223db23b48f351c13360224141384f4f4812f1c,77332727715e8cca13c0969ed0dd213579b6b9a4,dataset_benchmark_registry_preserve_do_not_track_blindly,evidence_archive,preserve_readonly_evidence,High,Evidence/logs support investigations but should not become canonical docs without synthesis.,True,1,bc1a789975846552e504ac7ea87f20e7e47de00dd68471aa18f2ddf8f9a6d75f
logs/resource-monitor/20260527_075214/process_top.csv,logs,.csv,65,01b84c4122a57f6624f2bf26db38a434f013f064,812aeea6de1e6b168c6eb5799cb57267c9fe8f9e,dataset_benchmark_registry_preserve_do_not_track_blindly,evidence_archive,preserve_readonly_evidence,High,Evidence/logs support investigations but should not become canonical docs without synthesis.,True,1,6a8eb9db72d4b5542e2c8ebb5363c541df81774a04d8eed334a691943330cbcc
logs/resource-monitor/20260527_075214/samples.csv,logs,.csv,286,2833fd99d20615b04eab9406fd36b14e2c846fbc,4af45ec90f658c8d2adb4c8f983b397b3018c338,dataset_benchmark_registry_preserve_do_not_track_blindly,evidence_archive,preserve_readonly_evidence,High,Evidence/logs support investigations but should not become canonical docs without synthesis.,True,1,426953378620ef546c52e3e83b5c61678401a8295a1592abc1e3136bf1c62241
logs/resource-monitor/20260527_075214/summary.json,logs,.json,1196,2d1b3c7240d0f88157c899632f7695652d2106e2,6e78c667415cb1d94c59e4a6e10cfbbe93026fd4,dataset_benchmark_registry_preserve_do_not_track_blindly,evidence_archive,preserve_readonly_evidence,High,Evidence/logs support investigations but should not become canonical docs without synthesis.,True,21,fcd9704090e5577fa5c0e49e3df1b6d7599a34ee28f0e7b390c662e20babfeca
logs/resource-monitor/20260527_075713/metadata.json,logs,.json,4302,8d75757e458882754c733969b00a7b878f3b017c,44d1625be05e30acc7f6727a323b2a5e7f16cc94,dataset_benchmark_registry_preserve_do_not_track_blindly,evidence_archive,preserve_readonly_evidence,High,Evidence/logs support investigations but should not become canonical docs without synthesis.,True,51,f99dfae43da643022bd751ea91747b75a015bfd462cc623d72c4594b1589b58f
logs/resource-monitor/20260527_075713/ollama_churn.csv,logs,.csv,68,3223db23b48f351c13360224141384f4f4812f1c,77332727715e8cca13c0969ed0dd213579b6b9a4,dataset_benchmark_registry_preserve_do_not_track_blindly,evidence_archive,preserve_readonly_evidence,High,Evidence/logs support investigations but should not become canonical docs without synthesis.,True,1,bc1a789975846552e504ac7ea87f20e7e47de00dd68471aa18f2ddf8f9a6d75f
logs/resource-monitor/20260527_075713/process_top.csv,logs,.csv,65,01b84c4122a57f6624f2bf26db38a434f013f064,812aeea6de1e6b168c6eb5799cb57267c9fe8f9e,dataset_benchmark_registry_preserve_do_not_track_blindly,evidence_archive,preserve_readonly_evidence,High,Evidence/logs support investigations but should not become canonical docs without synthesis.,True,1,6a8eb9db72d4b5542e2c8ebb5363c541df81774a04d8eed334a691943330cbcc
logs/resource-monitor/20260527_075713/samples.csv,logs,.csv,304,451b900404f44b2d03d4fc18b77c8884d04b698f,ca56e4525fc7afa311e6be066d9b7a17ca534852,dataset_benchmark_registry_preserve_do_not_track_blindly,evidence_archive,preserve_readonly_evidence,High,Evidence/logs support investigations but should not become canonical docs without synthesis.,True,1,98a31ce43b85c9ac48b5820f0761a66c6048eee7b4864e237553bc1abba3003a
logs/resource-monitor/20260527_075713/summary.json,logs,.json,1374,745dd6fce214201cb8394acff892d278dfd48731,c40d6085c3eea20c7290a14ec22b91ef3527ca30,dataset_benchmark_registry_preserve_do_not_track_blindly,evidence_archive,preserve_readonly_evidence,High,Evidence/logs support investigations but should not become canonical docs without synthesis.,True,23,78795c2eebd6edd48d5a9e158a65878a1ad6ede3b6d4a419796fa3b36481ea18
logs/resource-monitor/20260527_075713/tcp_connections.csv,logs,.csv,81,d20f1416e1e1e42af1137018b7624c38ffed17f1,0a398f985de7c6778635ab16e0db2d9e8cd4ba42,dataset_benchmark_registry_preserve_do_not_track_blindly,evidence_archive,preserve_readonly_evidence,High,Evidence/logs support investigations but should not become canonical docs without synthesis.,True,1,eab198ef3c606d2f0b48363726a31412d3ab3bcf01b854423068e8cdaa2b2430
models/adapter_config.json,models,.json,1254,1a91a7d2690def27b88c0146a0d8ff02c7db8fe6,9ba887d316dd0e38bb81950ba21dd613181d8656,dataset_benchmark_registry_preserve_do_not_track_blindly,model_metadata_registry,preserve_metadata_no_weights,Medium,Metadata/config can feed model registry; never track model weights or generated caches blindly.,True,50,8e1a6d2f964554db247983c3ef136c156a1f669bef0198408fbd23bee2d99ce7
models/config.json,models,.json,1644,e20e120fe46edc9d8420d3bfeda870697cf0c353,2d9808e8bb929906ca877cb96486cb13aaeb9e81,dataset_benchmark_registry_preserve_do_not_track_blindly,model_metadata_registry,preserve_metadata_no_weights,Medium,Metadata/config can feed model registry; never track model weights or generated caches blindly.,True,62,0d5742b5cd766ef7577ed529a4d83d6d8a6d7968b57a6c1d18d6c0aeae0efa74
models/gemma2-2b-abliterated/behaviormancer_config.json,models,.json,549,0b83545a8b6aa561f1a5058295646abba55c4a05,74108c7bd668f22e7922811c48c22a02e886b0ee,dataset_benchmark_registry_preserve_do_not_track_blindly,model_metadata_registry,preserve_metadata_no_weights,Medium,Metadata/config can feed model registry; never track model weights or generated caches blindly.,True,20,0c0b3002dd428e900c1b03f90aed1b1edf696e2657163445096f67ff60214b75
models/gemma2-2b-abliterated/config.json,models,.json,1664,cd403e3ee81f0440e12ee040a08573b87492afe7,91e0ed7ab85551e40f6cbfa9d736016a565743fe,dataset_benchmark_registry_preserve_do_not_track_blindly,model_metadata_registry,preserve_metadata_no_weights,Medium,Metadata/config can feed model registry; never track model weights or generated caches blindly.,True,68,3f5e494e01db695a0c1b80bd683ea94b4b779c56fda367ddc0ed1b8982c973c3
models/gemma2-2b-abliterated/generation_config.json,models,.json,202,163420bff7085eb4cc3fac251451a1093dbcea14,9fda25667a7c4f159c6a2b0adf226413600d3f4c,dataset_benchmark_registry_preserve_do_not_track_blindly,model_metadata_registry,preserve_metadata_no_weights,Medium,Metadata/config can feed model registry; never track model weights or generated caches blindly.,True,11,721fad8684b6dd2ff1a0d04712397828f27591dc73e558d972c1ec37d0ba3822
models/gemma2-2b-abliterated/tokenizer_config.json,models,.json,508,329fd7da1673300b9e6c7b5b84622224a030e168,eabc4ed8ab34751069a1970d61e616ce93e53880,dataset_benchmark_registry_preserve_do_not_track_blindly,model_metadata_registry,preserve_metadata_no_weights,Medium,Metadata/config can feed model registry; never track model weights or generated caches blindly.,True,19,e962127b27f55dbac31d307087e851894e4a154e7700f0b49a62acdbf0c0751a
models/gemma2-2b-abliterated_tokenizer/tokenizer_config.json,models,.json,704,6a75fdee73fd784b475df6078c8a6a9a1203b9f8,68bb399799d4cb61719b3b3b9d88bd08f334c284,dataset_benchmark_registry_preserve_do_not_track_blindly,model_metadata_registry,preserve_metadata_no_weights,Medium,Metadata/config can feed model registry; never track model weights or generated caches blindly.,True,26,733b3be93fdc3407f445cd039be7d14f1e1b83f083a89d0bc9261080e59b1a67
models/generation_config.json,models,.json,284,6696600a4f3ed5811556541ec3c284de4a65af06,db0acddb88c0b0b3f23e5fbf694bea26f4b8d04a,dataset_benchmark_registry_preserve_do_not_track_blindly,model_metadata_registry,preserve_metadata_no_weights,Medium,Metadata/config can feed model registry; never track model weights or generated caches blindly.,True,15,448e50be3994378781ba34738fd932a0119dddc0bce07e80c7fc7a51171c1c26
models/guards/guard_collusion/adapter_config.json,models,.json,1065,97b5b74ad20c7e6af90e49e349252c40ecc5ade1,223a8823145bf08d2e3ce0a2601ea36684ed5750,dataset_benchmark_registry_preserve_do_not_track_blindly,model_metadata_registry,preserve_metadata_no_weights,Medium,Metadata/config can feed model registry; never track model weights or generated caches blindly.,True,46,dc6ee4e0b426c3312f28bcee4703e1d5b7ed537c40fdbc5b6b34c7ba232c3b09
models/guards/guard_collusion/checkpoint-1506/adapter_config.json,models,.json,1065,97b5b74ad20c7e6af90e49e349252c40ecc5ade1,223a8823145bf08d2e3ce0a2601ea36684ed5750,dataset_benchmark_registry_preserve_do_not_track_blindly,model_metadata_registry,preserve_metadata_no_weights,Medium,Metadata/config can feed model registry; never track model weights or generated caches blindly.,True,46,dc6ee4e0b426c3312f28bcee4703e1d5b7ed537c40fdbc5b6b34c7ba232c3b09
models/guards/guard_collusion/checkpoint-1506/trainer_state.json,models,.json,13067,74db3f6d009c1faac31343cf52b2bb584c40a6d0,bf1c71b63ebb5ae17bb2dc191d7510d242aacc46,dataset_benchmark_registry_preserve_do_not_track_blindly,model_metadata_registry,preserve_metadata_no_weights,Medium,Metadata/config can feed model registry; never track model weights or generated caches blindly.,True,479,cbc461b901bac4d798486c6a144765d0106481950e0f5ca58854b125a04eea4f
models/guards/guard_collusion/checkpoint-754/adapter_config.json,models,.json,1065,70092afff184f4404a0d7cd5f3c6fe844ffbf7f7,b552935ed82b7804e6185d5a15f1c2c9d69b0fb6,dataset_benchmark_registry_preserve_do_not_track_blindly,model_metadata_registry,preserve_metadata_no_weights,Medium,Metadata/config can feed model registry; never track model weights or generated caches blindly.,True,46,7ae010939979eb78a9dc2e57be50f136b471bd5c6e06fe976fab82264e9551ea
models/guards/guard_collusion/checkpoint-754/trainer_state.json,models,.json,7069,05aa1c71670bc37ea5d9c5bba69cc63861bea83b,85ecc603fc8f9e9711f816326368f49d0115d4b7,dataset_benchmark_registry_preserve_do_not_track_blindly,model_metadata_registry,preserve_metadata_no_weights,Medium,Metadata/config can feed model registry; never track model weights or generated caches blindly.,True,261,e93304accdfc6f970ef223a501b7faccabd2a232127eca0d1d326fa4bd57af6e
models/guards/guard_collusion/tokenizer_config.json,models,.json,336,a0d563e339ee5ed6b6e903e0339d75fa5a271e80,769291071a8712e4ad20cac2debfa911f5e52be5,dataset_benchmark_registry_preserve_do_not_track_blindly,model_metadata_registry,preserve_metadata_no_weights,Medium,Metadata/config can feed model registry; never track model weights or generated caches blindly.,True,14,c5e19a8504461b09408a8d30aa9411ea95ddd07c18dec628a79cac6b5722739d
models/guards/guard_content/adapter_config.json,models,.json,1065,97b5b74ad20c7e6af90e49e349252c40ecc5ade1,223a8823145bf08d2e3ce0a2601ea36684ed5750,dataset_benchmark_registry_preserve_do_not_track_blindly,model_metadata_registry,preserve_metadata_no_weights,Medium,Metadata/config can feed model registry; never track model weights or generated caches blindly.,True,46,dc6ee4e0b426c3312f28bcee4703e1d5b7ed537c40fdbc5b6b34c7ba232c3b09
models/guards/guard_content/checkpoint-1494/adapter_config.json,models,.json,1065,97b5b74ad20c7e6af90e49e349252c40ecc5ade1,223a8823145bf08d2e3ce0a2601ea36684ed5750,dataset_benchmark_registry_preserve_do_not_track_blindly,model_metadata_registry,preserve_metadata_no_weights,Medium,Metadata/config can feed model registry; never track model weights or generated caches blindly.,True,46,dc6ee4e0b426c3312f28bcee4703e1d5b7ed537c40fdbc5b6b34c7ba232c3b09
models/guards/guard_content/checkpoint-1494/trainer_state.json,models,.json,12870,cd6ba9617869ebedc6aaf6fae7a06acd6a4c5eeb,a2e55610dae094594a3847babdca1c3b7093e305,dataset_benchmark_registry_preserve_do_not_track_blindly,model_metadata_registry,preserve_metadata_no_weights,Medium,Metadata/config can feed model registry; never track model weights or generated caches blindly.,True,472,8854c966ba709d69e4d9ffba8fd31f0068fb3004aed2ec9c51f75273dee8ea5b
models/guards/guard_content/checkpoint-747/adapter_config.json,models,.json,1065,97b5b74ad20c7e6af90e49e349252c40ecc5ade1,223a8823145bf08d2e3ce0a2601ea36684ed5750,dataset_benchmark_registry_preserve_do_not_track_blindly,model_metadata_registry,preserve_metadata_no_weights,Medium,Metadata/config can feed model registry; never track model weights or generated caches blindly.,True,46,dc6ee4e0b426c3312f28bcee4703e1d5b7ed537c40fdbc5b6b34c7ba232c3b09
models/guards/guard_content/checkpoint-747/trainer_state.json,models,.json,6884,5b842fc7331440577c01612880163765ce74d148,8c5670b504b4985e55a9e47f1c13f1b73ca19109,dataset_benchmark_registry_preserve_do_not_track_blindly,model_metadata_registry,preserve_metadata_no_weights,Medium,Metadata/config can feed model registry; never track model weights or generated caches blindly.,True,254,f1feaca0048eaf343de69b5792f7c2485f2cc67659544466daf041fb5128f010
models/guards/guard_content/tokenizer_config.json,models,.json,336,a0d563e339ee5ed6b6e903e0339d75fa5a271e80,769291071a8712e4ad20cac2debfa911f5e52be5,dataset_benchmark_registry_preserve_do_not_track_blindly,model_metadata_registry,preserve_metadata_no_weights,Medium,Metadata/config can feed model registry; never track model weights or generated caches blindly.,True,14,c5e19a8504461b09408a8d30aa9411ea95ddd07c18dec628a79cac6b5722739d
models/guards/guard_ensemble_report.json,models,.json,3589,5c5d50a69687e3c6ccb49de3e4946e32aad5910d,2f60f8e5546f3450cfe8152aae64ab521f3beacc,dataset_benchmark_registry_preserve_do_not_track_blindly,model_metadata_registry,preserve_metadata_no_weights,Medium,Metadata/config can feed model registry; never track model weights or generated caches blindly.,True,143,6186073c97d993d889db1af29574841c174a6072e2e0df237d0de7a2290b3ec1
models/guards/guard_ensemble_report_fast.json,models,.json,536,53187c1ed201d6d0069268e3049cf4bd2bf0b2c1,cc20671ee72dbcf4984aa819a4ee2da25045144f,dataset_benchmark_registry_preserve_do_not_track_blindly,model_metadata_registry,preserve_metadata_no_weights,Medium,Metadata/config can feed model registry; never track model weights or generated caches blindly.,True,21,32500dd42c1d2d75a250d855d2ec3080cc10c5375729fba80f8461876aea8e3e
models/guards/guard_ensemble_report_special_virus.json,models,.json,3302,611b1339f25949e45a2bd99f04227e4d266e1452,bade2cceef7cc2fb0be63948266fd77711174033,dataset_benchmark_registry_preserve_do_not_track_blindly,model_metadata_registry,preserve_metadata_no_weights,Medium,Metadata/config can feed model registry; never track model weights or generated caches blindly.,True,127,d1c41057e794240c0ba29a48efa38d842bfa80787c7dd5c330e5898599a8ff4e
models/guards/guard_ensemble_report_v2.json,models,.json,1327,168a426412d66b062661fa42731d626639ebd249,1a9d24bdca85b9e98efde27dbd833e051ed02de9,dataset_benchmark_registry_preserve_do_not_track_blindly,model_metadata_registry,preserve_metadata_no_weights,Medium,Metadata/config can feed model registry; never track model weights or generated caches blindly.,True,57,65bdefa8486b6750d02506fff5fbf95dcb87348eaad4f5b7e879a4bffb2f1886
models/guards/guard_jailbreak/adapter_config.json,models,.json,1065,97b5b74ad20c7e6af90e49e349252c40ecc5ade1,223a8823145bf08d2e3ce0a2601ea36684ed5750,dataset_benchmark_registry_preserve_do_not_track_blindly,model_metadata_registry,preserve_metadata_no_weights,Medium,Metadata/config can feed model registry; never track model weights or generated caches blindly.,True,46,dc6ee4e0b426c3312f28bcee4703e1d5b7ed537c40fdbc5b6b34c7ba232c3b09
models/guards/guard_jailbreak/checkpoint-1496/adapter_config.json,models,.json,1065,97b5b74ad20c7e6af90e49e349252c40ecc5ade1,223a8823145bf08d2e3ce0a2601ea36684ed5750,dataset_benchmark_registry_preserve_do_not_track_blindly,model_metadata_registry,preserve_metadata_no_weights,Medium,Metadata/config can feed model registry; never track model weights or generated caches blindly.,True,46,dc6ee4e0b426c3312f28bcee4703e1d5b7ed537c40fdbc5b6b34c7ba232c3b09
models/guards/guard_jailbreak/checkpoint-1496/trainer_state.json,models,.json,12842,f9fa8e1e13cf80ea5b12f2c1787d9a4b930d18da,2c9983c56aff5286328c9d99ec7b8776d58efa5b,dataset_benchmark_registry_preserve_do_not_track_blindly,model_metadata_registry,preserve_metadata_no_weights,Medium,Metadata/config can feed model registry; never track model weights or generated caches blindly.,True,472,f45b7d67fa94bb64b62f215e59798baa485188baa4b4dd1daea4b830b4aed98f
models/guards/guard_jailbreak/checkpoint-748/adapter_config.json,models,.json,1065,97b5b74ad20c7e6af90e49e349252c40ecc5ade1,223a8823145bf08d2e3ce0a2601ea36684ed5750,dataset_benchmark_registry_preserve_do_not_track_blindly,model_metadata_registry,preserve_metadata_no_weights,Medium,Metadata/config can feed model registry; never track model weights or generated caches blindly.,True,46,dc6ee4e0b426c3312f28bcee4703e1d5b7ed537c40fdbc5b6b34c7ba232c3b09
models/guards/guard_jailbreak/checkpoint-748/trainer_state.json,models,.json,6870,22f616f241c553b3161c64c919b133162a24fc22,4efc86d59ac911f0b6300d7840d3ea7296dd8755,dataset_benchmark_registry_preserve_do_not_track_blindly,model_metadata_registry,preserve_metadata_no_weights,Medium,Metadata/config can feed model registry; never track model weights or generated caches blindly.,True,254,a3fadc301a8da5638e7ca0af2773ff2966723d51d1c8f9fb320f831d0321254f
models/guards/guard_jailbreak/tokenizer_config.json,models,.json,336,a0d563e339ee5ed6b6e903e0339d75fa5a271e80,769291071a8712e4ad20cac2debfa911f5e52be5,dataset_benchmark_registry_preserve_do_not_track_blindly,model_metadata_registry,preserve_metadata_no_weights,Medium,Metadata/config can feed model registry; never track model weights or generated caches blindly.,True,14,c5e19a8504461b09408a8d30aa9411ea95ddd07c18dec628a79cac6b5722739d
models/guards/guard_manifest.json,models,.json,493,3bcbd0dfe94cbf2fe2ce9f36328c8eb0bc2d7e78,15d69b240fc059341990efa849d4996052246767,dataset_benchmark_registry_preserve_do_not_track_blindly,model_metadata_registry,preserve_metadata_no_weights,Medium,Metadata/config can feed model registry; never track model weights or generated caches blindly.,True,23,53bcd986929071345c77f5b362e57151a55dd74b01fcee3d3c4934091f42e37a
models/guards/guard_mcp/adapter_config.json,models,.json,1065,70092afff184f4404a0d7cd5f3c6fe844ffbf7f7,b552935ed82b7804e6185d5a15f1c2c9d69b0fb6,dataset_benchmark_registry_preserve_do_not_track_blindly,model_metadata_registry,preserve_metadata_no_weights,Medium,Metadata/config can feed model registry; never track model weights or generated caches blindly.,True,46,7ae010939979eb78a9dc2e57be50f136b471bd5c6e06fe976fab82264e9551ea
models/guards/guard_mcp/checkpoint-1498/adapter_config.json,models,.json,1065,70092afff184f4404a0d7cd5f3c6fe844ffbf7f7,b552935ed82b7804e6185d5a15f1c2c9d69b0fb6,dataset_benchmark_registry_preserve_do_not_track_blindly,model_metadata_registry,preserve_metadata_no_weights,Medium,Metadata/config can feed model registry; never track model weights or generated caches blindly.,True,46,7ae010939979eb78a9dc2e57be50f136b471bd5c6e06fe976fab82264e9551ea
models/guards/guard_mcp/checkpoint-1498/trainer_state.json,models,.json,12819,1086b9e38fcef00f1186cbd590473b994d69a4f7,0e7b5e7535d0c2c606dd72c17576bf91e2f20d2d,dataset_benchmark_registry_preserve_do_not_track_blindly,model_metadata_registry,preserve_metadata_no_weights,Medium,Metadata/config can feed model registry; never track model weights or generated caches blindly.,True,472,fdedf11e1d057d009e71ac9f47f245c0860bce1e5a3461940c64facea4215ba3
models/guards/guard_mcp/checkpoint-749/adapter_config.json,models,.json,1065,70092afff184f4404a0d7cd5f3c6fe844ffbf7f7,b552935ed82b7804e6185d5a15f1c2c9d69b0fb6,dataset_benchmark_registry_preserve_do_not_track_blindly,model_metadata_registry,preserve_metadata_no_weights,Medium,Metadata/config can feed model registry; never track model weights or generated caches blindly.,True,46,7ae010939979eb78a9dc2e57be50f136b471bd5c6e06fe976fab82264e9551ea
models/guards/guard_mcp/checkpoint-749/trainer_state.json,models,.json,6850,793f47e8803ad4c2406b12ef99b33dfe8df2dcdb,663f7b3fb39789516c81f88bcc1a815bf32c3d65,dataset_benchmark_registry_preserve_do_not_track_blindly,model_metadata_registry,preserve_metadata_no_weights,Medium,Metadata/config can feed model registry; never track model weights or generated caches blindly.,True,254,48f20cdc2abe900959e61b92b0f536c4bb3d4cf6e52f8b3790c34600ce42af62
models/guards/guard_mcp/tokenizer_config.json,models,.json,336,a0d563e339ee5ed6b6e903e0339d75fa5a271e80,769291071a8712e4ad20cac2debfa911f5e52be5,dataset_benchmark_registry_preserve_do_not_track_blindly,model_metadata_registry,preserve_metadata_no_weights,Medium,Metadata/config can feed model registry; never track model weights or generated caches blindly.,True,14,c5e19a8504461b09408a8d30aa9411ea95ddd07c18dec628a79cac6b5722739d
models/guards/slm_test_results.json,models,.json,11492,2608da04eda52adac2a05de23716a041ab175604,8982b006454e14b4999418bb1f2144464f49f5b1,dataset_benchmark_registry_preserve_do_not_track_blindly,model_metadata_registry,preserve_metadata_no_weights,Medium,Metadata/config can feed model registry; never track model weights or generated caches blindly.,True,477,35091730fdcfe3a36eda3b243395d472faa8e45c7e620c9a478fb1cd49d5d008
models/hf_inventory_umbrellainc.json,models,.json,12031,f1b467528c96b4ebfc162ceb514eef103a62e18b,5cc56a096b2f47dca35cbc76b1de798f08500df7,dataset_benchmark_registry_preserve_do_not_track_blindly,model_metadata_registry,preserve_metadata_no_weights,Medium,Metadata/config can feed model registry; never track model weights or generated caches blindly.,True,112,1d5fdb6d912f733185c7e2845634c78e31e2dd04180b2625837654760dffe307
models/qwen-abliterated-simple/behaviormancer_config.json,models,.json,546,47fe50703ea003cd15df6b8c724b4bd677d0a991,100b771b1e6d586ffdf9f29bb230f892bf1b28ac,dataset_benchmark_registry_preserve_do_not_track_blindly,model_metadata_registry,preserve_metadata_no_weights,Medium,Metadata/config can feed model registry; never track model weights or generated caches blindly.,True,20,593e949ef297f135ffc156e3a57fc3bf9ad4cefb9e866b67c9d59f935c6aaf7e
models/qwen-abliterated-simple/config.json,models,.json,1461,929d20b4f24daba17ffd650cabcf41fe70e465f5,b3870ffefa8028d65f6ba03d3b61793ea62fda86,dataset_benchmark_registry_preserve_do_not_track_blindly,model_metadata_registry,preserve_metadata_no_weights,Medium,Metadata/config can feed model registry; never track model weights or generated caches blindly.,True,62,1d07057868a7ed5a14e4188bc2a0bf74d1c1472dfc8cde11fdb04ef909a3d24a
models/qwen-abliterated-simple/generation_config.json,models,.json,150,572a3c09031673eefae47c3ca16a5cddd5af3848,60d58dc607047a127773a5c10aff497399567c5a,dataset_benchmark_registry_preserve_do_not_track_blindly,model_metadata_registry,preserve_metadata_no_weights,Medium,Metadata/config can feed model registry; never track model weights or generated caches blindly.,True,7,cfa4325343fdd7985a799a6e462ce568b5f2b4832cdcdbb2e79d026d15939270
models/qwen-abliterated-simple/tokenizer_config.json,models,.json,697,98ed9ac3c577aeb23418178db7c3d6877721e770,c960ecf0d33fd7b8c99d12680c0e74a82b36d446,dataset_benchmark_registry_preserve_do_not_track_blindly,model_metadata_registry,preserve_metadata_no_weights,Medium,Metadata/config can feed model registry; never track model weights or generated caches blindly.,True,29,a746f50dacf3aac011b399237fbb5c9deeccb74f8e279cff50b9642339245667
models/qwen2.5-1.5b-guard-lora/adapter_config.json,models,.json,1254,556ae9da07471916a55cf78910d1df1e7be0dd7b,ee9338e94653a3427d07edd55b8502cb012b88e1,dataset_benchmark_registry_preserve_do_not_track_blindly,model_metadata_registry,preserve_metadata_no_weights,Medium,Metadata/config can feed model registry; never track model weights or generated caches blindly.,True,50,5ca1532d2673428b68df015a09702e132b791a6a0d6bd888a0609eeba6033797
models/qwen2.5-1.5b-guard-lora/checkpoint-100/adapter_config.json,models,.json,1254,556ae9da07471916a55cf78910d1df1e7be0dd7b,ee9338e94653a3427d07edd55b8502cb012b88e1,dataset_benchmark_registry_preserve_do_not_track_blindly,model_metadata_registry,preserve_metadata_no_weights,Medium,Metadata/config can feed model registry; never track model weights or generated caches blindly.,True,50,5ca1532d2673428b68df015a09702e132b791a6a0d6bd888a0609eeba6033797
models/qwen2.5-1.5b-guard-lora/checkpoint-100/tokenizer_config.json,models,.json,390,54edcb0ce075142fb161a224f32dfb5724637a35,895045ea04ef5f2447c84d9c3cd491760ab5a058,dataset_benchmark_registry_preserve_do_not_track_blindly,model_metadata_registry,preserve_metadata_no_weights,Medium,Metadata/config can feed model registry; never track model weights or generated caches blindly.,True,15,a28255507edc27a8530e8500f813a1e51cfe75c90c23e1c3e950caf036c7fe93
models/qwen2.5-1.5b-guard-lora/checkpoint-100/trainer_state.json,models,.json,2690,ee49e395a602d2e1d949cd5ff0c7e1c7a69d8565,aa16709fccf081f283bbec7a51c1e230b8b43c38,dataset_benchmark_registry_preserve_do_not_track_blindly,model_metadata_registry,preserve_metadata_no_weights,Medium,Metadata/config can feed model registry; never track model weights or generated caches blindly.,True,104,6f3763d480db298deeb1e4f0e68a651453acb8ed53637dbb060e2793f4148709
models/qwen2.5-1.5b-guard-lora/checkpoint-200/adapter_config.json,models,.json,1254,556ae9da07471916a55cf78910d1df1e7be0dd7b,ee9338e94653a3427d07edd55b8502cb012b88e1,dataset_benchmark_registry_preserve_do_not_track_blindly,model_metadata_registry,preserve_metadata_no_weights,Medium,Metadata/config can feed model registry; never track model weights or generated caches blindly.,True,50,5ca1532d2673428b68df015a09702e132b791a6a0d6bd888a0609eeba6033797
models/qwen2.5-1.5b-guard-lora/checkpoint-200/tokenizer_config.json,models,.json,390,54edcb0ce075142fb161a224f32dfb5724637a35,895045ea04ef5f2447c84d9c3cd491760ab5a058,dataset_benchmark_registry_preserve_do_not_track_blindly,model_metadata_registry,preserve_metadata_no_weights,Medium,Metadata/config can feed model registry; never track model weights or generated caches blindly.,True,15,a28255507edc27a8530e8500f813a1e51cfe75c90c23e1c3e950caf036c7fe93
models/qwen2.5-1.5b-guard-lora/checkpoint-200/trainer_state.json,models,.json,4596,3015a8473476e59c4eb4e2a435453e3015734999,d4aea128f335199707abade1f4e957830a31e487,dataset_benchmark_registry_preserve_do_not_track_blindly,model_metadata_registry,preserve_metadata_no_weights,Medium,Metadata/config can feed model registry; never track model weights or generated caches blindly.,True,174,061994ea2e44a8075815c861c38e82b7d43cb5906ddebfc41d0f3aec7a52df0b
models/qwen2.5-1.5b-guard-lora/tokenizer_config.json,models,.json,389,d8a0290b99fef5961da185c4fa317b63e6cef745,d9744b79efc9efb2b6f87f79e2e8006e076155f2,dataset_benchmark_registry_preserve_do_not_track_blindly,model_metadata_registry,preserve_metadata_no_weights,Medium,Metadata/config can feed model registry; never track model weights or generated caches blindly.,True,15,e83f0821b0005cb89ec593391c3c32d6021d2ac57ed4f79138effaf3759eecd1
models/qwen2.5-1.5b-guard-merged/config.json,models,.json,1644,e20e120fe46edc9d8420d3bfeda870697cf0c353,2d9808e8bb929906ca877cb96486cb13aaeb9e81,dataset_benchmark_registry_preserve_do_not_track_blindly,model_metadata_registry,preserve_metadata_no_weights,Medium,Metadata/config can feed model registry; never track model weights or generated caches blindly.,True,62,0d5742b5cd766ef7577ed529a4d83d6d8a6d7968b57a6c1d18d6c0aeae0efa74
models/qwen2.5-1.5b-guard-merged/tokenizer_config.json,models,.json,3038,141359510b33fec56375c2edb9aeab5065be8231,59da75452124a24476a536601eccdc3733daefcf,dataset_benchmark_registry_preserve_do_not_track_blindly,model_metadata_registry,preserve_metadata_no_weights,Medium,Metadata/config can feed model registry; never track model weights or generated caches blindly.,True,16,0e36f76b35823a93b91b5a89df01f4792427c9e6f805f1d3fb147e821fad114e
models/qwen2.5-1.5b-linear-merge.yml,models,.yml,373,7f14741acadfcd0134234caf4ee7f38804007f14,4e59d876e574be94bb0596cb4f963c9e13e46aa1,dataset_benchmark_registry_preserve_do_not_track_blindly,model_metadata_registry,preserve_metadata_no_weights,Medium,Metadata/config can feed model registry; never track model weights or generated caches blindly.,True,13,34a0ee061a5bf226d6b81b09473605d46c80169cb60fc4d4eeb2310a0f1ab443
models/qwen2.5-1.5b-slerp-merge-v2.yml,models,.yml,476,b105858499cba166d8c764a36c2e10d5aa136973,242abe029c9109e6f3e8f6e77315a089001ad4f6,dataset_benchmark_registry_preserve_do_not_track_blindly,model_metadata_registry,preserve_metadata_no_weights,Medium,Metadata/config can feed model registry; never track model weights or generated caches blindly.,True,12,a066e8b91a329141343212503f5ece016bedb91b80d29ad4613c23816b7e1dea
models/qwen2.5-1.5b-slerp-merge.yml,models,.yml,299,85b68a2e7ddffea9c693213c10a343d02d6cb904,63735e1f5d12526daaec801387e4597604c390a0,dataset_benchmark_registry_preserve_do_not_track_blindly,model_metadata_registry,preserve_metadata_no_weights,Medium,Metadata/config can feed model registry; never track model weights or generated caches blindly.,True,11,451cc19cff8977d9515a16048e201d4690fba1cba7a8a37c497460eb7535d3a5
models/qwen2.5-1.5b-ties-merge-v2.yml,models,.yml,600,c6617376cb9fc428ac37a2a6f0c37840c30f758f,64f3ae2af8c6010a5f7883292552d592d85f6def,dataset_benchmark_registry_preserve_do_not_track_blindly,model_metadata_registry,preserve_metadata_no_weights,Medium,Metadata/config can feed model registry; never track model weights or generated caches blindly.,True,22,2c78074ec8b4896b337b808da9c8b64a886caff77299e1dbd8a29fb3982d05c4
models/qwen2.5-1.5b-ties-merge.yml,models,.yml,510,b7a70d9379e3484f54b81845088d9983dfcbd7d2,e4e26c4184b601667b95d3d3352d81da1ec25183,dataset_benchmark_registry_preserve_do_not_track_blindly,model_metadata_registry,preserve_metadata_no_weights,Medium,Metadata/config can feed model registry; never track model weights or generated caches blindly.,True,19,87121f1ad27e24397b432d7baac0eb4f73e781e87849479c96bd8485301890af
models/tokenizer_config.json,models,.json,389,d8a0290b99fef5961da185c4fa317b63e6cef745,d9744b79efc9efb2b6f87f79e2e8006e076155f2,dataset_benchmark_registry_preserve_do_not_track_blindly,model_metadata_registry,preserve_metadata_no_weights,Medium,Metadata/config can feed model registry; never track model weights or generated caches blindly.,True,15,e83f0821b0005cb89ec593391c3c32d6021d2ac57ed4f79138effaf3759eecd1
models/guards/guard_collusion/README.md,models,.md,5414,4207f0b05deded4373ac84f07dff8068edffe7ff,43827833bd71a8a78eeb1af4e701f4e4d261e809,research_intake_archive_or_canonicalize,model_metadata_registry,preserve_metadata_no_weights,Medium,Metadata/config can feed model registry; never track model weights or generated caches blindly.,True,207,d40e3509c6668acb50958fb83b7b5e89d61c2857d58001978a22ef2b5533d45b
models/guards/guard_collusion/checkpoint-1506/README.md,models,.md,5414,cd0ec75683402113400bcf18bcd06a322c5a39d0,5eb133df5883618f431aabb25a66cc723edc436c,research_intake_archive_or_canonicalize,model_metadata_registry,preserve_metadata_no_weights,Medium,Metadata/config can feed model registry; never track model weights or generated caches blindly.,True,207,468a4f4f1fd57f7a0288a5cb56254bb397b0753fc51b6419197bd6120565b229
models/guards/guard_collusion/checkpoint-754/README.md,models,.md,5414,139c5732cb5ac07d476801d61ba0591b14dfd810,063e7a16a0c006ea0c0a78bb3d32ff49bf8d8f25,research_intake_archive_or_canonicalize,model_metadata_registry,preserve_metadata_no_weights,Medium,Metadata/config can feed model registry; never track model weights or generated caches blindly.,True,207,a2f8abbfdc76be4c38111cf55ef3b25b760ff027075ec872c7d29635e5520527
models/guards/guard_content/README.md,models,.md,5414,a9003cf4ca24736da77168b3a8c167904aad8856,798ef63e708ea81e70898afcc027b817a3ca98fa,research_intake_archive_or_canonicalize,model_metadata_registry,preserve_metadata_no_weights,Medium,Metadata/config can feed model registry; never track model weights or generated caches blindly.,True,207,669cc7f22f24ee40fcb3a294b749bf94f444974d42df37e67f80b39c2c269aeb
models/guards/guard_content/checkpoint-1494/README.md,models,.md,5414,2f799d2863a4e9f4d337a879e45a8f8a5f124104,ebb8ecdf0193f517d6d6c1e753cb1dadf3adeeca,research_intake_archive_or_canonicalize,model_metadata_registry,preserve_metadata_no_weights,Medium,Metadata/config can feed model registry; never track model weights or generated caches blindly.,True,207,731ebbdfe2e811a9abe870b41b3ff1f95535a6a9d8024fc1c65cb8a2184c63d9
models/guards/guard_content/checkpoint-747/README.md,models,.md,5414,4cdad97e59946e173ebb4475e56911ef626d54a1,c03e8305d25125ab7c9fee01919e1a87b8d48f49,research_intake_archive_or_canonicalize,model_metadata_registry,preserve_metadata_no_weights,Medium,Metadata/config can feed model registry; never track model weights or generated caches blindly.,True,207,3d547c25accc244f0059bea520fe55866ac9433227c59c00a63fd85a5e5f7799
models/guards/guard_jailbreak/README.md,models,.md,5414,0bfde4b94e48e7fc32cddc94c3eb4e417ce5fc3f,49658b7fb5f045a947a053945e150a0a3382bd3f,research_intake_archive_or_canonicalize,model_metadata_registry,preserve_metadata_no_weights,Medium,Metadata/config can feed model registry; never track model weights or generated caches blindly.,True,207,2646845281d2b3fa3319ff7fbf67a6da8151515115287f1f32a20c7eb7cdca91
models/guards/guard_jailbreak/checkpoint-1496/README.md,models,.md,5414,3e71e0a3c8d5919a5727bc7d105dce4d395bb6d1,24939d42f6823cba8d5681f157a4b5e1812031d0,research_intake_archive_or_canonicalize,model_metadata_registry,preserve_metadata_no_weights,Medium,Metadata/config can feed model registry; never track model weights or generated caches blindly.,True,207,e8a6ca3bb19daf8cd4b78604dd80998838e4d198659bf50eb927896486b83d25
models/guards/guard_jailbreak/checkpoint-748/README.md,models,.md,5414,302f88157741f1fe57d516d6f77093410a66e364,0619bde9dae8ce5a1a902c04c550709ca6e5dce9,research_intake_archive_or_canonicalize,model_metadata_registry,preserve_metadata_no_weights,Medium,Metadata/config can feed model registry; never track model weights or generated caches blindly.,True,207,71dfd0e275bed8df31e45efee9f85af4b80447f33e32d434bf1dfb5694607def
models/guards/guard_mcp/README.md,models,.md,5414,c85e79e249395c29e7def30ed7fb30c4ea77738f,054dd3712d8a28b0016b4f0cee5211faf0703e7a,research_intake_archive_or_canonicalize,model_metadata_registry,preserve_metadata_no_weights,Medium,Metadata/config can feed model registry; never track model weights or generated caches blindly.,True,207,939c8094883c2c791e49b78367a667a4ab36719984210d429cdfcfffbc311f81
models/guards/guard_mcp/checkpoint-1498/README.md,models,.md,5414,e346db63ce59299afba1289b7a9a6368bb79c44a,3b585cf82f08ed947a838c36d96b7358664e0036,research_intake_archive_or_canonicalize,model_metadata_registry,preserve_metadata_no_weights,Medium,Metadata/config can feed model registry; never track model weights or generated caches blindly.,True,207,9055b39ac0c2aadaee947393072cda472b6a316969c6432b6b7f6eadb8e2abda
models/guards/guard_mcp/checkpoint-749/README.md,models,.md,5414,4acb2c9b47ce2c2f201bbfcc61153512aeddeed5,c3c9a3249342ef22ce5596d7351bff1fdbaa30c8,research_intake_archive_or_canonicalize,model_metadata_registry,preserve_metadata_no_weights,Medium,Metadata/config can feed model registry; never track model weights or generated caches blindly.,True,207,592b81527410bef3bd073582033ef6254181f1d584d98430d54aae0a1647629d
models/qwen2.5-1.5b-base/README.md,models,.md,3969,cec1a378776295817681f6ace8cb9e6bbc022ba9,4da09ac2dbfee85161776a3ccbc8141571e61c6a,research_intake_archive_or_canonicalize,model_metadata_registry,preserve_metadata_no_weights,Medium,Metadata/config can feed model registry; never track model weights or generated caches blindly.,True,70,b5f6850490a3f201c291d72747b1ff2d677778c5a4486f471d3f1fef5eb1619b
models/qwen2.5-1.5b-guard-lora/README.md,models,.md,1729,5a24ac4ce819bc687246af9cd4446d55d65987ca,79b55d8bd0d53961b0eb2a97438bb33e3b77a94f,research_intake_archive_or_canonicalize,model_metadata_registry,preserve_metadata_no_weights,Medium,Metadata/config can feed model registry; never track model weights or generated caches blindly.,True,64,affac1806c46e1beb4b92a0654f2664fe1d127f8d9ead53919213d1aeba79177
models/qwen2.5-1.5b-guard-lora/checkpoint-100/README.md,models,.md,5512,657fe35a8286bc57f9d4f94fdff6072ef2bdbbf6,2c7f63948c4bb476b1f4b95d596d8f3556658e10,research_intake_archive_or_canonicalize,model_metadata_registry,preserve_metadata_no_weights,Medium,Metadata/config can feed model registry; never track model weights or generated caches blindly.,True,211,fc7f90f05432fcdc82a376ed1e3c89eed36ec0def2eba889e72ed2afe47b2dc1
models/qwen2.5-1.5b-guard-lora/checkpoint-200/README.md,models,.md,5512,2b442fabf00a7f91ee776b747403bff0ce82f3e8,af8fefe5d1b008cdc881341e483f7c6ae96774aa,research_intake_archive_or_canonicalize,model_metadata_registry,preserve_metadata_no_weights,Medium,Metadata/config can feed model registry; never track model weights or generated caches blindly.,True,211,136d200003e83906f26aa91e5468aa819ee4c62efe38b1333c2739aa9d1baeb5
research/archive/README.md,research,.md,378,94400df74cf3787cacb63bf8b41d3a0c86950e75,944d81208e53f5e128b1f2653ff3d637062c84dd,research_intake_archive_or_canonicalize,research_archive,archive_hold_not_canonical,Low,"Archive research is preservation material, not current canonical state.",True,8,33ccb9b0e0c3a5c9d98a56ea4b78fbb3f1e27eda7e33369e3121938532d1b81b
research/chinese_summary.txt,research,.txt,5541,fde9ba2822abc8780b2bf7a98c5fd68c86f51727,3997b5dfd5fe50174a721b58d356cc57612a015e,research_intake_archive_or_canonicalize,research_intake,synthesize_before_canonical,Medium,Research files can feed canonical docs after evidence synthesis and provenance review.,True,226,becdfdb574a4bf6863d5ce56fad8c34b19817eb31a8902d82bdc195511105865
research/ernie_FINAL_REPORT_v5_unlimited.txt,research,.txt,13618,2be82dc518d6a881bfd569099f6b3e6ccbee5e6f,e98904c2d1eaf5f5bcc8b2a4075112047403a1e0,research_intake_archive_or_canonicalize,research_intake,synthesize_before_canonical,Medium,Research files can feed canonical docs after evidence synthesis and provenance review.,True,666,cbd3423841c111138da12feb71fc51d3c503c36aa759f49ffd96a270bd3a18b1
research/ernie_FINAL_REPORT_v6_unlimited_english.txt,research,.txt,10432,bd261b10fd89969f3a811739d1d08908e8b4ad7d,a463725d0db96aacaf84e0b831e584977c3520dc,research_intake_archive_or_canonicalize,research_intake,synthesize_before_canonical,Medium,Research files can feed canonical docs after evidence synthesis and provenance review.,True,315,6b66eda35cea23d24fa106cffd06b2b1d17bf21945761506010057e0b3f8e0e5
research/ernie_IBM_1B_fallback_matrix.txt,research,.txt,23039,bf536b586448633c0faf15e42956fdd2e237e321,bf6602f51ddea6e401a8f61af6105ccbd11009a8,research_intake_archive_or_canonicalize,research_intake,synthesize_before_canonical,Medium,Research files can feed canonical docs after evidence synthesis and provenance review.,True,968,0f25cb486590ac7fe81e3f37a729e91d01e723f12711e5d9cc359935f31e84b2
research/ernie_NEXUS_v3_final_swarm_analysis.txt,research,.txt,30839,201977c330ce0fdb9416f8058079fafab1471dd6,fe00228a0be6868f442f34e567738e757ff94684,research_intake_archive_or_canonicalize,research_intake,synthesize_before_canonical,Medium,Research files can feed canonical docs after evidence synthesis and provenance review.,True,1167,fdb1fd413061a2d4b856709b003b2bb269dcfd6b68499235858ae08fa916a07f
research/ernie_TAMAS基准测试内容总结.txt,research,.txt,5988,59de78601154908b7de1f7d2f97b379994340a54,755a14fdd7c5373be49059a9c90c9ad6a86dadfe,research_intake_archive_or_canonicalize,research_intake,synthesize_before_canonical,Medium,Research files can feed canonical docs after evidence synthesis and provenance review.,True,229,6be098b9781510dc001a151be99d180d2c5177c29626b33106805ae84686b0a0
research/ernie_cross_validation_final_v10.txt,research,.txt,11085,16fc4a52d036c65a94a11ab4fca49f0468104fe7,65ac3baac25d8ba26e80366ec5f8003f5ff0ea25,research_intake_archive_or_canonicalize,research_intake,synthesize_before_canonical,Medium,Research files can feed canonical docs after evidence synthesis and provenance review.,True,546,41ac995bc78b760fa3208ac6e4edc791d8f4ad5255ad8f6fbf8e7d3a5c2186a8
research/ernie_cross_validation_report.txt,research,.txt,8634,b07747b57903bb571d08a57cb15168e159fa0fd1,89542ecc3721acf581bf6e51353989c4d8df9ad2,research_intake_archive_or_canonicalize,research_intake,synthesize_before_canonical,Medium,Research files can feed canonical docs after evidence synthesis and provenance review.,True,378,93bedd09e0ef0d8316fa0371ce184a2fe090b2fa3921eb56fcec3d95603f665c
research/ernie_failure_mode_analysis.txt,research,.txt,15576,6f9513a3d16a71dc974ff7432743947c9fefd23f,c4cc656902d05ba202382270b2e7e53ac7411e5f,research_intake_archive_or_canonicalize,research_intake,synthesize_before_canonical,Medium,Research files can feed canonical docs after evidence synthesis and provenance review.,True,481,274d21db8fd46213a986140a7c1dfb6ce5668273440e4100a5ff9064aa1e0871
research/ernie_root_cause_analysis.txt,research,.txt,14235,4b85e22918ff8ffa81860767a0707026a2836558,2f40d3ca07aca601dc249a187ded4b07e674f26e,research_intake_archive_or_canonicalize,research_intake,synthesize_before_canonical,Medium,Research files can feed canonical docs after evidence synthesis and provenance review.,True,579,d046c53d83912f6ed53889db49515fd798337b7510189db1b06af2ce12405fb7
research/ernie_root_cause_analysis_v2.txt,research,.txt,15914,8ba7b5c25b318f6bc4eef1c53afd79132973c104,9389cea21a16e07c4392cd15d0f723298731fdad,research_intake_archive_or_canonicalize,research_intake,synthesize_before_canonical,Medium,Research files can feed canonical docs after evidence synthesis and provenance review.,True,527,6c23de5c00e63fc92a5edcdbba267aff82a6c278f3a68898d6036d9a7bdb674d
research/ernie_swarm_analysis_V10_V11_V12_unlimited.txt,research,.txt,20165,7da2dc16da0716e37ebdae85f6d3734f46a14c33,a343ca5ff6fa88e3f011a7e4123390fc3b8ac391,research_intake_archive_or_canonicalize,research_intake,synthesize_before_canonical,Medium,Research files can feed canonical docs after evidence synthesis and provenance review.,True,779,fec6a8dfc3b8d7a0edbc9e5466534babe0b30d2617d84438e51684733a6428a0
research/ernie_swarm_analysis_V4_V5_V6_unlimited.txt,research,.txt,19355,e39563bfb214b67551cf3f93f8dd51702224ef01,ec9d9a86ec0747c9bd00fac7e7ce6d1c817da07d,research_intake_archive_or_canonicalize,research_intake,synthesize_before_canonical,Medium,Research files can feed canonical docs after evidence synthesis and provenance review.,True,800,4a669c9cac27782cc3b7ba625f5b83f558b9f0fa4efe3b32d13126988e14f7fd
research/ernie_swarm_variant_analysis_v4.txt,research,.txt,27549,ad61ce7377e74eb29000f0b68d9a703d309de185,75a1dc6e840cf1549b45b85ea26544c1762e1ce1,research_intake_archive_or_canonicalize,research_intake,synthesize_before_canonical,Medium,Research files can feed canonical docs after evidence synthesis and provenance review.,True,1076,4806c9dcbed8b86ec2cdf7ef801f8a2fddb7d6c6b4517ce5545ea6e9c2ee495d
research/ernie_swarm_variant_analysis_v5.txt,research,.txt,30739,f28e28c20336ccea5b7895d8863255f082f02576,7ebf7eec197390a29c5e2371cb712acc3ca42700,research_intake_archive_or_canonicalize,research_intake,synthesize_before_canonical,Medium,Research files can feed canonical docs after evidence synthesis and provenance review.,True,1241,4b5d4ab34cccbbf3db6b2606075bd650d297c2f3fa027b4b2e8b0bfb202e6fe8
research/evidence/README.md,research,.md,829,a3f25adaf12ac29d24cd7d857604309127e1d11e,c9acf75728835ddd9c4e610686b019c003a151ce,research_intake_archive_or_canonicalize,research_intake,synthesize_before_canonical,Medium,Research files can feed canonical docs after evidence synthesis and provenance review.,True,15,33cdc8f65a22d78368959136d78e1efdabf32318635c6e4e2d4427679c1dd6fa
research/evidence/briefs/ernie-adversarial-corpus-v2.md,research,.md,1538,010ffcb45bcf5d35438cde128f9ee48464264f49,3c5740410bad97d528ce4462ef698bc3a5203225,research_intake_archive_or_canonicalize,research_intake,synthesize_before_canonical,Medium,Research files can feed canonical docs after evidence synthesis and provenance review.,True,29,25225b6860a643f03e3a80418dde8d9bd7b113f63964f5e135f1ca4b04099f13
research/evidence/briefs/ernie-cross-validation-v10.md,research,.md,640,41fdedda022c00fbf7263abc3a66a495061bfc2c,adfd05ec62467792c3449387d1e15c84a083f9f0,research_intake_archive_or_canonicalize,research_intake,synthesize_before_canonical,Medium,Research files can feed canonical docs after evidence synthesis and provenance review.,True,17,e52468a5d9156530c0e16388d75528606c9d9b1ffab33851b44856365faaea2c
research/evidence/briefs/ernie-swarm-analysis-v10.md,research,.md,796,0d168c335a7e7e892f59636ea302706ec2d2e7cf,24f34b164a568af09dc86382e55c967b1d91e220,research_intake_archive_or_canonicalize,research_intake,synthesize_before_canonical,Medium,Research files can feed canonical docs after evidence synthesis and provenance review.,True,18,6c8f40d03ea651bfe88adccd0e76074e35b73b29389e5fccc14ec33e2de38ca6
research/evidence/briefs/ernie-swarm-v4-v6.md,research,.md,773,731930c811ac3b38aa07023ad24096314918511f,623f16d6db75d2ae05399cd560475b539492677f,research_intake_archive_or_canonicalize,research_intake,synthesize_before_canonical,Medium,Research files can feed canonical docs after evidence synthesis and provenance review.,True,17,3b24e82953ee51cceae3f47bb1245a698be103254c26628df07acd6e8037768f
research/evidence/briefs/guard-slm-reports.md,research,.md,585,927e8fa70aaee514a220f02ad0c90e09f3eb9d30,7689ae6dcc430bbeda450fc7aef2e83ddf1a3b67,research_intake_archive_or_canonicalize,research_intake,synthesize_before_canonical,Medium,Research files can feed canonical docs after evidence synthesis and provenance review.,True,17,eced0e7f779b3f9d0436e033ef9bc5e22d53bc69b10e1d9efd54fd0fd21c8f7e
research/evidence/briefs/nexus-frontier-v5.md,research,.md,1366,036bbdcab9f52cad3acfbb0a91576d0a66a3235f,cb6e1b32a14d2b538bcc6e582dc65c17205dd1d8,research_intake_archive_or_canonicalize,research_intake,synthesize_before_canonical,Medium,Research files can feed canonical docs after evidence synthesis and provenance review.,True,27,eb471da5b92cf8207124740c3d9afc5304304849ea77d9ac12c19deadc278dfd
research/evidence/briefs/nexus-stess-lab-v7-merged.md,research,.md,615,33f65d293e5e6ad2a721834f3e0bbafc3964a396,19488139660527bbbd9e2189c3975adec1871e64,research_intake_archive_or_canonicalize,research_intake,synthesize_before_canonical,Medium,Research files can feed canonical docs after evidence synthesis and provenance review.,True,17,48c8eccdc8a1de4a01e568de22a69f7a6868aacef68a7d14130f2bd42b8447e5
research/evidence/briefs/nexus-tamas-v6.md,research,.md,750,eff0b1019901ae0c9b0ddb3339bcf9b5627552e6,5e280db8edfdc24856b74b8a7926c0bbc357f430,research_intake_archive_or_canonicalize,research_intake,synthesize_before_canonical,Medium,Research files can feed canonical docs after evidence synthesis and provenance review.,True,16,f3592b3bb04b1be5d2ad2a0b24f2c18f12d92a87ba95ac4fec40d550d45141fc
research/evidence/briefs/phase6-trustkernel-integration.md,research,.md,767,f8e79368bf8b1c32515f4cfeab970bcc8b28d408,16856332f0a92d828116be035327ae7ac2090b91,research_intake_archive_or_canonicalize,research_intake,synthesize_before_canonical,Medium,Research files can feed canonical docs after evidence synthesis and provenance review.,True,18,34b090103a99eb3d8ea0d7f88cd38221533f1c4b47f2ef6a6e647ae09929c0d8
research/evidence/briefs/red-blue-purple-trustkernel-research.md,research,.md,728,183c7309444409b798468f5e9c1eacac7d175c09,1d07a4961b08fb658a1b5fc8392ba6a3f7581354,research_intake_archive_or_canonicalize,research_intake,synthesize_before_canonical,Medium,Research files can feed canonical docs after evidence synthesis and provenance review.,True,17,788879e3de5cccbfa322c43bb6caa92715b273918f63b25b4aad998c839247a1
research/evidence/briefs/stress-lab-v4-high-quality.md,research,.md,621,b89cc981a15624aac33913d72cd535691398dceb,6b969c04336ff8ff3d68ad0f80fec51aaf1d7546,research_intake_archive_or_canonicalize,research_intake,synthesize_before_canonical,Medium,Research files can feed canonical docs after evidence synthesis and provenance review.,True,17,30e4ea32b97f73c78e89180bad64af9121f6e8cde9570d91bd6ae75a511ae20f
research/evidence/drafts/ernie-v2-to-guard-plane-update.md,research,.md,937,185a850893391cee0fee31de0727829de34bd219,82cb65edc35fa74c4c95198e28c6098da78153a1,research_intake_archive_or_canonicalize,research_intake,synthesize_before_canonical,Medium,Research files can feed canonical docs after evidence synthesis and provenance review.,True,25,e6481d5d7b2ad836a7596da2f50e3a84f621cb514fb7ecc6c00c74573e399062
research/evidence/raw/ADVERSARIAL_CORPUS_v2.md,research,.md,456,ee8c8e2d02d6f758a06c074e0ea5d7a8193bc328,0e31d1be1f80d4e76d2b734cf0c19b7ecb9dfa7d,research_intake_archive_or_canonicalize,research_intake,synthesize_before_canonical,Medium,Research files can feed canonical docs after evidence synthesis and provenance review.,True,11,14af46fad06ae7bfab98308ff55d4a6aa3c399d37acf628c0108ccb53e7aad5b
research/hygiene/2026-05-27-research-tidiness-rules.md,research,.md,1066,5651ef69d7a60f9f35202d7469d2d12c0eb09455,4fabfad4fd31f1426669b71b63eae52878fbe7f0,research_intake_archive_or_canonicalize,research_intake,synthesize_before_canonical,Medium,Research files can feed canonical docs after evidence synthesis and provenance review.,True,21,8caf519875330bc97a16191c0dcafdaf97ee7fb02cafd6ebd7bfeb79a71b6c77
research/hygiene/archive-policy.md,research,.md,540,beeee35e40c252189a37ee0ecd169e47d9416548,9ae124f54b502e7fb8d621f7c4df1d206f27a1c5,research_intake_archive_or_canonicalize,research_intake,synthesize_before_canonical,Medium,Research files can feed canonical docs after evidence synthesis and provenance review.,True,12,0570d6b49916b4b3820dd7b25703604e1d523adfb4c61161af74e6acd75a9361
research/intake/2026-05-27-first-batch-lane-a-reconcile.md,research,.md,4218,9ac73807aca96bef2cc77df86fb1d81e132be531,8bd49f9dcc48781a86c7b62ffd814216afaa863d,research_intake_archive_or_canonicalize,research_intake,synthesize_before_canonical,Medium,Research files can feed canonical docs after evidence synthesis and provenance review.,True,63,20b6986298c04545a509c6d273cb7bae8a565eb60bc33439677d419c621b34af
research/intake/2026-05-27-first-batch-lane-b-diagnosis.md,research,.md,6231,4b61284e5a7594193f49c31ba79596ed883eb102,a5293861429ccca0f16a3a973f75ef56904c235b,research_intake_archive_or_canonicalize,research_intake,synthesize_before_canonical,Medium,Research files can feed canonical docs after evidence synthesis and provenance review.,True,105,55d583b187f82ad58e20937f93d43e8993c089bf77dafd8276be4bb12ac25741
research/intake/2026-05-27-first-batch-vap-records.jsonl,research,.jsonl,6489,1b6e98eeeb41f0df434d23b0063d47ca38d66027,c27592d35655efe17aab40e2a794dafe4da87281,research_intake_archive_or_canonicalize,research_intake,synthesize_before_canonical,Medium,Research files can feed canonical docs after evidence synthesis and provenance review.,True,10,379fb54778b4f747eeeb01af7a542502538b6d34fb71392d427cc298085f6053
research/intake/2026-05-27-memory-reconciliation.md,research,.md,5342,392e9d6dbeadd8557a2b175f831274b150c84809,b62a1a4caa17d7961cc43fab570c993093d4dffa,research_intake_archive_or_canonicalize,research_intake,synthesize_before_canonical,Medium,Research files can feed canonical docs after evidence synthesis and provenance review.,True,82,ebce0ddd9afc654122f43247ea5834a2852a55cdeda22615889f9e0ddcb487da
research/intake/2026-05-27-memory-systems-comparison.md,research,.md,2442,705b4bb01fd325fde641e2674acc20b43a774937,27b12be61c2ebc29be52606b3d6a5f95f2afdee5,research_intake_archive_or_canonicalize,research_intake,synthesize_before_canonical,Medium,Research files can feed canonical docs after evidence synthesis and provenance review.,True,68,70c5d5cec4ae6c711dd0905407454985c16fa87a8fb506f4ef8e16e885c407d3
research/mcp_security_synthesis.md,research,.md,12289,a740794bcf6b61e2ae35f06dc58ff564189c0110,ff6acf929dffab2934a81f43aac04280cf2a4103,research_intake_archive_or_canonicalize,research_intake,synthesize_before_canonical,Medium,Research files can feed canonical docs after evidence synthesis and provenance review.,True,212,902eecca0dac97ad1859f8b474c16c2d741ad1ccfc16f4d47b6f49973d5b2326
research/papers01/RED-BLUE-PURPLE/README.md,research,.md,2224,2408e9fcda098d69aa6e8b1697f148050d6a095b,dbee66e95e82e1a3ab58d146080e9ed8dae55f48,research_intake_archive_or_canonicalize,research_dataset_mirror,dedupe_against_benchmarks,Medium,Research mirror duplicates benchmark JSONL; keep one canonical dataset location plus references.,True,34,5aa973f0f4d2790d0dd8b887f8bd117000330a92194625c4aa9e23801f03a33b
research/papers01/RED-BLUE-PURPLE/RED-BLUE-PURPLE/extracted_texts/A-Red-Teaming-Framework-for-Securing-AI-in-Maritime-Autonomous-Systems.txt,research,.txt,109953,412ca67a422116cf5af499d5e7dd0e603b17f179,78e347d3884145a6c8378889f7a30cf83c16adf4,research_intake_archive_or_canonicalize,research_dataset_mirror,dedupe_against_benchmarks,Medium,Research mirror duplicates benchmark JSONL; keep one canonical dataset location plus references.,True,2328,1ca4ff564194d2cb8b76df09737767033de45ea44d85a889ab27c5772672f1b0
research/papers01/RED-BLUE-PURPLE/RED-BLUE-PURPLE/extracted_texts/A-principled-governance-for-emerging-AI-regimes-lessons-from-China-the-European-Union-and.txt,research,.txt,75608,48bdd5efc377606e41f3778fc0fe300ead356b23,90ff3e70d0c460e6737d6ac4d669b856856f9ca8,research_intake_archive_or_canonicalize,research_dataset_mirror,dedupe_against_benchmarks,Medium,Research mirror duplicates benchmark JSONL; keep one canonical dataset location plus references.,True,2170,31bfc17b01b25e0fdf1b4a9842026ab8d3beca3b9b6cca87f6ec13a01b5ac42b
research/papers01/RED-BLUE-PURPLE/RED-BLUE-PURPLE/extracted_texts/AI-safety-for-everyone.txt,research,.txt,81557,5fa5f91cdef3b6dc44b2c25c6681b94d01af6979,fe8e217e6f1fb634ee4a96cd5f949aaf2110cb14,research_intake_archive_or_canonicalize,research_dataset_mirror,dedupe_against_benchmarks,Medium,Research mirror duplicates benchmark JSONL; keep one canonical dataset location plus references.,True,1691,ddfa89d7f902cb48d0e2316abf11c41edaa356408963d9ea04811bdec6bc86af
research/papers01/RED-BLUE-PURPLE/RED-BLUE-PURPLE/extracted_texts/Advancing-Trustworthy-AI-A-Comparative-Evaluation-of-AI-Robustness-Toolboxes.txt,research,.txt,71171,fcf6a80a7d8518c582706abc4ee46061738b38b1,cdf849c3190fa65bc21af7d6d86737cea1e8145c,research_intake_archive_or_canonicalize,research_dataset_mirror,dedupe_against_benchmarks,Medium,Research mirror duplicates benchmark JSONL; keep one canonical dataset location plus references.,True,2104,7fd534de2287d02f14aedce3de91cbe8a86e6c7e741ffd293bcf490e69e2e2db
research/papers01/RED-BLUE-PURPLE/RED-BLUE-PURPLE/extracted_texts/Algorithmic-Accountability.txt,research,.txt,44446,e5ffee24399002bf1614e29dc62b5d2c684e1220,6e6ecf575a373a3cdd0327809f093b46a3087e8a,research_intake_archive_or_canonicalize,research_dataset_mirror,dedupe_against_benchmarks,Medium,Research mirror duplicates benchmark JSONL; keep one canonical dataset location plus references.,True,956,c9f440bf107e2f6498f6177aac3529a46b71b16c59ff1006324214a47b44d062
research/papers01/RED-BLUE-PURPLE/RED-BLUE-PURPLE/extracted_texts/Atacking ML systems-schneier2020.txt,research,.txt,12944,357f3ca0c702daca6b4f5709bbd9370332a0d417,b66c178e3e2f4455b93827b2c59516b69cae5505,research_intake_archive_or_canonicalize,research_dataset_mirror,dedupe_against_benchmarks,Medium,Research mirror duplicates benchmark JSONL; keep one canonical dataset location plus references.,True,368,8b1c332bde1dff3bac9e9cc8f6143cf9ab9d84febe6d2e71a49b5efdc1d0be79
research/papers01/RED-BLUE-PURPLE/RED-BLUE-PURPLE/extracted_texts/Automated Attack Model for Red Teams (2005).txt,research,.txt,33804,b763e1ce17a0962df6726fe87487aeba219f20ea,945652745f28285b65be78f2265675872b986858,research_intake_archive_or_canonicalize,research_dataset_mirror,dedupe_against_benchmarks,Medium,Research mirror duplicates benchmark JSONL; keep one canonical dataset location plus references.,True,823,93fabb6429146e69b7eeeb0a6d628899bbd2387a1f51d46a1b88561c8c5d6d1a
research/papers01/RED-BLUE-PURPLE/RED-BLUE-PURPLE/extracted_texts/Bandit-based-data-poisoning-attack-against-federated-learning-for-autonomous-driving-models.txt,research,.txt,115309,8631e3f059b055e2d94294dfaf0fcd3826915227,e7bd3110260924307d4e09d6de37059d24ddfb9f,research_intake_archive_or_canonicalize,research_dataset_mirror,dedupe_against_benchmarks,Medium,Research mirror duplicates benchmark JSONL; keep one canonical dataset location plus references.,True,2047,1e136a3fbdb1dbb8de5ac831e37455d0abf0f94f4e55228c6474a096466ef62e
research/papers01/RED-BLUE-PURPLE/RED-BLUE-PURPLE/extracted_texts/CTF DOJO TRAINING LANGUAGE MODEL AGENTS TO FIND vulnarabilities.txt,research,.txt,100130,9a37d242334ef6515b75acc6069027c3d61c5362,86c0ae0364f5eb4f753b742122e6b26da30854a3,research_intake_archive_or_canonicalize,research_dataset_mirror,dedupe_against_benchmarks,Medium,Research mirror duplicates benchmark JSONL; keep one canonical dataset location plus references.,True,4708,7059152f6fea1faacb890294655e50c6f3b58dd7c90397a2976ad3b2c68a9607
research/papers01/RED-BLUE-PURPLE/RED-BLUE-PURPLE/extracted_texts/Detection-and-prevention-of-evasion-attacks-on-machine-learning-models.txt,research,.txt,143072,5c7fcb521980a914913a1e8b886bb00c16ff3522,379bca5853819cdd0bbfca4b1c0997eeb238da92,research_intake_archive_or_canonicalize,research_dataset_mirror,dedupe_against_benchmarks,Medium,Research mirror duplicates benchmark JSONL; keep one canonical dataset location plus references.,True,2688,9740aaa1df1f69794690a2d8c92ae6158010145bcf66992a553f4b52b83e7b90
research/papers01/RED-BLUE-PURPLE/RED-BLUE-PURPLE/extracted_texts/Governing-Framework-for-the-Responsible-Democratization-of-Large-Language-Models-in-Banking.txt,research,.txt,44917,182c4adffc27327073b4fa010d112177ae91f934,48267061bf78ad66349dec459421cb7b697dde14,research_intake_archive_or_canonicalize,research_dataset_mirror,dedupe_against_benchmarks,Medium,Research mirror duplicates benchmark JSONL; keep one canonical dataset location plus references.,True,1048,2f5122cc9b284788b5957b8bcb3877de9ae1b5cffe7db46d13121eda56efa749
research/papers01/RED-BLUE-PURPLE/RED-BLUE-PURPLE/extracted_texts/Research Advances in Automated Red Teaming.txt,research,.txt,36916,89845deec2c307bd5d172995310e2e9cc08a5371,1d3f3cd0c8c3cfbd7565256d5f82edf6006eb47c,research_intake_archive_or_canonicalize,research_dataset_mirror,dedupe_against_benchmarks,Medium,Research mirror duplicates benchmark JSONL; keep one canonical dataset location plus references.,True,906,01c3771c0d3e8de75bd382283c8b44fbe70da5ad26c140bb35de613e00d5f19c
research/papers01/RED-BLUE-PURPLE/RED-BLUE-PURPLE/extracted_texts/Semantic-anomaly-detection-with-large-language-models.txt,research,.txt,89503,d2d26c2afeaa07aa8b87854712425bb5b8a81ff7,ef1b817264e4e4a1008b4e98350c0267a1fe32ac,research_intake_archive_or_canonicalize,research_dataset_mirror,dedupe_against_benchmarks,Medium,Research mirror duplicates benchmark JSONL; keep one canonical dataset location plus references.,True,1973,1a80de9f86edaaea407e1d87cb0b88d7b1533e9608ded90073631f6c1ca70922
research/papers01/RED-BLUE-PURPLE/RED-BLUE-PURPLE/extracted_texts/Understanding-the-Adversarial-Landscape-of-Large-Language-Models-Through-the-Lens-of-Attack.txt,research,.txt,37733,1b829006742d6eb0cc0ada9fcd34a09a777bcc70,b0bfc4bd12320fddf0b063465ece8911ca4d5915,research_intake_archive_or_canonicalize,research_dataset_mirror,dedupe_against_benchmarks,Medium,Research mirror duplicates benchmark JSONL; keep one canonical dataset location plus references.,True,1165,0c840b409cb6c53f0a3a2964269db063e8e66871e0ffe75029289a3750213945
research/papers01/RED-BLUE-PURPLE/RED-BLUE-PURPLE/governance_eval_results.json,research,.json,31225,d80b5755dd0d1984cffd2f61740c0448dd9ebe48,f789ee71c98cd3be50cf8e007a3650b772d2eacf,research_intake_archive_or_canonicalize,research_dataset_mirror,dedupe_against_benchmarks,Medium,Research mirror duplicates benchmark JSONL; keep one canonical dataset location plus references.,True,1070,8ee0d32fe1b60664482887da6eebf608dc3b3be70dd1ce06b829c3ca7158b7ff
research/papers01/RED-BLUE-PURPLE/RED-BLUE-PURPLE/isc_foundry_cross_stress.jsonl,research,.jsonl,1362502,f965d8755240ed7bf1c121d28e7187ad8fc66c95,67aafa0352e31292c4b010db1f9b3efbab6eb6d9,research_intake_archive_or_canonicalize,research_dataset_mirror,dedupe_against_benchmarks,Medium,Research mirror duplicates benchmark JSONL; keep one canonical dataset location plus references.,True,1074,09c14512a8816675bca60ac88d6c06ef913cafff87474d9a48256c82c1896290
research/papers01/RED-BLUE-PURPLE/RED-BLUE-PURPLE/isc_governance_stress.jsonl,research,.jsonl,74929,2635516976cc8e782ff54c1b30be0282e412b0f8,bcb9936a8fae1aab98e6869edaa94477c21e935c,research_intake_archive_or_canonicalize,research_dataset_mirror,dedupe_against_benchmarks,Medium,Research mirror duplicates benchmark JSONL; keep one canonical dataset location plus references.,True,90,61f14278d381999012e3f0b2a35d622dc6897902b0d0b6c4f553b587c723cfd2
research/papers01/RED-BLUE-PURPLE/RED-BLUE-PURPLE/nexus_frontier_v5_gov_bypass.jsonl,research,.jsonl,1826084,0d403701bd89c330b38d7f571cdf69967beb2b10,d7515940ab6171f6758b59f5f8a7959922797031,research_intake_archive_or_canonicalize,research_dataset_mirror,dedupe_against_benchmarks,Medium,Research mirror duplicates benchmark JSONL; keep one canonical dataset location plus references.,True,3000,432ed0381bc2a88a52a3ecdad695204616c7c0a0e6abc4ef6809f2d86769b417
research/papers01/RED-BLUE-PURPLE/RED-BLUE-PURPLE/nexus_frontier_v5_gray_area.jsonl,research,.jsonl,2032828,f259d0207ef139d7a1a6a7e1bb8346f7e9c2d823,50e28cf60d7e5f828eae7376a7a952472d6e0f91,research_intake_archive_or_canonicalize,research_dataset_mirror,dedupe_against_benchmarks,Medium,Research mirror duplicates benchmark JSONL; keep one canonical dataset location plus references.,True,3000,34a5f17410baefed5be694464e9c25e65943a88cb67e61e4e202afa28c73313d
research/papers01/RED-BLUE-PURPLE/RED-BLUE-PURPLE/nexus_frontier_v5_jailbreak.jsonl,research,.jsonl,1532591,fa52f3f9907ef998e844669ae8e24247c5a31375,9ed3419e337be708f3d457a0dfd9cab6dd067e50,research_intake_archive_or_canonicalize,research_dataset_mirror,dedupe_against_benchmarks,Medium,Research mirror duplicates benchmark JSONL; keep one canonical dataset location plus references.,True,2000,f5a99001b09737a9ff42802f6e1929a55080e4d2795d928a055fde1e66c3bff3
research/papers01/RED-BLUE-PURPLE/RED-BLUE-PURPLE/nexus_frontier_v5_mcp_contamination.jsonl,research,.jsonl,2072452,e5a5d99a1bb0ae662c20e722d73440eac262d512,c8ca92c15411c1102977dccf87e3e11541aed790,research_intake_archive_or_canonicalize,research_dataset_mirror,dedupe_against_benchmarks,Medium,Research mirror duplicates benchmark JSONL; keep one canonical dataset location plus references.,True,3000,129263db8c783d0bffa3c558e2d33f535eb88e81003cb55268c89f0a615e6d47
research/papers01/RED-BLUE-PURPLE/RED-BLUE-PURPLE/nexus_frontier_v5_memory_poison.jsonl,research,.jsonl,1950161,b68fa99a5bc0eeedd0f21c363d58a9c13223bacb,507728ca2683b742ce6b07bcdb7247579376a4da,research_intake_archive_or_canonicalize,research_dataset_mirror,dedupe_against_benchmarks,Medium,Research mirror duplicates benchmark JSONL; keep one canonical dataset location plus references.,True,3000,ba6d5faef464862972c8b92bc14652cb51cb61716669fe717c3f7203d9585887
research/papers01/RED-BLUE-PURPLE/RED-BLUE-PURPLE/nexus_frontier_v5_scored_thermo_fine_tuning.jsonl,research,.jsonl,913035,5a251c524ac308c217f9a03a257fc210c2a8cffc,423a6085d7c4c43567cadde4507572e7f832e424,research_intake_archive_or_canonicalize,research_dataset_mirror,dedupe_against_benchmarks,Medium,Research mirror duplicates benchmark JSONL; keep one canonical dataset location plus references.,True,500,47905d4cbc80b51985c3761c20c93a413375581a0dc3b8f90c0b1faf283a0074
research/papers01/RED-BLUE-PURPLE/RED-BLUE-PURPLE/nexus_frontier_v5_vacuum.jsonl,research,.jsonl,1398724,f2f0fca7aa9a6217ba2fb58f6977c50dee5991ef,283f4d4d4ca4e8067ff9b9d967888390cf752121,research_intake_archive_or_canonicalize,research_dataset_mirror,dedupe_against_benchmarks,Medium,Research mirror duplicates benchmark JSONL; keep one canonical dataset location plus references.,True,2000,73e315eaf91de6b214a4634390861d2d2cb15038db16919ef4fad914c8029f06
research/papers01/RED-BLUE-PURPLE/RED-BLUE-PURPLE/nexus_redteam_isc_v5.jsonl,research,.jsonl,690685,18528bbec255d46d39f4b3a983af02be06de19ae,6e1b65a9aa26f1a35b3aa558a6b24b6bef12485d,research_intake_archive_or_canonicalize,research_dataset_mirror,dedupe_against_benchmarks,Medium,Research mirror duplicates benchmark JSONL; keep one canonical dataset location plus references.,True,1200,d617bd1688a045af1c963ee5cf8f5d7ae4e5e3ddeccd4670096ef0617ec17d72
research/papers01/RED-BLUE-PURPLE/RED-BLUE-PURPLE/nexus_stress_v5_document_injection.jsonl,research,.jsonl,231617,4af4bb65a058150926ba249488180e8d4c05770d,a10a19ffc7568c380dea582aa7e39791876f9fe1,research_intake_archive_or_canonicalize,research_dataset_mirror,dedupe_against_benchmarks,Medium,Research mirror duplicates benchmark JSONL; keep one canonical dataset location plus references.,True,500,30a774537843ba27cf82dbb3c81d02cc20ff640d093bcc3598a44c6e1c557791
research/papers01/RED-BLUE-PURPLE/RED-BLUE-PURPLE/nexus_stress_v5_mcp_surface.jsonl,research,.jsonl,182756,b734180dd56d698610ef17817046b07a2e9b3474,e6306711f93384b610bb47af31eca17c2f886409,research_intake_archive_or_canonicalize,research_dataset_mirror,dedupe_against_benchmarks,Medium,Research mirror duplicates benchmark JSONL; keep one canonical dataset location plus references.,True,500,6860fc0e6ad7978d0bc5fb1f8cf8c71e07ea0fbc41657602e0ff31587b6d028b
research/papers01/RED-BLUE-PURPLE/RED-BLUE-PURPLE/nexus_stress_v5_payload_conversion.jsonl,research,.jsonl,643020,62d22fa600a7952319cebe9bd176c49ce263ab99,bc6d17c8f9f7ba9171c8ffbc2ca3e9b26cf608f6,research_intake_archive_or_canonicalize,research_dataset_mirror,dedupe_against_benchmarks,Medium,Research mirror duplicates benchmark JSONL; keep one canonical dataset location plus references.,True,2000,2bfcc6b98688c6059f4eff1373e94bd59660f0118b6a7f77637e1fac42657887
research/papers01/RED-BLUE-PURPLE/RED-BLUE-PURPLE/nexus_stress_v6_tamas_base.jsonl,research,.jsonl,371627,cf7c92ad5ffb81f6a7ed66ed20045bbd89275d82,625494d32d7284f8cb104f443760fa63fa1392e7,research_intake_archive_or_canonicalize,research_dataset_mirror,dedupe_against_benchmarks,Medium,Research mirror duplicates benchmark JSONL; keep one canonical dataset location plus references.,True,684,4d09104713e2f6f35c61e6dc658461f229e24f5b338f46bb7af1fb3bb4f21c1f
research/papers01/RED-BLUE-PURPLE/RED-BLUE-PURPLE/nexus_stress_v6_tamas_fine_tuning.jsonl,research,.jsonl,432290,0270fae2bc62d7f8b9c24af8cb9886d9863133b5,f035f86a2e2be8746d4160b81179f3f527669785,research_intake_archive_or_canonicalize,research_dataset_mirror,dedupe_against_benchmarks,Medium,Research mirror duplicates benchmark JSONL; keep one canonical dataset location plus references.,True,684,22b9060a41b1b07525ff7f0279594ae344d6325cf133659b63199da496467e49
research/papers01/RED-BLUE-PURPLE/RED-BLUE-PURPLE/tool_reasoning_stress.jsonl,research,.jsonl,818684,ad6d67144f141be97b185c02296c9f5d7d06d889,ac3d70c54e78039ed4e64400307c92c0849f5f9e,research_intake_archive_or_canonicalize,research_dataset_mirror,dedupe_against_benchmarks,Medium,Research mirror duplicates benchmark JSONL; keep one canonical dataset location plus references.,True,500,2f4b18e983fb04a172245b177527ed304bb6f38ddb9976b8a49064f81727aab0
research/papers01/RED-BLUE-PURPLE/RED-BLUE-PURPLE/unified_manifest.json,research,.json,1207,1225b8adf3de4a3fe995522f10119dba1f7408d9,8baf404cfc3def41fffa50bf410cd8fb3085c9b8,research_intake_archive_or_canonicalize,research_dataset_mirror,dedupe_against_benchmarks,Medium,Research mirror duplicates benchmark JSONL; keep one canonical dataset location plus references.,True,45,dd5ebdb4ca3b93aa4d32747f1a0e0a9b6f573ce8c4f6766d1298c8124a4dddce
research/papers01/RED-BLUE-PURPLE/RED-BLUE-PURPLE/v4_manifest.json,research,.json,1761,4f13eb979397fc1431d21fbb8052d75ee6c23662,9c7c078e8e172f1fbcf9b20532c877628b4e4ad7,research_intake_archive_or_canonicalize,research_dataset_mirror,dedupe_against_benchmarks,Medium,Research mirror duplicates benchmark JSONL; keep one canonical dataset location plus references.,True,74,4148f1fa6cb7f09a5a3400fdad482213640064ac5083b0cf1995839cf517245a
research/papers01/RED-BLUE-PURPLE/RED-BLUE-PURPLE/v5_frontier_manifest.json,research,.json,1446,ae689720b0abc5be93005966984c3d955290fc44,8c67f3e4bb54752355239cf77da36b3e9ecd38a8,research_intake_archive_or_canonicalize,research_dataset_mirror,dedupe_against_benchmarks,Medium,Research mirror duplicates benchmark JSONL; keep one canonical dataset location plus references.,True,46,5c21d4aa1dc69303225f1a81079919c956cc548805f489ac3bdbdebb1e0939eb
research/papers01/RED-BLUE-PURPLE/RED-BLUE-PURPLE/v6_tamas_manifest.json,research,.json,980,7b0130a3cf7645c09175a110b0f1cea623f8b6c7,0165d14b0f967c4f0672a28903c851b695c4e1d2,research_intake_archive_or_canonicalize,research_dataset_mirror,dedupe_against_benchmarks,Medium,Research mirror duplicates benchmark JSONL; keep one canonical dataset location plus references.,True,42,9806108574dc9807baad096b06a8a4c88c114e39c6f89a92cac1af7504edaa3b
research/papers01/RED-BLUE-PURPLE/RED-BLUE-PURPLE/v6_tool_manifest.json,research,.json,768,bce86482e9acc10f02c18b7abb8e81ea1d5598ab,d2d6ee2b03bd7550c0734d7729572bdea97c941a,research_intake_archive_or_canonicalize,research_dataset_mirror,dedupe_against_benchmarks,Medium,Research mirror duplicates benchmark JSONL; keep one canonical dataset location plus references.,True,33,bea3596882419289527ee7925d8cf57dacfea80f67f431c7b627b685b7f942a5
research/papers01/RED-BLUE-PURPLE/arXiv_2503_23278_MCP_Landscape_Threats.txt,research,.txt,158812,ec7703bdaf98a27aa790631dac4b45c85b990d18,4632367a9bfba2c20b75130217028260572b4db2,research_intake_archive_or_canonicalize,research_dataset_mirror,dedupe_against_benchmarks,Medium,Research mirror duplicates benchmark JSONL; keep one canonical dataset location plus references.,True,2638,029afdecd4b05c726dd0512b14af0377b15956cf3b431dd1fe667c6774f07d9c
research/papers01/RED-BLUE-PURPLE/arXiv_2504_08623_Enterprise_MCP_Security.txt,research,.txt,55837,9b8e02cc53264cfe05b6c2209218151eca8c7d9c,d24712239cecc292344823b090e5c5c0e27e33bc,research_intake_archive_or_canonicalize,research_dataset_mirror,dedupe_against_benchmarks,Medium,Research mirror duplicates benchmark JSONL; keep one canonical dataset location plus references.,True,1230,d3a182e709a7d9882c7e52398153b1088e4d95ef1a99b1354e20c202cb9db08b
research/papers01/RED-BLUE-PURPLE/arXiv_2509_24272_When_MCP_Servers_Attack.txt,research,.txt,74593,72384f181341444e2c4207b4743c40b62df8b179,8380503a9fea5713b70212247a1dc9207fbf0307,research_intake_archive_or_canonicalize,research_dataset_mirror,dedupe_against_benchmarks,Medium,Research mirror duplicates benchmark JSONL; keep one canonical dataset location plus references.,True,1661,2029c42128830864d424fbf99c42630578b8f731e58e379c9563da5850c4e779
research/papers01/RED-BLUE-PURPLE/arXiv_2510_16558_First_Look_MCP_Security.txt,research,.txt,83099,bed9d2781e70776ca6246995f489c53d697d0e36,5c22fd34983d6470978135f63373d92dfa4edddc,research_intake_archive_or_canonicalize,research_dataset_mirror,dedupe_against_benchmarks,Medium,Research mirror duplicates benchmark JSONL; keep one canonical dataset location plus references.,True,1759,6ce5dc209eb8af3f1d5ce740969ca076ea85dbb87eb50c60baeedc578afe73a1
research/papers01/RED-BLUE-PURPLE/automated_chaos_results.json,research,.json,42616,6c599ffe4a2ced62b0471c2778aa588b0d649427,97c825eb84d6c5c160da3b9a41c811a763b5af82,research_intake_archive_or_canonicalize,research_dataset_mirror,dedupe_against_benchmarks,Medium,Research mirror duplicates benchmark JSONL; keep one canonical dataset location plus references.,True,795,90c70cb8321f9b8a822c65b375d55ac07029b581ca850d449735edc81c06d001
research/papers01/RED-BLUE-PURPLE/extracted_texts/A-Red-Teaming-Framework-for-Securing-AI-in-Maritime-Autonomous-Systems.txt,research,.txt,109953,412ca67a422116cf5af499d5e7dd0e603b17f179,78e347d3884145a6c8378889f7a30cf83c16adf4,research_intake_archive_or_canonicalize,research_dataset_mirror,dedupe_against_benchmarks,Medium,Research mirror duplicates benchmark JSONL; keep one canonical dataset location plus references.,True,2328,1ca4ff564194d2cb8b76df09737767033de45ea44d85a889ab27c5772672f1b0
research/papers01/RED-BLUE-PURPLE/extracted_texts/A-principled-governance-for-emerging-AI-regimes-lessons-from-China-the-European-Union-and.txt,research,.txt,75608,48bdd5efc377606e41f3778fc0fe300ead356b23,90ff3e70d0c460e6737d6ac4d669b856856f9ca8,research_intake_archive_or_canonicalize,research_dataset_mirror,dedupe_against_benchmarks,Medium,Research mirror duplicates benchmark JSONL; keep one canonical dataset location plus references.,True,2170,31bfc17b01b25e0fdf1b4a9842026ab8d3beca3b9b6cca87f6ec13a01b5ac42b
research/papers01/RED-BLUE-PURPLE/extracted_texts/AI-safety-for-everyone.txt,research,.txt,81557,5fa5f91cdef3b6dc44b2c25c6681b94d01af6979,fe8e217e6f1fb634ee4a96cd5f949aaf2110cb14,research_intake_archive_or_canonicalize,research_dataset_mirror,dedupe_against_benchmarks,Medium,Research mirror duplicates benchmark JSONL; keep one canonical dataset location plus references.,True,1691,ddfa89d7f902cb48d0e2316abf11c41edaa356408963d9ea04811bdec6bc86af
research/papers01/RED-BLUE-PURPLE/extracted_texts/Advancing-Trustworthy-AI-A-Comparative-Evaluation-of-AI-Robustness-Toolboxes.txt,research,.txt,71171,fcf6a80a7d8518c582706abc4ee46061738b38b1,cdf849c3190fa65bc21af7d6d86737cea1e8145c,research_intake_archive_or_canonicalize,research_dataset_mirror,dedupe_against_benchmarks,Medium,Research mirror duplicates benchmark JSONL; keep one canonical dataset location plus references.,True,2104,7fd534de2287d02f14aedce3de91cbe8a86e6c7e741ffd293bcf490e69e2e2db
research/papers01/RED-BLUE-PURPLE/extracted_texts/Algorithmic-Accountability.txt,research,.txt,44446,e5ffee24399002bf1614e29dc62b5d2c684e1220,6e6ecf575a373a3cdd0327809f093b46a3087e8a,research_intake_archive_or_canonicalize,research_dataset_mirror,dedupe_against_benchmarks,Medium,Research mirror duplicates benchmark JSONL; keep one canonical dataset location plus references.,True,956,c9f440bf107e2f6498f6177aac3529a46b71b16c59ff1006324214a47b44d062
research/papers01/RED-BLUE-PURPLE/extracted_texts/Atacking ML systems-schneier2020.txt,research,.txt,12944,357f3ca0c702daca6b4f5709bbd9370332a0d417,b66c178e3e2f4455b93827b2c59516b69cae5505,research_intake_archive_or_canonicalize,research_dataset_mirror,dedupe_against_benchmarks,Medium,Research mirror duplicates benchmark JSONL; keep one canonical dataset location plus references.,True,368,8b1c332bde1dff3bac9e9cc8f6143cf9ab9d84febe6d2e71a49b5efdc1d0be79
research/papers01/RED-BLUE-PURPLE/extracted_texts/Automated Attack Model for Red Teams (2005).txt,research,.txt,33804,b763e1ce17a0962df6726fe87487aeba219f20ea,945652745f28285b65be78f2265675872b986858,research_intake_archive_or_canonicalize,research_dataset_mirror,dedupe_against_benchmarks,Medium,Research mirror duplicates benchmark JSONL; keep one canonical dataset location plus references.,True,823,93fabb6429146e69b7eeeb0a6d628899bbd2387a1f51d46a1b88561c8c5d6d1a
research/papers01/RED-BLUE-PURPLE/extracted_texts/Bandit-based-data-poisoning-attack-against-federated-learning-for-autonomous-driving-models.txt,research,.txt,115309,8631e3f059b055e2d94294dfaf0fcd3826915227,e7bd3110260924307d4e09d6de37059d24ddfb9f,research_intake_archive_or_canonicalize,research_dataset_mirror,dedupe_against_benchmarks,Medium,Research mirror duplicates benchmark JSONL; keep one canonical dataset location plus references.,True,2047,1e136a3fbdb1dbb8de5ac831e37455d0abf0f94f4e55228c6474a096466ef62e
research/papers01/RED-BLUE-PURPLE/extracted_texts/CTF DOJO TRAINING LANGUAGE MODEL AGENTS TO FIND vulnarabilities.txt,research,.txt,100130,9a37d242334ef6515b75acc6069027c3d61c5362,86c0ae0364f5eb4f753b742122e6b26da30854a3,research_intake_archive_or_canonicalize,research_dataset_mirror,dedupe_against_benchmarks,Medium,Research mirror duplicates benchmark JSONL; keep one canonical dataset location plus references.,True,4708,7059152f6fea1faacb890294655e50c6f3b58dd7c90397a2976ad3b2c68a9607
research/papers01/RED-BLUE-PURPLE/extracted_texts/Detection-and-prevention-of-evasion-attacks-on-machine-learning-models.txt,research,.txt,143072,5c7fcb521980a914913a1e8b886bb00c16ff3522,379bca5853819cdd0bbfca4b1c0997eeb238da92,research_intake_archive_or_canonicalize,research_dataset_mirror,dedupe_against_benchmarks,Medium,Research mirror duplicates benchmark JSONL; keep one canonical dataset location plus references.,True,2688,9740aaa1df1f69794690a2d8c92ae6158010145bcf66992a553f4b52b83e7b90
research/papers01/RED-BLUE-PURPLE/extracted_texts/Governing-Framework-for-the-Responsible-Democratization-of-Large-Language-Models-in-Banking.txt,research,.txt,44917,182c4adffc27327073b4fa010d112177ae91f934,48267061bf78ad66349dec459421cb7b697dde14,research_intake_archive_or_canonicalize,research_dataset_mirror,dedupe_against_benchmarks,Medium,Research mirror duplicates benchmark JSONL; keep one canonical dataset location plus references.,True,1048,2f5122cc9b284788b5957b8bcb3877de9ae1b5cffe7db46d13121eda56efa749
research/papers01/RED-BLUE-PURPLE/extracted_texts/Research Advances in Automated Red Teaming.txt,research,.txt,36916,89845deec2c307bd5d172995310e2e9cc08a5371,1d3f3cd0c8c3cfbd7565256d5f82edf6006eb47c,research_intake_archive_or_canonicalize,research_dataset_mirror,dedupe_against_benchmarks,Medium,Research mirror duplicates benchmark JSONL; keep one canonical dataset location plus references.,True,906,01c3771c0d3e8de75bd382283c8b44fbe70da5ad26c140bb35de613e00d5f19c
research/papers01/RED-BLUE-PURPLE/extracted_texts/Semantic-anomaly-detection-with-large-language-models.txt,research,.txt,89503,d2d26c2afeaa07aa8b87854712425bb5b8a81ff7,ef1b817264e4e4a1008b4e98350c0267a1fe32ac,research_intake_archive_or_canonicalize,research_dataset_mirror,dedupe_against_benchmarks,Medium,Research mirror duplicates benchmark JSONL; keep one canonical dataset location plus references.,True,1973,1a80de9f86edaaea407e1d87cb0b88d7b1533e9608ded90073631f6c1ca70922
research/papers01/RED-BLUE-PURPLE/extracted_texts/Understanding-the-Adversarial-Landscape-of-Large-Language-Models-Through-the-Lens-of-Attack.txt,research,.txt,37733,1b829006742d6eb0cc0ada9fcd34a09a777bcc70,b0bfc4bd12320fddf0b063465ece8911ca4d5915,research_intake_archive_or_canonicalize,research_dataset_mirror,dedupe_against_benchmarks,Medium,Research mirror duplicates benchmark JSONL; keep one canonical dataset location plus references.,True,1165,0c840b409cb6c53f0a3a2964269db063e8e66871e0ffe75029289a3750213945
research/papers01/RED-BLUE-PURPLE/governance_eval_results.json,research,.json,31225,d80b5755dd0d1984cffd2f61740c0448dd9ebe48,f789ee71c98cd3be50cf8e007a3650b772d2eacf,research_intake_archive_or_canonicalize,research_dataset_mirror,dedupe_against_benchmarks,Medium,Research mirror duplicates benchmark JSONL; keep one canonical dataset location plus references.,True,1070,8ee0d32fe1b60664482887da6eebf608dc3b3be70dd1ce06b829c3ca7158b7ff
research/papers01/RED-BLUE-PURPLE/isc_foundry_cross_stress.jsonl,research,.jsonl,1362502,f965d8755240ed7bf1c121d28e7187ad8fc66c95,67aafa0352e31292c4b010db1f9b3efbab6eb6d9,research_intake_archive_or_canonicalize,research_dataset_mirror,dedupe_against_benchmarks,Medium,Research mirror duplicates benchmark JSONL; keep one canonical dataset location plus references.,True,1074,09c14512a8816675bca60ac88d6c06ef913cafff87474d9a48256c82c1896290
research/papers01/RED-BLUE-PURPLE/isc_governance_stress.jsonl,research,.jsonl,74929,2635516976cc8e782ff54c1b30be0282e412b0f8,bcb9936a8fae1aab98e6869edaa94477c21e935c,research_intake_archive_or_canonicalize,research_dataset_mirror,dedupe_against_benchmarks,Medium,Research mirror duplicates benchmark JSONL; keep one canonical dataset location plus references.,True,90,61f14278d381999012e3f0b2a35d622dc6897902b0d0b6c4f553b587c723cfd2
research/papers01/RED-BLUE-PURPLE/nexus_frontier_v5_gov_bypass.jsonl,research,.jsonl,1826084,0d403701bd89c330b38d7f571cdf69967beb2b10,d7515940ab6171f6758b59f5f8a7959922797031,research_intake_archive_or_canonicalize,research_dataset_mirror,dedupe_against_benchmarks,Medium,Research mirror duplicates benchmark JSONL; keep one canonical dataset location plus references.,True,3000,432ed0381bc2a88a52a3ecdad695204616c7c0a0e6abc4ef6809f2d86769b417
research/papers01/RED-BLUE-PURPLE/nexus_frontier_v5_gray_area.jsonl,research,.jsonl,2032828,f259d0207ef139d7a1a6a7e1bb8346f7e9c2d823,50e28cf60d7e5f828eae7376a7a952472d6e0f91,research_intake_archive_or_canonicalize,research_dataset_mirror,dedupe_against_benchmarks,Medium,Research mirror duplicates benchmark JSONL; keep one canonical dataset location plus references.,True,3000,34a5f17410baefed5be694464e9c25e65943a88cb67e61e4e202afa28c73313d
research/papers01/RED-BLUE-PURPLE/nexus_frontier_v5_jailbreak.jsonl,research,.jsonl,1532591,fa52f3f9907ef998e844669ae8e24247c5a31375,9ed3419e337be708f3d457a0dfd9cab6dd067e50,research_intake_archive_or_canonicalize,research_dataset_mirror,dedupe_against_benchmarks,Medium,Research mirror duplicates benchmark JSONL; keep one canonical dataset location plus references.,True,2000,f5a99001b09737a9ff42802f6e1929a55080e4d2795d928a055fde1e66c3bff3
research/papers01/RED-BLUE-PURPLE/nexus_frontier_v5_mcp_contamination.jsonl,research,.jsonl,2072452,e5a5d99a1bb0ae662c20e722d73440eac262d512,c8ca92c15411c1102977dccf87e3e11541aed790,research_intake_archive_or_canonicalize,research_dataset_mirror,dedupe_against_benchmarks,Medium,Research mirror duplicates benchmark JSONL; keep one canonical dataset location plus references.,True,3000,129263db8c783d0bffa3c558e2d33f535eb88e81003cb55268c89f0a615e6d47
research/papers01/RED-BLUE-PURPLE/nexus_frontier_v5_memory_poison.jsonl,research,.jsonl,1950161,b68fa99a5bc0eeedd0f21c363d58a9c13223bacb,507728ca2683b742ce6b07bcdb7247579376a4da,research_intake_archive_or_canonicalize,research_dataset_mirror,dedupe_against_benchmarks,Medium,Research mirror duplicates benchmark JSONL; keep one canonical dataset location plus references.,True,3000,ba6d5faef464862972c8b92bc14652cb51cb61716669fe717c3f7203d9585887
research/papers01/RED-BLUE-PURPLE/nexus_frontier_v5_scored_thermo_fine_tuning.jsonl,research,.jsonl,913035,5a251c524ac308c217f9a03a257fc210c2a8cffc,423a6085d7c4c43567cadde4507572e7f832e424,research_intake_archive_or_canonicalize,research_dataset_mirror,dedupe_against_benchmarks,Medium,Research mirror duplicates benchmark JSONL; keep one canonical dataset location plus references.,True,500,47905d4cbc80b51985c3761c20c93a413375581a0dc3b8f90c0b1faf283a0074
research/papers01/RED-BLUE-PURPLE/nexus_frontier_v5_vacuum.jsonl,research,.jsonl,1398724,f2f0fca7aa9a6217ba2fb58f6977c50dee5991ef,283f4d4d4ca4e8067ff9b9d967888390cf752121,research_intake_archive_or_canonicalize,research_dataset_mirror,dedupe_against_benchmarks,Medium,Research mirror duplicates benchmark JSONL; keep one canonical dataset location plus references.,True,2000,73e315eaf91de6b214a4634390861d2d2cb15038db16919ef4fad914c8029f06
research/papers01/RED-BLUE-PURPLE/nexus_redteam_isc_v5.jsonl,research,.jsonl,690685,18528bbec255d46d39f4b3a983af02be06de19ae,6e1b65a9aa26f1a35b3aa558a6b24b6bef12485d,research_intake_archive_or_canonicalize,research_dataset_mirror,dedupe_against_benchmarks,Medium,Research mirror duplicates benchmark JSONL; keep one canonical dataset location plus references.,True,1200,d617bd1688a045af1c963ee5cf8f5d7ae4e5e3ddeccd4670096ef0617ec17d72
research/papers01/RED-BLUE-PURPLE/nexus_stress_v5_document_injection.jsonl,research,.jsonl,231617,4af4bb65a058150926ba249488180e8d4c05770d,a10a19ffc7568c380dea582aa7e39791876f9fe1,research_intake_archive_or_canonicalize,research_dataset_mirror,dedupe_against_benchmarks,Medium,Research mirror duplicates benchmark JSONL; keep one canonical dataset location plus references.,True,500,30a774537843ba27cf82dbb3c81d02cc20ff640d093bcc3598a44c6e1c557791
research/papers01/RED-BLUE-PURPLE/nexus_stress_v5_mcp_surface.jsonl,research,.jsonl,182756,b734180dd56d698610ef17817046b07a2e9b3474,e6306711f93384b610bb47af31eca17c2f886409,research_intake_archive_or_canonicalize,research_dataset_mirror,dedupe_against_benchmarks,Medium,Research mirror duplicates benchmark JSONL; keep one canonical dataset location plus references.,True,500,6860fc0e6ad7978d0bc5fb1f8cf8c71e07ea0fbc41657602e0ff31587b6d028b
research/papers01/RED-BLUE-PURPLE/nexus_stress_v5_payload_conversion.jsonl,research,.jsonl,643020,62d22fa600a7952319cebe9bd176c49ce263ab99,bc6d17c8f9f7ba9171c8ffbc2ca3e9b26cf608f6,research_intake_archive_or_canonicalize,research_dataset_mirror,dedupe_against_benchmarks,Medium,Research mirror duplicates benchmark JSONL; keep one canonical dataset location plus references.,True,2000,2bfcc6b98688c6059f4eff1373e94bd59660f0118b6a7f77637e1fac42657887
research/papers01/RED-BLUE-PURPLE/nexus_stress_v6_tamas_base.jsonl,research,.jsonl,371627,cf7c92ad5ffb81f6a7ed66ed20045bbd89275d82,625494d32d7284f8cb104f443760fa63fa1392e7,research_intake_archive_or_canonicalize,research_dataset_mirror,dedupe_against_benchmarks,Medium,Research mirror duplicates benchmark JSONL; keep one canonical dataset location plus references.,True,684,4d09104713e2f6f35c61e6dc658461f229e24f5b338f46bb7af1fb3bb4f21c1f
research/papers01/RED-BLUE-PURPLE/nexus_stress_v6_tamas_fine_tuning.jsonl,research,.jsonl,432290,0270fae2bc62d7f8b9c24af8cb9886d9863133b5,f035f86a2e2be8746d4160b81179f3f527669785,research_intake_archive_or_canonicalize,research_dataset_mirror,dedupe_against_benchmarks,Medium,Research mirror duplicates benchmark JSONL; keep one canonical dataset location plus references.,True,684,22b9060a41b1b07525ff7f0279594ae344d6325cf133659b63199da496467e49
research/papers01/RED-BLUE-PURPLE/paper_summaries_report.md,research,.md,8168,c2a5a882366f94802e6c656d03c1be0f048627e5,ff506c1db0b560a2921d5c82aabfb0e422698da0,research_intake_archive_or_canonicalize,research_dataset_mirror,dedupe_against_benchmarks,Medium,Research mirror duplicates benchmark JSONL; keep one canonical dataset location plus references.,True,136,7ec5d3007beb09ab6babf4004900d0ad90522226d693f706e4f397c4911b057f
research/papers01/RED-BLUE-PURPLE/raw_text_DICE.txt,research,.txt,43764,3fdfea5e127dd4b4b82075b78302f1f231eddb5a,fe8950f50fa2b73c9fe57448bb7ca285b5ed21bc,research_intake_archive_or_canonicalize,research_dataset_mirror,dedupe_against_benchmarks,Medium,Research mirror duplicates benchmark JSONL; keep one canonical dataset location plus references.,True,1042,b269f4a05601ba5d668dd52c5fb2d6a1052e2594a70e7c74c3963b3a5543b734
research/papers01/RED-BLUE-PURPLE/raw_text_Model_Merging.txt,research,.txt,57471,41a11d18237976b35ab5870dad49cbaa23ec0eba,bfb97c35cc5b53910638f82382e6dbe4db784cfb,research_intake_archive_or_canonicalize,research_dataset_mirror,dedupe_against_benchmarks,Medium,Research mirror duplicates benchmark JSONL; keep one canonical dataset location plus references.,True,1622,4a98d0a88fcd20ca66e7188d468ade9b8b66cbc412179c6169b274f696918384
research/papers01/RED-BLUE-PURPLE/raw_text_Survey.txt,research,.txt,110492,f0aab4a31efc8e618bac1c885b98aa159960a424,9b537f81a7bc935ef1c4c4c6fc7ec9da313be695,research_intake_archive_or_canonicalize,research_dataset_mirror,dedupe_against_benchmarks,Medium,Research mirror duplicates benchmark JSONL; keep one canonical dataset location plus references.,True,1607,758020a677a00d1a83a250f620ece2a1914139b2bae520c40997f83fdb231295
research/papers01/RED-BLUE-PURPLE/tool_reasoning_stress.jsonl,research,.jsonl,818684,ad6d67144f141be97b185c02296c9f5d7d06d889,ac3d70c54e78039ed4e64400307c92c0849f5f9e,research_intake_archive_or_canonicalize,research_dataset_mirror,dedupe_against_benchmarks,Medium,Research mirror duplicates benchmark JSONL; keep one canonical dataset location plus references.,True,500,2f4b18e983fb04a172245b177527ed304bb6f38ddb9976b8a49064f81727aab0
research/papers01/RED-BLUE-PURPLE/unified_manifest.json,research,.json,1207,1225b8adf3de4a3fe995522f10119dba1f7408d9,8baf404cfc3def41fffa50bf410cd8fb3085c9b8,research_intake_archive_or_canonicalize,research_dataset_mirror,dedupe_against_benchmarks,Medium,Research mirror duplicates benchmark JSONL; keep one canonical dataset location plus references.,True,45,dd5ebdb4ca3b93aa4d32747f1a0e0a9b6f573ce8c4f6766d1298c8124a4dddce
research/papers01/RED-BLUE-PURPLE/v4_manifest.json,research,.json,1761,4f13eb979397fc1431d21fbb8052d75ee6c23662,9c7c078e8e172f1fbcf9b20532c877628b4e4ad7,research_intake_archive_or_canonicalize,research_dataset_mirror,dedupe_against_benchmarks,Medium,Research mirror duplicates benchmark JSONL; keep one canonical dataset location plus references.,True,74,4148f1fa6cb7f09a5a3400fdad482213640064ac5083b0cf1995839cf517245a
research/papers01/RED-BLUE-PURPLE/v5_frontier_manifest.json,research,.json,1446,ae689720b0abc5be93005966984c3d955290fc44,8c67f3e4bb54752355239cf77da36b3e9ecd38a8,research_intake_archive_or_canonicalize,research_dataset_mirror,dedupe_against_benchmarks,Medium,Research mirror duplicates benchmark JSONL; keep one canonical dataset location plus references.,True,46,5c21d4aa1dc69303225f1a81079919c956cc548805f489ac3bdbdebb1e0939eb
research/papers01/RED-BLUE-PURPLE/v6_tamas_manifest.json,research,.json,980,7b0130a3cf7645c09175a110b0f1cea623f8b6c7,0165d14b0f967c4f0672a28903c851b695c4e1d2,research_intake_archive_or_canonicalize,research_dataset_mirror,dedupe_against_benchmarks,Medium,Research mirror duplicates benchmark JSONL; keep one canonical dataset location plus references.,True,42,9806108574dc9807baad096b06a8a4c88c114e39c6f89a92cac1af7504edaa3b
research/papers01/RED-BLUE-PURPLE/v6_tool_manifest.json,research,.json,768,bce86482e9acc10f02c18b7abb8e81ea1d5598ab,d2d6ee2b03bd7550c0734d7729572bdea97c941a,research_intake_archive_or_canonicalize,research_dataset_mirror,dedupe_against_benchmarks,Medium,Research mirror duplicates benchmark JSONL; keep one canonical dataset location plus references.,True,33,bea3596882419289527ee7925d8cf57dacfea80f67f431c7b627b685b7f942a5
research/proposals/2026-05-27-guard-plane-ernie-v2-updates.md,research,.md,2166,7fbd284b117f703ae844d353223400090b0eedcf,14f9c0989b2b962d325df873fc84fc6ee0af5f26,research_intake_archive_or_canonicalize,research_intake,synthesize_before_canonical,Medium,Research files can feed canonical docs after evidence synthesis and provenance review.,True,47,f028a53ec436eecacd5c6f146a978ff9f3cdd42686aeff3c0e82bc68b4adefb1
tasks/done/2026-05-27-governance-consolidation-activation.task.md,tasks,.md,1896,63818d608e7f3327114ee010357e0e6e900ad795,9e6dd1c318658c8b78dc92024b7065dbc0fa3f03,operator_task_review_track_if_active,operator_task_queue,review_track_if_active,High,Task files are actionable only if still pending/current after operator review.,True,46,1466617baddb2591839970cb2e54f452c25fdbae129b5eaa9f857944d5585d50
tasks/pending/2026-05-27-research-governance-closed-loop.task.md,tasks,.md,4704,cd18c9a1d7af064789a3a5357093a0977e7da6f3,636272299315048aa8559043b9499e65781dea3f,operator_task_review_track_if_active,operator_task_queue,review_track_if_active,High,Task files are actionable only if still pending/current after operator review.,True,67,3f0b5044c317123c1bde531215eb62eaf7748572121f584a6855be67b05bd47f
tasks/remediate_csv_row_bypass.md,tasks,.md,2509,b0f765ef75838f1c6173c79367b67db952080a9d,7ba2219fee993689b1480fd67f966d4d14902972,operator_task_review_track_if_active,operator_task_queue,review_track_if_active,High,Task files are actionable only if still pending/current after operator review.,True,35,0f8eb7c54772d907739c9ce34dc67322d02a3ecd6f1b6992626c395d88f9dd15
tasks/remediate_strict_echo_collapse.md,tasks,.md,2265,ae045bfa6ca589c8fa23be0ff1fe89290e115f4f,811107dff885188f89c08e4659f8011361bd64c9,operator_task_review_track_if_active,operator_task_queue,review_track_if_active,High,Task files are actionable only if still pending/current after operator review.,True,37,52842f1b52a7b22cf2fb6b515594a527118cfeb9c3a035e6d016ed82a87d6ae0
tasks/templates/activation-lane.task.md,tasks,.md,893,07c37bb463cc5aa84dc41a0758e3b24cec0feaaf,e0968eda751dc6ce896ee3359a611fac995c0386,operator_task_review_track_if_active,operator_task_queue,review_track_if_active,High,Task files are actionable only if still pending/current after operator review.,True,39,f45c9ce396d72d6d3626e6a2c03f67ae10a80727c3adc7d07785115a2e9186fa
