"priority","relation","kind","prefix","path","blob_size","sensitive_path_redacted","snapshot_blob"
"P2_untracked_intake_review","not_tracked_current_index","docs_or_research",".agents",".agents/skills/onboardingv2/README.md","5491","False","2197fbad4b29809999c068e354dd1d1c5457bf4c"
"P2_untracked_intake_review","not_tracked_current_index","docs_or_research",".agents",".agents/skills/onboardingv2/SKILL.md","29362","False","36478305ae9e72c215826037b9b014f0609eb1db"
"P2_untracked_intake_review","not_tracked_current_index","docs_or_research",".agents",".agents/skills/onboardingv2/mcp-configure/SKILL.md","14809","False","c4f6a8cb6fb94b9304c3d04417be7bd15fc7ee33"
"P2_untracked_intake_review","not_tracked_current_index","docs_or_research",".agents",".agents/skills/onboardingv2/mcp-configure/references/mcp-config-templates.md","8242","False","dfe87436d9c0486521e772de8f1fd279eda6d166"
"P2_untracked_intake_review","not_tracked_current_index","docs_or_research",".agents",".agents/skills/onboardingv2/mcp-configure/references/mcp-ui-links.md","3693","False","5e059af7be0a6a6827942af587e64fbe9d0d49a8"
"P2_untracked_intake_review","not_tracked_current_index","docs_or_research",".agents",".agents/skills/onboardingv2/references/1.8-summary.md","7750","False","1ca75c3da7d3c84c2419d2ccf9ef77499157abb4"
"P2_untracked_intake_review","not_tracked_current_index","docs_or_research",".agents",".agents/skills/onboardingv2/references/1.9-editor-rules.md","10834","False","feedccc16cc81b69139dc50d1121e37e0f51723c"
"P2_untracked_intake_review","not_tracked_current_index","docs_or_research",".agents",".agents/skills/onboardingv2/references/sdk/recipes.md","24065","False","ff25a7993b876ecfebe2cf414698b79bc12a7832"
"P2_untracked_intake_review","not_tracked_current_index","docs_or_research",".agents",".agents/skills/onboardingv2/references/sdk/snippets/android-client-sdk.md","4253","False","7434939fc0c4674afc16e5ef6dc09defa48bfdc2"
"P2_untracked_intake_review","not_tracked_current_index","docs_or_research",".agents",".agents/skills/onboardingv2/references/sdk/snippets/apex-server-sdk.md","750","False","3a5e4aa7ac4df4a2fc8857bde627a79c2bd88eba"
"P2_untracked_intake_review","not_tracked_current_index","docs_or_research",".agents",".agents/skills/onboardingv2/references/sdk/snippets/browser-frameworks-sdk.md","1079","False","ebc8f0159befebc6bdffa4d0c2f116de57c5bdff"
"P2_untracked_intake_review","not_tracked_current_index","docs_or_research",".agents",".agents/skills/onboardingv2/references/sdk/snippets/cpp-client-sdk.md","969","False","41624d598b87870b6345162c3df8227985e75d80"
"P2_untracked_intake_review","not_tracked_current_index","docs_or_research",".agents",".agents/skills/onboardingv2/references/sdk/snippets/cpp-server-sdk.md","728","False","1558c2999871ecd1e672f37da64912df89d93ccd"
"P2_untracked_intake_review","not_tracked_current_index","docs_or_research",".agents",".agents/skills/onboardingv2/references/sdk/snippets/dotnet-client-sdk.md","1240","False","baf3d5d277740120822b9b0f3aefbad2550ec9c3"
"P2_untracked_intake_review","not_tracked_current_index","docs_or_research",".agents",".agents/skills/onboardingv2/references/sdk/snippets/dotnet-server-sdk.md","3524","False","57e50e73534a099bb07190a2c1b0dff1a24f51a8"
"P2_untracked_intake_review","not_tracked_current_index","docs_or_research",".agents",".agents/skills/onboardingv2/references/sdk/snippets/edge-sdks.md","1943","False","8f7ed44168602ab0acc8bed6d17f533027ac7d27"
"P2_untracked_intake_review","not_tracked_current_index","docs_or_research",".agents",".agents/skills/onboardingv2/references/sdk/snippets/electron-client-sdk.md","908","False","7f59a62433535f10bf5088e13be4434ec865ed6f"
"P2_untracked_intake_review","not_tracked_current_index","docs_or_research",".agents",".agents/skills/onboardingv2/references/sdk/snippets/erlang-server-sdk.md","889","False","661e37691f29488184c57c7f0aabf4c092faaae8"
"P2_untracked_intake_review","not_tracked_current_index","docs_or_research",".agents",".agents/skills/onboardingv2/references/sdk/snippets/flutter-client-sdk.md","1304","False","d847a0db1c34057e4016969526bf68534e3c5888"
"P2_untracked_intake_review","not_tracked_current_index","docs_or_research",".agents",".agents/skills/onboardingv2/references/sdk/snippets/go-server-sdk.md","2245","False","26d47c4601ba57ed10f035a04696c1f699dc6610"
"P2_untracked_intake_review","not_tracked_current_index","docs_or_research",".agents",".agents/skills/onboardingv2/references/sdk/snippets/haskell-server-sdk.md","919","False","df4db0accbe3b851b685a110c0a1bc862222cd1f"
"P2_untracked_intake_review","not_tracked_current_index","docs_or_research",".agents",".agents/skills/onboardingv2/references/sdk/snippets/ios-client-sdk.md","4782","False","c733289321a7bb92a2f3ffeba8f01008001bf063"
"P2_untracked_intake_review","not_tracked_current_index","docs_or_research",".agents",".agents/skills/onboardingv2/references/sdk/snippets/java-server-sdk.md","3587","False","c872acb630195bce0f33bc2c5fceeea250147f1e"
"P2_untracked_intake_review","not_tracked_current_index","docs_or_research",".agents",".agents/skills/onboardingv2/references/sdk/snippets/javascript-browser-sdk.md","2747","False","1cb1750c626e230458d83b351b12de44e2fceba3"
"P2_untracked_intake_review","not_tracked_current_index","docs_or_research",".agents",".agents/skills/onboardingv2/references/sdk/snippets/lua-server-sdk.md","1054","False","eac2b9f11ced74bf2b320ec6880fc8bb4005bdd2"
"P2_untracked_intake_review","not_tracked_current_index","docs_or_research",".agents",".agents/skills/onboardingv2/references/sdk/snippets/node-client-sdk.md","1017","False","e1144ed7accb061b397540109129e1f3e8148114"
"P2_untracked_intake_review","not_tracked_current_index","docs_or_research",".agents",".agents/skills/onboardingv2/references/sdk/snippets/node-server-sdk.md","3008","False","505f96fe8790249515e4184f0ada6440dacf44e2"
"P2_untracked_intake_review","not_tracked_current_index","docs_or_research",".agents",".agents/skills/onboardingv2/references/sdk/snippets/php-server-sdk.md","847","False","52557cfa2c11a1cb90b07cb4376866e8b2b92ba7"
"P2_untracked_intake_review","not_tracked_current_index","docs_or_research",".agents",".agents/skills/onboardingv2/references/sdk/snippets/python-server-sdk.md","2921","False","a7d413f863a7913bffa3db14919a7f427f569ab8"
"P2_untracked_intake_review","not_tracked_current_index","docs_or_research",".agents",".agents/skills/onboardingv2/references/sdk/snippets/react-native-sdk.md","2916","False","701bfbccbc98ea393d6f6520dcecee164886cd83"
"P2_untracked_intake_review","not_tracked_current_index","docs_or_research",".agents",".agents/skills/onboardingv2/references/sdk/snippets/react-web-sdk.md","2911","False","e6fd97267ce5411ee310d2800e243a48cd80827d"
"P2_untracked_intake_review","not_tracked_current_index","docs_or_research",".agents",".agents/skills/onboardingv2/references/sdk/snippets/roku-client-sdk.md","718","False","4ca5cbdbbd13aa48870da8ee066ee3c18e90493a"
"P2_untracked_intake_review","not_tracked_current_index","docs_or_research",".agents",".agents/skills/onboardingv2/references/sdk/snippets/ruby-server-sdk.md","934","False","6f37807970a9b47adca5dbd797103e95f5027e07"
"P2_untracked_intake_review","not_tracked_current_index","docs_or_research",".agents",".agents/skills/onboardingv2/references/sdk/snippets/rust-server-sdk.md","866","False","64a4c168c6ea3de92ffdd753e6082aace7f7d8e5"
"P2_untracked_intake_review","not_tracked_current_index","docs_or_research",".agents",".agents/skills/onboardingv2/references/sdk/snippets/vue-client-sdk.md","765","False","cb85a8ace62009a3ce116c13812b46f076f2c16e"
"P2_untracked_intake_review","not_tracked_current_index","docs_or_research",".agents",".agents/skills/onboardingv2/sdk-install/SKILL.md","5148","False","bf2fd7366d62989ccdcb9268e65e268b4f6be7cd"
"P2_untracked_intake_review","not_tracked_current_index","docs_or_research",".agents",".agents/skills/onboardingv2/sdk-install/apply/SKILL.md","14445","False","ef115a7c8dd66eba99df4e411d8981ac434b873b"
"P2_untracked_intake_review","not_tracked_current_index","docs_or_research",".agents",".agents/skills/onboardingv2/sdk-install/detect/SKILL.md","12494","False","48d1bc32cc1c6e956ee0549210e5914d5ce7fbc2"
"P2_untracked_intake_review","not_tracked_current_index","docs_or_research",".agents",".agents/skills/onboardingv2/sdk-install/plan/SKILL.md","10264","False","f82eea1d0b86f3dd64d3d5efff8b9ed50f4a3727"
"P0_sensitive_hold","not_tracked_current_index","sensitive_path",".devin","<redacted-sensitive-path:.md>","11353","True","4eb967633a4241a91f3b32f3dd76b32033a8f406"
"P0_sensitive_hold","not_tracked_current_index","sensitive_path",".devin","<redacted-sensitive-path:.md>","11020","True","ae2ae9f3bd36c517a5b223ca183e3a54db42b952"
"P0_sensitive_hold","not_tracked_current_index","sensitive_path",".devin","<redacted-sensitive-path:.md>","13456","True","418762d4a3995412d3caf5ecc40a40349e89974c"
"P0_sensitive_hold","not_tracked_current_index","sensitive_path",".devin","<redacted-sensitive-path:.md>","6824","True","ab57866727836fe17c83b2ad660fb8c09481c1a4"
"P0_sensitive_hold","not_tracked_current_index","sensitive_path",".devin","<redacted-sensitive-path:.md>","4849","True","87b145e93681395ea62759a9e11602851059a3b8"
"P0_sensitive_hold","not_tracked_current_index","sensitive_path",".devin","<redacted-sensitive-path:.md>","2532","True","cbe8a04d2a226c4a254e2c32d28445c1d9621a96"
"P0_sensitive_hold","not_tracked_current_index","sensitive_path",".devin","<redacted-sensitive-path:.md>","4136","True","838ec9d903c82a551e62376c97f80dac3e91dabe"
"P0_sensitive_hold","not_tracked_current_index","sensitive_path",".devin","<redacted-sensitive-path:.md>","3998","True","21c39dcc86efa2529273540de50cf480f6661b9c"
"P0_sensitive_hold","not_tracked_current_index","sensitive_path",".devin","<redacted-sensitive-path:.md>","15767","True","82439d1af271ea0f400fd93ad0e49df52e2ba292"
"P0_sensitive_hold","not_tracked_current_index","sensitive_path",".devin","<redacted-sensitive-path:.json>","3865","True","2f9e58601c4bb2d5d50b139a94a96342d5ed471a"
"P0_sensitive_hold","not_tracked_current_index","sensitive_path",".gemini","<redacted-sensitive-path:.json>","136","True","2ec961fce9bc7fd86f71eeee07d536ce678b4438"
"P0_sensitive_hold","not_tracked_current_index","sensitive_path",".grok","<redacted-sensitive-path:.json>","33","True","a2d9deb48858cf2c21f32e87f8a18f368e5c3665"
"P2_diff_evidence_review","different_index","docs_or_research",".pi",".pi/ARCHITECTURE_DEEP_DIVE.md","28305","False","17069767b02bb6184757553b2cce051b027f1a4d"
"P2_diff_evidence_review","different_index","docs_or_research",".pi",".pi/CRITICAL_INTEGRATION_REVIEW.md","13306","False","63c8f1db15cf46154e7854b8a5a6605f79fd4553"
"P2_diff_evidence_review","different_index","docs_or_research",".pi",".pi/EXPERT_REPORTS_SYNTHESIS.md","45214","False","b21c6201ad9bc4f2ef423ba9533e9e53846c5c32"
"P2_diff_evidence_review","different_index","docs_or_research",".pi",".pi/GMR_SYSTEM_DESIGN.md","39864","False","934e2d943b5d30c5e49a3fb6bdf30e8046f170d7"
"P2_diff_evidence_review","different_index","docs_or_research",".pi",".pi/PRIORITY_WORK_PLAN.md","9660","False","861055ab0290300450f83913d1f9444f9d55677b"
"P2_diff_evidence_review","different_index","docs_or_research",".pi",".pi/ROTATION_TABLE.md","9121","False","fa6d9fb5461091dcf1c923f0b30adc0f2bc6f45f"
"P0_sensitive_hold","different_index","sensitive_path",".pi","<redacted-sensitive-path:.md>","4653","True","5307ca1c7769524056187edc252f068bb3628a2f"
"P0_sensitive_hold","different_index","sensitive_path",".pi","<redacted-sensitive-path:.md>","4632","True","eb601dca5b049458979dc274ffdcb25aa2b97bed"
"P2_diff_evidence_review","different_index","docs_or_research",".pi",".pi/SWARM_TEAM_DESIGN.md","17672","False","f1d54d1be459d14f8bb80a5c673286561d5e6d42"
"P2_diff_evidence_review","different_index","data_or_benchmark",".pi",".pi/gitleaks-report.json","4","False","60b0742537a340e24cd759907e52a344943fb386"
"P2_diff_evidence_review","different_index","data_or_benchmark",".pi",".pi/models_registry.json","9442","False","1b9cef2b7eccf7b0462423febe992c3d4d4d811a"
"P2_untracked_intake_review","not_tracked_current_index","data_or_benchmark",".playwright-mcp",".playwright-mcp/page-2026-05-22T03-23-43-073Z.yml","591638","False","b58138eed7852575fac94f8c2d84710eac05b9d9"
"P2_untracked_intake_review","not_tracked_current_index","data_or_benchmark",".playwright-mcp",".playwright-mcp/page-2026-05-22T03-24-12-409Z.yml","11589","False","8a851c9d45d0fa8df848bb193cfce78b9c14981d"
"P2_untracked_intake_review","not_tracked_current_index","data_or_benchmark",".playwright-mcp",".playwright-mcp/page-2026-05-22T03-24-24-210Z.yml","37141","False","a3f865f9e86d34d56714f85a5dfeff524631bc14"
"P2_untracked_intake_review","not_tracked_current_index","data_or_benchmark",".playwright-mcp",".playwright-mcp/page-2026-05-24T16-36-39-709Z.yml","17574","False","499d33b1876a4169c957c8969cba94028613730a"
"P2_untracked_intake_review","not_tracked_current_index","data_or_benchmark",".playwright-mcp",".playwright-mcp/page-2026-05-24T16-37-24-810Z.yml","18182","False","4679c17ecddd627aa276cae8e4c846476a24367f"
"P2_untracked_intake_review","not_tracked_current_index","data_or_benchmark",".playwright-mcp",".playwright-mcp/page-2026-05-25T21-58-10-214Z.yml","137589","False","80d65204fb26e69bc3537cfa1ecb4e2407d265b9"
"P2_untracked_intake_review","not_tracked_current_index","data_or_benchmark",".playwright-mcp",".playwright-mcp/page-2026-05-26T17-48-25-315Z.yml","17733","False","afe2979667936ccdc2e24df7c19b74b9bf073e03"
"P0_sensitive_hold","not_tracked_current_index","sensitive_path",".session","<redacted-sensitive-path:.md>","14707","True","9f78153f1f84c3f2f2fe23b69ff2fdffda455216"
"P2_untracked_intake_review","not_tracked_current_index","data_or_benchmark",".vscode",".vscode/settings.json","4099","False","4284231f60bfd6b9274806f0172b49f756f15f04"
"P2_diff_evidence_review","different_index","docs_or_research","01_PROJECT_STATE.md","01_PROJECT_STATE.md","6306","False","e14b1d290eb8a7d881e3ed58d86c88cff63aac80"
"P2_diff_evidence_review","different_index","docs_or_research","AGENTS.md","AGENTS.md","6220","False","905dcc93e9302772753cd0da0be20c640e5ac0f7"
"P2_diff_evidence_review","different_index","docs_or_research","GROUNDING.md","GROUNDING.md","19945","False","08c5e2ee45181743b39116ae796534ad32fee8a6"
"P2_diff_evidence_review","different_index","docs_or_research","HEARTBEAT.md","HEARTBEAT.md","2381","False","aca2448809048e5ed490da3e6884e99f1fe57316"
"P2_diff_evidence_review","different_index","docs_or_research","NEXUS_OS_STATUS_REPORT.md","NEXUS_OS_STATUS_REPORT.md","43945","False","c3ee480e4a636847e2bd9cc3510305c51291d109"
"P2_diff_evidence_review","different_index","docs_or_research","SOUL.md","SOUL.md","2091","False","bbe7fb4997571314b6f71afd2e37ecc0aa384ced"
"P2_untracked_intake_review","not_tracked_current_index","data_or_benchmark","backups","backups/streamlabs-clean-base/20260523-1545-streamlabs-clean-base/BASELINE_METADATA.json","619","False","3a216d07d8a9d317aac70daf0bc2fd9798d6f0bd"
"P2_untracked_intake_review","not_tracked_current_index","data_or_benchmark","backups","backups/streamlabs-clean-base/20260523-1545-streamlabs-clean-base/SceneCollections/4c516060-fc41-4fb9-a715-079742e315be.json","1483225","False","9ba573af4eb1100d0abc1da2f020461cb55473bf"
"P2_untracked_intake_review","not_tracked_current_index","data_or_benchmark","backups","backups/streamlabs-clean-base/20260523-1545-streamlabs-clean-base/SceneCollections/manifest.json","57164","False","de2bdc26170a4e589f3b26554def489b75772d44"
"P2_untracked_intake_review","not_tracked_current_index","data_or_benchmark","backups","backups/streamlabs-clean-base/20260523-1545-streamlabs-clean-base/recordEncoder.json","254","False","60ba19ed5d3c7af9e217dbf6499e7fbbdb055244"
"P2_untracked_intake_review","not_tracked_current_index","data_or_benchmark","backups","backups/streamlabs-clean-base/20260523-1545-streamlabs-clean-base/streamEncoder.json","310","False","82e51176365201b206f1f6c4142e81741e032f25"
"P2_untracked_intake_review","not_tracked_current_index","docs_or_research","backups","backups/streamlabs-obs-20260523-152628/2026-05-23 15-25-58.txt","98317","False","83ccb75d38192036351bca8d60f082a0eabf09f7"
"P2_untracked_intake_review","not_tracked_current_index","data_or_benchmark","backups","backups/streamlabs-obs-20260523-152628/4c516060-fc41-4fb9-a715-079742e315be.json","1514227","False","e8686a9385e9db8533a063dd6320dbccb89236d3"
"P2_untracked_intake_review","not_tracked_current_index","data_or_benchmark","backups","backups/streamlabs-obs-20260523-152628/brief-crash-info.json","4","False","ec747fa47ddb81e9bf2d282011ed32aa4c59f932"
"P2_untracked_intake_review","not_tracked_current_index","docs_or_research","backups","backups/streamlabs-obs-20260523-152628/long_calls.txt","83537","False","a0825f868a64f85fb5c1b495cfe3eb6395e395cd"
"P2_untracked_intake_review","not_tracked_current_index","data_or_benchmark","backups","backups/streamlabs-obs-20260523-152628/recordEncoder.json","254","False","60ba19ed5d3c7af9e217dbf6499e7fbbdb055244"
"P2_untracked_intake_review","not_tracked_current_index","data_or_benchmark","backups","backups/streamlabs-obs-20260523-152628/streamEncoder.json","309","False","554d19252328a4af028c84a9691df47ae22d661d"
"P2_untracked_intake_review","not_tracked_current_index","docs_or_research","backups","backups/streamlabs-obs-20260523-152722/2026-05-23 15-25-58.txt","124336","False","5b64177f709521c4a077230de9ba249b24d405ab"
"P2_untracked_intake_review","not_tracked_current_index","data_or_benchmark","backups","backups/streamlabs-obs-20260523-152722/4c516060-fc41-4fb9-a715-079742e315be.json","1514227","False","e8686a9385e9db8533a063dd6320dbccb89236d3"
"P2_untracked_intake_review","not_tracked_current_index","data_or_benchmark","backups","backups/streamlabs-obs-20260523-152722/brief-crash-info.json","4","False","ec747fa47ddb81e9bf2d282011ed32aa4c59f932"
"P2_untracked_intake_review","not_tracked_current_index","docs_or_research","backups","backups/streamlabs-obs-20260523-152722/long_calls.txt","83734","False","d92b12c3b24e7ba76330a7be5668e13065f531d1"
"P2_untracked_intake_review","not_tracked_current_index","data_or_benchmark","backups","backups/streamlabs-obs-20260523-152722/recordEncoder.json","254","False","60ba19ed5d3c7af9e217dbf6499e7fbbdb055244"
"P2_untracked_intake_review","not_tracked_current_index","data_or_benchmark","backups","backups/streamlabs-obs-20260523-152722/streamEncoder.json","309","False","554d19252328a4af028c84a9691df47ae22d661d"
"P2_untracked_intake_review","not_tracked_current_index","docs_or_research","backups","backups/streamlabs-obs-20260523-153238/2026-05-23 15-25-58.txt","124897","False","7007d602d0806942d5be139aad2779fc90b7324c"
"P2_untracked_intake_review","not_tracked_current_index","data_or_benchmark","backups","backups/streamlabs-obs-20260523-153238/4c516060-fc41-4fb9-a715-079742e315be.json","1514227","False","e8686a9385e9db8533a063dd6320dbccb89236d3"
"P2_untracked_intake_review","not_tracked_current_index","data_or_benchmark","backups","backups/streamlabs-obs-20260523-153238/brief-crash-info.json","4","False","ec747fa47ddb81e9bf2d282011ed32aa4c59f932"
"P2_untracked_intake_review","not_tracked_current_index","docs_or_research","backups","backups/streamlabs-obs-20260523-153238/long_calls.txt","83734","False","d92b12c3b24e7ba76330a7be5668e13065f531d1"
"P2_untracked_intake_review","not_tracked_current_index","data_or_benchmark","backups","backups/streamlabs-obs-20260523-153238/recordEncoder.json","254","False","60ba19ed5d3c7af9e217dbf6499e7fbbdb055244"
"P2_untracked_intake_review","not_tracked_current_index","data_or_benchmark","backups","backups/streamlabs-obs-20260523-153238/streamEncoder.json","309","False","554d19252328a4af028c84a9691df47ae22d661d"
"P2_untracked_intake_review","not_tracked_current_index","docs_or_research","backups","backups/streamlabs-obs-20260523-153457/2026-05-23 15-25-58.txt","136514","False","6a08f8d652d9843b15cef79af0fb2f7811da2732"
"P2_untracked_intake_review","not_tracked_current_index","data_or_benchmark","backups","backups/streamlabs-obs-20260523-153457/4c516060-fc41-4fb9-a715-079742e315be.json","1514227","False","e8686a9385e9db8533a063dd6320dbccb89236d3"
"P2_untracked_intake_review","not_tracked_current_index","data_or_benchmark","backups","backups/streamlabs-obs-20260523-153457/brief-crash-info.json","4","False","ec747fa47ddb81e9bf2d282011ed32aa4c59f932"
"P2_untracked_intake_review","not_tracked_current_index","docs_or_research","backups","backups/streamlabs-obs-20260523-153457/long_calls.txt","83934","False","a3cdee6f2acba59e28b3f9892d5f98d087ae446f"
"P2_untracked_intake_review","not_tracked_current_index","data_or_benchmark","backups","backups/streamlabs-obs-20260523-153457/recordEncoder.json","254","False","60ba19ed5d3c7af9e217dbf6499e7fbbdb055244"
"P2_untracked_intake_review","not_tracked_current_index","data_or_benchmark","backups","backups/streamlabs-obs-20260523-153457/streamEncoder.json","309","False","554d19252328a4af028c84a9691df47ae22d661d"
"P2_untracked_intake_review","not_tracked_current_index","docs_or_research","backups","backups/streamlabs-obs-20260523-153525/2026-05-23 15-25-58.txt","136514","False","6a08f8d652d9843b15cef79af0fb2f7811da2732"
"P2_untracked_intake_review","not_tracked_current_index","data_or_benchmark","backups","backups/streamlabs-obs-20260523-153525/4c516060-fc41-4fb9-a715-079742e315be.json","1514227","False","e8686a9385e9db8533a063dd6320dbccb89236d3"
"P2_untracked_intake_review","not_tracked_current_index","data_or_benchmark","backups","backups/streamlabs-obs-20260523-153525/brief-crash-info.json","4","False","ec747fa47ddb81e9bf2d282011ed32aa4c59f932"
"P2_untracked_intake_review","not_tracked_current_index","docs_or_research","backups","backups/streamlabs-obs-20260523-153525/long_calls.txt","83934","False","a3cdee6f2acba59e28b3f9892d5f98d087ae446f"
"P2_untracked_intake_review","not_tracked_current_index","data_or_benchmark","backups","backups/streamlabs-obs-20260523-153525/recordEncoder.json","254","False","60ba19ed5d3c7af9e217dbf6499e7fbbdb055244"
"P2_untracked_intake_review","not_tracked_current_index","data_or_benchmark","backups","backups/streamlabs-obs-20260523-153525/streamEncoder.json","309","False","554d19252328a4af028c84a9691df47ae22d661d"
"P2_untracked_intake_review","not_tracked_current_index","source_or_script","benchmarks","benchmarks/custom_evaluators.py","15229","False","76b5677a6bf2596dcadaa07636f435986184f4ae"
"P2_untracked_intake_review","not_tracked_current_index","data_or_benchmark","benchmarks","benchmarks/digitalocean/do_correctness.csv","41888","False","d3a6c88fa9a50f2d7681d20aa733406637b95488"
"P2_untracked_intake_review","not_tracked_current_index","data_or_benchmark","benchmarks","benchmarks/digitalocean/do_full_suite.csv","50165","False","e6310429ce5a37e98665e65707c1b869814c950f"
"P2_untracked_intake_review","not_tracked_current_index","data_or_benchmark","benchmarks","benchmarks/digitalocean/do_governance.csv","61342","False","f31bc8852b59558eb7b6073f3584cb4137c13558"
"P2_untracked_intake_review","not_tracked_current_index","data_or_benchmark","benchmarks","benchmarks/digitalocean/do_safety.csv","43278","False","e4683bda6728a9263994ec28c92222f114d682d8"
"P2_untracked_intake_review","not_tracked_current_index","data_or_benchmark","benchmarks","benchmarks/digitalocean/do_user_outcomes.csv","104762","False","dcc5ad12b467e80e4f2c344aee34cc009986f3cf"
"P2_untracked_intake_review","not_tracked_current_index","docs_or_research","benchmarks","benchmarks/digitalocean/knowledge_bases/governance/AGENTS.md","3884","False","c6613d26457deadad68a60cea061644ff105f714"
"P2_untracked_intake_review","not_tracked_current_index","docs_or_research","benchmarks","benchmarks/digitalocean/knowledge_bases/governance/AGENT_README.md","1760","False","dabe29738ba90c8d4667a3c4589f202b9a5e5a2b"
"P2_untracked_intake_review","not_tracked_current_index","docs_or_research","benchmarks","benchmarks/digitalocean/knowledge_bases/governance/CONTRIBUTING.md","4632","False","b19e3908a7dcce1efe0450ab154beed63de8d402"
"P2_untracked_intake_review","not_tracked_current_index","docs_or_research","benchmarks","benchmarks/digitalocean/knowledge_bases/governance/CORRECTIONS_SUMMARY_V6.3.md","6583","False","7590ddb399c1f978c8a0b7a87db57aaf44f1fce0"
"P2_untracked_intake_review","not_tracked_current_index","docs_or_research","benchmarks","benchmarks/digitalocean/knowledge_bases/governance/GOVERNANCE_RULES_2026-04-27.md","5758","False","7422addc6648c6ee760aab72b17c731b2b73736b"
"P2_untracked_intake_review","not_tracked_current_index","docs_or_research","benchmarks","benchmarks/digitalocean/knowledge_bases/governance/NEXUS_PRIORITY_SYSTEM_V4.md","12997","False","273239d31872fef9c19876c183fe0009ae2aa1b2"
"P2_untracked_intake_review","not_tracked_current_index","docs_or_research","benchmarks","benchmarks/digitalocean/knowledge_bases/governance/PORTS.md","1615","False","f94c7a2506fb76fa332e46662e46efb10ce6ee45"
"P2_untracked_intake_review","not_tracked_current_index","docs_or_research","benchmarks","benchmarks/digitalocean/knowledge_bases/governance/governance_compliance_procedures.md","2269","False","462b32a668cdf73014429daebd993a5a60ec3e89"
"P2_untracked_intake_review","not_tracked_current_index","docs_or_research","benchmarks","benchmarks/digitalocean/knowledge_bases/governance/governance_policies.md","3442","False","1531cf75fc2f5552ec6eff37cd7c0c79fe913c17"
"P2_untracked_intake_review","not_tracked_current_index","docs_or_research","benchmarks","benchmarks/digitalocean/knowledge_bases/governance/isc_safety_templates_reference.md","54316","False","5a29f5f430bd3d89b3d2fdef6490dfaec2f5aead"
"P2_untracked_intake_review","not_tracked_current_index","data_or_benchmark","benchmarks","benchmarks/digitalocean/knowledge_bases/governance/kb_manifest.json","2831","False","bd7e53630940d27f25c9ab3cf2c7e4c7d72ce4e2"
"P2_untracked_intake_review","not_tracked_current_index","docs_or_research","benchmarks","benchmarks/digitalocean/knowledge_bases/governance/nist_ai_rmf_mappings.md","4748","False","314825a8b1ced661ae7006b5b9b090a9257e84aa"
"P2_untracked_intake_review","not_tracked_current_index","docs_or_research","benchmarks","benchmarks/digitalocean/knowledge_bases/governance/triage_gitleaks.md","1477","False","8ee342e0f20a83497aec950ab82e0c2095ad1215"
"P2_untracked_intake_review","not_tracked_current_index","docs_or_research","benchmarks","benchmarks/digitalocean/knowledge_bases/operations/01_PROJECT_STATE.md","7914","False","01f566b0e47361237a7b33c4c7f168d278acd7a9"
"P2_untracked_intake_review","not_tracked_current_index","docs_or_research","benchmarks","benchmarks/digitalocean/knowledge_bases/operations/02_ARCHITECTURE.md","1178","False","1d826c6d7e027ac83d925ecb78e22e2e5934dc25"
"P2_untracked_intake_review","not_tracked_current_index","docs_or_research","benchmarks","benchmarks/digitalocean/knowledge_bases/operations/ONBOARDING.md","3042","False","4709c5615131aad3fb5d507e672ea2a4eedd8eb2"
"P2_untracked_intake_review","not_tracked_current_index","docs_or_research","benchmarks","benchmarks/digitalocean/knowledge_bases/operations/PHASE0_IMPLEMENTATION_PACKAGE.md","5781","False","adb6a4ee74653a61b3edb52b0fb49ff1bb6346bb"
"P2_untracked_intake_review","not_tracked_current_index","docs_or_research","benchmarks","benchmarks/digitalocean/knowledge_bases/operations/PORTS.md","1615","False","861db0a92e08abe65833ce5d61999f4ce0fa8f70"
"P2_untracked_intake_review","not_tracked_current_index","docs_or_research","benchmarks","benchmarks/digitalocean/knowledge_bases/operations/README.md","7366","False","09fc8b5b329a7d6c99ff1c59f338863f71f8a846"
"P2_untracked_intake_review","not_tracked_current_index","docs_or_research","benchmarks","benchmarks/digitalocean/knowledge_bases/operations/SKILL.md","1716","False","d82bffede755e1989f9eecec88ddc78820975b11"
"P2_untracked_intake_review","not_tracked_current_index","docs_or_research","benchmarks","benchmarks/digitalocean/knowledge_bases/operations/agent_configurations.md","1434","False","cb54e44d2807d1417c7888e665a748a0b5501608"
"P2_untracked_intake_review","not_tracked_current_index","data_or_benchmark","benchmarks","benchmarks/digitalocean/knowledge_bases/operations/agent_registry.yaml","1352","False","763c00328daab8eaca97aecf1f8554f0c49cb0fd"
"P2_untracked_intake_review","not_tracked_current_index","data_or_benchmark","benchmarks","benchmarks/digitalocean/knowledge_bases/operations/kb_manifest.json","2541","False","3dc30ab651f7577fd4ec1c04a5f1a7a92f2e8d36"
"P2_untracked_intake_review","not_tracked_current_index","docs_or_research","benchmarks","benchmarks/digitalocean/knowledge_bases/operations/model_routing_table.md","1655","False","39f88b6a4aeeea180436aa3d96b21c53cb73e4c5"
"P2_untracked_intake_review","not_tracked_current_index","docs_or_research","benchmarks","benchmarks/digitalocean/knowledge_bases/operations/port_assignments.md","1661","False","ccefb948c3380534914dd5ee22296b4d902c38a3"
"P2_untracked_intake_review","not_tracked_current_index","docs_or_research","benchmarks","benchmarks/digitalocean/knowledge_bases/research/BENCHMARK_PLAN.md","4269","False","57623b03bc587a299ac87a5d62b58be7c0772c5c"
"P2_untracked_intake_review","not_tracked_current_index","docs_or_research","benchmarks","benchmarks/digitalocean/knowledge_bases/research/DATASET_RESEARCH_DIVE_2026-04-23.md","21172","False","612f5fbb48dac171a5a20f2d2352cebcb0d5f192"
"P2_untracked_intake_review","not_tracked_current_index","docs_or_research","benchmarks","benchmarks/digitalocean/knowledge_bases/research/EXTENSIVE_STATUS_COVERAGE_REPORT_2026-04-24.md","11554","False","d8b86cd582cb01e1a1176d2eca093e54fe7c0ed2"
"P2_untracked_intake_review","not_tracked_current_index","docs_or_research","benchmarks","benchmarks/digitalocean/knowledge_bases/research/FOUNDRY_HERMES_OPENSHELL_COMBINED_PLAN.md","16415","False","b47f2b31bc101c5fa7f4ce125480588ab36cd5f0"
"P2_untracked_intake_review","not_tracked_current_index","docs_or_research","benchmarks","benchmarks/digitalocean/knowledge_bases/research/HERMES_V2026_4_23_NEXUS_ADAPTATION.md","13228","False","6c523ed5270a0bb902a86cbab820b3c07c89b0fe"
"P2_untracked_intake_review","not_tracked_current_index","docs_or_research","benchmarks","benchmarks/digitalocean/knowledge_bases/research/IMPLEMENTATION_REPORT.md","14626","False","fdcde9ba9c876edeab44899ad8b8af26c9eff9a8"
"P2_untracked_intake_review","not_tracked_current_index","docs_or_research","benchmarks","benchmarks/digitalocean/knowledge_bases/research/NEXUS_MODEL_ROUTING_REDESIGN_2026-04-25.md","15421","False","5f4344a15b93b4dd2a14beafa6f8aa5ada03ec10"
"P2_untracked_intake_review","not_tracked_current_index","docs_or_research","benchmarks","benchmarks/digitalocean/knowledge_bases/research/PROJECT_ANALYSIS.md","12506","False","3c6f8df08f3cc1ec1ebcc12fe8b820f9a1cd5955"
"P0_sensitive_hold","not_tracked_current_index","sensitive_path","benchmarks","<redacted-sensitive-path:.md>","4788","True","89ea6c32b96c71ca9cead92b95ddbc9ccb5e43c7"
"P2_untracked_intake_review","not_tracked_current_index","docs_or_research","benchmarks","benchmarks/digitalocean/knowledge_bases/research/TECHNICAL_GUIDE.md","10917","False","d9b7c3c33f35ab78f652dc252ef514aef21f5a6c"
"P2_untracked_intake_review","not_tracked_current_index","docs_or_research","benchmarks","benchmarks/digitalocean/knowledge_bases/research/TRUST_MEMORY_IMPLEMENTATION_BASELINE.md","5897","False","5099fe2f636703c3b2c0f6bc12f2c2ba2e29ad2b"
"P2_untracked_intake_review","not_tracked_current_index","docs_or_research","benchmarks","benchmarks/digitalocean/knowledge_bases/research/benchmark_comparisons.md","715","False","95712d45554a221dfa797a3ece0bd5bcd56fabd7"
"P2_untracked_intake_review","not_tracked_current_index","docs_or_research","benchmarks","benchmarks/digitalocean/knowledge_bases/research/eggroll_training_guide.md","1481","False","01f495a07066d0b9d11680d35ddb8327c28c4815"
"P2_untracked_intake_review","not_tracked_current_index","docs_or_research","benchmarks","benchmarks/digitalocean/knowledge_bases/research/foundry_agent_inventory.md","7399","False","07c5bcbf675ba86ba3673cfdbe4d02e06076f673"
"P2_untracked_intake_review","not_tracked_current_index","data_or_benchmark","benchmarks","benchmarks/digitalocean/knowledge_bases/research/kb_manifest.json","3612","False","40a8612b28f718e814b68e94ae9bad691481be42"
"P2_untracked_intake_review","not_tracked_current_index","docs_or_research","benchmarks","benchmarks/digitalocean/knowledge_bases/research/nexus_agentic_gateway_v31_deep_dive_2026-04-18.md","28152","False","aabfc0d36b45072ab003b1722de37be077f60120"
"P2_untracked_intake_review","not_tracked_current_index","data_or_benchmark","benchmarks","benchmarks/do_kb/bright_retrieval_eval.jsonl","783295","False","d75eddd43810395bed7dced5968e93cc1901158d"
"P2_untracked_intake_review","not_tracked_current_index","data_or_benchmark","benchmarks","benchmarks/do_kb/celestia_kb_baseline.jsonl","1872541","False","a2ae8c528b1851d690483374bd4f9fc017fa8b49"
"P2_untracked_intake_review","not_tracked_current_index","data_or_benchmark","benchmarks","benchmarks/do_kb/wikipedia_retrieval_baseline.jsonl","581922","False","07ee0bc18fad68dacc8a866c08cae54a2ac0168a"
"P2_untracked_intake_review","not_tracked_current_index","data_or_benchmark","benchmarks","benchmarks/eggroll/mathvista_foundry.jsonl","711666","False","479f78836f319ff8465d3ed311ea329fd8731fdd"
"P2_untracked_intake_review","not_tracked_current_index","data_or_benchmark","benchmarks","benchmarks/eggroll/scienceqa_foundry.jsonl","1947876","False","4974346f1369792b8937559682842f30f05f2eac"
"P2_untracked_intake_review","not_tracked_current_index","data_or_benchmark","benchmarks","benchmarks/eggroll/sudoku_extreme_procedural.jsonl","1075464","False","4348c89556e090b62b3b59e0d2db23a3ea066c10"
"P2_untracked_intake_review","not_tracked_current_index","data_or_benchmark","benchmarks","benchmarks/merge_manifest.json","5031","False","c488fae1884955166aa53a2e9ed384c648601f70"
"P2_untracked_intake_review","not_tracked_current_index","data_or_benchmark","benchmarks","benchmarks/mixed content/Nudity_eta_3_K_16.csv","10173","False","57d78b0119039f00399e2ce0dc77e22960745ceb"
"P2_untracked_intake_review","not_tracked_current_index","data_or_benchmark","benchmarks","benchmarks/mixed content/Nudity_eta_3_K_38.csv","20981","False","24c3108b41eae536fccd21997e020f56a706f67e"
"P2_untracked_intake_review","not_tracked_current_index","data_or_benchmark","benchmarks","benchmarks/mixed content/Nudity_eta_3_K_77.csv","46318","False","0916c577a7a0f59a939dd4a4f3f52ddb7e44b7cd"
"P2_untracked_intake_review","not_tracked_current_index","docs_or_research","benchmarks","benchmarks/mixed content/PHASE6_FINAL_HANDOFF.md","6298","False","cf3282921f9b725f71e4120c6c91b13ab8f5ca46"
"P2_untracked_intake_review","not_tracked_current_index","docs_or_research","benchmarks","benchmarks/mixed content/agentHARNESS.txt","11086","False","51a8d385375dd13675e134fde2de4394b33c487c"
"P2_untracked_intake_review","not_tracked_current_index","source_or_script","benchmarks","benchmarks/mixed content/evaluate_model.py","2001","False","8b1682bbf1bbbb829c2f47bab87913788b161ca6"
"P2_untracked_intake_review","not_tracked_current_index","data_or_benchmark","benchmarks","benchmarks/mixed content/functiongemmaUSAGE.json","2442","False","87c2a6796b671dbc09c2931e2ac49171a88cf663"
"P2_untracked_intake_review","not_tracked_current_index","source_or_script","benchmarks","benchmarks/mixed content/generate_data.py","2410","False","3032e12047c72389f4406521109adba887438c82"
"P2_untracked_intake_review","not_tracked_current_index","data_or_benchmark","benchmarks","benchmarks/mixed content/jailbreak_dataset_full_balanced.csv","1679485","False","c6208a9a70767c172998ff84c866b07ba029b7f6"
"P2_untracked_intake_review","not_tracked_current_index","data_or_benchmark","benchmarks","benchmarks/mixed content/jailbreak_dataset_train.csv","1690484","False","81e1e4ea6ba21cfd1987a5cb5855d6a0bce31f58"
"P2_untracked_intake_review","not_tracked_current_index","data_or_benchmark","benchmarks","benchmarks/mixed content/jailbreak_dataset_train_balanced.csv","1309507","False","635b5d4bcc57df3217cfed057587392aceb52285"
"P2_untracked_intake_review","not_tracked_current_index","source_or_script","benchmarks","benchmarks/mixed content/malicious_instruction_generator.py","5895","False","7ebd7f1dc5a5e267ebd07d909b761be3e728bdc6"
"P2_untracked_intake_review","not_tracked_current_index","source_or_script","benchmarks","benchmarks/mixed content/repo.py","580","False","435951786d5728d127af2caa4e0f957a5bb997ff"
"P2_untracked_intake_review","not_tracked_current_index","data_or_benchmark","benchmarks","benchmarks/mixed content/test-00000-of-00001-701d16158af87368.parquet","10892","False","8672e864cd48e565a83cde66210e0f69eee844c3"
"P2_untracked_intake_review","not_tracked_current_index","data_or_benchmark","benchmarks","benchmarks/mixed content/test-00000-of-00001.parquet","497276","False","a2839c08d5c028b0aa47f461526afe884ac22674"
"P2_untracked_intake_review","not_tracked_current_index","data_or_benchmark","benchmarks","benchmarks/mixed content/test.jsonl","1201892","False","2888dfa7a11ca56ec1cafeb256cd69f1cdc3116f"
"P2_untracked_intake_review","not_tracked_current_index","data_or_benchmark","benchmarks","benchmarks/mixed content/train-00000-of-00001-9564e8b05b4757ab.parquet","40323","False","a543445660a44bb310daa3831bdc4ee267cf5a67"
"P2_untracked_intake_review","not_tracked_current_index","data_or_benchmark","benchmarks","benchmarks/mixed content/train-00000-of-00001.parquet","1993692","False","f09a258b9fb1279ecdb756e2a418d68827829b31"
"P2_untracked_intake_review","not_tracked_current_index","source_or_script","benchmarks","benchmarks/mixed content/train.py","2608","False","5379212f78b5904841976ae2f214d3b66a967171"
"P2_untracked_intake_review","not_tracked_current_index","data_or_benchmark","benchmarks","benchmarks/mixed content/validation.jsonl","1234308","False","34ca16e4eeb9cb11bd3a6cd4f2c6ff0d27d2e916"
"P2_untracked_intake_review","not_tracked_current_index","data_or_benchmark","benchmarks","benchmarks/opusman_eval/beavertails_foundry.parquet","358914","False","bcaf6e6dcccfa14c0011a8bea159729dd53a8963"
"P2_untracked_intake_review","not_tracked_current_index","data_or_benchmark","benchmarks","benchmarks/opusman_eval/dataset_manifest.json","1587","False","2ffcfde2f2d7bedbe531517c055ecaa14ff0cdf2"
"P2_untracked_intake_review","not_tracked_current_index","data_or_benchmark","benchmarks","benchmarks/opusman_eval/gsm8k_foundry.parquet","2039468","False","a1f652f9a9ce37979e008392dd0a4e284ad84418"
"P2_untracked_intake_review","not_tracked_current_index","data_or_benchmark","benchmarks","benchmarks/opusman_eval/humanevalpack_foundry.jsonl","278047","False","813acc5dee37dcfc4289be3e80c9a04afd81284c"
"P2_untracked_intake_review","not_tracked_current_index","data_or_benchmark","benchmarks","benchmarks/opusman_eval/humanevalpack_foundry.parquet","74376","False","64a9b257259c685859054c226cd07425c6f8bcb0"
"P2_untracked_intake_review","not_tracked_current_index","data_or_benchmark","benchmarks","benchmarks/opusman_eval/math500_foundry.jsonl","258781","False","28f819c32afa5b08b3ae1ee3ce2098f9b7d00a05"
"P2_untracked_intake_review","not_tracked_current_index","data_or_benchmark","benchmarks","benchmarks/opusman_eval/math500_foundry.parquet","55179","False","14a50488b5334daecf0a27b2614ce7fd131eb21c"
"P2_untracked_intake_review","not_tracked_current_index","data_or_benchmark","benchmarks","benchmarks/opusman_eval/octocoding_foundry.jsonl","191582","False","04de037f8775d280cacee94d932a90f9d9037a60"
"P2_untracked_intake_review","not_tracked_current_index","data_or_benchmark","benchmarks","benchmarks/opusman_eval/results/eval_opusman_20260427_003556.json","980","False","29aec8f4dc2d5dc7aab27acd2a910414a69d77b5"
"P2_untracked_intake_review","not_tracked_current_index","data_or_benchmark","benchmarks","benchmarks/orchestrator_eval/beavertails_foundry.parquet","358914","False","bcaf6e6dcccfa14c0011a8bea159729dd53a8963"
"P2_untracked_intake_review","not_tracked_current_index","data_or_benchmark","benchmarks","benchmarks/orchestrator_eval/dataset_manifest.json","1597","False","a36d097f69cec606c7213fae2a4ddd6b7a149745"
"P2_untracked_intake_review","not_tracked_current_index","data_or_benchmark","benchmarks","benchmarks/orchestrator_eval/gsm8k_foundry.parquet","2039228","False","529d89691fb05e80795dd53ac05975851beb018d"
"P2_untracked_intake_review","not_tracked_current_index","data_or_benchmark","benchmarks","benchmarks/orchestrator_eval/humanevalpack_foundry.jsonl","278047","False","813acc5dee37dcfc4289be3e80c9a04afd81284c"
"P2_untracked_intake_review","not_tracked_current_index","data_or_benchmark","benchmarks","benchmarks/orchestrator_eval/humanevalpack_foundry.parquet","74376","False","64a9b257259c685859054c226cd07425c6f8bcb0"
"P2_untracked_intake_review","not_tracked_current_index","data_or_benchmark","benchmarks","benchmarks/orchestrator_eval/math500_foundry.jsonl","308781","False","2d86d5d17df964e7237119f5730bd6cdb09b9536"
"P2_untracked_intake_review","not_tracked_current_index","data_or_benchmark","benchmarks","benchmarks/orchestrator_eval/math500_foundry.parquet","55625","False","da651e951fa1623730acc7d460f48fee93ac03cc"
"P2_untracked_intake_review","not_tracked_current_index","source_or_script","benchmarks","benchmarks/register_foundry_datasets.py","16230","False","5e1a88d7c136af06cb3ba909bae88b4c9cda98af"
"P2_untracked_intake_review","not_tracked_current_index","data_or_benchmark","benchmarks","benchmarks/state/dataset_quality/contest_state.json","196","False","6ba38838d7a0463bb77f9f16607484b75ac5126a"
"P2_untracked_intake_review","not_tracked_current_index","data_or_benchmark","benchmarks","benchmarks/state/dataset_quality/dedup_map.json","2710","False","6931e76be8b56bf2809d0dd24a58bc3afca3cf39"
"P2_untracked_intake_review","not_tracked_current_index","data_or_benchmark","benchmarks","benchmarks/state/dataset_quality/disagreement_map.json","2","False","0637a088a01e8ddab3bf3fa98dbe804cbde1a0dc"
"P2_untracked_intake_review","not_tracked_current_index","data_or_benchmark","benchmarks","benchmarks/state/dataset_quality/quality_matrix.json","19581","False","145cecde50bbc899980dcf6890f04113c0dc870a"
"P2_untracked_intake_review","not_tracked_current_index","data_or_benchmark","benchmarks","benchmarks/state/dataset_quality/source_registry.json","38439","False","735461bf6e611a33b07cfd2a779161681ccf9833"
"P2_untracked_intake_review","not_tracked_current_index","data_or_benchmark","benchmarks","benchmarks/stress_lab/calibrate_tc_v7_20260602_110145.json","2801","False","23d9f489c3f079de611fa05ca15974247c519b9d"
"P2_untracked_intake_review","not_tracked_current_index","data_or_benchmark","benchmarks","benchmarks/stress_lab/calibrate_tc_v7_20260602_200404.json","2801","False","8d0301c11e010ef2b8de08145372ef3142425dcf"
"P2_untracked_intake_review","not_tracked_current_index","data_or_benchmark","benchmarks","benchmarks/stress_lab/calibrate_tc_v7_20260602_200417.json","2801","False","db19d8d73b9ed59a1134fb4dcd8f89a42b8c1802"
"P2_untracked_intake_review","not_tracked_current_index","data_or_benchmark","benchmarks","benchmarks/stress_lab/calibrate_tc_v7_suggest_20260602_110354.json","5633","False","dd48c6729b37706410ab9a9864a27d29cd1b43e0"
"P2_untracked_intake_review","not_tracked_current_index","data_or_benchmark","benchmarks","benchmarks/stress_lab/calibrate_tc_v7_suggest_20260602_200425.json","5633","False","dd48c6729b37706410ab9a9864a27d29cd1b43e0"
"P2_untracked_intake_review","not_tracked_current_index","data_or_benchmark","benchmarks","benchmarks/stress_lab/chem_security_admet.jsonl","473118","False","73651496fcc28a40dcfe616d49314ee5957418c5"
"P2_untracked_intake_review","not_tracked_current_index","data_or_benchmark","benchmarks","benchmarks/stress_lab/chembench_stress.jsonl","1155810","False","0c18cad4b2d18dc019dfd31eec5a1d7e6eeec661"
"P2_untracked_intake_review","not_tracked_current_index","data_or_benchmark","benchmarks","benchmarks/stress_lab/crossval_report.json","4598","False","59ce6f823f6fcf43a9a7adf216bad5b5bdde4222"
"P2_untracked_intake_review","not_tracked_current_index","data_or_benchmark","benchmarks","benchmarks/stress_lab/eggroll_code_reasoning_supplement.jsonl","1755651","False","e952f56b6089efc9546d7ec9f1cfacf240160735"
"P2_untracked_intake_review","not_tracked_current_index","data_or_benchmark","benchmarks","benchmarks/stress_lab/eggroll_config_claude-opus-4.6.json","793","False","cf4448090ef0b9f4769694187215d510855136b2"
"P2_untracked_intake_review","not_tracked_current_index","data_or_benchmark","benchmarks","benchmarks/stress_lab/eggroll_config_deepseek-r1.json","790","False","5b040239920ba2e5f43b7ca75a3cc7287f64ce62"
"P2_untracked_intake_review","not_tracked_current_index","data_or_benchmark","benchmarks","benchmarks/stress_lab/eggroll_config_gpt-5.4.json","785","False","2b1d36a3ad9c1f5fd2fd89be918485e491b5ebf7"
"P0_sensitive_hold","not_tracked_current_index","sensitive_path","benchmarks","<redacted-sensitive-path:.json>","791","True","b53ddb4e91dd592643132d15922afe08ceddabd2"
"P0_sensitive_hold","not_tracked_current_index","sensitive_path","benchmarks","<redacted-sensitive-path:.json>","787","True","eb3016f9a4bd8986612597a1c556c437538d4b6d"
"P2_untracked_intake_review","not_tracked_current_index","data_or_benchmark","benchmarks","benchmarks/stress_lab/eggroll_config_kimi-k2.6.json","787","False","5fa459ccb0cb050944f268be8a22db52eaeead91"
"P2_untracked_intake_review","not_tracked_current_index","data_or_benchmark","benchmarks","benchmarks/stress_lab/eggroll_governance_config.json","1511","False","550f0d939714bcdd4c2d4a7529a13fd6c6870077"
"P2_untracked_intake_review","not_tracked_current_index","data_or_benchmark","benchmarks","benchmarks/stress_lab/finance_governance_stress.jsonl","399225","False","be2b7cbbf44b21dfd2741b2f03e674f431a06fa8"
"P2_untracked_intake_review","not_tracked_current_index","data_or_benchmark","benchmarks","benchmarks/stress_lab/gap_analysis.json","7776","False","eb5b32fde760d3fd91c489aebd5385a5b5dee93d"
"P2_untracked_intake_review","not_tracked_current_index","data_or_benchmark","benchmarks","benchmarks/stress_lab/gap_quantification.json","5274","False","250dc3856fff1d12657b2146642813bbdc478aad"
"P2_untracked_intake_review","not_tracked_current_index","data_or_benchmark","benchmarks","benchmarks/stress_lab/governance_eval_results.json","31225","False","d80b5755dd0d1984cffd2f61740c0448dd9ebe48"
"P2_untracked_intake_review","not_tracked_current_index","data_or_benchmark","benchmarks","benchmarks/stress_lab/healthbench_medical_stress.jsonl","1454843","False","c1f8c95efb9c910202ce356466533c06de2e4170"
"P2_untracked_intake_review","not_tracked_current_index","data_or_benchmark","benchmarks","benchmarks/stress_lab/isc_foundry_cross_stress.jsonl","1362502","False","f965d8755240ed7bf1c121d28e7187ad8fc66c95"
"P2_untracked_intake_review","not_tracked_current_index","data_or_benchmark","benchmarks","benchmarks/stress_lab/isc_foundry_cross_stress.parquet","28234","False","771c6febf7ea28214691fa54397ad26cae08aae6"
"P2_untracked_intake_review","not_tracked_current_index","data_or_benchmark","benchmarks","benchmarks/stress_lab/isc_governance_stress.jsonl","74929","False","2635516976cc8e782ff54c1b30be0282e412b0f8"
"P2_untracked_intake_review","not_tracked_current_index","data_or_benchmark","benchmarks","benchmarks/stress_lab/isc_governance_stress.parquet","419563","False","f86652d15af83755e94d55d20ae71e0e89025e78"
"P2_untracked_intake_review","not_tracked_current_index","data_or_benchmark","benchmarks","benchmarks/stress_lab/model_vulnerability_heatmap.json","673","False","a4919b6812508841af3a1acf7ed04d499a2f8de8"
"P2_untracked_intake_review","not_tracked_current_index","data_or_benchmark","benchmarks","benchmarks/stress_lab/nexus_frontier_v5_gov_bypass.jsonl","1826084","False","0d403701bd89c330b38d7f571cdf69967beb2b10"
"P2_untracked_intake_review","not_tracked_current_index","data_or_benchmark","benchmarks","benchmarks/stress_lab/nexus_frontier_v5_gray_area.jsonl","2032828","False","f259d0207ef139d7a1a6a7e1bb8346f7e9c2d823"
"P2_untracked_intake_review","not_tracked_current_index","data_or_benchmark","benchmarks","benchmarks/stress_lab/nexus_frontier_v5_jailbreak.jsonl","1532591","False","fa52f3f9907ef998e844669ae8e24247c5a31375"
"P2_untracked_intake_review","not_tracked_current_index","data_or_benchmark","benchmarks","benchmarks/stress_lab/nexus_frontier_v5_mcp_contamination.jsonl","2072452","False","e5a5d99a1bb0ae662c20e722d73440eac262d512"
"P2_untracked_intake_review","not_tracked_current_index","data_or_benchmark","benchmarks","benchmarks/stress_lab/nexus_frontier_v5_memory_poison.jsonl","1950161","False","b68fa99a5bc0eeedd0f21c363d58a9c13223bacb"
"P2_untracked_intake_review","not_tracked_current_index","data_or_benchmark","benchmarks","benchmarks/stress_lab/nexus_frontier_v5_scored_thermo.jsonl","1294012","False","fcf35c33c24e6227f0b1a6501c3e8eaf47f93589"
"P2_untracked_intake_review","not_tracked_current_index","data_or_benchmark","benchmarks","benchmarks/stress_lab/nexus_frontier_v5_scored_thermo_fine_tuning.jsonl","913035","False","5a251c524ac308c217f9a03a257fc210c2a8cffc"
"P2_untracked_intake_review","not_tracked_current_index","data_or_benchmark","benchmarks","benchmarks/stress_lab/nexus_frontier_v5_vacuum.jsonl","1398724","False","f2f0fca7aa9a6217ba2fb58f6977c50dee5991ef"
"P2_untracked_intake_review","not_tracked_current_index","source_or_script","benchmarks","benchmarks/stress_lab/nexus_governance_score.py","2658","False","a5e8626198bd78072be54b1b8c7773ce4f07b5eb"
"P2_untracked_intake_review","not_tracked_current_index","data_or_benchmark","benchmarks","benchmarks/stress_lab/nexus_novel_cross_category_v4.jsonl","2054825","False","fdc1631adb3ad1eae8cb13c2359a30caba41148f"
"P2_untracked_intake_review","not_tracked_current_index","data_or_benchmark","benchmarks","benchmarks/stress_lab/nexus_redteam_isc_v5.jsonl","690685","False","18528bbec255d46d39f4b3a983af02be06de19ae"
"P2_untracked_intake_review","not_tracked_current_index","data_or_benchmark","benchmarks","benchmarks/stress_lab/nexus_stress_lab_v3.jsonl","659224","False","c383912edee8dd724563344ee4b2a50c449a3ff0"
"P2_untracked_intake_review","not_tracked_current_index","data_or_benchmark","benchmarks","benchmarks/stress_lab/nexus_stress_lab_v3.parquet","54839","False","19c9c5199813404c16e3ac752b5670b7153b21d3"
"P2_untracked_intake_review","not_tracked_current_index","data_or_benchmark","benchmarks","benchmarks/stress_lab/nexus_stress_lab_v7_merged.jsonl","1534706","False","8ff1cb7bade428538ffbe58950eec34ceb4a12f1"
"P2_untracked_intake_review","not_tracked_current_index","data_or_benchmark","benchmarks","benchmarks/stress_lab/nexus_stress_lab_v7_merged.summary.json","331","False","075f4b912d01adcc26bff29ec91b342924fbfce6"
"P2_untracked_intake_review","not_tracked_current_index","data_or_benchmark","benchmarks","benchmarks/stress_lab/nexus_stress_lab_v8_merged.jsonl","1615448","False","a8cefc6e8747552c59bf4b338b0434afa9307670"
"P2_untracked_intake_review","not_tracked_current_index","data_or_benchmark","benchmarks","benchmarks/stress_lab/nexus_stress_lab_v8_merged.summary.json","484","False","d2a7b23c1bf4ac038ead34a6a03ad943956b7c4e"
"P2_untracked_intake_review","not_tracked_current_index","data_or_benchmark","benchmarks","benchmarks/stress_lab/nexus_stress_v10_fenrir_novel.jsonl","81335","False","7105be3e7d6ed63600392b8da02c9b607b455ebb"
"P2_untracked_intake_review","not_tracked_current_index","data_or_benchmark","benchmarks","benchmarks/stress_lab/nexus_stress_v11_adversarial.jsonl","72100","False","b94b77662427486043ba603df66eae4052e64179"
"P2_untracked_intake_review","not_tracked_current_index","data_or_benchmark","benchmarks","benchmarks/stress_lab/nexus_stress_v5_document_injection.jsonl","231617","False","4af4bb65a058150926ba249488180e8d4c05770d"
"P2_untracked_intake_review","not_tracked_current_index","data_or_benchmark","benchmarks","benchmarks/stress_lab/nexus_stress_v5_mcp_surface.jsonl","182756","False","b734180dd56d698610ef17817046b07a2e9b3474"
"P2_untracked_intake_review","not_tracked_current_index","data_or_benchmark","benchmarks","benchmarks/stress_lab/nexus_stress_v5_payload_conversion.jsonl","643020","False","62d22fa600a7952319cebe9bd176c49ce263ab99"
"P2_untracked_intake_review","not_tracked_current_index","data_or_benchmark","benchmarks","benchmarks/stress_lab/nexus_stress_v5_payload_fine_tuning.jsonl","971886","False","455a9ce2ad55776c72330e383d2c19b5fe5fd123"
"P2_untracked_intake_review","not_tracked_current_index","data_or_benchmark","benchmarks","benchmarks/stress_lab/nexus_stress_v6_tamas_base.jsonl","371627","False","cf7c92ad5ffb81f6a7ed66ed20045bbd89275d82"
"P2_untracked_intake_review","not_tracked_current_index","data_or_benchmark","benchmarks","benchmarks/stress_lab/nexus_stress_v6_tamas_fine_tuning.jsonl","432290","False","0270fae2bc62d7f8b9c24af8cb9886d9863133b5"
"P2_untracked_intake_review","not_tracked_current_index","data_or_benchmark","benchmarks","benchmarks/stress_lab/nexus_stress_v6_tool_base.jsonl","336642","False","8645a158605a6a82a5fdb11c92ef11e0237ac39e"
"P2_untracked_intake_review","not_tracked_current_index","data_or_benchmark","benchmarks","benchmarks/stress_lab/nexus_stress_v6_tool_fine_tuning.jsonl","394242","False","451110f5d5c8f6a34bd673bc0a85dcf2fb6b3767"
"P2_untracked_intake_review","not_tracked_current_index","data_or_benchmark","benchmarks","benchmarks/stress_lab/nexus_stress_v8_gross.jsonl","76672","False","a2b0d4b08b66744b5ed0ac8481127f04a0118184"
"P2_untracked_intake_review","not_tracked_current_index","data_or_benchmark","benchmarks","benchmarks/stress_lab/nexus_stress_v9_papers.jsonl","84528","False","41db1676736c860b375e8dd3fd9594e09a9f1d32"
"P2_untracked_intake_review","not_tracked_current_index","data_or_benchmark","benchmarks","benchmarks/stress_lab/premium_provider_validation_20260602_105836.json","1210","False","4c2dff7a67ed089877b942e9e30d7661c3ca4ffd"
"P2_untracked_intake_review","not_tracked_current_index","data_or_benchmark","benchmarks","benchmarks/stress_lab/stress_lab_manifest.json","658","False","fc3e4c37f25a57db7df386f96d0248134071d818"
"P2_untracked_intake_review","not_tracked_current_index","data_or_benchmark","benchmarks","benchmarks/stress_lab/stress_lab_manifest_v2.json","814","False","d7909bd5746329a19d09f9f5a46747412e75fcc6"
"P2_untracked_intake_review","not_tracked_current_index","data_or_benchmark","benchmarks","benchmarks/stress_lab/stress_lab_manifest_v3.json","3250","False","9e5ea56acc4fe5672eecd77f59c8b6a49ceaa594"
"P2_untracked_intake_review","not_tracked_current_index","data_or_benchmark","benchmarks","benchmarks/stress_lab/stresslab_bouncer_v3_20260602_104602.json","51295","False","75b3841ff5fd5fdb9e0a721be0501ce363505e1b"
"P2_untracked_intake_review","not_tracked_current_index","data_or_benchmark","benchmarks","benchmarks/stress_lab/stresslab_full_20260524.json","1096","False","ba3b8def50a3b93d4cbd34dfcca115072a4e8ee2"
"P2_untracked_intake_review","not_tracked_current_index","data_or_benchmark","benchmarks","benchmarks/stress_lab/stresslab_guard_plane_200_20260524.json","834","False","acd2097646a01a0e1e0894f15ac25e9cbb5604d1"
"P2_untracked_intake_review","not_tracked_current_index","data_or_benchmark","benchmarks","benchmarks/stress_lab/stresslab_guard_plane_20260524.json","2424","False","d711cb5dd1a25d2a757d44e2e13c4505daf4cd76"
"P2_untracked_intake_review","not_tracked_current_index","data_or_benchmark","benchmarks","benchmarks/stress_lab/tool_reasoning_stress.jsonl","818684","False","ad6d67144f141be97b185c02296c9f5d7d06d889"
"P2_untracked_intake_review","not_tracked_current_index","data_or_benchmark","benchmarks","benchmarks/stress_lab/unified_manifest.json","1207","False","1225b8adf3de4a3fe995522f10119dba1f7408d9"
"P2_untracked_intake_review","not_tracked_current_index","data_or_benchmark","benchmarks","benchmarks/stress_lab/v4_manifest.json","1761","False","4f13eb979397fc1431d21fbb8052d75ee6c23662"
"P2_untracked_intake_review","not_tracked_current_index","data_or_benchmark","benchmarks","benchmarks/stress_lab/v5_frontier_manifest.json","1446","False","ae689720b0abc5be93005966984c3d955290fc44"
"P2_untracked_intake_review","not_tracked_current_index","data_or_benchmark","benchmarks","benchmarks/stress_lab/v6_tamas_manifest.json","980","False","7b0130a3cf7645c09175a110b0f1cea623f8b6c7"
"P2_untracked_intake_review","not_tracked_current_index","data_or_benchmark","benchmarks","benchmarks/stress_lab/v6_tool_manifest.json","768","False","bce86482e9acc10f02c18b7abb8e81ea1d5598ab"
"P2_untracked_intake_review","not_tracked_current_index","data_or_benchmark","benchmarks","benchmarks/stress_lab/v7_novel_scenarios.jsonl","103250","False","667148936d70f4c81a9a7846880c116305d08146"
"P2_untracked_intake_review","not_tracked_current_index","data_or_benchmark","benchmarks","benchmarks/stress_lab/v8_gross_manifest.json","2106","False","1ddf4acce7dfaa8161033c541f513a882b848630"
"P2_untracked_intake_review","not_tracked_current_index","data_or_benchmark","benchmarks","benchmarks/stress_lab/v8_v9_merge_manifest.json","3078","False","f317a30371991405bc4ee85b833405366e021958"
"P2_untracked_intake_review","not_tracked_current_index","data_or_benchmark","benchmarks","benchmarks/stress_lab/v9_papers_manifest.json","2661","False","f5b9ac14461bda03a0e792b3eaad2c37e5c0dd6c"
"P2_diff_evidence_review","different_index","data_or_benchmark","components.json","components.json","450","False","aa3ac6e447813b70ae321f6db1f24c910b8ee110"
"P0_sensitive_hold","not_tracked_current_index","sensitive_path","config","<redacted-sensitive-path:.json>","607","True","f8eec820dd7834944bca6a6fa326b8ead189c14c"
"P2_untracked_intake_review","not_tracked_current_index","data_or_benchmark","datasets","datasets/.classify_test.json","44","False","c5d8fd4e9e30a8d30a8c4f060adce170af90b5cf"
"P2_untracked_intake_review","not_tracked_current_index","data_or_benchmark","datasets","datasets/.classify_test2.json","135","False","aae33e2364b30615216104457ea1f46a91804c07"
"P2_untracked_intake_review","not_tracked_current_index","data_or_benchmark","datasets","datasets/.classify_test3.json","181","False","d027b450994935638ba4acc81ad19b920d66ea0d"
"P2_untracked_intake_review","not_tracked_current_index","data_or_benchmark","datasets","datasets/.csv_test1.json","92","False","ebbdd2b1ffe13a30defa1d72cf9a913de9dda3c1"
"P2_untracked_intake_review","not_tracked_current_index","data_or_benchmark","datasets","datasets/.csv_test2.json","60","False","31de419a71ab605488ebb0bb62e0b781b7143f93"
"P2_untracked_intake_review","not_tracked_current_index","data_or_benchmark","datasets","datasets/.csv_test3.json","44","False","c5d8fd4e9e30a8d30a8c4f060adce170af90b5cf"
"P2_untracked_intake_review","not_tracked_current_index","docs_or_research","datasets","datasets/.guard_plane_pid.txt","7","False","7fa6b2398c09882383cf9813bd5298d53fdb7c7e"
"P2_untracked_intake_review","not_tracked_current_index","data_or_benchmark","datasets","datasets/.t1.json","44","False","c5d8fd4e9e30a8d30a8c4f060adce170af90b5cf"
"P2_untracked_intake_review","not_tracked_current_index","data_or_benchmark","datasets","datasets/.t2.json","100","False","17f86e5046d5976417c9fce9065706fdc9de816b"
"P2_untracked_intake_review","not_tracked_current_index","data_or_benchmark","datasets","datasets/.t2_v2.json","95","False","23a5cbcc9bf2a2c7f989fad33152f26b9d35a30f"
"P2_untracked_intake_review","not_tracked_current_index","data_or_benchmark","datasets","datasets/.t3.json","87","False","ce884ee3d6091dc43fad2446c6cfd5d4edd9dfbd"
"P2_untracked_intake_review","not_tracked_current_index","data_or_benchmark","datasets","datasets/.t_csv.json","74","False","7777c22f0953e007c79537245627ef203ebf9bac"
"P2_untracked_intake_review","not_tracked_current_index","data_or_benchmark","datasets","datasets/.t_jb.json","67","False","5537292f36e45a1c38ac1d357343215ed7acaa1b"
"P2_untracked_intake_review","not_tracked_current_index","data_or_benchmark","datasets","datasets/.t_v7.json","87","False","ce884ee3d6091dc43fad2446c6cfd5d4edd9dfbd"
"P2_untracked_intake_review","not_tracked_current_index","source_or_script","datasets","datasets/_check_encoding.py","533","False","ba99bb7652db3c758c888bca4bf7eddc825eeb52"
"P2_untracked_intake_review","not_tracked_current_index","data_or_benchmark","datasets","datasets/abliterated_benchmark.json","190","False","fbee844625553e1bea7e5d2c6c5c2e9416a1a7e9"
"P2_untracked_intake_review","not_tracked_current_index","data_or_benchmark","datasets","datasets/adversarial/ernie_v8_adversarial_1000.jsonl","889868","False","a6a1359b3fd895cb74512565691aa4a46a0ad3e5"
"P2_untracked_intake_review","not_tracked_current_index","data_or_benchmark","datasets","datasets/adversarial/ernie_v8_adversarial_200.jsonl","151793","False","8b0112643437637529284f7bef21e32ec69e3e8f"
"P2_untracked_intake_review","not_tracked_current_index","data_or_benchmark","datasets","datasets/adversarial/ernie_v8_validation.json","5641","False","bcda82d8803efc6ed9cbf7a66105ceefcde920d3"
"P2_untracked_intake_review","not_tracked_current_index","data_or_benchmark","datasets","datasets/adversarial/novel_styles_500.jsonl","14189","False","380ec3b849afec45d5459a691f88dd609615dfa2"
"P2_untracked_intake_review","not_tracked_current_index","source_or_script","datasets","datasets/bench_mutated.py","3784","False","8d936a96f7f4b92a7abe0d93813ccc88f98afc6f"
"P2_untracked_intake_review","not_tracked_current_index","source_or_script","datasets","datasets/bench_mutated_v5.py","5463","False","8c9a6956fbd6d5fa19dd0e26552b7ad560597e04"
"P2_untracked_intake_review","not_tracked_current_index","data_or_benchmark","datasets","datasets/bench_mutated_v5_results.json","2781","False","5a0bc99bac1b0970243bda909ba38468a6511478"
"P2_untracked_intake_review","not_tracked_current_index","source_or_script","datasets","datasets/bench_new_models.py","7168","False","4ecab2577c7d2c0bfa538877ae32e508a92a2b98"
"P2_untracked_intake_review","not_tracked_current_index","source_or_script","datasets","datasets/bench_qwen3guard.py","3720","False","6f04648068b9003be15bc0579eb5cbf3a841767d"
"P2_untracked_intake_review","not_tracked_current_index","source_or_script","datasets","datasets/bench_qwen_mutated.py","2454","False","99590ae4cf5406312428f932f30e86bb277c9f9a"
"P2_untracked_intake_review","not_tracked_current_index","source_or_script","datasets","datasets/bench_v51.py","5784","False","fa6e64c06927bac3962b96636b819f025d0ead10"
"P2_untracked_intake_review","not_tracked_current_index","source_or_script","datasets","datasets/bench_v51_benign.py","5288","False","32b79993f5c92f72a428abd541ddd736c9330efd"
"P2_untracked_intake_review","not_tracked_current_index","data_or_benchmark","datasets","datasets/benign/ernie_v8_benign_100.jsonl","54480","False","ab3057aae35a954cfc921489763dfb2a9d68cb30"
"P2_untracked_intake_review","not_tracked_current_index","data_or_benchmark","datasets","datasets/benign_corpus_100.jsonl","54480","False","ab3057aae35a954cfc921489763dfb2a9d68cb30"
"P2_untracked_intake_review","not_tracked_current_index","data_or_benchmark","datasets","datasets/benign_expanded.jsonl","11535","False","30fb2c043126e2982c15f759be3fe4097dec5b62"
"P2_untracked_intake_review","not_tracked_current_index","data_or_benchmark","datasets","datasets/benign_from_cyber.jsonl","1680468","False","c78be32da6cb39b08587639bc1e531eae6a6bad6"
"P2_untracked_intake_review","not_tracked_current_index","source_or_script","datasets","datasets/bouncer_bench.py","8595","False","48d21b9d3bcb0031198f555e53d475ba02921fc6"
"P2_untracked_intake_review","not_tracked_current_index","source_or_script","datasets","datasets/bouncer_bench_robust.py","10304","False","f227bdb18bf010ecab957f3b8e47f5f416890e46"
"P2_untracked_intake_review","not_tracked_current_index","source_or_script","datasets","datasets/bouncer_bench_v3_fixed.py","7521","False","20d137e5923bd477c5af001eb927bf6b546c5ae0"
"P2_untracked_intake_review","not_tracked_current_index","source_or_script","datasets","datasets/build_classifier.py","4543","False","36329c47345832fb858c3bf94cd52076dafee853"
"P2_untracked_intake_review","not_tracked_current_index","source_or_script","datasets","datasets/check_configs.py","555","False","3461f4400d517eda77c428647ea15ca6825deb77"
"P2_untracked_intake_review","not_tracked_current_index","source_or_script","datasets","datasets/check_linear.py","445","False","380723d1360c99cd539144fa480181d9cddb2c43"
"P2_untracked_intake_review","not_tracked_current_index","source_or_script","datasets","datasets/check_qwen_baseline.py","936","False","296dd0b2c23cc962c1a6007874d1fc625fe8a233"
"P2_untracked_intake_review","not_tracked_current_index","source_or_script","datasets","datasets/check_tamas.py","1582","False","d944f6164f8e4c8c0ae4c087527300521ee3d7b9"
"P2_untracked_intake_review","not_tracked_current_index","source_or_script","datasets","datasets/check_tamas2.py","1132","False","393adad5911d3a888c29b6e4b931ddd73c872f19"
"P2_untracked_intake_review","not_tracked_current_index","source_or_script","datasets","datasets/check_v2.py","193","False","d366094b197290dfa9245b63f6166f4ff5cb2740"
"P2_untracked_intake_review","not_tracked_current_index","data_or_benchmark","datasets","datasets/combination_results.json","2529","False","d3eb0054e96fbd305d51720b31c86340ab605434"
"P2_untracked_intake_review","not_tracked_current_index","source_or_script","datasets","datasets/combination_tests.py","11818","False","452dcc81e03aa1fb4f917c3fb8f3ae969842323f"
"P2_untracked_intake_review","not_tracked_current_index","source_or_script","datasets","datasets/combination_tests_v2.py","9853","False","0eefd2c2f9ac5f59c15e5fab87dcaf4a95716f70"
"P2_untracked_intake_review","not_tracked_current_index","source_or_script","datasets","datasets/debug_all_models.py","2950","False","134d422cd871568cfe0e1ec9ea75d4d7300d757c"
"P2_untracked_intake_review","not_tracked_current_index","source_or_script","datasets","datasets/debug_darwin.py","1467","False","a38ecd752704d8a9efe94f463b61a7e02701fb91"
"P2_untracked_intake_review","not_tracked_current_index","source_or_script","datasets","datasets/debug_model.py","977","False","7b824f166d6cd210fc3faad5a535e678daa08caf"
"P2_untracked_intake_review","not_tracked_current_index","source_or_script","datasets","datasets/debug_prompt_formats.py","1719","False","d7bdc72cc859570687e5384dd647c5bfef053ccc"
"P2_untracked_intake_review","not_tracked_current_index","source_or_script","datasets","datasets/debug_tamas.py","1809","False","f4303d6341026768d5e6449e879109dbaf3d7dc7"
"P2_untracked_intake_review","not_tracked_current_index","data_or_benchmark","datasets","datasets/deep_search_results.json","24147","False","a7640b695154b9962c0e9ba66e6ffb69d4f801e9"
"P2_untracked_intake_review","not_tracked_current_index","source_or_script","datasets","datasets/deep_search_slm.py","8366","False","5fea5f7540a36088b16b2bb609f49571b3006fb4"
"P2_untracked_intake_review","not_tracked_current_index","data_or_benchmark","datasets","datasets/ensemble_analysis_2026_06.json","986","False","61b2633121d8d767d83582a6b170a143eebec0db"
"P2_untracked_intake_review","not_tracked_current_index","data_or_benchmark","datasets","datasets/ernie/TAMAS_summary.docx","16199","False","942cda3e148a4e1171d5138cc2b7b8932bcf07e9"
"P2_untracked_intake_review","not_tracked_current_index","data_or_benchmark","datasets","datasets/ernie/arena_metrics.json","1536","False","a6973df9f29cf9011d18ae33691ad353e1ef4d62"
"P2_untracked_intake_review","not_tracked_current_index","data_or_benchmark","datasets","datasets/ernie/attack_vectors_01-100_EN.docx","22183","False","0d289c2690cd9e4694de61f8f670a4dd68002f5c"
"P2_untracked_intake_review","not_tracked_current_index","docs_or_research","datasets","datasets/ernie/attack_vectors_01-100_EN.md","79184","False","b858ae4071d73090f8a62c69c8520224c7930bbe"
"P2_untracked_intake_review","not_tracked_current_index","source_or_script","datasets","datasets/ernie/bench_ernie_1000.py","6006","False","fe73396b10ce49e05f3a682e2f0750262529eb4a"
"P2_untracked_intake_review","not_tracked_current_index","source_or_script","datasets","datasets/ernie/bench_ernie_1000_local.py","9822","False","afb7fc1563c1c7454c1cda2370fc5ebd3f80f757"
"P2_untracked_intake_review","not_tracked_current_index","data_or_benchmark","datasets","datasets/ernie/benign_corpus_100.jsonl","54480","False","ab3057aae35a954cfc921489763dfb2a9d68cb30"
"P2_untracked_intake_review","not_tracked_current_index","data_or_benchmark","datasets","datasets/ernie/benign_corpus_100_EN.docx","26293","False","eeb4735648a008e320f3e0f8f518ba7cc9457d24"
"P2_untracked_intake_review","not_tracked_current_index","data_or_benchmark","datasets","datasets/ernie/benign_corpus_100_EN.jsonl","50791","False","c59146c60768077d996377f16586a3d4b17d9ef4"
"P2_untracked_intake_review","not_tracked_current_index","data_or_benchmark","datasets","datasets/ernie/checkpoint_1.json","465","False","80fb59eb01de0b852be4d4dd7b08a5b53fa21a6f"
"P2_untracked_intake_review","not_tracked_current_index","data_or_benchmark","datasets","datasets/ernie/checkpoint_2.json","386282","False","993b092b80d82439e311bc47baf314557ecfb968"
"P2_untracked_intake_review","not_tracked_current_index","data_or_benchmark","datasets","datasets/ernie/checkpoint_3.json","804382","False","37f4cec477909ae6bf3d2bf7d61b53bf3c0fcdd9"
"P2_untracked_intake_review","not_tracked_current_index","data_or_benchmark","datasets","datasets/ernie/checkpoint_3_partial.json","396096","False","34d281d9e5355412710f612a21ffc79800ea6d01"
"P2_untracked_intake_review","not_tracked_current_index","data_or_benchmark","datasets","datasets/ernie/checkpoint_4_final.json","532","False","0c2a6b9e9b73e4cce4ff481471aa9b1e7eee846a"
"P2_untracked_intake_review","not_tracked_current_index","data_or_benchmark","datasets","datasets/ernie/cloud_swarm_checkpoint.jsonl","24733","False","3cc03a5cbfe60dad599c0df1f3201f7724c1557f"
"P2_untracked_intake_review","not_tracked_current_index","data_or_benchmark","datasets","datasets/ernie/cloud_swarm_report_20260526_082019.json","727","False","2827dd52277b8ce710c17416a538b85c16d6a531"
"P2_untracked_intake_review","not_tracked_current_index","docs_or_research","datasets","datasets/ernie/cloud_swarm_report_20260526_082019.txt","1666","False","c2c989a5173fe57754747927ba45d26307ede5e9"
"P2_untracked_intake_review","not_tracked_current_index","source_or_script","datasets","datasets/ernie/code.py","2380","False","f3b04f44d1c0d77b02acc53a6b76ae5993ed4800"
"P2_untracked_intake_review","not_tracked_current_index","source_or_script","datasets","datasets/ernie/cp1_ollama_probe.py","2239","False","1b8601384c89f8d0effec8371e520cddb46736d4"
"P2_untracked_intake_review","not_tracked_current_index","source_or_script","datasets","datasets/ernie/cp2_guard_sweep.py","4228","False","513f6c45137223ee55e9b5d70114c19195bef720"
"P2_untracked_intake_review","not_tracked_current_index","source_or_script","datasets","datasets/ernie/cp3_cross_model.py","4388","False","00e6e61157ee8922f838b53c3c56c273206ef461"
"P2_untracked_intake_review","not_tracked_current_index","source_or_script","datasets","datasets/ernie/cp4_final_report.py","6122","False","08a583b0b11511f9a725caff3d92fdfc91643b69"
"P2_untracked_intake_review","not_tracked_current_index","docs_or_research","datasets","datasets/ernie/delivery_report.md","10742","False","812d7a173cb451ace5e9a800c0acac68265e1fbf"
"P2_untracked_intake_review","not_tracked_current_index","data_or_benchmark","datasets","datasets/ernie/dice_probe_results.json","4689","False","a8f7dd4fefb7fed4d0de2362a14d0035fbc5ede6"
"P2_untracked_intake_review","not_tracked_current_index","data_or_benchmark","datasets","datasets/ernie/dpo_fp_calibration.json","6334","False","4dec5d76316ba1becb5fde11ecd94fdb37162565"
"P2_diff_evidence_review","different_index","data_or_benchmark","datasets","datasets/ernie/dpo_preference_dataset.array.json","662114","False","536688dd8390e798d4a06d45da2c06780e105d9b"
"P2_untracked_intake_review","not_tracked_current_index","data_or_benchmark","datasets","datasets/ernie/dpo_preference_dataset.json","148249","False","a411e2dfe78bc97755b8158a3fdacdef4ee637f5"
"P2_diff_evidence_review","different_index","data_or_benchmark","datasets","datasets/ernie/dpo_preference_dataset.jsonl","615711","False","5c7b3ae3b471cf8ee05675ac6526b47b21253082"
"P2_diff_evidence_review","different_index","data_or_benchmark","datasets","datasets/ernie/dpo_preference_dataset.summary.json","3402","False","715a82b0b37d44df6ac4cf08cdf8dcb7762568d5"
"P2_untracked_intake_review","not_tracked_current_index","data_or_benchmark","datasets","datasets/ernie/ernie_1000_guard_results.json","347","False","bd41e6b6991bcaf5b5633e684a6a1e26be8627e4"
"P2_untracked_intake_review","not_tracked_current_index","data_or_benchmark","datasets","datasets/ernie/evasion_techniques_top25_EN.docx","15617","False","ebf8b5adf0274aee0fdf42db684e51b0e9dd3c51"
"P2_untracked_intake_review","not_tracked_current_index","docs_or_research","datasets","datasets/ernie/evasion_techniques_top25_EN.md","12723","False","1f9ad750e383f3e0028da986b5b1bf93a218f955"
"P2_untracked_intake_review","not_tracked_current_index","data_or_benchmark","datasets","datasets/ernie/ollama_cache.json","539430","False","9c48fe6213dad2c24dce801dde71efdba9326fe5"
"P2_untracked_intake_review","not_tracked_current_index","data_or_benchmark","datasets","datasets/ernie/scenarios_001-1000_EN.jsonl","889868","False","a6a1359b3fd895cb74512565691aa4a46a0ad3e5"
"P2_untracked_intake_review","not_tracked_current_index","data_or_benchmark","datasets","datasets/ernie/scenarios_001-1000_EN_FIXED.jsonl","919237","False","10cd0e3bf4581468034f931bfb62b3a1cd66bd74"
"P0_sensitive_hold","not_tracked_current_index","sensitive_path","datasets","<redacted-sensitive-path:.md>","4847","True","dbd2fa5195f384782279b9ee4b8fcb534856bbd5"
"P2_untracked_intake_review","not_tracked_current_index","data_or_benchmark","datasets","datasets/ernie/swarm_consensus_report_EN.docx","18655","False","16a721f79781eda7c2641d1059c33f8fdf50ff43"
"P2_untracked_intake_review","not_tracked_current_index","docs_or_research","datasets","datasets/ernie/swarm_consensus_report_EN.md","10667","False","14f462c5959f99d4e79e204207ba7ff3bc416253"
"P2_untracked_intake_review","not_tracked_current_index","data_or_benchmark","datasets","datasets/ernie/threat_actors_01-50_EN.docx","35681","False","9b4c1140322cff4e74e24c78080c93d3381194e3"
"P2_untracked_intake_review","not_tracked_current_index","docs_or_research","datasets","datasets/ernie/threat_actors_01-50_EN.md","230147","False","d131fe9bd651fcd80e184e0de00069e0966066c8"
"P2_untracked_intake_review","not_tracked_current_index","data_or_benchmark","datasets","datasets/ernie/validation_report_final_1000.json","1281","False","959bf03a515cde341a3855e7233b485bed9d2981"
"P2_untracked_intake_review","not_tracked_current_index","source_or_script","datasets","datasets/ernie/verify_ernie.py","10378","False","e048d46f6401375eaa9606e9674628d9d9bca18b"
"P2_untracked_intake_review","not_tracked_current_index","source_or_script","datasets","datasets/fix_merged_model.py","2971","False","adea97fbd90cc602863e22f150613a1ba86a11fc"
"P2_untracked_intake_review","not_tracked_current_index","docs_or_research","datasets","datasets/formaxxing_integration_summary.txt","6336","False","537ac76130cf8ec3543be4e48f5d16bb356aa494"
"P2_untracked_intake_review","not_tracked_current_index","source_or_script","datasets","datasets/gen_benign.py","6714","False","28cce512f907fe334c2b734facc8183f4481c311"
"P2_untracked_intake_review","not_tracked_current_index","source_or_script","datasets","datasets/gen_benign_100.py","13525","False","271385fe2c601f0336b6d4555d755befdeedd9e3"
"P2_untracked_intake_review","not_tracked_current_index","source_or_script","datasets","datasets/gen_novel_adversarial.py","13217","False","d791d441800c415207de9d9db461ea45cf3ea42f"
"P2_untracked_intake_review","not_tracked_current_index","data_or_benchmark","datasets","datasets/guard_comparison_2026_06.json","1479","False","d427b3b56dc2935d1ec4c288e6205cfd0dcaffb0"
"P2_untracked_intake_review","not_tracked_current_index","source_or_script","datasets","datasets/guard_diagnostic.py","5236","False","d6693962f00de8560e4b0b0d7bff1933eed1bb54"
"P2_untracked_intake_review","not_tracked_current_index","source_or_script","datasets","datasets/guard_ensemble.py","16131","False","68e368474756477414d67e9a75cad6270d8dbdb9"
"P2_untracked_intake_review","not_tracked_current_index","source_or_script","datasets","datasets/guard_ensemble_special_virus.py","12366","False","aef65bcea5b9e7db4e06ddb83e7a0d3ef7ec7c73"
"P2_untracked_intake_review","not_tracked_current_index","source_or_script","datasets","datasets/guard_plane.py","28867","False","e7ed97c83d1acfb348f114023d10a8b52afaa41d"
"P2_untracked_intake_review","not_tracked_current_index","data_or_benchmark","datasets","datasets/guard_plane_ensemble_test.json","590","False","f24221a90696fd9284215ba780ae30b09ff90b3d"
"P2_untracked_intake_review","not_tracked_current_index","data_or_benchmark","datasets","datasets/guard_plane_results.json","29967","False","91b36cc96b66525229234bf580eead5e87ac80ee"
"P2_untracked_intake_review","not_tracked_current_index","docs_or_research","datasets","datasets/guard_slm_combination_report.md","2754","False","d7649e923ed1532837fb31f1777d62f1b71cd58c"
"P2_untracked_intake_review","not_tracked_current_index","docs_or_research","datasets","datasets/guard_slm_merge_report.md","9366","False","df5c41ac7d78fed156f0f5421ce1ee2edf8c3504"
"P2_untracked_intake_review","not_tracked_current_index","docs_or_research","datasets","datasets/guard_slm_report_v3.md","14177","False","1f5662eecbb516c7e0ef6f0a74e8b4bd3e6f5763"
"P2_untracked_intake_review","not_tracked_current_index","source_or_script","datasets","datasets/guard_slm_test.py","6377","False","4fce0504889346c9080961d42d4905c55edf15e7"
"P2_untracked_intake_review","not_tracked_current_index","source_or_script","datasets","datasets/guard_train.py","5639","False","f02289cdc99afb7950d5c4e645ac473c36c0b28c"
"P2_untracked_intake_review","not_tracked_current_index","data_or_benchmark","datasets","datasets/guard_train_data.jsonl","18351","False","90e0bfc0f355814d1004f37406e9e49fc4969925"
"P2_untracked_intake_review","not_tracked_current_index","source_or_script","datasets","datasets/manual_slerp.py","2422","False","9bce51781a229cb59ab65c450ae8ebff67c5b738"
"P2_untracked_intake_review","not_tracked_current_index","source_or_script","datasets","datasets/nexus_bucket.py","5454","False","66e36e794bc7ba48a7fd526e991315e645390464"
"P2_untracked_intake_review","not_tracked_current_index","docs_or_research","datasets","datasets/preservation.txt","1089","False","73519d4ac333ae1f9d3d2040d99c066168daaf03"
"P2_untracked_intake_review","not_tracked_current_index","source_or_script","datasets","datasets/probe_prompts.py","2896","False","76a35eb221ae53fe528c0163bb60f2b3544a35ac"
"P2_untracked_intake_review","not_tracked_current_index","source_or_script","datasets","datasets/quick_test.py","1153","False","1fc279a1eb5be5959bf502da13b480a669bea519"
"P2_untracked_intake_review","not_tracked_current_index","docs_or_research","datasets","datasets/refusals.txt","1218","False","958f81218cceb5d6494ee0194d75c5cd19e1aac9"
"P2_untracked_intake_review","not_tracked_current_index","source_or_script","datasets","datasets/retrain_classifier_v2.py","6622","False","03b43edba5aba80c78ca9bf23065c928ec79ba40"
"P2_untracked_intake_review","not_tracked_current_index","source_or_script","datasets","datasets/retrain_classifier_v3.py","19025","False","468bb677d1a456a0c8bee17e1a2a399231c924f7"
"P2_diff_evidence_review","different_index","data_or_benchmark","datasets","datasets/safety_merge/d_safety_mock.jsonl","4733","False","2b3a97945a0c4b2e5236a0ecb2f10a775f818c27"
"P2_diff_evidence_review","different_index","data_or_benchmark","datasets","datasets/safety_merge/harm_bench.jsonl","466636","False","16847c67a83089d35888ca7e65c02ca65a8f1588"
"P2_untracked_intake_review","not_tracked_current_index","data_or_benchmark","datasets","datasets/scenarios_001-1000_EN.jsonl","889868","False","a6a1359b3fd895cb74512565691aa4a46a0ad3e5"
"P0_sensitive_hold","not_tracked_current_index","sensitive_path","datasets","<redacted-sensitive-path:.txt>","6503","True","6244cdb17e1639abac138b8ad569476316b43ff6"
"P2_untracked_intake_review","not_tracked_current_index","source_or_script","datasets","datasets/sweep_models.py","13235","False","a65c1ba60b2ad86f13f788557529ede4f25ea034"
"P2_untracked_intake_review","not_tracked_current_index","data_or_benchmark","datasets","datasets/sweep_results.json","71290","False","05b052d28829730ad02b38b85d2ccae0d36e8da7"
"P2_untracked_intake_review","not_tracked_current_index","data_or_benchmark","datasets","datasets/synthetic_benign_free.jsonl","13610","False","7fc60ac977cb3a44cf2963c003fb532d81acd121"
"P2_untracked_intake_review","not_tracked_current_index","source_or_script","datasets","datasets/tamas_benchmark_v3.py","4464","False","e46a2ebfcaec3f378f824e8b31af986853d40050"
"P2_untracked_intake_review","not_tracked_current_index","source_or_script","datasets","datasets/test_bonsai_quick.py","3295","False","d0895e6c2b9f30eb9845125d80b3c4a82bca98c1"
"P2_untracked_intake_review","not_tracked_current_index","source_or_script","datasets","datasets/test_gemma_benign.py","2559","False","6aa2c4292fd6a8959248a50565ca003d3365ef6b"
"P2_untracked_intake_review","not_tracked_current_index","source_or_script","datasets","datasets/test_v4_prompt.py","4565","False","4e3e43ab0163939528072437ee506dad79a8e44a"
"P2_untracked_intake_review","not_tracked_current_index","source_or_script","datasets","datasets/test_v5_prompt.py","5863","False","9d7134679e843207562f5a5bb5383487cde67a5c"
"P2_untracked_intake_review","not_tracked_current_index","source_or_script","datasets","datasets/train_guard.py","5072","False","72c53e336e624c373fa65464e2f798923603b6fc"
"P2_untracked_intake_review","not_tracked_current_index","data_or_benchmark","datasets","datasets/v7/v7_manifest.json","1399","False","763890c70399856045e11546351c71af2ae68c88"
"P2_untracked_intake_review","not_tracked_current_index","source_or_script","datasets","datasets/v7_builder.py","25484","False","bf3ade9410edbd1b15ef64655444d49ca710dc56"
"P2_untracked_intake_review","not_tracked_current_index","data_or_benchmark","datasets","datasets/v7_dpo_pairs.jsonl","595917","False","9a039b341994df163799a6bb16cdc6cfe13bec4d"
"P2_untracked_intake_review","not_tracked_current_index","data_or_benchmark","datasets","datasets/v7_dpo_pairs.summary.json","178","False","bec74205d66bac2200b26d732a7198af2893f7ba"
"P2_untracked_intake_review","not_tracked_current_index","data_or_benchmark","datasets","datasets/v7_dpo_pairs_fixed.jsonl","466574","False","97ff374200effcf8a373166c21d5e81b1822da7b"
"P2_untracked_intake_review","not_tracked_current_index","data_or_benchmark","datasets","datasets/v7_novel_base.jsonl","156146","False","d2248966107cb46cc25e91ea51b2910cdac5fdbe"
"P2_untracked_intake_review","not_tracked_current_index","data_or_benchmark","datasets","datasets/v7_novel_mutated.jsonl","184380","False","e9019b3fcfe093213ad35f9749bc366b82207919"
"P2_untracked_intake_review","not_tracked_current_index","data_or_benchmark","datasets","datasets/v7_novel_mutated.summary.json","1297","False","01b79b8b3aefb61897f5d03d7b991df3b4875fe7"
"P2_untracked_intake_review","not_tracked_current_index","data_or_benchmark","datasets","datasets/v7_novel_mutated_500.jsonl","1117773","False","d15bc3483f14107b2fee2c4addce058a11684ca7"
"P2_untracked_intake_review","not_tracked_current_index","data_or_benchmark","datasets","datasets/v7_novel_mutated_500.summary.json","1301","False","2527daf30432c59bebb355119aaff96bf8e50d9b"
"P2_untracked_intake_review","not_tracked_current_index","data_or_benchmark","datasets","datasets/v7_novel_mutated_qwen.jsonl","386223","False","0beef8e1d039aa838fcf7f47e00b27f74ea492e7"
"P2_untracked_intake_review","not_tracked_current_index","data_or_benchmark","datasets","datasets/v7_novel_mutated_qwen.summary.json","1302","False","71c454d40dadd65acf661a5d98de1f8141e75e87"
"P2_untracked_intake_review","not_tracked_current_index","source_or_script","datasets","datasets/v7_schema.py","1643","False","682500501394939aad7213bc9c3f88a564ad7df4"
"P2_untracked_intake_review","not_tracked_current_index","docs_or_research","docker","docker/lab/README.md","5526","False","db430a7f971e08d427b653f766051b5ea6a100e4"
"P2_untracked_intake_review","not_tracked_current_index","data_or_benchmark","docker","docker/lab/docker-compose.yml","2613","False","84e810040113a8b59cf134b751542e63ebc67a07"
"P2_untracked_intake_review","not_tracked_current_index","source_or_script","docker","docker/lab/entrypoint.sh","2131","False","f42efc0770d96672598fe5bdebc1391df2bfd37d"
"P2_untracked_intake_review","not_tracked_current_index","docs_or_research","docs","docs/TRANSITION_MANIFEST.md","33891","False","c8b5c846f477e3ad8b23d1a9f40c037f57285700"
"P2_untracked_intake_review","not_tracked_current_index","docs_or_research","docs","docs/archive/INVESTIGATION_REPORT_2026-05-20.md","12225","False","34ffef7f28ecb8489a1a3a2174de0083f2ea4785"
"P2_untracked_intake_review","not_tracked_current_index","docs_or_research","docs","docs/archive/SOURCE_ANALYSIS_FINDINGS_REPORT.md","19799","False","24da851fd3f78635dd08f4ae06d86f1a85b34f4b"
"P2_untracked_intake_review","not_tracked_current_index","docs_or_research","docs","docs/archive/SOURCE_ANALYSIS_PLAN.md","4421","False","08277f9d2bd744bdb98a6f4ac888624f76ffc57b"
"P2_untracked_intake_review","not_tracked_current_index","docs_or_research","docs","docs/archive/gross/DISK_CLEANUP_ANALYSIS_REPORT_2026-05-31.md","9009","False","9e936789eab78d36e4fdb9500a98f584c8218e84"
"P2_untracked_intake_review","not_tracked_current_index","docs_or_research","docs","docs/archive/gross/GROSS_PROJECT_GROUNDED_STATE_SYNTHESIS_2026-05-31.md","21999","False","261db871d4e102dd92d285f059b2c2803ca76fbe"
"P2_untracked_intake_review","not_tracked_current_index","docs_or_research","docs","docs/archive/gross/SMART_ELIMINATION_REPORT_2026-05-31.md","12563","False","f04483a3bd5c61961a8d83b61830778931eb7258"
"P0_sensitive_hold","not_tracked_current_index","sensitive_path","docs","<redacted-sensitive-path:.md>","4936","True","ae7e1cf4129ae3135c176179b852df02761e2ee2"
"P2_untracked_intake_review","not_tracked_current_index","docs_or_research","docs","docs/archive/handoff/2026-05-17-governance-endpoints.md","5450","False","096bd85f251e4a7392ffc2fc1be156285db8c5e6"
"P2_untracked_intake_review","not_tracked_current_index","docs_or_research","docs","docs/archive/handoff/2026-05-20-nexusalpha-pr32-safe-push.md","3909","False","f59fa0eff9f636322e55d035ec12ba74b3bf1dbc"
"P2_untracked_intake_review","not_tracked_current_index","docs_or_research","docs","docs/archive/handoff/2026-05-20-pi-broken.md","3990","False","81ca2f6a9a31c2d407ce6fc15c995a01873ca5bb"
"P2_untracked_intake_review","not_tracked_current_index","docs_or_research","docs","docs/archive/handoff/ANTIGRAVITY_IDE_BUG_REPORT_2026-05-23.md","4923","False","374e1179dd10d83df51fa2fc96a9232084f4f07d"
"P2_untracked_intake_review","not_tracked_current_index","docs_or_research","docs","docs/archive/handoff/BEAST_MODE_DIRECTIVE_COMPLETION_REPORT_2026-05-26.md","10827","False","b6271c6a2c9e9937c0a26c2e45ee671f1d4dafc7"
"P0_sensitive_hold","not_tracked_current_index","sensitive_path","docs","<redacted-sensitive-path:.md>","9566","True","54909ca1930a344f0ea7c5b228212f588ab7818d"
"P2_untracked_intake_review","not_tracked_current_index","docs_or_research","docs","docs/archive/handoff/BLIND_SPOT_V4_PROBE_RESULTS.json","9349","False","09541a75ca73f7e2f6b84bbc243e3086610a6f77"
"P2_untracked_intake_review","not_tracked_current_index","docs_or_research","docs","docs/archive/handoff/DOPPELGROUND_GITLEAKS_FALSE_POSITIVE_LEDGER_FREEZE_2026-05-26.json","1283732","False","a026c7889eb6bf0e72776a2ca900eeeb0d2b4451"
"P2_untracked_intake_review","not_tracked_current_index","docs_or_research","docs","docs/archive/handoff/DOPPELGROUND_GITLEAKS_FALSE_POSITIVE_LEDGER_MAIN_2026-05-26.json","1283727","False","a1c870775a1112895a9284eb4bdf0154c1781705"
"P2_untracked_intake_review","not_tracked_current_index","docs_or_research","docs","docs/archive/handoff/ERNIE_A2B_IMAGE_LONG_RUN_LAST_MESSAGE_2026-05-26.md","7306","False","6227cb7365035b5fb5d13f568e92dc6957394510"
"P2_untracked_intake_review","not_tracked_current_index","docs_or_research","docs","docs/archive/handoff/GROSS_PHASE2_EXECUTION_PLAN_2026-05-29.md","8656","False","dca627004441847bb7337b7cb7158139942a3390"
"P2_untracked_intake_review","not_tracked_current_index","docs_or_research","docs","docs/archive/handoff/GUARD_PLANE_V13_VERIFICATION_REPORT_2026-05-24.md","7526","False","2eb9ec545508bcc12c55aa6e0c38a41d3afccad6"
"P2_untracked_intake_review","not_tracked_current_index","docs_or_research","docs","docs/archive/handoff/LOCAL_RESOURCE_MONITOR_2026-05-27.md","13733","False","30edd15d9f3c3520790b6e7fadff937d4d1683b3"
"P2_untracked_intake_review","not_tracked_current_index","docs_or_research","docs","docs/archive/handoff/MODEL_DEEP_DIVE_INTEL_DISTILLATION_2026-05-25.md","19207","False","55086c5637babd121a9802c97e0ffbf124c35cf5"
"P2_untracked_intake_review","not_tracked_current_index","docs_or_research","docs","docs/archive/handoff/MODEL_LAB_JOB_CARD_EXAMPLE_CHECK_2026-05-26.json","324","False","b26b74e7daf6bb824d1256c10f312f65f1036ede"
"P2_untracked_intake_review","not_tracked_current_index","docs_or_research","docs","docs/archive/handoff/NEXUS_DOCKER_WSL_USAGE_OPTIMIZATION_2026-05-18.md","17108","False","58b0a9366d4c6d8e4c19c0aa56f32939de7957d6"
"P2_untracked_intake_review","not_tracked_current_index","docs_or_research","docs","docs/archive/handoff/NEXUS_LOCAL_GROUNDING_REFRESH_2026-05-24.md","6508","False","f341ad4e1894efaa377dcfd70f52943983313640"
"P2_untracked_intake_review","not_tracked_current_index","docs_or_research","docs","docs/archive/handoff/NEXUS_LOCAL_RESTART_RECOVERY_2026-05-18.md","12024","False","6ff588bc72e885fe8d8192f9d38b1d6c0b7c7ea2"
"P2_untracked_intake_review","not_tracked_current_index","docs_or_research","docs","docs/archive/handoff/NEXUS_VENDOR_AGENT_HYGIENE_2026-05-18.md","9558","False","c0264a8b7879b06e7c903aaeeac40a65244ef3f4"
"P2_untracked_intake_review","not_tracked_current_index","docs_or_research","docs","docs/archive/handoff/OLLAMA_CLEANUP_RECOVERY_2026-05-25.md","3145","False","1860c2975d8a7dac948c4e0c78866c2a92649e45"
"P2_untracked_intake_review","not_tracked_current_index","docs_or_research","docs","docs/archive/handoff/RP_MODEL_BOUNCER_BENCHMARK_2026-05-22.md","8611","False","f140b4b0854873fb9f3ca7c976547bec4b068d55"
"P0_sensitive_hold","not_tracked_current_index","sensitive_path","docs","<redacted-sensitive-path:.md>","2356","True","5d69f633cafb590590295ab850ecf18b87966150"
"P2_untracked_intake_review","not_tracked_current_index","docs_or_research","docs","docs/archive/handoff/STREAMLABS_OBS_CRASH_AND_BACKGROUND_WORKLOAD_INVESTIGATION_2026-05-26.md","7344","False","f5e55b34e12863f894ad3ba87e6a67298f589183"
"P2_untracked_intake_review","not_tracked_current_index","docs_or_research","docs","docs/archive/handoff/STREAMLABS_OBS_CRASH_FOLLOWUP_2026-05-25.md","10395","False","3b386a2f2bc39e4ef75fc234d2a64f22cf6d82c2"
"P2_untracked_intake_review","not_tracked_current_index","docs_or_research","docs","docs/archive/handoff/STREAMLABS_OBS_HEALTH_INVESTIGATION_2026-05-23.md","7899","False","3c5424a4b1e4073e2b70b74ac5be81fc232116d5"
"P0_sensitive_hold","not_tracked_current_index","sensitive_path","docs","<redacted-sensitive-path:.json>","2012","True","902ba13d534e3a5e601ecfff87f7eb1f5c49efcf"
"P0_sensitive_hold","not_tracked_current_index","sensitive_path","docs","<redacted-sensitive-path:.md>","1562","True","566d6b477646f7862e1ee047411f69d6e6005500"
"P0_sensitive_hold","not_tracked_current_index","sensitive_path","docs","<redacted-sensitive-path:.jsonl>","174","True","5db46c8cf9bccfe8d1d2a1ace24ec233871628f9"
"P2_untracked_intake_review","not_tracked_current_index","docs_or_research","docs","docs/archive/handoff/model_lab_job_card.example.json","1341","False","ca20d27e95b5fa74af65106a4a1e0ac9a94a4fa0"
"P2_untracked_intake_review","not_tracked_current_index","docs_or_research","docs","docs/archive/handoff/nexus-tidiness/CLASSIFICATION_MANIFEST.md","21210","False","a8ece80a120e616e5eddbb8c6f79c8d8b8b6f154"
"P2_untracked_intake_review","not_tracked_current_index","docs_or_research","docs","docs/archive/handoff/nexus-tidiness/README.md","4314","False","c367c69971c6b71a56b1b4edad6333056c5b0900"
"P2_untracked_intake_review","not_tracked_current_index","docs_or_research","docs","docs/archive/handoff/nexus-tidiness/c-tmp-important-file-candidates.csv","1802","False","867e6f448177a56656841fc2b2ecc0d5c6312813"
"P2_untracked_intake_review","not_tracked_current_index","docs_or_research","docs","docs/archive/handoff/nexus-tidiness/c-tmp-inventory.csv","2987","False","4ca2914b7333f96076cbf308e52f130c782a56bc"
"P2_untracked_intake_review","not_tracked_current_index","docs_or_research","docs","docs/archive/handoff/nexus-tidiness/downloads-nexus-related-candidates.csv","9533","False","25195415dc49840cd8b2272de4bf5f61673376a8"
"P2_untracked_intake_review","not_tracked_current_index","docs_or_research","docs","docs/archive/handoff/nexus-tidiness/downloads-papers-inventory.csv","19577","False","e12139603a8177b4726a8c4e1cc89d2315f27ad1"
"P2_untracked_intake_review","not_tracked_current_index","docs_or_research","docs","docs/archive/handoff/nexus-tidiness/downloads-top-inventory.csv","25064","False","69c383b4fa0affea1eeb3c2cde9a5730287c8d99"
"P2_untracked_intake_review","not_tracked_current_index","docs_or_research","docs","docs/archive/handoff/nexus-tidiness/git-status-before.txt","1870","False","0406bf84be9e5be6167c64d0fa178106efda903e"
"P2_untracked_intake_review","not_tracked_current_index","docs_or_research","docs","docs/archive/handoff/nexus-tidiness/nexus-content-counts.csv","241","False","d6257c897549c52c3c01d62fc33e4bee0413ec0f"
"P2_untracked_intake_review","not_tracked_current_index","docs_or_research","docs","docs/archive/handoff/nexus-tidiness/nexus-root-inventory.csv","11312","False","88ab4e9cdf1efac1b3a11dea97681dc36e5e3e9a"
"P2_untracked_intake_review","not_tracked_current_index","docs_or_research","docs","docs/archive/handoff/nexus-tidiness/rollback-point.txt","213","False","af36e4936ee4e5dfc8c73fa75ab2d250c3c5d032"
"P2_untracked_intake_review","not_tracked_current_index","docs_or_research","docs","docs/archive/handoff/nexus-tidiness/source-location-counts.csv","242","False","aa13b439b6d33c713563122a9be0ffd652b21e22"
"P2_untracked_intake_review","not_tracked_current_index","docs_or_research","docs","docs/archive/nexus_agentic_gateway_v31_deep_dive_2026-04-18.md","28484","False","2db3208e984458903e089659651b7d9ce0e87058"
"P2_untracked_intake_review","not_tracked_current_index","docs_or_research","docs","docs/archive/research/GUARD_EVAL_REPORT_2026-05-20.md","7018","False","df8c8e2edd33068a2cac030f9b6e1963db67018a"
"P2_untracked_intake_review","not_tracked_current_index","docs_or_research","docs","docs/archive/research/MEMORY_CHECKPOINT_CURRENT.md","5584","False","e7a3fbff906eafc4bfe73676977b017fdfb0a0bc"
"P2_untracked_intake_review","not_tracked_current_index","docs_or_research","docs","docs/archive/research/ernie_remediation-remediation_report.md","11197","False","d2c0cd37596ca1123603f12c798611759972bf69"
"P2_untracked_intake_review","not_tracked_current_index","docs_or_research","docs","docs/archive/research/guard_eval_full_results.json","1836","False","f3bf30043c8a0e60a9558ace8ab268db3e00c255"
"P2_untracked_intake_review","not_tracked_current_index","docs_or_research","docs","docs/archive/research/guard_eval_results.json","2173","False","0d68ae8e1c91fa805a592fbdbcd3f945264e3251"
"P2_untracked_intake_review","not_tracked_current_index","docs_or_research","docs","docs/archive/research/guard_eval_scored_results.json","1123","False","cd6c38c06a646ba6be8862ecf8d05bc50da11502"
"P2_untracked_intake_review","not_tracked_current_index","docs_or_research","docs","docs/archive/reviews/NEXUS_ASSET_INVENTORY_AND_INTEGRATION_2026-05-12.md","21646","False","0901f59804fc0889c3d6cf79918117e288091b8e"
"P2_untracked_intake_review","not_tracked_current_index","docs_or_research","docs","docs/archive/root/2026-05-20-alpha-branch-comparison.md","2703","False","8b821f7a78b7dba141d53aeb62d1bc12e100d2e0"
"P2_untracked_intake_review","not_tracked_current_index","docs_or_research","docs","docs/archive/root/2026-05-20-pi-broken.md","4041","False","2a5b98e5cddb692f7ca221eb6ea0110e2b22103a"
"P2_untracked_intake_review","not_tracked_current_index","docs_or_research","docs","docs/archive/root/CURATED_RESEARCH_AND_AGENT_LOGS_SYNTHESIS.md","11907","False","813bb15680a70901dc0aa02023ad9e1c9c5c45b7"
"P2_untracked_intake_review","not_tracked_current_index","docs_or_research","docs","docs/archive/root/NEO_NEXUS_GROUNDING.md","16275","False","f6d0af06efc788d80bd85be33b4291f5ca4a967e"
"P0_sensitive_hold","not_tracked_current_index","sensitive_path","docs","<redacted-sensitive-path:.md>","3219","True","05af104f800f5556e14ba8a4e265fae2e7295514"
"P2_untracked_intake_review","not_tracked_current_index","docs_or_research","docs","docs/archive/root/conversation_history_full_export_2026-05-27.md","13222","False","6c89068c54eae133c453af8d3adeec467b91eef4"
"P2_untracked_intake_review","not_tracked_current_index","docs_or_research","docs","docs/archive/root/nexus_grounding_report.md","11815","False","6b15817638344306cc493c816133d91bc5f1b162"
"P0_sensitive_hold","not_tracked_current_index","sensitive_path","docs","<redacted-sensitive-path:.md>","594198","True","aefaa85208d581de5bcfcce5701768c5c06c00d5"
"P2_untracked_intake_review","not_tracked_current_index","docs_or_research","docs","docs/coordination/GENIUSTURTLE_NEXUS_ADAPTER_CONTRACT_2026-05-26.md","2752","False","808e8e521362942ce176d552ff805533fc56f0f9"
"P2_untracked_intake_review","not_tracked_current_index","docs_or_research","docs","docs/coordination/NEXUS_STATE_DIGEST.json","9396","False","54d117b73909a2bdd98455292fa8890f33d86923"
"P2_untracked_intake_review","not_tracked_current_index","docs_or_research","docs","docs/coordination/NEXUS_TWAVE_QWAVE_DOPPELGROUND_GENIUSTURTLE_INTEGRATION_SCAN_2026-05-26.md","7866","False","3fd6e8a1029beefc8079644078085f83fe9c0aa5"
"P2_untracked_intake_review","not_tracked_current_index","docs_or_research","docs","docs/coordination/NEXUS_VISIBLE_LAYERS_ACTIVE_INTEGRATION_BLUEPRINT_2026-05-26.md","12443","False","3077b4392bc00aeee6bc099e9ddaec93fbb34f49"
"P2_untracked_intake_review","not_tracked_current_index","docs_or_research","docs","docs/coordination/NEXUS_VISIBLE_LAYERS_EXECUTION_PROGRESS_2026-05-26.md","4531","False","0cc95e086658438566307425316e271a26686c54"
"P2_untracked_intake_review","not_tracked_current_index","docs_or_research","docs","docs/coordination/QWAVE_TWAVE_ARTIFACT_LEDGER_2026-05-26.json","58357","False","28fed40631d84d3430e68fdd238f5adf40173545"
"P2_untracked_intake_review","not_tracked_current_index","docs_or_research","docs","docs/coordination/ZO_LONG_RUN_DIRECTIVE_2026-05-22.md","4213","False","8ef731d6e0f920fca2f5572fd1a79c39f9193b13"
"P2_untracked_intake_review","not_tracked_current_index","docs_or_research","docs","docs/coordination/ZO_OPENCLAW_CONFUSION_HELP_PROMPT_2026-05-26.md","7343","False","21ff2ca47817344d1fdbf03a01635b37ccd51b11"
"P2_untracked_intake_review","not_tracked_current_index","docs_or_research","docs","docs/coordination/ZO_OPENCLAW_MODELRELAY_DIGEST_2026-05-24.md","12457","False","94f654b7e8e4b37143eee1032095662d613b7b41"
"P2_untracked_intake_review","not_tracked_current_index","docs_or_research","docs","docs/coordination/ZO_OPENCLAW_NEXT_SAFE_SLICE_2026-05-26.md","4630","False","1bc841b933a801f8f3ce5086bb63ab08d937936d"
"P2_untracked_intake_review","not_tracked_current_index","docs_or_research","docs","docs/coordination/ZO_OPENCLAW_REACHABILITY_AND_SWARM_WORKLOGS_2026-05-26.md","6611","False","0e6843165ac599941b5601eccee1515cbf059dca"
"P2_untracked_intake_review","not_tracked_current_index","docs_or_research","docs","docs/coordination/multi-agent-grounding-report.md","5671","False","671c23c2d5f38790668aa064dec6a5fbc21a1005"
"P2_untracked_intake_review","not_tracked_current_index","docs_or_research","docs","docs/coordination/multi-agent-sync-failure.md","6953","False","a14aa0e3763ad7fb6b71ffc1c55c147afa39b27d"
"P2_untracked_intake_review","not_tracked_current_index","docs_or_research","docs","docs/coordination/zo-coordination-README.md","3702","False","74e184ddb0acf2d9734c51e5f165aa7f89b39f3b"
"P2_untracked_intake_review","not_tracked_current_index","docs_or_research","docs","docs/governance/ACTIVATION_LANES.md","2331","False","1d551256f6f18743bf798122c25b131ed16c0283"
"P2_untracked_intake_review","not_tracked_current_index","docs_or_research","docs","docs/governance/ENTERPRISE_GOVERNANCE_MODEL.md","27510","False","534edd3e04182d5551e0ae7e4ec88a74e74de1e1"
"P2_untracked_intake_review","not_tracked_current_index","docs_or_research","docs","docs/governance/IMPROVEMENT_FRAMEWORK_V2.md","30180","False","a98f10cff6e0e7ae890f1ceb502bbb695b0b9832"
"P2_untracked_intake_review","not_tracked_current_index","docs_or_research","docs","docs/governance/NEXUS_AGENT_PROTOCOL.md","3258","False","806761bd3ad7fad167f0041b9bc8918801cc9e18"
"P2_untracked_intake_review","not_tracked_current_index","docs_or_research","docs","docs/governance/NEXUS_CONSTITUTION.md","4241","False","9481a9f82147a85b58623123cddaa72fd5127834"
"P2_untracked_intake_review","not_tracked_current_index","docs_or_research","docs","docs/governance/NEXUS_GOVERNANCE_RECONCILE_2026-05.md","4303","False","fcfc568e4cb92dd1f9196591ff2ec62b7573e1b3"
"P2_untracked_intake_review","not_tracked_current_index","docs_or_research","docs","docs/governance/NEXUS_MAIN_SOUL.md","6576","False","974552607b4de7d73406cca4a092b72856599c91"
"P2_untracked_intake_review","not_tracked_current_index","docs_or_research","docs","docs/governance/NEXUS_OS_VISION_MANIFEST_2026.md","22544","False","3b3d85566886adf0ee905de70bb8e3f26a4e1376"
"P2_untracked_intake_review","not_tracked_current_index","docs_or_research","docs","docs/governance/NEXUS_TRUST_MEMORY_CORE_PLAN_2026-06-03.md","2703","False","d774646a859dac311f0d3a6a73a59c65985bc019"
"P2_untracked_intake_review","not_tracked_current_index","docs_or_research","docs","docs/handbook/NOT_DOING_LIST.md","5762","False","9eb95697b840a6a56df391b6d77e32f83356e129"
"P0_sensitive_hold","different_index","sensitive_path","docs","<redacted-sensitive-path:.md>","9240","True","6647e6c76bcbed6dc121ebb1ac6b8fe7440482b2"
"P2_diff_evidence_review","different_index","docs_or_research","docs","docs/handoff/BENCHMARK_TRUST_REGISTRY.md","7223","False","2c30d4363d223ba78d490dda14e0b15a4aea4a0b"
"P2_diff_evidence_review","different_index","docs_or_research","docs","docs/handoff/BLIND_SPOT_V4_PROBE_RESULTS.json","9349","False","09541a75ca73f7e2f6b84bbc243e3086610a6f77"
"P0_sensitive_hold","different_index","sensitive_path","docs","<redacted-sensitive-path:.md>","4414","True","8ae4f943fdac03818fa9c3a1df8fdc8b591a0c37"
"P2_untracked_intake_review","not_tracked_current_index","docs_or_research","docs","docs/handoff/P0_PHASE_COMPLETION.txt","7397","False","2eca35482f4f82cc1c9106ffc804939837c2efb9"
"P2_diff_evidence_review","different_index","docs_or_research","docs","docs/handoff/PAPERS02_SYNTHESIS_AND_ACTIONABLE_INSIGHTS_2026-05-26.md","11831","False","35a6367430825b2b529bea138e741064f0a75eff"
"P2_untracked_intake_review","not_tracked_current_index","docs_or_research","docs","docs/handoff/RECOVERY_INTAKE_2026-06-05.md","6302","False","ea9f7148e4dc7c70675955b1bfd3adcd446ef502"
"P2_untracked_intake_review","not_tracked_current_index","docs_or_research","docs","docs/handoff/cline-agent-review.md","9842","False","84abbd2ea69542512438c5d75414e560f3594736"
"P2_diff_evidence_review","different_index","docs_or_research","docs","docs/handoff/pdf_extracts/contamination_benchmark.txt","84561","False","2b603b27025992a5cc431b0adbb6d2d8595d1d56"
"P2_diff_evidence_review","different_index","docs_or_research","docs","docs/handoff/pdf_extracts/contamination_generative.txt","139375","False","bd2de5f21f2b36adcb088e63439d795838f0e49b"
"P2_diff_evidence_review","different_index","docs_or_research","docs","docs/handoff/pdf_extracts/metasecalign.txt","74865","False","f49c3fdfcc2349bc40633378b4b69f92fd75edc7"
"P2_diff_evidence_review","different_index","docs_or_research","docs","docs/handoff/pdf_extracts/multiturn_safety.txt","137003","False","773b7c6797e4145830d51c872f96282dc251dce0"
"P2_diff_evidence_review","different_index","docs_or_research","docs","docs/handoff/pdf_extracts/redbench.txt","109747","False","ac2a8d788f19415841a75c25d6aa4ec65e7e4925"
"P2_diff_evidence_review","different_index","docs_or_research","docs","docs/handoff/pdf_extracts/redteam_rewards.txt","84575","False","5e1ed4ff0e553b46b891b21dc01c1a36f1440b84"
"P2_diff_evidence_review","different_index","docs_or_research","docs","docs/handoff/pdf_extracts/safety_at_scale.txt","412781","False","ffee6b3a47cbf7a10a05bf192875108556bc495c"
"P2_diff_evidence_review","different_index","docs_or_research","docs","docs/handoff/pdf_extracts/shortcut_neuron.txt","50458","False","fa402327fcc533a1629f73144402149940816774"
"P2_diff_evidence_review","different_index","docs_or_research","docs","docs/handoff/pdf_extracts/tree_of_attacks.txt","119840","False","0f2d74862378570d6796e60de585b3f6c5a2e327"
"P2_diff_evidence_review","different_index","docs_or_research","docs","docs/handoff/pdf_extracts/trust_benchmarks.txt","95513","False","6b1e54f21e9d649a1bc280be2ec1119033dffbdd"
"P2_untracked_intake_review","not_tracked_current_index","docs_or_research","docs","docs/handoff/recovery-intake-2026-06-05/SANITIZED_RAW_LOG_SUMMARIES.md","4822","False","de367d66df084d692f5dfe4b818ecfdc33f3cc6c"
"P2_untracked_intake_review","not_tracked_current_index","docs_or_research","docs","docs/handoff/recovery-intake-2026-06-05/curated/NEXUSCLAW_CORE_V0_EVIDENCE_MATRIX_2026-06-03.md","5690","False","c45c13dfde26b5268b54cd4a051df8c9147ad551"
"P2_untracked_intake_review","not_tracked_current_index","docs_or_research","docs","docs/handoff/recovery-intake-2026-06-05/curated/PLANcodex030626.md","3842","False","b3412b80a1355108ba551506955f7f16cea754c8"
"P2_untracked_intake_review","not_tracked_current_index","docs_or_research","docs","docs/handoff/recovery-intake-2026-06-05/curated/Release_Notes_MetaSpark_Integration.md","5680","False","50aba705708b8cc1f09572bc2ead75aad29d988d"
"P2_untracked_intake_review","not_tracked_current_index","docs_or_research","docs","docs/handoff/recovery-intake-2026-06-05/curated/implementation_plan15.md","3878","False","97abd725d58241bab184a249dac3154bb99e5aca"
"P2_untracked_intake_review","not_tracked_current_index","docs_or_research","docs","docs/handoff/recovery-intake-2026-06-05/curated/implementation_plan16.md","4850","False","7fe5662278edfb9299d74d96b375fd0999a89279"
"P2_untracked_intake_review","not_tracked_current_index","docs_or_research","docs","docs/handoff/recovery-intake-2026-06-05/curated/nexus_os_architecture_upgrades_synthesis.md","8507","False","96e46d6536a265111cd00ca9574955023788fc98"
"P2_untracked_intake_review","not_tracked_current_index","docs_or_research","docs","docs/handoff/recovery-intake-2026-06-05/curated/supervisorJStext.txt","1532","False","c8160c6d038a8bc1fe38eb44b591114b4d32d5c0"
"P2_untracked_intake_review","not_tracked_current_index","docs_or_research","docs","docs/handoff/recovery-intake-2026-06-05/curated/test_archivist_integrity-metaPYtext.txt","9681","False","337104dc0e76cb502c03bb2f2463f4b2596b5239"
"P2_untracked_intake_review","not_tracked_current_index","docs_or_research","docs","docs/handoff/recovery-intake-2026-06-05/curated/walkthrough08.md","5482","False","413ba7abd3178d67fa6c98eae9cdf91875901730"
"P2_untracked_intake_review","not_tracked_current_index","docs_or_research","docs","docs/operations/A2A_ZAPIER_MCP_INTEGRATION_ARCHITECTURE.md","34240","False","81cbd1d532a85e6c8fde51386efd8304c50b2ad0"
"P2_untracked_intake_review","not_tracked_current_index","docs_or_research","docs","docs/operations/AUTOMATION_AUDIT_2026-05-23.md","6002","False","decfd39096717417d6cbb81950b1f45f80891069"
"P2_untracked_intake_review","not_tracked_current_index","docs_or_research","docs","docs/operations/DEPLOYMENT_RUNBOOKS.md","21656","False","44a000c94cb6f83b94580a48e194177a7ee5f60e"
"P2_untracked_intake_review","not_tracked_current_index","docs_or_research","docs","docs/operations/FUSION_REALITY_CHECK.md","5839","False","06fe9458f24a3916379f6f69f0026ebfaffa67fd"
"P2_untracked_intake_review","not_tracked_current_index","docs_or_research","docs","docs/operations/INTERN_AI_PROVIDER_BOOT_2026-06-03.md","6526","False","7adc34143db91f3943a176c6d27336290540c7aa"
"P2_untracked_intake_review","not_tracked_current_index","docs_or_research","docs","docs/operations/MCP_SETUP_GUIDE.md","11444","False","4364f121e5e01e75fd07a443254fe977b582cefb"
"P2_untracked_intake_review","not_tracked_current_index","docs_or_research","docs","docs/operations/MIGRATION_STRATEGY_AZURE_TO_HYBRID.md","19755","False","e632ad05d572bc41b669ca198b88d63e88a9633a"
"P2_untracked_intake_review","not_tracked_current_index","docs_or_research","docs","docs/operations/NEXUS_DOCKER_MCP_SET1_ROADMAP.md","5321","False","9185b31e03131f9a712a1dbb595569777156ba92"
"P2_untracked_intake_review","not_tracked_current_index","docs_or_research","docs","docs/operations/NEXUS_TIDINESS_PROTOCOL.md","9251","False","87ecec3f9350fa8084bf4b6772f7ecf6d9903d81"
"P2_untracked_intake_review","not_tracked_current_index","docs_or_research","docs","docs/operations/NEXUS_ZO_CLAW_INTEGRATION_PLAN.md","17334","False","0cbcd21219d97de89c209b3b0da51d54a839d1a1"
"P0_sensitive_hold","not_tracked_current_index","sensitive_path","docs","<redacted-sensitive-path:.md>","10714","True","6001fefb72c8a2e24b293fa85eac3c35fcd53fb0"
"P0_sensitive_hold","not_tracked_current_index","sensitive_path","docs","<redacted-sensitive-path:.md>","12537","True","e2c591ebd946a263e04322cafad27d683641b8b6"
"P2_untracked_intake_review","not_tracked_current_index","docs_or_research","docs","docs/operations/PREMIUM_PROVIDER_LIVE_VALIDATION_2026-06-02.md","4930","False","0d1a3353da5062d071b2875845acc291666738b9"
"P2_untracked_intake_review","not_tracked_current_index","docs_or_research","docs","docs/operations/SLACK_BOT_SETUP.md","8243","False","082f276df084a27e227dbce31696be0bbc33c0b6"
"P2_untracked_intake_review","not_tracked_current_index","docs_or_research","docs","docs/operations/ZO_24_7_PROVIDER_BACKUP_PLAN_2026-05-24.md","7547","False","ff900c0d46aeac2c7f63d712d0acbc64cf3adb85"
"P2_untracked_intake_review","not_tracked_current_index","docs_or_research","docs","docs/operations/ZO_AUTOMATION_REGISTRY.md","3903","False","901a1602dfd9b0d7d11a57dadbbd1ed794f9766a"
"P0_sensitive_hold","not_tracked_current_index","sensitive_path","docs","<redacted-sensitive-path:.md>","2171","True","576e0e5efda7eadd318d82a2f07380a510449bc5"
"P2_untracked_intake_review","not_tracked_current_index","docs_or_research","docs","docs/research/ANCHORED_SUMMARY_2026-06-03.md","8914","False","cc6864b63253d102b3895935786ac301af8dff14"
"P2_untracked_intake_review","not_tracked_current_index","docs_or_research","docs","docs/research/BENCHMARK_TRUST_REGISTRY.md","7533","False","2c9c7e010f3aded8343195bb864b788bd040d76a"
"P2_untracked_intake_review","not_tracked_current_index","docs_or_research","docs","docs/research/BOUNCER_MODEL_MATRIX_2026-05-24.md","11342","False","a465261a32f3d961db45adc0eb46c65dc6dcd668"
"P2_untracked_intake_review","not_tracked_current_index","docs_or_research","docs","docs/research/BOUNCER_RP_MODEL_ANALYSIS_2026-05-22.md","6694","False","6dd9c95a993e6690baa8fde86b7adcc7f9b1bf96"
"P2_untracked_intake_review","not_tracked_current_index","docs_or_research","docs","docs/research/CONTAMINATION_DETECTION_UNIFIED_2026-05-26.md","11091","False","120f4ed7095a14d8b5b3b9ea14ecbb4d9a8dfa53"
"P2_untracked_intake_review","not_tracked_current_index","docs_or_research","docs","docs/research/DELETED_MODELS_THEORETICAL_INVENTORY.md","11593","False","fd7e832bd1612d16fe4f88c3e81f99844f621528"
"P2_untracked_intake_review","not_tracked_current_index","docs_or_research","docs","docs/research/ERNIE_SESSION02_DEEP_ANALYSIS_2026-05-23.md","19163","False","fc26f734986c31e5f9c6f4815d90e633bc7e1930"
"P2_untracked_intake_review","not_tracked_current_index","docs_or_research","docs","docs/research/ERNIE_SESSION05_NEXUS_FRONTIER_V4_SYNTHESIS_2026-05-25.md","12031","False","77532846e3b207f6d24c02a65b4d205af25fa284"
"P2_untracked_intake_review","not_tracked_current_index","docs_or_research","docs","docs/research/ERNIE_SESSION06_NEXUS_STRATEGY_SYNTHESIS_2026-05-25.md","15715","False","c88404288409ef8aee5d4fdfe7ab150583718b32"
"P0_sensitive_hold","not_tracked_current_index","sensitive_path","docs","<redacted-sensitive-path:.md>","13382","True","dbe03b66be530790ad9e786350015218c1d67789"
"P2_untracked_intake_review","not_tracked_current_index","docs_or_research","docs","docs/research/GROUNDING_SYNTHESIS_2026-06-02.md","28179","False","71c4898d4960af673731b6ec85736bf2213ca57e"
"P2_untracked_intake_review","not_tracked_current_index","docs_or_research","docs","docs/research/GUARD_MODEL_COMBINATION_REPORT_2026-05-24.md","4975","False","c6ff84f6b119b11ef8f31b98a1cd4c7a030a1591"
"P2_untracked_intake_review","not_tracked_current_index","docs_or_research","docs","docs/research/IMPLEMENTATION_UPGRADE_RECOMMENDATIONS.md","26851","False","90394de541e0e89f61db8d36be82128b49d1a778"
"P2_untracked_intake_review","not_tracked_current_index","docs_or_research","docs","docs/research/INSPIRATION.md","5059","False","a2226f9072fe0414050a8174f5a4c7ef6716b7a8"
"P2_untracked_intake_review","not_tracked_current_index","docs_or_research","docs","docs/research/MCP_SECURITY_PAPERS_2026-05-20.md","12361","False","915287a6e3610448ed7fc98fab84c1344f2cb89e"
"P2_untracked_intake_review","not_tracked_current_index","docs_or_research","docs","docs/research/MERGE_STRATEGY_DEEP_DIVE_2026-05-22.md","20229","False","4734590fc93e745c093846e3110c73af011f141a"
"P2_untracked_intake_review","not_tracked_current_index","docs_or_research","docs","docs/research/MODEL_DEEP_DIVE_DISTILLATION_2026-05-25.md","14198","False","4550ecb8900e2fa0f24c7067b4e68972ba8c4ac7"
"P2_untracked_intake_review","not_tracked_current_index","docs_or_research","docs","docs/research/MODEL_SWEEP_REPORT_2026-05-24.md","6140","False","30bceedbdadccdf23707b30f49040732a100cd76"
"P2_untracked_intake_review","not_tracked_current_index","docs_or_research","docs","docs/research/NEXUSCLAW_CORE_V0_EVIDENCE_MATRIX_2026-06-03.md","6064","False","128f88dfd5680cea849fdb15072e2bd94d66f5d1"
"P2_untracked_intake_review","not_tracked_current_index","docs_or_research","docs","docs/research/NEXUSCLAW_DESIGN.md","20837","False","c9c6731a35ae3a9a1b69d71e96eae20d4a3b7a30"
"P2_untracked_intake_review","not_tracked_current_index","docs_or_research","docs","docs/research/NEXUS_CONNECTIVITY_REPORT.md","4536","False","cd0c4d2380534a2207fafabe82760e6cc202e733"
"P2_untracked_intake_review","not_tracked_current_index","docs_or_research","docs","docs/research/NEXUS_DOCKER_MCP_SET1_ANALYSIS.md","13003","False","34a85112122aa45d97afb3cd166b91fad56d5d84"
"P2_untracked_intake_review","not_tracked_current_index","docs_or_research","docs","docs/research/NEXUS_SET2_TESTED_INTEGRATION_TESTS.md","17368","False","ad2d4f097fde88ec1f6a74493912027312025827"
"P2_untracked_intake_review","not_tracked_current_index","docs_or_research","docs","docs/research/NEXUS_SET2_TESTED_MCP_SELECTION.md","24542","False","8afcde9baf9910ce2d42bb9e71ed8244504a6ac6"
"P2_diff_evidence_review","different_index","docs_or_research","docs","docs/research/OPTIMAL_LOCAL_MULTI_MODEL_SERVING_2026-05-26.md","8931","False","078e6449e8aa900cf609cff54f376b9ce0e0cad1"
"P2_untracked_intake_review","not_tracked_current_index","docs_or_research","docs","docs/research/PAPERS02_SYNTHESIS_AND_ACTIONABLE_INSIGHTS_2026-05-26.md","12170","False","ec977c69fabe3d99b99caa478965ab29dae70bf9"
"P2_untracked_intake_review","not_tracked_current_index","docs_or_research","docs","docs/research/RP_MODEL_BOUNCER_BENCHMARK_V2_2026-05-23.md","11511","False","1bb4566b6f1c988792f8218e7ae0fdc8ae6b87f8"
"P2_untracked_intake_review","not_tracked_current_index","docs_or_research","docs","docs/research/SOURCE_ANALYSIS_FINAL_SUMMARY.md","9816","False","a28edb350945b6d2662c3712811f99367b3ed11d"
"P2_untracked_intake_review","not_tracked_current_index","docs_or_research","docs","docs/research/STRESS_LAB_DATASET_ROADMAP_2026-05-22.md","16537","False","ad46bb181545307252473a7914e3655a2879119a"
"P2_untracked_intake_review","not_tracked_current_index","docs_or_research","docs","docs/research/cline-agent-analysis.md","6599","False","317a5e8118ac959fd0e42db05a2d15a6f1cc1def"
"P2_untracked_intake_review","not_tracked_current_index","docs_or_research","docs","docs/research/codex-agent-patterns.md","8376","False","62c35d346b66f85327ebdd745f9005bad82e3d70"
"P2_untracked_intake_review","not_tracked_current_index","docs_or_research","docs","docs/research/compression_merge_ft_approaches.md","27443","False","f274a9787f07d57d30834576c65159a89b12b6e5"
"P2_untracked_intake_review","not_tracked_current_index","docs_or_research","docs","docs/research/model_analysis_and_guarding_strategies.md","17697","False","247615e946078169f517bdd621b60a851f5bb253"
"P2_untracked_intake_review","not_tracked_current_index","docs_or_research","docs","docs/research/paper_extracts/contamination_benchmark.txt","84561","False","2b603b27025992a5cc431b0adbb6d2d8595d1d56"
"P2_untracked_intake_review","not_tracked_current_index","docs_or_research","docs","docs/research/paper_extracts/contamination_generative.txt","139375","False","bd2de5f21f2b36adcb088e63439d795838f0e49b"
"P2_untracked_intake_review","not_tracked_current_index","docs_or_research","docs","docs/research/paper_extracts/dice.txt","39283","False","717a3336e08ba46468f378dc1a9e93a065e6018c"
"P2_untracked_intake_review","not_tracked_current_index","docs_or_research","docs","docs/research/paper_extracts/merging.txt","53496","False","5cc70d90174152d5382f249c3cf5535f0d4a3403"
"P2_untracked_intake_review","not_tracked_current_index","docs_or_research","docs","docs/research/paper_extracts/metasecalign.txt","74865","False","f49c3fdfcc2349bc40633378b4b69f92fd75edc7"
"P2_untracked_intake_review","not_tracked_current_index","docs_or_research","docs","docs/research/paper_extracts/multiturn_safety.txt","137003","False","773b7c6797e4145830d51c872f96282dc251dce0"
"P2_untracked_intake_review","not_tracked_current_index","docs_or_research","docs","docs/research/paper_extracts/redbench.txt","109747","False","ac2a8d788f19415841a75c25d6aa4ec65e7e4925"
"P2_untracked_intake_review","not_tracked_current_index","docs_or_research","docs","docs/research/paper_extracts/redteam_rewards.txt","84575","False","5e1ed4ff0e553b46b891b21dc01c1a36f1440b84"
"P2_untracked_intake_review","not_tracked_current_index","docs_or_research","docs","docs/research/paper_extracts/safety_at_scale.txt","412781","False","ffee6b3a47cbf7a10a05bf192875108556bc495c"
"P2_untracked_intake_review","not_tracked_current_index","docs_or_research","docs","docs/research/paper_extracts/shortcut_neuron.txt","50458","False","fa402327fcc533a1629f73144402149940816774"
"P2_untracked_intake_review","not_tracked_current_index","docs_or_research","docs","docs/research/paper_extracts/survey.txt","107667","False","d8d3680a92a51f76a683ae826989c0186ff0ad4c"
"P2_untracked_intake_review","not_tracked_current_index","docs_or_research","docs","docs/research/paper_extracts/tree_of_attacks.txt","119840","False","0f2d74862378570d6796e60de585b3f6c5a2e327"
"P2_untracked_intake_review","not_tracked_current_index","docs_or_research","docs","docs/research/paper_extracts/trust_benchmarks.txt","95513","False","6b1e54f21e9d649a1bc280be2ec1119033dffbdd"
"P2_untracked_intake_review","not_tracked_current_index","docs_or_research","docs","docs/reviews/DATASET_EXPANSION_COMPLETION_REPORT.md","11035","False","0f60680445b830312b7eb803f8e5733df48281b8"
"P2_untracked_intake_review","not_tracked_current_index","docs_or_research","docs","docs/reviews/NEXUS_OS_STATUS_REPORT.md","44253","False","092962401238091351ee8877bcb93e7ac5555f4c"
"P2_untracked_intake_review","not_tracked_current_index","docs_or_research","docs","docs/reviews/SYSTEM_AUDIT_REPORT_2026-05-29.md","9470","False","349d9edb3cef19dbb59f8a3e19431a7610e54697"
"P2_untracked_intake_review","not_tracked_current_index","docs_or_research","docs","docs/security/ANTIGRAVITY_CLAIMS_VERIFICATION_2026-05-24.md","8190","False","04fb6d789e300197cc52fb85982e76621768f083"
"P0_sensitive_hold","not_tracked_current_index","sensitive_path","docs","<redacted-sensitive-path:.md>","10737","True","2023dd2e84090e5a732b427aec11c5a6974f2287"
"P2_untracked_intake_review","not_tracked_current_index","docs_or_research","docs","docs/security/DOPPELGROUND_GITLEAKS_FALSE_POSITIVE_TRIAGE_2026-05-26.md","3024","False","7f0a6d8e048be210019e3f086c1aca3a85a1ae66"
"P2_untracked_intake_review","not_tracked_current_index","docs_or_research","docs","docs/security/ERNIE_FORENSIC_COMPUTATIONAL_AUDIT.md","6909","False","b4eddd6387246e8c7329c9e2028e9b15e9ffe938"
"P2_untracked_intake_review","not_tracked_current_index","docs_or_research","docs","docs/security/ERNIE_SECURITY_REMEDIATION_REPORT_2026-05-23.md","11205","False","14614a8c73ba32a4879f192ba47790cd955e096e"
"P2_untracked_intake_review","not_tracked_current_index","docs_or_research","docs","docs/security/ERNIE_SUPREMACY_INVESTIGATION_REPORT_2026-05-22.md","11404","False","16e2a2a35274f4f2467c38ec1b63470c543036c7"
"P0_sensitive_hold","not_tracked_current_index","sensitive_path","docs","<redacted-sensitive-path:.md>","10911","True","682b775281fa7223b91dd5e781a8fb5ca2eb81de"
"P0_sensitive_hold","not_tracked_current_index","sensitive_path","docs","<redacted-sensitive-path:.md>","4752","True","26bb25241dd5366dada84a24415e226ce5d9342f"
"P2_untracked_intake_review","not_tracked_current_index","docs_or_research","docs","docs/security/GUARD_PLANE_V7_VERIFICATION_REPORT_2026-06-02.md","6446","False","b3da6ca00aeb436d3d0957d5ae7926c4e36586f8"
"P2_untracked_intake_review","not_tracked_current_index","docs_or_research","docs","docs/security/META_ATTACK_DETECTOR_V3_GAPS_2026-05-24.md","5609","False","4e598937be48b4636b848240dd4b20568ca540d4"
"P0_sensitive_hold","not_tracked_current_index","sensitive_path","docs","<redacted-sensitive-path:.md>","3168","True","2e19c3dd528278a14a8a4f8d5d32f2311a66902c"
"P2_untracked_intake_review","not_tracked_current_index","docs_or_research","docs","docs/security/SHAREGPT_FORMAXXING_INTEGRATION_COMPLETE.md","15940","False","39f28a0f7aebf1c111c5892246085b65b2a4cb19"
"P2_untracked_intake_review","not_tracked_current_index","docs_or_research","docs","docs/security/UPGRADED_INTELLIGENCE_PLAN_2026-05-23.md","4904","False","fea6a0b93971ba6554b1bbebc61be978c26421ee"
"P2_untracked_intake_review","not_tracked_current_index","docs_or_research","docs","docs/wiki/README.md","1419","False","e47c4712e93928ce8df58d45870b5acd59afbfca"
"P2_untracked_intake_review","not_tracked_current_index","docs_or_research","docs","docs/wiki/briefs/.gitkeep","1","False","8b137891791fe96927ad78e64b0aad7bded08bdc"
"P2_untracked_intake_review","not_tracked_current_index","docs_or_research","docs","docs/wiki/briefs/ASMRtempLLM_brief.md","2096","False","909b54c76efcfd5544222f7612809da1ed1d4a8d"
"P2_untracked_intake_review","not_tracked_current_index","docs_or_research","docs","docs/wiki/briefs/DARWINflow_brief.md","2096","False","36236f7cf9fa2c9bae07924a6028d001119eec44"
"P2_untracked_intake_review","not_tracked_current_index","docs_or_research","docs","docs/wiki/briefs/DIGITALTWINAI_HUMAN_brief.md","4185","False","e23a1f0a70cdf954dae71a0129636fff306ac104"
"P2_untracked_intake_review","not_tracked_current_index","docs_or_research","docs","docs/wiki/briefs/DigitalTwinAI-human_brief.md","11158","False","c12e9eb55b23dd4c2c8d51e12b9778a778e8704f"
"P2_untracked_intake_review","not_tracked_current_index","docs_or_research","docs","docs/wiki/briefs/Distribution_brief.md","11082","False","fc2d3c1cb7a581ac78964c65f05bef766881c34d"
"P2_untracked_intake_review","not_tracked_current_index","docs_or_research","docs","docs/wiki/briefs/Framework_brief.md","8873","False","fafd3c0e92169d964cb7a23a0564b4fbd9716ca1"
"P2_untracked_intake_review","not_tracked_current_index","docs_or_research","docs","docs/wiki/briefs/HERMESnewSTORE_brief.md","794","False","775120a2dae172bb631f939c863f8fe2f6e66833"
"P2_untracked_intake_review","not_tracked_current_index","docs_or_research","docs","docs/wiki/briefs/LLMdevHallicReasons_brief.md","2096","False","05608c93a1c9f53d027c3575e61ea9ab7069d3f8"
"P2_untracked_intake_review","not_tracked_current_index","docs_or_research","docs","docs/wiki/briefs/PFMbasicschema_brief.md","8899","False","146fe84b63198faab9ce4c95571ba0b6dec1d897"
"P2_untracked_intake_review","not_tracked_current_index","docs_or_research","docs","docs/wiki/briefs/QUixOScompetitorschemeflow_brief.md","10062","False","5a4e25f4638be228191a2b8f2aea6299c3e08b03"
"P2_untracked_intake_review","not_tracked_current_index","docs_or_research","docs","docs/wiki/briefs/SCIflow_brief.md","2096","False","af0fd0a2bf8c03b49f3171a6cb1d986466a36306"
"P2_untracked_intake_review","not_tracked_current_index","docs_or_research","docs","docs/wiki/briefs/SLMworkflow_brief.md","9485","False","4b6525a08374b4fcc3d919df3cee3f476a7d385c"
"P2_untracked_intake_review","not_tracked_current_index","docs_or_research","docs","docs/wiki/briefs/SLMworkflowinference_brief.md","9262","False","d7a4f7dcdcb59805205e42933cc804e811ca5905"
"P2_untracked_intake_review","not_tracked_current_index","docs_or_research","docs","docs/wiki/briefs/Visual ID workflow_brief.md","818","False","cab47a5c2e1bcc3fb704adb765e0f90b98ceaa02"
"P2_untracked_intake_review","not_tracked_current_index","docs_or_research","docs","docs/wiki/briefs/agentHARNESS_brief.md","4182","False","63a24a57e1c8b5a6a1cd92ba7d40316862fade23"
"P2_untracked_intake_review","not_tracked_current_index","docs_or_research","docs","docs/wiki/briefs/data_analysis_survey_v2_brief.md","9912","False","90f44e89cfbd1748ce57cc67cd7f24dde799f7bc"
"P2_untracked_intake_review","not_tracked_current_index","docs_or_research","docs","docs/wiki/briefs/evoDivAgenticWorkflow_brief.md","10608","False","44a22e1b517f16b374f0bf754b7c503d87d945b9"
"P2_untracked_intake_review","not_tracked_current_index","docs_or_research","docs","docs/wiki/briefs/iaas_overview_v2_brief.md","9747","False","cc5f9c43fa3fe91c4522b8c92a172cac87bc1cdc"
"P2_untracked_intake_review","not_tracked_current_index","docs_or_research","docs","docs/wiki/briefs/llm_data_preparation_survey_overview_brief.md","926","False","ff59934feb38713008f5da3877d9aaca7c3f5fbd"
"P2_untracked_intake_review","not_tracked_current_index","docs_or_research","docs","docs/wiki/briefs/method_pic_brief.md","9539","False","c2bcc5991becb54042b3f14192c6ee870c43e967"
"P2_untracked_intake_review","not_tracked_current_index","docs_or_research","docs","docs/wiki/briefs/oldSLMexampletable_brief.md","9316","False","145025d636f2c602c596cacb07e15e3eb2c15ad9"
"P2_untracked_intake_review","not_tracked_current_index","docs_or_research","docs","docs/wiki/briefs/recurring-LLM_MAS_brief.md","2096","False","92199c6fd12bddc5a2bdadf15387916cf7c3e41e"
"P2_untracked_intake_review","not_tracked_current_index","docs_or_research","docs","docs/wiki/briefs/workflowIMGtest1_brief.md","1305","False","18a9b3e84263742e371b570be04603304c384229"
"P2_untracked_intake_review","not_tracked_current_index","docs_or_research","docs","docs/wiki/briefs/{id_str}_brief.md","4235","False","a711298a8bfd970e626335b1c548c90c58f0090f"
"P2_untracked_intake_review","not_tracked_current_index","docs_or_research","docs","docs/wiki/briefs/{stem.upper().replace('-',_brief.md","2095","False","ba38641c502ba67cbdc56ce73015fc3dfa6982b9"
"P2_untracked_intake_review","not_tracked_current_index","docs_or_research","docs","docs/wiki/drafts/.gitkeep","1","False","8b137891791fe96927ad78e64b0aad7bded08bdc"
"P2_untracked_intake_review","not_tracked_current_index","docs_or_research","docs","docs/wiki/graph/.gitkeep","1","False","8b137891791fe96927ad78e64b0aad7bded08bdc"
"P2_untracked_intake_review","not_tracked_current_index","docs_or_research","docs","docs/wiki/graph/archivist_audit.json","88351","False","790474bdd03ac6303899f3a4f65c246b8f8765de"
"P2_untracked_intake_review","not_tracked_current_index","docs_or_research","docs","docs/wiki/graph/nexusctl_wiki_check_2026-05-26.json","281","False","e48b50e569b3d2de7ba463b9955741675db9d63a"
"P2_untracked_intake_review","not_tracked_current_index","docs_or_research","docs","docs/wiki/graph/reviewground_wiki_check_2026-05-26.json","194","False","509e356bfbd1a7fa49c817ed351f27f1d0a57fae"
"P2_untracked_intake_review","not_tracked_current_index","docs_or_research","docs","docs/wiki/obsidian/.gitkeep","1","False","8b137891791fe96927ad78e64b0aad7bded08bdc"
"P2_untracked_intake_review","not_tracked_current_index","docs_or_research","docs","docs/wiki/published/.gitkeep","1","False","8b137891791fe96927ad78e64b0aad7bded08bdc"
"P2_untracked_intake_review","not_tracked_current_index","docs_or_research","docs","docs/wiki/raw/.gitkeep","1","False","8b137891791fe96927ad78e64b0aad7bded08bdc"
"P2_diff_evidence_review","different_index","docs_or_research","download","download/README.md","35","False","d32fa1e916e822d16fb43f07d4693cf46e0301b8"
"P0_sensitive_hold","same_index","sensitive_path","download","<redacted-sensitive-path:.png>","133931","True","803362d4f1140df6cd101433d0c9e94962b6c294"
"P0_sensitive_hold","same_index","sensitive_path","download","<redacted-sensitive-path:.png>","81208","True","2d291ff6ce477c95799c277dedd1465bf4552e24"
"P0_sensitive_hold","same_index","sensitive_path","download","<redacted-sensitive-path:.png>","124157","True","58ba199aa5f082e09c334677a44b383455367677"
"P0_sensitive_hold","same_index","sensitive_path","download","<redacted-sensitive-path:.png>","119997","True","37d9b35687c0c8ea9aded154a9d596134487798d"
"P0_sensitive_hold","same_index","sensitive_path","download","<redacted-sensitive-path:.png>","84833","True","3fa03e459238518c8d7be39a092c786b959dbaa1"
"P2_untracked_intake_review","not_tracked_current_index","docs_or_research","evidence","evidence/gross_live_29456/20260528_001054/CODEX_CROSS_STREAM_INTEL.md","3790","False","5ea3e268737aa838dcd6512ff44053ecc44f5b0e"
"P2_untracked_intake_review","not_tracked_current_index","docs_or_research","evidence","evidence/gross_live_29456/20260528_001054/LIVE_OBSERVATION_SUMMARY.md","2810","False","305f7dcf033790e5fc7f931c08c13ccb4699698e"
"P2_untracked_intake_review","not_tracked_current_index","data_or_benchmark","evidence","evidence/gross_live_29456/20260528_001054/chain.jsonl","232","False","9fe784946f802c0569bf97c75c0078ed05fb03ad"
"P2_untracked_intake_review","not_tracked_current_index","data_or_benchmark","evidence","evidence/gross_live_29456/20260528_001054/layer1_parent_details.json","189","False","67696af5149c3f95d457d1146c72a0ad54be0a81"
"P2_untracked_intake_review","not_tracked_current_index","data_or_benchmark","evidence","evidence/gross_live_29456/20260528_001054/layer1_process_wmi.json","351","False","9ca2867c9478ad44d0566e3d7b9a354bd228c1f0"
"P2_untracked_intake_review","not_tracked_current_index","data_or_benchmark","evidence","evidence/gross_live_29456/20260528_001054/layer2_network_tcp.json","5355","False","c838e4c4cb6e763a6548201c92d72a1816f8ac5f"
"P2_untracked_intake_review","not_tracked_current_index","data_or_benchmark","evidence","evidence/gross_live_29456/20260528_001054/layer3_proctree.json","829","False","f95f3621d6ce9a05f8fe892042623cfb3ea52e74"
"P0_sensitive_hold","not_tracked_current_index","sensitive_path","evidence","<redacted-sensitive-path:.json>","133165","True","6ddf178ce6e7d7454859126d7c71a02202b13c43"
"P2_untracked_intake_review","not_tracked_current_index","data_or_benchmark","evidence","evidence/gross_live_29456/20260528_001054/layer4_modules.json","5490","False","f7e9ac1f19d3a31cbe6f536c3ffe245fec9df644"
"P2_untracked_intake_review","not_tracked_current_index","data_or_benchmark","evidence","evidence/gross_live_29456/20260528_001054/layer4_upload_queue_state.json","108021","False","38fc7f74e130a645ada0447e50b72c0cf02e0c86"
"P2_untracked_intake_review","not_tracked_current_index","data_or_benchmark","evidence","evidence/gross_live_29456/20260528_001054/layer5_owner.json","23","False","499533dc44963218dad8875ff9cf250622d2b575"
"P0_sensitive_hold","different_index","sensitive_path","experiments","<redacted-sensitive-path:.sh>","7645","True","25fe97bea929840a99b4522734a0cd458e74cf33"
"P2_diff_evidence_review","different_index","docs_or_research","fusion-pack","fusion-pack/API_CONTRACTS.md","5893","False","3698e7690e33dee4804fda458a1b7ce7ada84d23"
"P2_diff_evidence_review","different_index","docs_or_research","fusion-pack","fusion-pack/NEXUS_FUSION_PACK.md","20236","False","7971ca7247d5341b1bbeb4af0c6d1a03fe995107"
"P2_diff_evidence_review","different_index","data_or_benchmark","fusion-pack","fusion-pack/WIRED_VS_MOCKED.json","7422","False","f6064f9db7311b5cac204e8a951b821519dce56f"
"P0_sensitive_hold","not_tracked_current_index","sensitive_path","logs","<redacted-sensitive-path:.txt>","190","True","381bb91eaa9d57e2e7e92030e4daf08a3b45d188"
"P0_sensitive_hold","not_tracked_current_index","sensitive_path","logs","<redacted-sensitive-path:.csv>","68248","True","6fc1523ad322bc2d7a4ba0b56bfaae0a72410320"
"P0_sensitive_hold","not_tracked_current_index","sensitive_path","logs","<redacted-sensitive-path:.txt>","1117","True","5dff19dd622954e80945814f62657127009b6364"
"P0_sensitive_hold","not_tracked_current_index","sensitive_path","logs","<redacted-sensitive-path:.txt>","17615","True","0c4452fa31435f4bb6becc02be532848ad7261ba"
"P0_sensitive_hold","not_tracked_current_index","sensitive_path","logs","<redacted-sensitive-path:.txt>","2605","True","20f96b077106b11faa6e6b4e2ba0eee8b17c0073"
"P0_sensitive_hold","not_tracked_current_index","sensitive_path","logs","<redacted-sensitive-path:.txt>","26240","True","7d3572eaac8cd6983f94afee74b8a1082a68d861"
"P0_sensitive_hold","not_tracked_current_index","sensitive_path","logs","<redacted-sensitive-path:.txt>","2218","True","ac6ef5d6b2e68ffd24f048449f1d8d2938d343f0"
"P0_sensitive_hold","not_tracked_current_index","sensitive_path","logs","<redacted-sensitive-path:.txt>","3334","True","dbc553c83cea8a55981cb51eed1d13dab7934d1b"
"P0_sensitive_hold","not_tracked_current_index","sensitive_path","logs","<redacted-sensitive-path:.txt>","24134","True","25e4f422ab40a3c027a67c90e57d20bf29f1f884"
"P0_sensitive_hold","not_tracked_current_index","sensitive_path","logs","<redacted-sensitive-path:.txt>","706","True","6b70cb45edbf1e11efb59158ea4070cd8f9d2bdd"
"P0_sensitive_hold","not_tracked_current_index","sensitive_path","logs","<redacted-sensitive-path:.txt>","26931","True","4e98e42ba50ac746c9f2429ca7460bbea996919a"
"P0_sensitive_hold","not_tracked_current_index","sensitive_path","logs","<redacted-sensitive-path:.txt>","2770","True","494ae23bc82f92a2f2cf513676e9aff9c836f17e"
"P0_sensitive_hold","not_tracked_current_index","sensitive_path","logs","<redacted-sensitive-path:.txt>","40232","True","b03e197bdc15098642477681e3a62f8613dba144"
"P0_sensitive_hold","not_tracked_current_index","sensitive_path","logs","<redacted-sensitive-path:.csv>","1020","True","becb51ec0ec9151c72fa0c902f894ffea3f6c824"
"P0_sensitive_hold","not_tracked_current_index","sensitive_path","logs","<redacted-sensitive-path:.csv>","211038","True","ae27e8e5124fa1c6e0543edd47ec4927743a3358"
"P0_sensitive_hold","not_tracked_current_index","sensitive_path","logs","<redacted-sensitive-path:.csv>","4102","True","16a7b082d0e364f29de97382f83778f80da84f85"
"P0_sensitive_hold","not_tracked_current_index","sensitive_path","logs","<redacted-sensitive-path:.json>","1393","True","f47264cc817d589027503d47a49cdbae4b493def"
"P0_sensitive_hold","not_tracked_current_index","sensitive_path","logs","<redacted-sensitive-path:.csv>","14582","True","8d9f5827c6f8f6fabd43383c12e4887d76fc7a84"
"P2_untracked_intake_review","not_tracked_current_index","data_or_benchmark","logs","logs/resource-monitor/20260527_072757/metadata.json","3672","False","30488785392d5737b6bcf0876c8481029e605bc9"
"P2_untracked_intake_review","not_tracked_current_index","data_or_benchmark","logs","logs/resource-monitor/20260527_072757/ollama_churn.csv","68","False","3223db23b48f351c13360224141384f4f4812f1c"
"P2_untracked_intake_review","not_tracked_current_index","data_or_benchmark","logs","logs/resource-monitor/20260527_072757/process_top.csv","65","False","01b84c4122a57f6624f2bf26db38a434f013f064"
"P2_untracked_intake_review","not_tracked_current_index","data_or_benchmark","logs","logs/resource-monitor/20260527_072757/samples.csv","286","False","2833fd99d20615b04eab9406fd36b14e2c846fbc"
"P2_untracked_intake_review","not_tracked_current_index","data_or_benchmark","logs","logs/resource-monitor/20260527_072757/summary.json","1196","False","b88c79c46429c51efc95baa778c93bc187357d7c"
"P2_untracked_intake_review","not_tracked_current_index","data_or_benchmark","logs","logs/resource-monitor/20260527_072820/metadata.json","3148","False","f047bdacf8c5f440de2edcb4fa9f7885f5f756c0"
"P2_untracked_intake_review","not_tracked_current_index","data_or_benchmark","logs","logs/resource-monitor/20260527_072820/ollama_churn.csv","68","False","3223db23b48f351c13360224141384f4f4812f1c"
"P2_untracked_intake_review","not_tracked_current_index","data_or_benchmark","logs","logs/resource-monitor/20260527_072820/process_top.csv","502686","False","bf7e43cb350803773574be770f2d91fc7ba30242"
"P2_untracked_intake_review","not_tracked_current_index","data_or_benchmark","logs","logs/resource-monitor/20260527_072820/samples.csv","25441","False","007dc02ac6749358350431a779d23e90526b6be8"
"P2_untracked_intake_review","not_tracked_current_index","data_or_benchmark","logs","logs/resource-monitor/20260527_072820/summary.json","1213","False","94fe0d75023f3537d636ee60941ab4329acad8d3"
"P2_untracked_intake_review","not_tracked_current_index","data_or_benchmark","logs","logs/resource-monitor/20260527_075214/metadata.json","4092","False","a5b0e664ea1d38e782ede713ca37bb753085bc0e"
"P2_untracked_intake_review","not_tracked_current_index","data_or_benchmark","logs","logs/resource-monitor/20260527_075214/ollama_churn.csv","68","False","3223db23b48f351c13360224141384f4f4812f1c"
"P2_untracked_intake_review","not_tracked_current_index","data_or_benchmark","logs","logs/resource-monitor/20260527_075214/process_top.csv","65","False","01b84c4122a57f6624f2bf26db38a434f013f064"
"P2_untracked_intake_review","not_tracked_current_index","data_or_benchmark","logs","logs/resource-monitor/20260527_075214/samples.csv","286","False","2833fd99d20615b04eab9406fd36b14e2c846fbc"
"P2_untracked_intake_review","not_tracked_current_index","data_or_benchmark","logs","logs/resource-monitor/20260527_075214/summary.json","1196","False","2d1b3c7240d0f88157c899632f7695652d2106e2"
"P2_untracked_intake_review","not_tracked_current_index","data_or_benchmark","logs","logs/resource-monitor/20260527_075713/metadata.json","4302","False","8d75757e458882754c733969b00a7b878f3b017c"
"P2_untracked_intake_review","not_tracked_current_index","data_or_benchmark","logs","logs/resource-monitor/20260527_075713/ollama_churn.csv","68","False","3223db23b48f351c13360224141384f4f4812f1c"
"P2_untracked_intake_review","not_tracked_current_index","data_or_benchmark","logs","logs/resource-monitor/20260527_075713/process_top.csv","65","False","01b84c4122a57f6624f2bf26db38a434f013f064"
"P2_untracked_intake_review","not_tracked_current_index","data_or_benchmark","logs","logs/resource-monitor/20260527_075713/samples.csv","304","False","451b900404f44b2d03d4fc18b77c8884d04b698f"
"P2_untracked_intake_review","not_tracked_current_index","data_or_benchmark","logs","logs/resource-monitor/20260527_075713/summary.json","1374","False","745dd6fce214201cb8394acff892d278dfd48731"
"P2_untracked_intake_review","not_tracked_current_index","data_or_benchmark","logs","logs/resource-monitor/20260527_075713/tcp_connections.csv","81","False","d20f1416e1e1e42af1137018b7624c38ffed17f1"
"P0_sensitive_hold","not_tracked_current_index","sensitive_path","logs","<redacted-sensitive-path:.jsonl>","48047","True","11e588a781725c1a4071e355d5c091301aa325e0"
"P0_sensitive_hold","not_tracked_current_index","sensitive_path","logs","<redacted-sensitive-path:.json>","2205","True","35cc5980b82d1d213ec599567639c89ed8ab9f93"
"P0_sensitive_hold","not_tracked_current_index","sensitive_path","logs","<redacted-sensitive-path:.csv>","232996","True","ecee632ed68d4a7331a87ea2250790119a2334c1"
"P0_sensitive_hold","not_tracked_current_index","sensitive_path","logs","<redacted-sensitive-path:.csv>","161355","True","459bbeaa01262b83eac3775f676e2b4f88607683"
"P0_sensitive_hold","not_tracked_current_index","sensitive_path","logs","<redacted-sensitive-path:.json>","1391","True","0e33cc98f58afd94abc5aa22688b245a5b074b1c"
"P0_sensitive_hold","not_tracked_current_index","sensitive_path","logs","<redacted-sensitive-path:.csv>","78","True","71ab0851c858c689256c0cf1fc775bbd8b71b76c"
"P0_sensitive_hold","not_tracked_current_index","sensitive_path","logs","<redacted-sensitive-path:.json>","466","True","fda83d4894c7335ecf935a2014ec76d51f833fb7"
"P2_diff_evidence_review","different_index","data_or_benchmark","mini-services","mini-services/nextjs-wrapper/package.json","118","False","95544bddb4b2fcee51ed421830d55bbebc45b9c8"
"P2_diff_evidence_review","different_index","data_or_benchmark","mini-services","mini-services/swarm-ws/package.json","270","False","15dd0240ea4385bf3036fc9dc45afaae2872655a"
"P2_untracked_intake_review","not_tracked_current_index","data_or_benchmark","models","models/adapter_config.json","1254","False","1a91a7d2690def27b88c0146a0d8ff02c7db8fe6"
"P2_untracked_intake_review","not_tracked_current_index","data_or_benchmark","models","models/config.json","1644","False","e20e120fe46edc9d8420d3bfeda870697cf0c353"
"P2_untracked_intake_review","not_tracked_current_index","source_or_script","models","models/convert_hf_to_gguf.py","172040","False","6be6e45ebe19b890e7e6c73f35272228a7c35978"
"P2_untracked_intake_review","not_tracked_current_index","data_or_benchmark","models","models/gemma2-2b-abliterated/behaviormancer_config.json","549","False","0b83545a8b6aa561f1a5058295646abba55c4a05"
"P2_untracked_intake_review","not_tracked_current_index","data_or_benchmark","models","models/gemma2-2b-abliterated/config.json","1664","False","cd403e3ee81f0440e12ee040a08573b87492afe7"
"P2_untracked_intake_review","not_tracked_current_index","data_or_benchmark","models","models/gemma2-2b-abliterated/generation_config.json","202","False","163420bff7085eb4cc3fac251451a1093dbcea14"
"P2_untracked_intake_review","not_tracked_current_index","data_or_benchmark","models","models/gemma2-2b-abliterated/tokenizer_config.json","508","False","329fd7da1673300b9e6c7b5b84622224a030e168"
"P2_untracked_intake_review","not_tracked_current_index","data_or_benchmark","models","models/gemma2-2b-abliterated_tokenizer/tokenizer_config.json","704","False","6a75fdee73fd784b475df6078c8a6a9a1203b9f8"
"P2_untracked_intake_review","not_tracked_current_index","data_or_benchmark","models","models/generation_config.json","284","False","6696600a4f3ed5811556541ec3c284de4a65af06"
"P2_untracked_intake_review","not_tracked_current_index","source_or_script","models","models/guards/dual_slm_router.py","9062","False","43c5393f4335aa42f3c6f8ae831d62b2156225cd"
"P2_untracked_intake_review","not_tracked_current_index","docs_or_research","models","models/guards/guard_collusion/README.md","5414","False","4207f0b05deded4373ac84f07dff8068edffe7ff"
"P2_untracked_intake_review","not_tracked_current_index","data_or_benchmark","models","models/guards/guard_collusion/adapter_config.json","1065","False","97b5b74ad20c7e6af90e49e349252c40ecc5ade1"
"P2_untracked_intake_review","not_tracked_current_index","docs_or_research","models","models/guards/guard_collusion/checkpoint-1506/README.md","5414","False","cd0ec75683402113400bcf18bcd06a322c5a39d0"
"P2_untracked_intake_review","not_tracked_current_index","data_or_benchmark","models","models/guards/guard_collusion/checkpoint-1506/adapter_config.json","1065","False","97b5b74ad20c7e6af90e49e349252c40ecc5ade1"
"P2_untracked_intake_review","not_tracked_current_index","data_or_benchmark","models","models/guards/guard_collusion/checkpoint-1506/trainer_state.json","13067","False","74db3f6d009c1faac31343cf52b2bb584c40a6d0"
"P2_untracked_intake_review","not_tracked_current_index","docs_or_research","models","models/guards/guard_collusion/checkpoint-754/README.md","5414","False","139c5732cb5ac07d476801d61ba0591b14dfd810"
"P2_untracked_intake_review","not_tracked_current_index","data_or_benchmark","models","models/guards/guard_collusion/checkpoint-754/adapter_config.json","1065","False","70092afff184f4404a0d7cd5f3c6fe844ffbf7f7"
"P2_untracked_intake_review","not_tracked_current_index","data_or_benchmark","models","models/guards/guard_collusion/checkpoint-754/trainer_state.json","7069","False","05aa1c71670bc37ea5d9c5bba69cc63861bea83b"
"P2_untracked_intake_review","not_tracked_current_index","data_or_benchmark","models","models/guards/guard_collusion/tokenizer.json","711661","False","8f778e7d950e055b18b53222c75d2c54c3732df5"
"P2_untracked_intake_review","not_tracked_current_index","data_or_benchmark","models","models/guards/guard_collusion/tokenizer_config.json","336","False","a0d563e339ee5ed6b6e903e0339d75fa5a271e80"
"P2_untracked_intake_review","not_tracked_current_index","docs_or_research","models","models/guards/guard_content/README.md","5414","False","a9003cf4ca24736da77168b3a8c167904aad8856"
"P2_untracked_intake_review","not_tracked_current_index","data_or_benchmark","models","models/guards/guard_content/adapter_config.json","1065","False","97b5b74ad20c7e6af90e49e349252c40ecc5ade1"
"P2_untracked_intake_review","not_tracked_current_index","docs_or_research","models","models/guards/guard_content/checkpoint-1494/README.md","5414","False","2f799d2863a4e9f4d337a879e45a8f8a5f124104"
"P2_untracked_intake_review","not_tracked_current_index","data_or_benchmark","models","models/guards/guard_content/checkpoint-1494/adapter_config.json","1065","False","97b5b74ad20c7e6af90e49e349252c40ecc5ade1"
"P2_untracked_intake_review","not_tracked_current_index","data_or_benchmark","models","models/guards/guard_content/checkpoint-1494/trainer_state.json","12870","False","cd6ba9617869ebedc6aaf6fae7a06acd6a4c5eeb"
"P2_untracked_intake_review","not_tracked_current_index","docs_or_research","models","models/guards/guard_content/checkpoint-747/README.md","5414","False","4cdad97e59946e173ebb4475e56911ef626d54a1"
"P2_untracked_intake_review","not_tracked_current_index","data_or_benchmark","models","models/guards/guard_content/checkpoint-747/adapter_config.json","1065","False","97b5b74ad20c7e6af90e49e349252c40ecc5ade1"
"P2_untracked_intake_review","not_tracked_current_index","data_or_benchmark","models","models/guards/guard_content/checkpoint-747/trainer_state.json","6884","False","5b842fc7331440577c01612880163765ce74d148"
"P2_untracked_intake_review","not_tracked_current_index","data_or_benchmark","models","models/guards/guard_content/tokenizer.json","711661","False","8f778e7d950e055b18b53222c75d2c54c3732df5"
"P2_untracked_intake_review","not_tracked_current_index","data_or_benchmark","models","models/guards/guard_content/tokenizer_config.json","336","False","a0d563e339ee5ed6b6e903e0339d75fa5a271e80"
"P2_untracked_intake_review","not_tracked_current_index","data_or_benchmark","models","models/guards/guard_ensemble_report.json","3589","False","5c5d50a69687e3c6ccb49de3e4946e32aad5910d"
"P2_untracked_intake_review","not_tracked_current_index","data_or_benchmark","models","models/guards/guard_ensemble_report_fast.json","536","False","53187c1ed201d6d0069268e3049cf4bd2bf0b2c1"
"P2_untracked_intake_review","not_tracked_current_index","data_or_benchmark","models","models/guards/guard_ensemble_report_special_virus.json","3302","False","611b1339f25949e45a2bd99f04227e4d266e1452"
"P2_untracked_intake_review","not_tracked_current_index","data_or_benchmark","models","models/guards/guard_ensemble_report_v2.json","1327","False","168a426412d66b062661fa42731d626639ebd249"
"P2_untracked_intake_review","not_tracked_current_index","docs_or_research","models","models/guards/guard_jailbreak/README.md","5414","False","0bfde4b94e48e7fc32cddc94c3eb4e417ce5fc3f"
"P2_untracked_intake_review","not_tracked_current_index","data_or_benchmark","models","models/guards/guard_jailbreak/adapter_config.json","1065","False","97b5b74ad20c7e6af90e49e349252c40ecc5ade1"
"P2_untracked_intake_review","not_tracked_current_index","docs_or_research","models","models/guards/guard_jailbreak/checkpoint-1496/README.md","5414","False","3e71e0a3c8d5919a5727bc7d105dce4d395bb6d1"
"P2_untracked_intake_review","not_tracked_current_index","data_or_benchmark","models","models/guards/guard_jailbreak/checkpoint-1496/adapter_config.json","1065","False","97b5b74ad20c7e6af90e49e349252c40ecc5ade1"
"P2_untracked_intake_review","not_tracked_current_index","data_or_benchmark","models","models/guards/guard_jailbreak/checkpoint-1496/trainer_state.json","12842","False","f9fa8e1e13cf80ea5b12f2c1787d9a4b930d18da"
"P2_untracked_intake_review","not_tracked_current_index","docs_or_research","models","models/guards/guard_jailbreak/checkpoint-748/README.md","5414","False","302f88157741f1fe57d516d6f77093410a66e364"
"P2_untracked_intake_review","not_tracked_current_index","data_or_benchmark","models","models/guards/guard_jailbreak/checkpoint-748/adapter_config.json","1065","False","97b5b74ad20c7e6af90e49e349252c40ecc5ade1"
"P2_untracked_intake_review","not_tracked_current_index","data_or_benchmark","models","models/guards/guard_jailbreak/checkpoint-748/trainer_state.json","6870","False","22f616f241c553b3161c64c919b133162a24fc22"
"P2_untracked_intake_review","not_tracked_current_index","data_or_benchmark","models","models/guards/guard_jailbreak/tokenizer.json","711661","False","8f778e7d950e055b18b53222c75d2c54c3732df5"
"P2_untracked_intake_review","not_tracked_current_index","data_or_benchmark","models","models/guards/guard_jailbreak/tokenizer_config.json","336","False","a0d563e339ee5ed6b6e903e0339d75fa5a271e80"
"P2_untracked_intake_review","not_tracked_current_index","data_or_benchmark","models","models/guards/guard_manifest.json","493","False","3bcbd0dfe94cbf2fe2ce9f36328c8eb0bc2d7e78"
"P2_untracked_intake_review","not_tracked_current_index","docs_or_research","models","models/guards/guard_mcp/README.md","5414","False","c85e79e249395c29e7def30ed7fb30c4ea77738f"
"P2_untracked_intake_review","not_tracked_current_index","data_or_benchmark","models","models/guards/guard_mcp/adapter_config.json","1065","False","70092afff184f4404a0d7cd5f3c6fe844ffbf7f7"
"P2_untracked_intake_review","not_tracked_current_index","docs_or_research","models","models/guards/guard_mcp/checkpoint-1498/README.md","5414","False","e346db63ce59299afba1289b7a9a6368bb79c44a"
"P2_untracked_intake_review","not_tracked_current_index","data_or_benchmark","models","models/guards/guard_mcp/checkpoint-1498/adapter_config.json","1065","False","70092afff184f4404a0d7cd5f3c6fe844ffbf7f7"
"P2_untracked_intake_review","not_tracked_current_index","data_or_benchmark","models","models/guards/guard_mcp/checkpoint-1498/trainer_state.json","12819","False","1086b9e38fcef00f1186cbd590473b994d69a4f7"
"P2_untracked_intake_review","not_tracked_current_index","docs_or_research","models","models/guards/guard_mcp/checkpoint-749/README.md","5414","False","4acb2c9b47ce2c2f201bbfcc61153512aeddeed5"
"P2_untracked_intake_review","not_tracked_current_index","data_or_benchmark","models","models/guards/guard_mcp/checkpoint-749/adapter_config.json","1065","False","70092afff184f4404a0d7cd5f3c6fe844ffbf7f7"
"P2_untracked_intake_review","not_tracked_current_index","data_or_benchmark","models","models/guards/guard_mcp/checkpoint-749/trainer_state.json","6850","False","793f47e8803ad4c2406b12ef99b33dfe8df2dcdb"
"P2_untracked_intake_review","not_tracked_current_index","data_or_benchmark","models","models/guards/guard_mcp/tokenizer.json","711661","False","8f778e7d950e055b18b53222c75d2c54c3732df5"
"P2_untracked_intake_review","not_tracked_current_index","data_or_benchmark","models","models/guards/guard_mcp/tokenizer_config.json","336","False","a0d563e339ee5ed6b6e903e0339d75fa5a271e80"
"P2_untracked_intake_review","not_tracked_current_index","data_or_benchmark","models","models/guards/slm_test_results.json","11547","False","2608da04eda52adac2a05de23716a041ab175604"
"P2_untracked_intake_review","not_tracked_current_index","data_or_benchmark","models","models/hf_inventory_umbrellainc.json","12031","False","f1b467528c96b4ebfc162ceb514eef103a62e18b"
"P2_untracked_intake_review","not_tracked_current_index","data_or_benchmark","models","models/qwen-abliterated-simple/behaviormancer_config.json","546","False","47fe50703ea003cd15df6b8c724b4bd677d0a991"
"P2_untracked_intake_review","not_tracked_current_index","data_or_benchmark","models","models/qwen-abliterated-simple/config.json","1461","False","929d20b4f24daba17ffd650cabcf41fe70e465f5"
"P2_untracked_intake_review","not_tracked_current_index","data_or_benchmark","models","models/qwen-abliterated-simple/generation_config.json","150","False","572a3c09031673eefae47c3ca16a5cddd5af3848"
"P2_untracked_intake_review","not_tracked_current_index","data_or_benchmark","models","models/qwen-abliterated-simple/tokenizer_config.json","697","False","98ed9ac3c577aeb23418178db7c3d6877721e770"
"P2_untracked_intake_review","not_tracked_current_index","docs_or_research","models","models/qwen2.5-1.5b-base/README.md","3969","False","cec1a378776295817681f6ace8cb9e6bbc022ba9"
"P2_untracked_intake_review","not_tracked_current_index","data_or_benchmark","models","models/qwen2.5-1.5b-base/config.json","684","False","169d606d5cf502a5628a52381586679a6d0caaab"
"P2_untracked_intake_review","not_tracked_current_index","data_or_benchmark","models","models/qwen2.5-1.5b-base/generation_config.json","138","False","cbbb3133034e192527e5321b4c679154e4819ab8"
"P2_untracked_intake_review","not_tracked_current_index","docs_or_research","models","models/qwen2.5-1.5b-base/merges.txt","1671839","False","20024bfe7c83998e9aeaf98a0cd6a2ce6306c2f0"
"P2_untracked_intake_review","not_tracked_current_index","data_or_benchmark","models","models/qwen2.5-1.5b-base/tokenizer_config.json","7228","False","ba7e4c5637b9732dadcd66286ce48334e8b31e9e"
"P2_untracked_intake_review","not_tracked_current_index","docs_or_research","models","models/qwen2.5-1.5b-guard-lora/README.md","1729","False","5a24ac4ce819bc687246af9cd4446d55d65987ca"
"P2_untracked_intake_review","not_tracked_current_index","data_or_benchmark","models","models/qwen2.5-1.5b-guard-lora/adapter_config.json","1254","False","556ae9da07471916a55cf78910d1df1e7be0dd7b"
"P2_untracked_intake_review","not_tracked_current_index","docs_or_research","models","models/qwen2.5-1.5b-guard-lora/checkpoint-100/README.md","5512","False","657fe35a8286bc57f9d4f94fdff6072ef2bdbbf6"
"P2_untracked_intake_review","not_tracked_current_index","data_or_benchmark","models","models/qwen2.5-1.5b-guard-lora/checkpoint-100/adapter_config.json","1254","False","556ae9da07471916a55cf78910d1df1e7be0dd7b"
"P2_untracked_intake_review","not_tracked_current_index","data_or_benchmark","models","models/qwen2.5-1.5b-guard-lora/checkpoint-100/tokenizer_config.json","390","False","54edcb0ce075142fb161a224f32dfb5724637a35"
"P2_untracked_intake_review","not_tracked_current_index","data_or_benchmark","models","models/qwen2.5-1.5b-guard-lora/checkpoint-100/trainer_state.json","2690","False","ee49e395a602d2e1d949cd5ff0c7e1c7a69d8565"
"P2_untracked_intake_review","not_tracked_current_index","docs_or_research","models","models/qwen2.5-1.5b-guard-lora/checkpoint-200/README.md","5512","False","2b442fabf00a7f91ee776b747403bff0ce82f3e8"
"P2_untracked_intake_review","not_tracked_current_index","data_or_benchmark","models","models/qwen2.5-1.5b-guard-lora/checkpoint-200/adapter_config.json","1254","False","556ae9da07471916a55cf78910d1df1e7be0dd7b"
"P2_untracked_intake_review","not_tracked_current_index","data_or_benchmark","models","models/qwen2.5-1.5b-guard-lora/checkpoint-200/tokenizer_config.json","390","False","54edcb0ce075142fb161a224f32dfb5724637a35"
"P2_untracked_intake_review","not_tracked_current_index","data_or_benchmark","models","models/qwen2.5-1.5b-guard-lora/checkpoint-200/trainer_state.json","4596","False","3015a8473476e59c4eb4e2a435453e3015734999"
"P2_untracked_intake_review","not_tracked_current_index","data_or_benchmark","models","models/qwen2.5-1.5b-guard-lora/tokenizer_config.json","389","False","d8a0290b99fef5961da185c4fa317b63e6cef745"
"P2_untracked_intake_review","not_tracked_current_index","data_or_benchmark","models","models/qwen2.5-1.5b-guard-merged/config.json","1644","False","e20e120fe46edc9d8420d3bfeda870697cf0c353"
"P2_untracked_intake_review","not_tracked_current_index","data_or_benchmark","models","models/qwen2.5-1.5b-guard-merged/tokenizer_config.json","3038","False","141359510b33fec56375c2edb9aeab5065be8231"
"P2_untracked_intake_review","not_tracked_current_index","data_or_benchmark","models","models/qwen2.5-1.5b-linear-merge.yml","373","False","7f14741acadfcd0134234caf4ee7f38804007f14"
"P2_untracked_intake_review","not_tracked_current_index","data_or_benchmark","models","models/qwen2.5-1.5b-slerp-merge-v2.yml","476","False","b105858499cba166d8c764a36c2e10d5aa136973"
"P2_diff_evidence_review","different_index","data_or_benchmark","models","models/qwen2.5-1.5b-slerp-merge-v3.yml","535","False","bb43633710e50ceb3effb9dc877d693c12322f0e"
"P2_untracked_intake_review","not_tracked_current_index","data_or_benchmark","models","models/qwen2.5-1.5b-slerp-merge.yml","299","False","85b68a2e7ddffea9c693213c10a343d02d6cb904"
"P2_untracked_intake_review","not_tracked_current_index","data_or_benchmark","models","models/qwen2.5-1.5b-ties-merge-v2.yml","600","False","c6617376cb9fc428ac37a2a6f0c37840c30f758f"
"P2_diff_evidence_review","different_index","data_or_benchmark","models","models/qwen2.5-1.5b-ties-merge-v3.yml","555","False","6aacb0b842e83000474d7eb7d92aeffa9d7c0244"
"P2_untracked_intake_review","not_tracked_current_index","data_or_benchmark","models","models/qwen2.5-1.5b-ties-merge.yml","510","False","b7a70d9379e3484f54b81845088d9983dfcbd7d2"
"P2_untracked_intake_review","not_tracked_current_index","data_or_benchmark","models","models/tokenizer_config.json","389","False","d8a0290b99fef5961da185c4fa317b63e6cef745"
"P2_diff_evidence_review","different_index","docs_or_research","nexus-fusion-pack","nexus-fusion-pack/API_ASSUMPTIONS.md","6864","False","4aace2f526c237bb5e6654881c7b3c8080f38017"
"P2_diff_evidence_review","different_index","docs_or_research","nexus-fusion-pack","nexus-fusion-pack/FUSION_RECOMMENDATIONS.md","6957","False","d858f7eb25d0b3a6410f1ff4fcdbe101947c6163"
"P2_diff_evidence_review","different_index","docs_or_research","nexus-fusion-pack","nexus-fusion-pack/PACK_MANIFEST.md","3342","False","49c346e4682fe3f73ea148bbad0a66f73074f622"
"P2_diff_evidence_review","different_index","docs_or_research","nexus-fusion-pack","nexus-fusion-pack/SCREEN_STRENGTHS.md","6463","False","07197d668598263e2e29324f5a6471343b201439"
"P2_diff_evidence_review","different_index","docs_or_research","nexus-fusion-pack","nexus-fusion-pack/UI_STRUCTURE.md","9202","False","6585530d9c68c671496914a3ceaa4ff14f03af18"
"P2_diff_evidence_review","different_index","docs_or_research","nexus-fusion-pack","nexus-fusion-pack/WIRED_VS_MOCKED.md","7746","False","684d32013152b97e872bb50dec5edb190240a95a"
"P0_sensitive_hold","same_index","sensitive_path","nexus-fusion-pack","<redacted-sensitive-path:.png>","489913","True","be89746a816b7d237732bf22bd730103844474b3"
"P0_sensitive_hold","same_index","sensitive_path","nexus-fusion-pack","<redacted-sensitive-path:.png>","149832","True","ed572f9a5dead2616255603c7cad93fc24a1da39"
"P2_diff_evidence_review","different_index","docs_or_research","nexus-glm5-fusion-pack","nexus-glm5-fusion-pack/API_ASSUMPTIONS.md","6003","False","483576c10c72f4a458e0bdac211d68ed0ccec517"
"P2_diff_evidence_review","different_index","docs_or_research","nexus-glm5-fusion-pack","nexus-glm5-fusion-pack/FUSION_RECOMMENDATIONS.md","4766","False","9d6d9d278e1517592ab7c581b94f9fd9b649818c"
"P2_diff_evidence_review","different_index","docs_or_research","nexus-glm5-fusion-pack","nexus-glm5-fusion-pack/PACK_MANIFEST.md","3316","False","cbfb95ec65bcfe31a6726eecd69f9305d6f76689"
"P2_diff_evidence_review","different_index","docs_or_research","nexus-glm5-fusion-pack","nexus-glm5-fusion-pack/SCREEN_STRENGTHS.md","4670","False","f4a8e3241fb938e65b4bf6dc3462ae909dd825a0"
"P2_diff_evidence_review","different_index","docs_or_research","nexus-glm5-fusion-pack","nexus-glm5-fusion-pack/UI_STRUCTURE.md","6988","False","494b71c205fbed7e278cacd087ad52036c88c99d"
"P2_diff_evidence_review","different_index","docs_or_research","nexus-glm5-fusion-pack","nexus-glm5-fusion-pack/WIRED_VS_MOCKED.md","9854","False","3debbe7b952fc1bc95e660ee9fc70cb4f1b800cc"
"P0_sensitive_hold","same_index","sensitive_path","nexus-glm5-fusion-pack","<redacted-sensitive-path:.png>","105705","True","d9eebd0d07059da117e4b464a65fcbb2b0d57e81"
"P0_sensitive_hold","same_index","sensitive_path","nexus-glm5-fusion-pack","<redacted-sensitive-path:.png>","98094","True","b9d5d7d6c8c8b66ee08855cf895361dbeb46249a"
"P1_diff_code_review","different_index","source_or_script","nexus_os","nexus_os/__init__.py","4429","False","440bc1c990479215e74410dedfa2cc1eff4eafc3"
"P2_untracked_intake_review","not_tracked_current_index","source_or_script","nexus_os","nexus_os/__main__.py","2293","False","bcf63c23ce03719d99ec7758ddcbc30ae60c6e5c"
"P1_diff_code_review","different_index","source_or_script","nexus_os","nexus_os/bridge/__init__.py","385","False","720570a38d8480a59915b6daacc71199cf77b5fd"
"P1_diff_code_review","different_index","source_or_script","nexus_os","nexus_os/bridge/cloudflare_bypass.py","18818","False","fc7fedea0e478165b88d0acd92ea785759b6d89d"
"P1_diff_code_review","different_index","source_or_script","nexus_os","nexus_os/bridge/mcpaauth.py","7527","False","b2d738eef35f9008cfcad7fb180ce314d5a7caad"
"P1_diff_code_review","different_index","source_or_script","nexus_os","nexus_os/bridge/sdk.py","16874","False","5084398bba6f52e23fb2b7589dc8d3e150225a9a"
"P0_sensitive_hold","different_index","sensitive_path","nexus_os","<redacted-sensitive-path:.py>","12382","True","78107fe1be0894d705aad21664d44930474c7da4"
"P1_diff_code_review","different_index","source_or_script","nexus_os","nexus_os/bridge/server.py","30714","False","d93ec33cc6240f129d9ff9a52642b524c7127297"
"P0_sensitive_hold","different_index","sensitive_path","nexus_os","<redacted-sensitive-path:.py>","8496","True","4146b2fb03bdcffa50f83d03d738e6786b2473ba"
"P1_diff_code_review","different_index","source_or_script","nexus_os","nexus_os/chimera_router_v2.py","20646","False","9347f19bea847e75a325e2b05127bb09e54ff44e"
"P2_untracked_intake_review","not_tracked_current_index","source_or_script","nexus_os","nexus_os/claw/__init__.py","117","False","32466a911c703e6a64168fedb497b9ec57dd8219"
"P2_untracked_intake_review","not_tracked_current_index","source_or_script","nexus_os","nexus_os/claw/elicitation.py","4331","False","1e4052ce0ed4a88c295f88c212321d11fc5d15db"
"P2_untracked_intake_review","not_tracked_current_index","source_or_script","nexus_os","nexus_os/claw/exceptions.py","2893","False","8084bace67cdd2c9e56afb7b2c1e0d776d2a143a"
"P2_untracked_intake_review","not_tracked_current_index","source_or_script","nexus_os","nexus_os/claw/locks.py","4635","False","a4670e7ab7fccfd14dd7b7781591ab3c198a6050"
"P2_untracked_intake_review","not_tracked_current_index","source_or_script","nexus_os","nexus_os/claw/policies/__init__.py","249","False","608b006f3b022a800f404e191643cf751fd39bfc"
"P2_untracked_intake_review","not_tracked_current_index","source_or_script","nexus_os","nexus_os/claw/policies/presets/__init__.py","1632","False","77bb62a79d451d4ba02bb34946983a4dc34a3ec5"
"P2_untracked_intake_review","not_tracked_current_index","source_or_script","nexus_os","nexus_os/claw/policies/presets/discord.json","717","False","ff3a5fe6144f83e19955d392e5d483956a311654"
"P2_untracked_intake_review","not_tracked_current_index","source_or_script","nexus_os","nexus_os/claw/policies/presets/github.json","783","False","f6cadb30d1938f8a6f92b7a496aed1acc05835ea"
"P2_untracked_intake_review","not_tracked_current_index","source_or_script","nexus_os","nexus_os/claw/policies/presets/huggingface.json","470","False","1db62054eba92510000d564a9d1d255507bde780"
"P2_untracked_intake_review","not_tracked_current_index","source_or_script","nexus_os","nexus_os/claw/policies/presets/npm.json","470","False","26da5de7ca6e852372a469583a5e07059a406c7d"
"P2_untracked_intake_review","not_tracked_current_index","source_or_script","nexus_os","nexus_os/claw/policies/presets/pypi.json","559","False","0c8b7b81c9bc52827b19269d1e6d1826bacfe7b7"
"P2_untracked_intake_review","not_tracked_current_index","source_or_script","nexus_os","nexus_os/claw/policies/presets/sandbox.json","482","False","b35c37c3d19fb5079c33590eede32590c9dad05c"
"P2_untracked_intake_review","not_tracked_current_index","source_or_script","nexus_os","nexus_os/claw/policies/presets/slack.json","524","False","3d8094d3925f087009a59d7f44d021a590338fbc"
"P2_untracked_intake_review","not_tracked_current_index","source_or_script","nexus_os","nexus_os/claw/policies/presets/telegram.json","478","False","51ded2139195e91de18a9b1dc07bdc598a253db6"
"P2_untracked_intake_review","not_tracked_current_index","source_or_script","nexus_os","nexus_os/claw/policies/validator.py","3961","False","49cea3f5015088d3ce9fee5275c6af94b03378b3"
"P2_untracked_intake_review","not_tracked_current_index","source_or_script","nexus_os","nexus_os/claw/runners/__init__.py","65","False","be258ae40aa1829099c6586c0e2c395b10d8a49c"
"P2_untracked_intake_review","not_tracked_current_index","source_or_script","nexus_os","nexus_os/claw/runners/retry.py","3743","False","2157aaa436c9e462b4889c8632d945884d27d03d"
"P2_untracked_intake_review","not_tracked_current_index","source_or_script","nexus_os","nexus_os/claw/runners/runner.py","3528","False","09707e1925e69ac1641f9b9a809843819b1b0422"
"P2_untracked_intake_review","not_tracked_current_index","source_or_script","nexus_os","nexus_os/claw/security/__init__.py","67","False","a18094c918a13aa3cee02972e4b5016b9c6d488b"
"P2_untracked_intake_review","not_tracked_current_index","source_or_script","nexus_os","nexus_os/claw/security/config_integrity.py","4870","False","8376c8d5c9c7ed5f1fc962bc86974163313a002b"
"P0_sensitive_hold","not_tracked_current_index","sensitive_path","nexus_os","<redacted-sensitive-path:.py>","3757","True","3a099b0c4ab8cb32793e8b51a02654414a4494b2"
"P2_untracked_intake_review","not_tracked_current_index","source_or_script","nexus_os","nexus_os/claw/store.py","5209","False","4743e3077250861292078ab8f4591575b7352390"
"P2_untracked_intake_review","not_tracked_current_index","source_or_script","nexus_os","nexus_os/claw/tiers.py","4611","False","9354327e4b714c59e6d7c5823a7aead301de18c3"
"P2_untracked_intake_review","not_tracked_current_index","source_or_script","nexus_os","nexus_os/cli.py","4869","False","f9f8d3a40a3cf75c1a41ebcc7f9fa3d4e8a2ae9d"
"P1_diff_code_review","different_index","source_or_script","nexus_os","nexus_os/cron/__init__.py","205","False","b60d2c072bf10396007948ff119228edf1db42e3"
"P1_diff_code_review","different_index","source_or_script","nexus_os","nexus_os/db/__init__.py","292","False","a413adf135047811284e36d5818051561f7b6bbb"
"P1_diff_code_review","different_index","source_or_script","nexus_os","nexus_os/engine/__init__.py","1518","False","2b2d7bfad7722b59913726008cf27040ac91de31"
"P1_diff_code_review","different_index","source_or_script","nexus_os","nexus_os/engine/executor.py","9482","False","5bb255acfc0ca5de5108b113cd1804f06253e3bc"
"P1_diff_code_review","different_index","source_or_script","nexus_os","nexus_os/engine/forge.py","7270","False","d0b8c96685f5256309e5ff1d5d81907af9513a10"
"P1_diff_code_review","different_index","source_or_script","nexus_os","nexus_os/engine/heartbeat.py","8658","False","10371b79c6b5b3762a2c1a304476475a2c890798"
"P1_diff_code_review","different_index","source_or_script","nexus_os","nexus_os/engine/router.py","12794","False","34faee732a53c05cc9690af9246b6dc5aaa095b7"
"P1_diff_code_review","different_index","source_or_script","nexus_os","nexus_os/engine/skill_adapter.py","48785","False","08164ba639bac0db58f173d98a91c41ac4f38c87"
"P1_diff_code_review","different_index","source_or_script","nexus_os","nexus_os/engine/skillsmith.py","3138","False","abe279fbb5e92cf3fd95e8a43537a6e22008b113"
"P1_diff_code_review","different_index","source_or_script","nexus_os","nexus_os/engine/tool_discipline.py","6359","False","8e1c90db3dedad55ce343a3760317d5d49c0d4a9"
"P1_diff_code_review","different_index","source_or_script","nexus_os","nexus_os/execution_paths.py","10860","False","f82012a2f1b2e3e775988184a3e108bc30ce9060"
"P1_diff_code_review","different_index","source_or_script","nexus_os","nexus_os/gmr/latency_monitor.py","4319","False","b2ef88605ce01c90c1d2184d2977a103ea84eaaa"
"P1_diff_code_review","different_index","source_or_script","nexus_os","nexus_os/governor/__init__.py","377","False","4dc2e75b8700a1c0712d83931b9eddde9e648a48"
"P1_diff_code_review","different_index","source_or_script","nexus_os","nexus_os/governor/base.py","14476","False","afe6a5ed176a5965728aa5b91ec1061d6d011dcd"
"P1_diff_code_review","different_index","source_or_script","nexus_os","nexus_os/governor/cascade_router.py","12186","False","af72416d795d5e4e40b8d9ace8146378d76e90b9"
"P0_sensitive_hold","different_index","sensitive_path","nexus_os","<redacted-sensitive-path:.py>","10703","True","099c2d88444691dd4afcc75ff5271068535bb593"
"P1_diff_code_review","different_index","source_or_script","nexus_os","nexus_os/governor/trust_engine_v2.py","21314","False","a9964f56ebfd9a1ef79632c16e8f8e851730f39e"
"P1_diff_code_review","different_index","source_or_script","nexus_os","nexus_os/governor/trust_kernel.py","24635","False","eedef9335c3cd949460de6336342e3f88f6f0cbf"
"P1_diff_code_review","different_index","source_or_script","nexus_os","nexus_os/mcp/__init__.py","359","False","601bf6e8d9c08ef23b9f74cbacf0dc5de7440aa6"
"P2_untracked_intake_review","not_tracked_current_index","source_or_script","nexus_os","nexus_os/mcp/nexus_mcp.db","45056","False","ee628b96b30878713e18c15d6d3fcbf06243bc98"
"P1_diff_code_review","different_index","source_or_script","nexus_os","nexus_os/mcp/server.py","18757","False","9a53743970d35b1e33e67a099dbabb106587d21d"
"P0_sensitive_hold","same_index","sensitive_path","nexus_os","<redacted-sensitive-path:.py>","18594","True","1b814ed245199fd134da92fb4115e12995bc7f68"
"P1_diff_code_review","different_index","source_or_script","nexus_os","nexus_os/monitoring/trust_scorer.py","5057","False","3030de2e947d1a198bfa538d7ca2b7e508c9f255"
"P1_diff_code_review","different_index","source_or_script","nexus_os","nexus_os/observability/__init__.py","210","False","10fd7ee50214d5a57cedf11637c789ed746151b3"
"P1_diff_code_review","different_index","source_or_script","nexus_os","nexus_os/observability/squeez.py","11163","False","4a28dfdf8927e285174c18527ace04469090f274"
"P1_diff_code_review","different_index","source_or_script","nexus_os","nexus_os/observability/tracing.py","3152","False","44f779622997f9a3fa4a13d6c6d9d21ba5478e11"
"P1_diff_code_review","different_index","source_or_script","nexus_os","nexus_os/relay/model_relay.py","1466","False","54b630fd35ae0037612efc61ea548dc23cb9bbeb"
"P1_diff_code_review","different_index","source_or_script","nexus_os","nexus_os/security/contamination_detector.py","35702","False","a481c717063256b582508e90cb5f7742850299f2"
"P1_diff_code_review","different_index","source_or_script","nexus_os","nexus_os/security/meta_attack_detector.py","41782","False","cbdd2b50225c9413213a154488e20a7dd0c23bc1"
"P1_diff_code_review","different_index","source_or_script","nexus_os","nexus_os/security/sanitizer.py","206","False","90b6177c195a396953ba450a10c727a9111038ae"
"P1_diff_code_review","different_index","source_or_script","nexus_os","nexus_os/security/shortcut_neuron_detector.py","16114","False","72bbd0728f60f3a9d5c55135192d6bf7fed73ff1"
"P2_untracked_intake_review","not_tracked_current_index","source_or_script","nexus_os","nexus_os/stresslab/__init__.py","212","False","f079ef382e5d54616e75c57983ed8b98d942192c"
"P1_diff_code_review","different_index","source_or_script","nexus_os","nexus_os/swarm/__init__.py","285","False","1fae58171160c665f76e36c87e68c43f9bcea9a5"
"P1_diff_code_review","different_index","source_or_script","nexus_os","nexus_os/swarm/auction.py","6475","False","bae58b58f2a99e1dba687726279b589cafcbfc32"
"P1_diff_code_review","different_index","source_or_script","nexus_os","nexus_os/swarm/foreman.py","17033","False","d81c46be12bc6e56616af844ad92aa1f15f152b4"
"P1_diff_code_review","different_index","source_or_script","nexus_os","nexus_os/team/__init__.py","536","False","2168c24dbb55eca6c7894f267a1d82fdac2b49f8"
"P1_diff_code_review","different_index","source_or_script","nexus_os","nexus_os/twave/__init__.py","538","False","543ea2793da3aa631d51ad508ab41d73fefa37cb"
"P1_diff_code_review","different_index","source_or_script","nexus_os","nexus_os/twave/chimera_router_v2.py","20646","False","9347f19bea847e75a325e2b05127bb09e54ff44e"
"P1_diff_code_review","different_index","source_or_script","nexus_os","nexus_os/twave/landau_ginzburg_tracker_v2.py","31557","False","27eb65a7d4c7ad65545500407fa26d083be6060a"
"P0_sensitive_hold","different_index","sensitive_path","nexus_os","<redacted-sensitive-path:.py>","342","True","0af604755d71f5edeb9c98bab04a0209fb245944"
"P0_sensitive_hold","different_index","sensitive_path","nexus_os","<redacted-sensitive-path:.py>","5692","True","9cedc03d5a495a02a39683ecd4028b24370d0213"
"P0_sensitive_hold","same_index","sensitive_path","nexus_os","<redacted-sensitive-path:.py>","1904","True","fb562e72b68a53cac72b86b7f09add7114bcf6d1"
"P0_sensitive_hold","same_index","sensitive_path","nexus_os","<redacted-sensitive-path:.py>","3401","True","5869128050fa466ba5fa1ff60392e156d1f6d7ff"
"P0_sensitive_hold","different_index","sensitive_path","nexus_os","<redacted-sensitive-path:.py>","5816","True","7ac1c0cd1567d59c8d2945109ca22c9a3581d2cf"
"P0_sensitive_hold","different_index","sensitive_path","nexus_os","<redacted-sensitive-path:.py>","32501","True","907c657c1d6c24ef96f1192f7eda972d35b4287e"
"P0_sensitive_hold","different_index","sensitive_path","nexus_os","<redacted-sensitive-path:.py>","14317","True","12b74a173df33d391ca6f66fd241e3ea3a9545c0"
"P0_sensitive_hold","different_index","sensitive_path","nexus_os","<redacted-sensitive-path:.py>","10856","True","de6fda93dae0c6b208f92e3bed4ef3d962870ea7"
"P0_sensitive_hold","different_index","sensitive_path","nexus_os","<redacted-sensitive-path:.py>","6569","True","28ce4613a47486c893801d0c873b00d07fc710df"
"P0_sensitive_hold","same_index","sensitive_path","nexus_os","<redacted-sensitive-path:.py>","1383","True","d6115afea105d95860947aa4492343bef1f0c4f9"
"P2_untracked_intake_review","not_tracked_current_index","docs_or_research","nexus_os_backup_untracked","nexus_os_backup_untracked/CANONICAL_STRUCTURE.txt","3244","False","add658096a66d47037c92099cf9a9a24c1a88d0b"
"P2_untracked_intake_review","not_tracked_current_index","source_or_script","nexus_os_backup_untracked","nexus_os_backup_untracked/__init__.py","1176","False","770d5aa907d2ac86cd673442f066d8541f59c19b"
"P2_untracked_intake_review","not_tracked_current_index","source_or_script","nexus_os_backup_untracked","nexus_os_backup_untracked/bridge/__init__.py","629","False","3d34cb8b158cdcd10f8dffbd2a11941d4a559d36"
"P2_untracked_intake_review","not_tracked_current_index","source_or_script","nexus_os_backup_untracked","nexus_os_backup_untracked/bridge/cloudflare_bypass.py","19195","False","1a25987acd1f74aa7a226003757231a8e0ccc3da"
"P2_untracked_intake_review","not_tracked_current_index","source_or_script","nexus_os_backup_untracked","nexus_os_backup_untracked/bridge/mcpaauth.py","7890","False","bcee46ea5c573fd5168f140cda406349464c28fe"
"P2_untracked_intake_review","not_tracked_current_index","source_or_script","nexus_os_backup_untracked","nexus_os_backup_untracked/bridge/sdk.py","17251","False","72fb52cab640000b7dfb5b4c3d52d3535d596465"
"P0_sensitive_hold","not_tracked_current_index","sensitive_path","nexus_os_backup_untracked","<redacted-sensitive-path:.py>","12720","True","a0b3569447563c8b36cf471811ceedf3dbb0c4cc"
"P2_untracked_intake_review","not_tracked_current_index","source_or_script","nexus_os_backup_untracked","nexus_os_backup_untracked/bridge/server.py","31089","False","5aca316a90d620771c7609ce5c333cb8270bbb36"
"P0_sensitive_hold","not_tracked_current_index","sensitive_path","nexus_os_backup_untracked","<redacted-sensitive-path:.py>","8859","True","5aff3a92e973d1f569c70ceb975150d882f7444d"
"P2_untracked_intake_review","not_tracked_current_index","source_or_script","nexus_os_backup_untracked","nexus_os_backup_untracked/chimera_router_v2.py","20704","False","5196543d9fde7daf87ccb4d1d704797aff19855b"
"P2_untracked_intake_review","not_tracked_current_index","source_or_script","nexus_os_backup_untracked","nexus_os_backup_untracked/cron/__init__.py","259","False","93517558e5a54d276de5a33107b234ba02d9a43b"
"P2_untracked_intake_review","not_tracked_current_index","source_or_script","nexus_os_backup_untracked","nexus_os_backup_untracked/cron/agent_cycle.py","10218","False","e4edf55f852ebb36f969b407a289dbdecea1d063"
"P2_untracked_intake_review","not_tracked_current_index","source_or_script","nexus_os_backup_untracked","nexus_os_backup_untracked/db/__init__.py","244","False","6556a39eb1390739e455dae4be66f5cbf1bb09f9"
"P2_untracked_intake_review","not_tracked_current_index","source_or_script","nexus_os_backup_untracked","nexus_os_backup_untracked/db/manager.py","11702","False","aa0a8143b28defeb79281862056703e9064b763b"
"P2_untracked_intake_review","not_tracked_current_index","source_or_script","nexus_os_backup_untracked","nexus_os_backup_untracked/engine/__init__.py","230","False","f315c3431b0844b980f334dd77a48848a6b6cf71"
"P2_untracked_intake_review","not_tracked_current_index","source_or_script","nexus_os_backup_untracked","nexus_os_backup_untracked/engine/executor.py","9859","False","b72992726ba4015aee6108d8feeaf85406e046c5"
"P2_untracked_intake_review","not_tracked_current_index","source_or_script","nexus_os_backup_untracked","nexus_os_backup_untracked/engine/forge.py","7633","False","0eca0efd0a622f0321eb83cd11207b061aca6db1"
"P2_untracked_intake_review","not_tracked_current_index","source_or_script","nexus_os_backup_untracked","nexus_os_backup_untracked/engine/heartbeat.py","9035","False","bde09889c81c130c0c51731ce6f4caa9e67d6d23"
"P2_untracked_intake_review","not_tracked_current_index","source_or_script","nexus_os_backup_untracked","nexus_os_backup_untracked/engine/hermes.py","18379","False","7931a73109278dc0cc3746dc3226a22a3d1514ec"
"P2_untracked_intake_review","not_tracked_current_index","source_or_script","nexus_os_backup_untracked","nexus_os_backup_untracked/engine/hermes_experience.py","16778","False","844f9d0dc640f19b7af8cda3e8c63a8ad0f8d373"
"P2_untracked_intake_review","not_tracked_current_index","source_or_script","nexus_os_backup_untracked","nexus_os_backup_untracked/engine/router.py","13157","False","1fdebe34e4b5fd04d99e7ce8f61a4e1e32ec65fe"
"P2_untracked_intake_review","not_tracked_current_index","source_or_script","nexus_os_backup_untracked","nexus_os_backup_untracked/engine/skill_adapter.py","49162","False","3f62d36a288a76586bcc6bc7112c82684e0cd964"
"P2_untracked_intake_review","not_tracked_current_index","source_or_script","nexus_os_backup_untracked","nexus_os_backup_untracked/engine/skill_smith.py","13088","False","196303682ee08f356f67fdd0eec5b0bdbe1df6a4"
"P2_untracked_intake_review","not_tracked_current_index","source_or_script","nexus_os_backup_untracked","nexus_os_backup_untracked/engine/skillsmith.py","3515","False","1f77c45890756fcf45875ea037c2251f948df18a"
"P2_untracked_intake_review","not_tracked_current_index","source_or_script","nexus_os_backup_untracked","nexus_os_backup_untracked/engine/tool_discipline.py","6736","False","014ba609548876a81197053a69d8b72276bf4288"
"P2_untracked_intake_review","not_tracked_current_index","source_or_script","nexus_os_backup_untracked","nexus_os_backup_untracked/execution_paths.py","10920","False","c01b8c298484b4d51e2cfb6b428ca617b45b1527"
"P2_untracked_intake_review","not_tracked_current_index","source_or_script","nexus_os_backup_untracked","nexus_os_backup_untracked/gmr/__init__.py","565","False","f82148a0e98044c75626d1a7ac9c6009a3a6dc36"
"P2_untracked_intake_review","not_tracked_current_index","source_or_script","nexus_os_backup_untracked","nexus_os_backup_untracked/gmr/circuit_breaker.py","2819","False","dc1115b067ea69e6f7413c4fdb7d436d331c5acc"
"P2_untracked_intake_review","not_tracked_current_index","source_or_script","nexus_os_backup_untracked","nexus_os_backup_untracked/gmr/context_packet.py","1880","False","38cebadd52cd8afc618b2489ce5b76f1848d7a55"
"P2_untracked_intake_review","not_tracked_current_index","source_or_script","nexus_os_backup_untracked","nexus_os_backup_untracked/gmr/domain_mapping.py","3932","False","efba13777b246d0a536f6692be8b65665a7ca3f1"
"P2_untracked_intake_review","not_tracked_current_index","source_or_script","nexus_os_backup_untracked","nexus_os_backup_untracked/gmr/latency_monitor.py","4682","False","284f230062c8e494695384e0d0993b18350f06dd"
"P2_untracked_intake_review","not_tracked_current_index","source_or_script","nexus_os_backup_untracked","nexus_os_backup_untracked/gmr/rotator.py","19548","False","e17bbfbcb926891e979d17aab672fdc95e2cd72d"
"P2_untracked_intake_review","not_tracked_current_index","source_or_script","nexus_os_backup_untracked","nexus_os_backup_untracked/gmr/savings.py","2804","False","28a24929f3ea040ba19b4711c628f24189a2a074"
"P2_untracked_intake_review","not_tracked_current_index","source_or_script","nexus_os_backup_untracked","nexus_os_backup_untracked/gmr/scheduler.py","2351","False","fb669e34306150f957c182089972fe02a0db175c"
"P2_untracked_intake_review","not_tracked_current_index","source_or_script","nexus_os_backup_untracked","nexus_os_backup_untracked/gmr/telemetry.py","2446","False","c95301f40dc1c847e6f3dd3856f783502beb90d1"
"P2_untracked_intake_review","not_tracked_current_index","source_or_script","nexus_os_backup_untracked","nexus_os_backup_untracked/gmr/trust_adapter.py","957","False","4588fea3a1334b788808be69bd15878c0134b593"
"P2_untracked_intake_review","not_tracked_current_index","source_or_script","nexus_os_backup_untracked","nexus_os_backup_untracked/governor/__init__.py","607","False","878b8b80ecf1d0b4893f20373e9fca42e967ff0a"
"P2_untracked_intake_review","not_tracked_current_index","source_or_script","nexus_os_backup_untracked","nexus_os_backup_untracked/governor/autoharness.py","16401","False","2eb5c93820fa27cff4ee8a099bd1c91a9a32953c"
"P2_untracked_intake_review","not_tracked_current_index","source_or_script","nexus_os_backup_untracked","nexus_os_backup_untracked/governor/base.py","14853","False","ec5fe080984fa1ac8966647c75c087e099fc81dd"
"P2_untracked_intake_review","not_tracked_current_index","source_or_script","nexus_os_backup_untracked","nexus_os_backup_untracked/governor/compliance.py","26146","False","3603975364617211d2749d1232ff5be589181b83"
"P2_untracked_intake_review","not_tracked_current_index","data_or_benchmark","nexus_os_backup_untracked","nexus_os_backup_untracked/governor/constitution.yaml","3036","False","e944e1e31738368f7afe30b38e83c65f0e8cc18b"
"P0_sensitive_hold","not_tracked_current_index","sensitive_path","nexus_os_backup_untracked","<redacted-sensitive-path:.py>","11080","True","d46b082484568edc855be0ed3686b8c9b4446003"
"P2_untracked_intake_review","not_tracked_current_index","source_or_script","nexus_os_backup_untracked","nexus_os_backup_untracked/governor/proof_chain.py","3178","False","9a4825886d1edd00730fc30ddde8fbac0fe19dfb"
"P2_untracked_intake_review","not_tracked_current_index","source_or_script","nexus_os_backup_untracked","nexus_os_backup_untracked/governor/trust_engine_v2.py","21691","False","ec3c185f8793c9613640708aa94d1789f648c733"
"P2_untracked_intake_review","not_tracked_current_index","source_or_script","nexus_os_backup_untracked","nexus_os_backup_untracked/governor/trust_kernel.py","24636","False","f3064ac34090832287fe1208c4c4b936b24d42c2"
"P2_untracked_intake_review","not_tracked_current_index","source_or_script","nexus_os_backup_untracked","nexus_os_backup_untracked/governor/trust_scoring.py","13874","False","1be6ca905526d8d2402b50d8e606a3ed8daaa63c"
"P2_untracked_intake_review","not_tracked_current_index","source_or_script","nexus_os_backup_untracked","nexus_os_backup_untracked/mcp/__init__.py","603","False","7e3a10dff18dfc4851f05930adc345ec421de17c"
"P2_untracked_intake_review","not_tracked_current_index","source_or_script","nexus_os_backup_untracked","nexus_os_backup_untracked/mcp/guard_eval.py","41622","False","a3f55357bcd83a1b7c9599aaccdce3629c725b32"
"P2_untracked_intake_review","not_tracked_current_index","source_or_script","nexus_os_backup_untracked","nexus_os_backup_untracked/mcp/server.py","19134","False","946aa1995b3187db10ebb3ee97e97d148bb72810"
"P2_untracked_intake_review","not_tracked_current_index","docs_or_research","nexus_os_backup_untracked","nexus_os_backup_untracked/monitoring/INTEGRATION.md","4631","False","1d3b4b23770c4e6cf808285177319db7b25fbb7e"
"P2_untracked_intake_review","not_tracked_current_index","source_or_script","nexus_os_backup_untracked","nexus_os_backup_untracked/monitoring/__init__.py","358","False","bcf08a46342a523ba5d850a770ba8452c0d4e7fc"
"P2_untracked_intake_review","not_tracked_current_index","source_or_script","nexus_os_backup_untracked","nexus_os_backup_untracked/monitoring/counters.py","2863","False","4fe47a969f40020607a8eca762eaa4b0f8999f91"
"P2_untracked_intake_review","not_tracked_current_index","source_or_script","nexus_os_backup_untracked","nexus_os_backup_untracked/monitoring/strategies.py","2602","False","0209126ac5c549edfa8cc398331dc229585b9eef"
"P0_sensitive_hold","not_tracked_current_index","sensitive_path","nexus_os_backup_untracked","<redacted-sensitive-path:.py>","18963","True","6a6fab4642598272d97e6ccfd0e4a83a9914d450"
"P2_untracked_intake_review","not_tracked_current_index","source_or_script","nexus_os_backup_untracked","nexus_os_backup_untracked/monitoring/trust_scorer.py","5434","False","c65f53c65592f846e4993fb4bf64ffb847241d57"
"P2_untracked_intake_review","not_tracked_current_index","source_or_script","nexus_os_backup_untracked","nexus_os_backup_untracked/observability/__init__.py","454","False","06294f46aeea1fd5301662be541a4a0a981da10e"
"P2_untracked_intake_review","not_tracked_current_index","source_or_script","nexus_os_backup_untracked","nexus_os_backup_untracked/observability/squeez.py","11540","False","80f26a38a40a158500902eed496a3c95e8d284c5"
"P2_untracked_intake_review","not_tracked_current_index","source_or_script","nexus_os_backup_untracked","nexus_os_backup_untracked/observability/tracing.py","3515","False","5c2cb2561f6d334ed07340f5678fb68e5629683a"
"P2_untracked_intake_review","not_tracked_current_index","source_or_script","nexus_os_backup_untracked","nexus_os_backup_untracked/relay/model_relay.py","6813","False","ec74abd6ae3ca8fb0b176cd16e2ea2c992d37a3d"
"P2_untracked_intake_review","not_tracked_current_index","source_or_script","nexus_os_backup_untracked","nexus_os_backup_untracked/stresslab/isc_runner.py","7190","False","bcdb15bc010cf198e3effd3c99841c922997761f"
"P2_untracked_intake_review","not_tracked_current_index","data_or_benchmark","nexus_os_backup_untracked","nexus_os_backup_untracked/stresslab/templates/cyber_test/template_001.json","447","False","6b185ec39ecbda08fd55509f504d5531a8b320f7"
"P2_untracked_intake_review","not_tracked_current_index","source_or_script","nexus_os_backup_untracked","nexus_os_backup_untracked/swarm/__init__.py","515","False","d1d89096ec97ae21f3f5ad444140d438c3faecdf"
"P2_untracked_intake_review","not_tracked_current_index","source_or_script","nexus_os_backup_untracked","nexus_os_backup_untracked/swarm/auction.py","6838","False","d680eff6ad8f8bc1ea361ec3e05754fa318f055b"
"P2_untracked_intake_review","not_tracked_current_index","source_or_script","nexus_os_backup_untracked","nexus_os_backup_untracked/swarm/foreman.py","17396","False","853476e5b30b2fafec611fb8cabf9d910ec9fa37"
"P2_untracked_intake_review","not_tracked_current_index","source_or_script","nexus_os_backup_untracked","nexus_os_backup_untracked/swarm/openclaw_spawner.py","11596","False","2233d27e6bacbf96ea858ce5bd815d25596f3ca2"
"P2_untracked_intake_review","not_tracked_current_index","source_or_script","nexus_os_backup_untracked","nexus_os_backup_untracked/swarm/worker.py","10671","False","841c8060274b78a742f36fb4cdece29db14bb162"
"P2_untracked_intake_review","not_tracked_current_index","source_or_script","nexus_os_backup_untracked","nexus_os_backup_untracked/team/__init__.py","766","False","84ecd15cda2da08148f35c160dc4cf232ddce63b"
"P2_untracked_intake_review","not_tracked_current_index","source_or_script","nexus_os_backup_untracked","nexus_os_backup_untracked/team/coordinator.py","46080","False","b4b694632eb3a439850b18b60ea0f533a8783c86"
"P2_untracked_intake_review","not_tracked_current_index","source_or_script","nexus_os_backup_untracked","nexus_os_backup_untracked/twave/__init__.py","768","False","c32bf97905f03a17f967c4722a989b302365e47b"
"P2_untracked_intake_review","not_tracked_current_index","source_or_script","nexus_os_backup_untracked","nexus_os_backup_untracked/twave/chimera_router_v2.py","21009","False","169a5b551b83f2f76783597900addec5d8214957"
"P2_untracked_intake_review","not_tracked_current_index","source_or_script","nexus_os_backup_untracked","nexus_os_backup_untracked/twave/landau_ginzburg_tracker_v2.py","31920","False","e33b988965396de30831bb357ec0840f5d70542c"
"P0_sensitive_hold","not_tracked_current_index","sensitive_path","nexus_os_backup_untracked","<redacted-sensitive-path:.py>","586","True","c00d053dcba766001d1afccea43dabcb0bf3b48a"
"P0_sensitive_hold","not_tracked_current_index","sensitive_path","nexus_os_backup_untracked","<redacted-sensitive-path:.py>","6069","True","bf9f75fe484bd052ed49687f9fad43375c755abe"
"P0_sensitive_hold","not_tracked_current_index","sensitive_path","nexus_os_backup_untracked","<redacted-sensitive-path:.py>","2281","True","4dfe5e6c9abb786d0ac8247fc4a0c350e2f5adf9"
"P0_sensitive_hold","not_tracked_current_index","sensitive_path","nexus_os_backup_untracked","<redacted-sensitive-path:.py>","3794","True","63427b8db5e85389301d1700709c011c59b60e8a"
"P0_sensitive_hold","not_tracked_current_index","sensitive_path","nexus_os_backup_untracked","<redacted-sensitive-path:.py>","6193","True","fd8a167f3e6d8cd1ec1bdab8e5c50018c5798f6f"
"P0_sensitive_hold","not_tracked_current_index","sensitive_path","nexus_os_backup_untracked","<redacted-sensitive-path:.py>","32878","True","a617f287102f1154422c88192bac4ee8bbb979a8"
"P0_sensitive_hold","not_tracked_current_index","sensitive_path","nexus_os_backup_untracked","<redacted-sensitive-path:.py>","14694","True","7c3161e363e19e7ec3afdc540e1e015c12ed229b"
"P0_sensitive_hold","not_tracked_current_index","sensitive_path","nexus_os_backup_untracked","<redacted-sensitive-path:.py>","11219","True","c1b85c6b102c69f2fcf22317658e648c6a4be9d5"
"P0_sensitive_hold","not_tracked_current_index","sensitive_path","nexus_os_backup_untracked","<redacted-sensitive-path:.py>","6946","True","a75f91d317774e2daac910802461eaf50d0e5397"
"P0_sensitive_hold","not_tracked_current_index","sensitive_path","nexus_os_backup_untracked","<redacted-sensitive-path:.py>","1746","True","236d8e775264e0c21c14a239cf521df6877a8d1a"
"P2_untracked_intake_review","not_tracked_current_index","docs_or_research","nexus_os_shadow_backup","nexus_os_shadow_backup/CANONICAL_STRUCTURE.txt","3244","False","add658096a66d47037c92099cf9a9a24c1a88d0b"
"P2_untracked_intake_review","not_tracked_current_index","source_or_script","nexus_os_shadow_backup","nexus_os_shadow_backup/__init__.py","1176","False","42bc3cc3ed8a41f9a605d68b53c16eae4da350e6"
"P2_untracked_intake_review","not_tracked_current_index","source_or_script","nexus_os_shadow_backup","nexus_os_shadow_backup/bridge/__init__.py","629","False","7fdc64966edda0b6a73484db25dddd3e09addd86"
"P2_untracked_intake_review","not_tracked_current_index","source_or_script","nexus_os_shadow_backup","nexus_os_shadow_backup/bridge/cloudflare_bypass.py","19195","False","8f602fa6b1276cb444413460e4700354f84d7081"
"P2_untracked_intake_review","not_tracked_current_index","source_or_script","nexus_os_shadow_backup","nexus_os_shadow_backup/bridge/mcpaauth.py","7904","False","86711d453dea7bee8f22a2b0a704781ea3fb3e22"
"P2_untracked_intake_review","not_tracked_current_index","source_or_script","nexus_os_shadow_backup","nexus_os_shadow_backup/bridge/sdk.py","17237","False","54c95874fbe239844a7f698e2cbf57699b4cc043"
"P0_sensitive_hold","not_tracked_current_index","sensitive_path","nexus_os_shadow_backup","<redacted-sensitive-path:.py>","12720","True","ed7c869ce66ae035ee53ed2b8f5061cad5a3f3e2"
"P2_untracked_intake_review","not_tracked_current_index","source_or_script","nexus_os_shadow_backup","nexus_os_shadow_backup/bridge/server.py","31089","False","b96789ec88eccf8e7343094032d61c33c8896a70"
"P0_sensitive_hold","not_tracked_current_index","sensitive_path","nexus_os_shadow_backup","<redacted-sensitive-path:.py>","8873","True","6a3192c599f52896dbae5206817518131265b8e4"
"P2_untracked_intake_review","not_tracked_current_index","source_or_script","nexus_os_shadow_backup","nexus_os_shadow_backup/chimera_router_v2.py","20690","False","5669725e52d3d451dae415e14c26fbd6d3ce2e00"
"P2_untracked_intake_review","not_tracked_current_index","source_or_script","nexus_os_shadow_backup","nexus_os_shadow_backup/cron/__init__.py","245","False","a4d794c4f717de2db401efb6a89c07c649bec70b"
"P2_untracked_intake_review","not_tracked_current_index","source_or_script","nexus_os_shadow_backup","nexus_os_shadow_backup/cron/agent_cycle.py","10204","False","230a3fa30cbb1530fc6f62fa8596066e32998b50"
"P2_untracked_intake_review","not_tracked_current_index","source_or_script","nexus_os_shadow_backup","nexus_os_shadow_backup/db/__init__.py","230","False","dfceef13c5a84c471a4c5af8eef5904d29635032"
"P2_untracked_intake_review","not_tracked_current_index","source_or_script","nexus_os_shadow_backup","nexus_os_shadow_backup/db/manager.py","11688","False","2abab7b9600fe5513f9a43986b084ff6aacfd0c9"
"P2_untracked_intake_review","not_tracked_current_index","source_or_script","nexus_os_shadow_backup","nexus_os_shadow_backup/engine/__init__.py","230","False","85e0d9319ddb2d7cf99fc7824e01e34903a24978"
"P2_untracked_intake_review","not_tracked_current_index","source_or_script","nexus_os_shadow_backup","nexus_os_shadow_backup/engine/executor.py","9845","False","853bcdb49729f674bc3685fe7ce1012caf2d574f"
"P2_untracked_intake_review","not_tracked_current_index","source_or_script","nexus_os_shadow_backup","nexus_os_shadow_backup/engine/forge.py","7647","False","2c884aa4c5a65ec29990fba7b7fbb5b039d50235"
"P2_untracked_intake_review","not_tracked_current_index","source_or_script","nexus_os_shadow_backup","nexus_os_shadow_backup/engine/heartbeat.py","9035","False","65b858ba7f5e0453a3229e0d029606ee267abd36"
"P2_untracked_intake_review","not_tracked_current_index","source_or_script","nexus_os_shadow_backup","nexus_os_shadow_backup/engine/hermes.py","18393","False","d1b62e09dd167516779d4359d831b61166b01dda"
"P2_untracked_intake_review","not_tracked_current_index","source_or_script","nexus_os_shadow_backup","nexus_os_shadow_backup/engine/hermes_experience.py","16764","False","a43cd0cc719dc81cd665cc020356387673916019"
"P2_untracked_intake_review","not_tracked_current_index","source_or_script","nexus_os_shadow_backup","nexus_os_shadow_backup/engine/router.py","13171","False","682b6b06ce405d5c56cd529f8c8ed9e97fb07ca1"
"P2_untracked_intake_review","not_tracked_current_index","source_or_script","nexus_os_shadow_backup","nexus_os_shadow_backup/engine/skill_adapter.py","49148","False","0b9ed9042278d1d584e8db0199c84660b2ed51bb"
"P2_untracked_intake_review","not_tracked_current_index","source_or_script","nexus_os_shadow_backup","nexus_os_shadow_backup/engine/skill_smith.py","13088","False","7124c9f223136a08dd3e6bf7a283733ff45b92d9"
"P2_untracked_intake_review","not_tracked_current_index","source_or_script","nexus_os_shadow_backup","nexus_os_shadow_backup/engine/skillsmith.py","3515","False","245ea198a14cf692ed521f87c95b4972d1058b27"
"P2_untracked_intake_review","not_tracked_current_index","source_or_script","nexus_os_shadow_backup","nexus_os_shadow_backup/engine/tool_discipline.py","6722","False","5110f61ee806ef2946151a056abfef1f91127fc5"
"P2_untracked_intake_review","not_tracked_current_index","source_or_script","nexus_os_shadow_backup","nexus_os_shadow_backup/execution_paths.py","10920","False","7ab3555b368b27a5167397e732d37943e2973443"
"P2_untracked_intake_review","not_tracked_current_index","source_or_script","nexus_os_shadow_backup","nexus_os_shadow_backup/gmr/__init__.py","565","False","44deb60d0743ca3e1aa9879618eff7685af569b8"
"P2_untracked_intake_review","not_tracked_current_index","source_or_script","nexus_os_shadow_backup","nexus_os_shadow_backup/gmr/circuit_breaker.py","2819","False","e122f096eb43e2b2fd2976e4a882cae68d6bc50e"
"P2_untracked_intake_review","not_tracked_current_index","source_or_script","nexus_os_shadow_backup","nexus_os_shadow_backup/gmr/context_packet.py","1866","False","c9ab08ea702a1517761f4702c6a49d8c0c038cb7"
"P2_untracked_intake_review","not_tracked_current_index","source_or_script","nexus_os_shadow_backup","nexus_os_shadow_backup/gmr/domain_mapping.py","3932","False","3ecc7d82bd38857cd7f2e3a59936d1e74afa6254"
"P2_untracked_intake_review","not_tracked_current_index","source_or_script","nexus_os_shadow_backup","nexus_os_shadow_backup/gmr/latency_monitor.py","4682","False","1a458c21c384a9a5c7217426a2985c2d8e3501e7"
"P2_untracked_intake_review","not_tracked_current_index","source_or_script","nexus_os_shadow_backup","nexus_os_shadow_backup/gmr/rotator.py","19562","False","5823bb1121aa71a15cd68049be41052e7ac801ed"
"P2_untracked_intake_review","not_tracked_current_index","source_or_script","nexus_os_shadow_backup","nexus_os_shadow_backup/gmr/savings.py","2818","False","0c59fb204925408649ceca022937a6af4e627cde"
"P2_untracked_intake_review","not_tracked_current_index","source_or_script","nexus_os_shadow_backup","nexus_os_shadow_backup/gmr/scheduler.py","2365","False","8005e3f0397d2e24ac74b1264d656ad7cdcad51c"
"P2_untracked_intake_review","not_tracked_current_index","source_or_script","nexus_os_shadow_backup","nexus_os_shadow_backup/gmr/telemetry.py","2460","False","9516d2248df745674337441b2dfe4d5f3035950e"
"P2_untracked_intake_review","not_tracked_current_index","source_or_script","nexus_os_shadow_backup","nexus_os_shadow_backup/gmr/trust_adapter.py","943","False","93bc110341955fa58b53cc3075ade1e79f1d23b0"
"P2_untracked_intake_review","not_tracked_current_index","source_or_script","nexus_os_shadow_backup","nexus_os_shadow_backup/governor/__init__.py","607","False","754e546c065d0cd0c4db8b3ff211a15c22477616"
"P2_untracked_intake_review","not_tracked_current_index","source_or_script","nexus_os_shadow_backup","nexus_os_shadow_backup/governor/autoharness.py","16401","False","08526ccbddd51b56fecec68c2981d17e7d2c216f"
"P2_untracked_intake_review","not_tracked_current_index","source_or_script","nexus_os_shadow_backup","nexus_os_shadow_backup/governor/base.py","14853","False","3462ba83279599b3f08f87edfa2b973f45826967"
"P2_untracked_intake_review","not_tracked_current_index","source_or_script","nexus_os_shadow_backup","nexus_os_shadow_backup/governor/compliance.py","26132","False","4567b92a8a3883fa99eb536c2985a9510f6639f6"
"P2_untracked_intake_review","not_tracked_current_index","data_or_benchmark","nexus_os_shadow_backup","nexus_os_shadow_backup/governor/constitution.yaml","3036","False","ccca7f0e73ecbbc6345e908de2f36759bf98e19d"
"P0_sensitive_hold","not_tracked_current_index","sensitive_path","nexus_os_shadow_backup","<redacted-sensitive-path:.py>","11080","True","1e76bc962876f4278af8a6334bbc59b1a51fcc23"
"P2_untracked_intake_review","not_tracked_current_index","source_or_script","nexus_os_shadow_backup","nexus_os_shadow_backup/governor/proof_chain.py","3178","False","845fd9367074621caa6d8ffa667060be96116d7a"
"P2_untracked_intake_review","not_tracked_current_index","source_or_script","nexus_os_shadow_backup","nexus_os_shadow_backup/governor/trust_engine_v2.py","21677","False","96f183958ce460feb07899d37de1ecd676df919e"
"P2_untracked_intake_review","not_tracked_current_index","source_or_script","nexus_os_shadow_backup","nexus_os_shadow_backup/governor/trust_kernel.py","24622","False","9b585c9f36183324ba79c1d41e78a7a598bf2863"
"P2_untracked_intake_review","not_tracked_current_index","source_or_script","nexus_os_shadow_backup","nexus_os_shadow_backup/governor/trust_scoring.py","13874","False","29aa2dc4a0f8c4948234eb18800b548f9581d4b6"
"P2_untracked_intake_review","not_tracked_current_index","source_or_script","nexus_os_shadow_backup","nexus_os_shadow_backup/mcp/__init__.py","603","False","719b6a1e1e169e4451e2c061e7480fc7573bf542"
"P2_untracked_intake_review","not_tracked_current_index","source_or_script","nexus_os_shadow_backup","nexus_os_shadow_backup/mcp/guard_eval.py","41622","False","5b664148b2a044cb6527e4f37a66927b2fecdbdc"
"P2_untracked_intake_review","not_tracked_current_index","source_or_script","nexus_os_shadow_backup","nexus_os_shadow_backup/mcp/server.py","19120","False","2e374309e6ba0589b99064f1bdc378c48072bc2a"
"P2_untracked_intake_review","not_tracked_current_index","docs_or_research","nexus_os_shadow_backup","nexus_os_shadow_backup/monitoring/INTEGRATION.md","4631","False","6d19f1ddb435717a9fd727b99588c642cd999e55"
"P2_untracked_intake_review","not_tracked_current_index","source_or_script","nexus_os_shadow_backup","nexus_os_shadow_backup/monitoring/__init__.py","344","False","2309ab09915dc0061f4b8a6102d0eb7de6d5f309"
"P2_untracked_intake_review","not_tracked_current_index","source_or_script","nexus_os_shadow_backup","nexus_os_shadow_backup/monitoring/counters.py","2877","False","018025f235ae9b62cc6d77adf3bde0076111d450"
"P2_untracked_intake_review","not_tracked_current_index","source_or_script","nexus_os_shadow_backup","nexus_os_shadow_backup/monitoring/strategies.py","2616","False","0ca6b18606795c1a5f9b3e20e912aeb597aa90b2"
"P0_sensitive_hold","not_tracked_current_index","sensitive_path","nexus_os_shadow_backup","<redacted-sensitive-path:.py>","18963","True","4aad6a0b448d5815dcbeb5265096878a97aff89f"
"P2_untracked_intake_review","not_tracked_current_index","source_or_script","nexus_os_shadow_backup","nexus_os_shadow_backup/monitoring/trust_scorer.py","5420","False","a1f7a6332b3ac7d700db2f4288ad78e8c86c0d81"
"P2_untracked_intake_review","not_tracked_current_index","source_or_script","nexus_os_shadow_backup","nexus_os_shadow_backup/observability/__init__.py","454","False","b06839fa7a6bcf40db00d76c0d89e55b9456219e"
"P2_untracked_intake_review","not_tracked_current_index","source_or_script","nexus_os_shadow_backup","nexus_os_shadow_backup/observability/squeez.py","11526","False","dff776e4044b648354c1d7f4f3dd7489e62fc042"
"P2_untracked_intake_review","not_tracked_current_index","source_or_script","nexus_os_shadow_backup","nexus_os_shadow_backup/observability/tracing.py","3515","False","8b25a90673fb41acff30ab371cac59434f40d128"
"P2_untracked_intake_review","not_tracked_current_index","source_or_script","nexus_os_shadow_backup","nexus_os_shadow_backup/relay/model_relay.py","6813","False","754e8356649162a5736f35781ad2c376b64136e9"
"P2_untracked_intake_review","not_tracked_current_index","source_or_script","nexus_os_shadow_backup","nexus_os_shadow_backup/stresslab/isc_runner.py","7190","False","d7ab5c6e6ee652ba49a60b75dcd72a6913790db1"
"P2_untracked_intake_review","not_tracked_current_index","data_or_benchmark","nexus_os_shadow_backup","nexus_os_shadow_backup/stresslab/templates/cyber_test/template_001.json","447","False","6b185ec39ecbda08fd55509f504d5531a8b320f7"
"P2_untracked_intake_review","not_tracked_current_index","source_or_script","nexus_os_shadow_backup","nexus_os_shadow_backup/swarm/__init__.py","515","False","742df95a55355955a8578a220743b37a778fd6d3"
"P2_untracked_intake_review","not_tracked_current_index","source_or_script","nexus_os_shadow_backup","nexus_os_shadow_backup/swarm/auction.py","6838","False","f0b9015403ec2447b69db50fee7359177e2d8833"
"P2_untracked_intake_review","not_tracked_current_index","source_or_script","nexus_os_shadow_backup","nexus_os_shadow_backup/swarm/foreman.py","17396","False","20e6f73c0d4e85bc62f397b5039d3ec27d1b85d4"
"P2_untracked_intake_review","not_tracked_current_index","source_or_script","nexus_os_shadow_backup","nexus_os_shadow_backup/swarm/openclaw_spawner.py","11582","False","cdafc06152c43ad703764718d900df9ed827fe82"
"P2_untracked_intake_review","not_tracked_current_index","source_or_script","nexus_os_shadow_backup","nexus_os_shadow_backup/swarm/worker.py","10657","False","8cf071883ba765ff03b749465190b5571097934b"
"P2_untracked_intake_review","not_tracked_current_index","source_or_script","nexus_os_shadow_backup","nexus_os_shadow_backup/team/__init__.py","780","False","6d6ce3dd18f1149e07591884a7aa24ac1d35bbb1"
"P2_untracked_intake_review","not_tracked_current_index","source_or_script","nexus_os_shadow_backup","nexus_os_shadow_backup/team/coordinator.py","46094","False","602f550cc36549c31a2af32eb04b822d1fe913e7"
"P2_untracked_intake_review","not_tracked_current_index","source_or_script","nexus_os_shadow_backup","nexus_os_shadow_backup/twave/__init__.py","782","False","ff1c24845150b053c59dab11db2127944950ca75"
"P2_untracked_intake_review","not_tracked_current_index","source_or_script","nexus_os_shadow_backup","nexus_os_shadow_backup/twave/chimera_router_v2.py","21009","False","33afb5351e2b8dcd4185e6f3633a3a72fd2e6bcd"
"P2_untracked_intake_review","not_tracked_current_index","source_or_script","nexus_os_shadow_backup","nexus_os_shadow_backup/twave/landau_ginzburg_tracker_v2.py","31934","False","6f0a9a10943781be6a298c78ddc1e5139ade71b3"
"P0_sensitive_hold","not_tracked_current_index","sensitive_path","nexus_os_shadow_backup","<redacted-sensitive-path:.py>","572","True","fc49fedc7fbbb0be0cb2cf8d708ea10c177129bb"
"P0_sensitive_hold","not_tracked_current_index","sensitive_path","nexus_os_shadow_backup","<redacted-sensitive-path:.py>","6055","True","b82621723f6f5437115ea497f30714c8d9044162"
"P0_sensitive_hold","not_tracked_current_index","sensitive_path","nexus_os_shadow_backup","<redacted-sensitive-path:.py>","2267","True","3b9a02ed2bea0bc82c7e9e41dda04ff14b69f11f"
"P0_sensitive_hold","not_tracked_current_index","sensitive_path","nexus_os_shadow_backup","<redacted-sensitive-path:.py>","3808","True","ed04df368522f35e852cf916b9e2af928d112059"
"P0_sensitive_hold","not_tracked_current_index","sensitive_path","nexus_os_shadow_backup","<redacted-sensitive-path:.py>","6193","True","9163447bbe9d0b05de02e51581a213bd8771b914"
"P0_sensitive_hold","not_tracked_current_index","sensitive_path","nexus_os_shadow_backup","<redacted-sensitive-path:.py>","32864","True","c4245c6d6c75b59d6826b56db3752d785d6de28a"
"P0_sensitive_hold","not_tracked_current_index","sensitive_path","nexus_os_shadow_backup","<redacted-sensitive-path:.py>","14694","True","d08aec61d23f93ef6646c5f05d33c7342bf430f0"
"P0_sensitive_hold","not_tracked_current_index","sensitive_path","nexus_os_shadow_backup","<redacted-sensitive-path:.py>","11219","True","85719a493741a5f58c1a71c3d515a801b0c03d04"
"P0_sensitive_hold","not_tracked_current_index","sensitive_path","nexus_os_shadow_backup","<redacted-sensitive-path:.py>","6932","True","47c30f17843635ff7077a5e5cc234fb3352f89ba"
"P0_sensitive_hold","not_tracked_current_index","sensitive_path","nexus_os_shadow_backup","<redacted-sensitive-path:.py>","1746","True","d6694e5e916602a1869f09d8396b0985d893c5f4"
"P2_untracked_intake_review","not_tracked_current_index","docs_or_research","nexus_os_untracked_backup","nexus_os_untracked_backup/CANONICAL_STRUCTURE.txt","3244","False","add658096a66d47037c92099cf9a9a24c1a88d0b"
"P2_untracked_intake_review","not_tracked_current_index","source_or_script","nexus_os_untracked_backup","nexus_os_untracked_backup/__init__.py","1190","False","0fe627ac5462d432491a89df002c5d71a0aa69ae"
"P2_untracked_intake_review","not_tracked_current_index","source_or_script","nexus_os_untracked_backup","nexus_os_untracked_backup/bridge/__init__.py","615","False","fe4926e816d7e7557a61830788448456cf5f7cd6"
"P2_untracked_intake_review","not_tracked_current_index","source_or_script","nexus_os_untracked_backup","nexus_os_untracked_backup/bridge/cloudflare_bypass.py","19195","False","7d2a5bb40572c584e1028de09952fe39e3565ff6"
"P2_untracked_intake_review","not_tracked_current_index","source_or_script","nexus_os_untracked_backup","nexus_os_untracked_backup/bridge/mcpaauth.py","7904","False","da252f58b15908a095b4ec32c1a8b96d1883ec16"
"P2_untracked_intake_review","not_tracked_current_index","source_or_script","nexus_os_untracked_backup","nexus_os_untracked_backup/bridge/sdk.py","17251","False","01f1ea5fc89f2a28f72bdef0acb29dc54acc5d64"
"P0_sensitive_hold","not_tracked_current_index","sensitive_path","nexus_os_untracked_backup","<redacted-sensitive-path:.py>","12706","True","e403c2c8cd876a81db6ad4a6f7c50945011045ff"
"P2_untracked_intake_review","not_tracked_current_index","source_or_script","nexus_os_untracked_backup","nexus_os_untracked_backup/bridge/server.py","31075","False","dedbe490bb68b4bb34b3e7d9f0a083ee8f510d2b"
"P0_sensitive_hold","not_tracked_current_index","sensitive_path","nexus_os_untracked_backup","<redacted-sensitive-path:.py>","8873","True","50f9e93c36283a2df2c14519b52d085c5586f06c"
"P2_untracked_intake_review","not_tracked_current_index","source_or_script","nexus_os_untracked_backup","nexus_os_untracked_backup/chimera_router_v2.py","20704","False","b87e8fd4954d2b6cefae3c36f27c43f4cdac355c"
"P2_untracked_intake_review","not_tracked_current_index","source_or_script","nexus_os_untracked_backup","nexus_os_untracked_backup/cron/__init__.py","245","False","791950a25eefa10fedcc0e73ff7588cd4ed73724"
"P2_untracked_intake_review","not_tracked_current_index","source_or_script","nexus_os_untracked_backup","nexus_os_untracked_backup/cron/agent_cycle.py","10204","False","5db4c34daf69610f908295fd29e4393de0d3e5d8"
"P2_untracked_intake_review","not_tracked_current_index","source_or_script","nexus_os_untracked_backup","nexus_os_untracked_backup/db/__init__.py","244","False","d50d72c61aaff31900ad8962e79c0766402bbbf2"
"P2_untracked_intake_review","not_tracked_current_index","source_or_script","nexus_os_untracked_backup","nexus_os_untracked_backup/db/manager.py","11702","False","d79fee931ede4c45336b66ea2c15cbe455eec868"
"P2_untracked_intake_review","not_tracked_current_index","source_or_script","nexus_os_untracked_backup","nexus_os_untracked_backup/engine/__init__.py","244","False","409d240de45eb2e5503d00ee95a49f9638ef1c03"
"P2_untracked_intake_review","not_tracked_current_index","source_or_script","nexus_os_untracked_backup","nexus_os_untracked_backup/engine/executor.py","9859","False","18dbe40ad9a53b61144cd8b3b04df3b946cb42eb"
"P2_untracked_intake_review","not_tracked_current_index","source_or_script","nexus_os_untracked_backup","nexus_os_untracked_backup/engine/forge.py","7647","False","1ad481ceaeb03c99d82c9adabbed8f5bae3974b1"
"P2_untracked_intake_review","not_tracked_current_index","source_or_script","nexus_os_untracked_backup","nexus_os_untracked_backup/engine/heartbeat.py","9035","False","faf9845efb0187e389b33cbf57b01d29411146a3"
"P2_untracked_intake_review","not_tracked_current_index","source_or_script","nexus_os_untracked_backup","nexus_os_untracked_backup/engine/hermes.py","18393","False","47043a30406d0bc93ce6e4f2be37298f323c42d6"
"P2_untracked_intake_review","not_tracked_current_index","source_or_script","nexus_os_untracked_backup","nexus_os_untracked_backup/engine/hermes_experience.py","16778","False","ab69c5e55225c78e99a7f59b2a9c641d968b8ebf"
"P2_untracked_intake_review","not_tracked_current_index","source_or_script","nexus_os_untracked_backup","nexus_os_untracked_backup/engine/router.py","13157","False","b5e03cb47b22bf93cc16d27bf07cf1819029698b"
"P2_untracked_intake_review","not_tracked_current_index","source_or_script","nexus_os_untracked_backup","nexus_os_untracked_backup/engine/skill_adapter.py","49148","False","3ce8e61efb7b87e384b7c3e3e8d85de9055f7eb6"
"P2_untracked_intake_review","not_tracked_current_index","source_or_script","nexus_os_untracked_backup","nexus_os_untracked_backup/engine/skill_smith.py","13102","False","5fbd304049702bfd9b7629f811e6f0c5109b7aa7"
"P2_untracked_intake_review","not_tracked_current_index","source_or_script","nexus_os_untracked_backup","nexus_os_untracked_backup/engine/skillsmith.py","3515","False","231b233deee7e17d18ce6b94da42f95e06c2fcea"
"P2_untracked_intake_review","not_tracked_current_index","source_or_script","nexus_os_untracked_backup","nexus_os_untracked_backup/engine/tool_discipline.py","6736","False","cdd0249365264ebdc255ccdd1e908d42a716c93c"
"P2_untracked_intake_review","not_tracked_current_index","source_or_script","nexus_os_untracked_backup","nexus_os_untracked_backup/execution_paths.py","10920","False","6786cb4f4b54449a828e20a87827f567199dc324"
"P2_untracked_intake_review","not_tracked_current_index","source_or_script","nexus_os_untracked_backup","nexus_os_untracked_backup/gmr/__init__.py","565","False","69335bc2d8a4256ab86b4a0779d63e3662f3a675"
"P2_untracked_intake_review","not_tracked_current_index","source_or_script","nexus_os_untracked_backup","nexus_os_untracked_backup/gmr/circuit_breaker.py","2805","False","bbf36a011dd70bbb3ca91af0f8b07a7e6f08e1bf"
"P2_untracked_intake_review","not_tracked_current_index","source_or_script","nexus_os_untracked_backup","nexus_os_untracked_backup/gmr/context_packet.py","1866","False","d862ec22a24d8dfa042e606afc33b93a09cb3797"
"P2_untracked_intake_review","not_tracked_current_index","source_or_script","nexus_os_untracked_backup","nexus_os_untracked_backup/gmr/domain_mapping.py","3932","False","02aabe06f189e9e6a93c56a3643669ab0c7bc13d"
"P2_untracked_intake_review","not_tracked_current_index","source_or_script","nexus_os_untracked_backup","nexus_os_untracked_backup/gmr/latency_monitor.py","4696","False","d3d40804273ca5e71499899103a4c8aa0ee23c93"
"P2_untracked_intake_review","not_tracked_current_index","source_or_script","nexus_os_untracked_backup","nexus_os_untracked_backup/gmr/rotator.py","19562","False","61ee6a945745fadee33fa30f645a582c974f3231"
"P2_untracked_intake_review","not_tracked_current_index","source_or_script","nexus_os_untracked_backup","nexus_os_untracked_backup/gmr/savings.py","2818","False","792160327379463bce31df6df3987797681ee044"
"P2_untracked_intake_review","not_tracked_current_index","source_or_script","nexus_os_untracked_backup","nexus_os_untracked_backup/gmr/scheduler.py","2365","False","1568d288fcca805c720ce59597bae743368173b4"
"P2_untracked_intake_review","not_tracked_current_index","source_or_script","nexus_os_untracked_backup","nexus_os_untracked_backup/gmr/telemetry.py","2446","False","56341eb0ea959c1e0c13a8dfcb52197ceb5da050"
"P2_untracked_intake_review","not_tracked_current_index","source_or_script","nexus_os_untracked_backup","nexus_os_untracked_backup/gmr/trust_adapter.py","943","False","b0977aae8c0bc233e51a503fcb8f235edadd201f"
"P2_untracked_intake_review","not_tracked_current_index","source_or_script","nexus_os_untracked_backup","nexus_os_untracked_backup/governor/__init__.py","607","False","fb11b95ec86937ce7eebb8867ca961bb8844a826"
"P2_untracked_intake_review","not_tracked_current_index","source_or_script","nexus_os_untracked_backup","nexus_os_untracked_backup/governor/autoharness.py","16401","False","c0a1a298e509ef39d51aac685960e05cce06d95d"
"P2_untracked_intake_review","not_tracked_current_index","source_or_script","nexus_os_untracked_backup","nexus_os_untracked_backup/governor/base.py","14839","False","b32e1dc22012e09519af555ecc6e6bfbb9b86c63"
"P2_untracked_intake_review","not_tracked_current_index","source_or_script","nexus_os_untracked_backup","nexus_os_untracked_backup/governor/compliance.py","26146","False","55cb4b559856bdf819e2424929cf22e33880bb51"
"P2_untracked_intake_review","not_tracked_current_index","data_or_benchmark","nexus_os_untracked_backup","nexus_os_untracked_backup/governor/constitution.yaml","3036","False","511b65adc50c6a21950e843bd2ed916dd4646343"
"P0_sensitive_hold","not_tracked_current_index","sensitive_path","nexus_os_untracked_backup","<redacted-sensitive-path:.py>","11066","True","6c04520000aeedd83cda80cdd17ccdbc3ed73eae"
"P2_untracked_intake_review","not_tracked_current_index","source_or_script","nexus_os_untracked_backup","nexus_os_untracked_backup/governor/proof_chain.py","3192","False","e5ef089b8487aa1f39717fe3b138cf9f8ef85c03"
"P2_untracked_intake_review","not_tracked_current_index","source_or_script","nexus_os_untracked_backup","nexus_os_untracked_backup/governor/trust_engine_v2.py","21677","False","f5b00a8f96b60be921742753191b124ab9fab661"
"P2_untracked_intake_review","not_tracked_current_index","source_or_script","nexus_os_untracked_backup","nexus_os_untracked_backup/governor/trust_kernel.py","24622","False","0f920d558fca46ded2db44a98a214d0ab348c86f"
"P2_untracked_intake_review","not_tracked_current_index","source_or_script","nexus_os_untracked_backup","nexus_os_untracked_backup/governor/trust_scoring.py","13888","False","93055e01213ac1047eb3f8264f4b94084c8204c4"
"P2_untracked_intake_review","not_tracked_current_index","source_or_script","nexus_os_untracked_backup","nexus_os_untracked_backup/mcp/__init__.py","589","False","a58372c0cfbcea7fff6c30c5ccaefb59e663eb6a"
"P2_untracked_intake_review","not_tracked_current_index","source_or_script","nexus_os_untracked_backup","nexus_os_untracked_backup/mcp/guard_eval.py","41636","False","e49e90ad3f8f7f2caaf2f228e3c99c425f980989"
"P2_untracked_intake_review","not_tracked_current_index","source_or_script","nexus_os_untracked_backup","nexus_os_untracked_backup/mcp/server.py","19120","False","ae547796ed909028cbd6145d1c33131d59fea578"
"P2_untracked_intake_review","not_tracked_current_index","docs_or_research","nexus_os_untracked_backup","nexus_os_untracked_backup/monitoring/INTEGRATION.md","4631","False","f2d6e511d99590738e46b8e8ada935394015bea2"
"P2_untracked_intake_review","not_tracked_current_index","source_or_script","nexus_os_untracked_backup","nexus_os_untracked_backup/monitoring/__init__.py","344","False","9c2d2e79fcb23722fc48829d30c33bea66352b67"
"P2_untracked_intake_review","not_tracked_current_index","source_or_script","nexus_os_untracked_backup","nexus_os_untracked_backup/monitoring/counters.py","2863","False","eb2c7c04816e7e54f87cf8075766d647c3503121"
"P2_untracked_intake_review","not_tracked_current_index","source_or_script","nexus_os_untracked_backup","nexus_os_untracked_backup/monitoring/strategies.py","2602","False","928db63c94b517dd1db750079e27062515d550c9"
"P0_sensitive_hold","not_tracked_current_index","sensitive_path","nexus_os_untracked_backup","<redacted-sensitive-path:.py>","18977","True","088471518e59b64c1e919642462ed054fb8abad2"
"P2_untracked_intake_review","not_tracked_current_index","source_or_script","nexus_os_untracked_backup","nexus_os_untracked_backup/monitoring/trust_scorer.py","5420","False","13fe86093c1bae1967530ae115ae848a4063c454"
"P2_untracked_intake_review","not_tracked_current_index","source_or_script","nexus_os_untracked_backup","nexus_os_untracked_backup/observability/__init__.py","454","False","6c0af2be9e3fc02220bddee59ab8116666ac4005"
"P2_untracked_intake_review","not_tracked_current_index","source_or_script","nexus_os_untracked_backup","nexus_os_untracked_backup/observability/squeez.py","11526","False","7ed708c56af402b3d445a29742815f803322da1b"
"P2_untracked_intake_review","not_tracked_current_index","source_or_script","nexus_os_untracked_backup","nexus_os_untracked_backup/observability/tracing.py","3515","False","3a156883ade0758167782f487fbc326e2ff29f07"
"P2_untracked_intake_review","not_tracked_current_index","source_or_script","nexus_os_untracked_backup","nexus_os_untracked_backup/relay/model_relay.py","6813","False","260fbf7c314de117a6264b93ad623f0c528b6706"
"P2_untracked_intake_review","not_tracked_current_index","source_or_script","nexus_os_untracked_backup","nexus_os_untracked_backup/stresslab/isc_runner.py","7176","False","69aab3728a98d8ff47f374ab19d6025e73209ec7"
"P2_untracked_intake_review","not_tracked_current_index","data_or_benchmark","nexus_os_untracked_backup","nexus_os_untracked_backup/stresslab/templates/cyber_test/template_001.json","447","False","6b185ec39ecbda08fd55509f504d5531a8b320f7"
"P2_untracked_intake_review","not_tracked_current_index","source_or_script","nexus_os_untracked_backup","nexus_os_untracked_backup/swarm/__init__.py","529","False","b72461df2290afc6eed07cff3aa651199cbbec3d"
"P2_untracked_intake_review","not_tracked_current_index","source_or_script","nexus_os_untracked_backup","nexus_os_untracked_backup/swarm/auction.py","6838","False","04b21edacf13dedc8d72dbe87970d5b92fbf2c29"
"P2_untracked_intake_review","not_tracked_current_index","source_or_script","nexus_os_untracked_backup","nexus_os_untracked_backup/swarm/foreman.py","17410","False","bed67e11751c6c9a2a8c4d19ed579e046295339a"
"P2_untracked_intake_review","not_tracked_current_index","source_or_script","nexus_os_untracked_backup","nexus_os_untracked_backup/swarm/openclaw_spawner.py","11596","False","24d22c082042aa0d59d488ed0419649eb6f2cad2"
"P2_untracked_intake_review","not_tracked_current_index","source_or_script","nexus_os_untracked_backup","nexus_os_untracked_backup/swarm/worker.py","10657","False","b704255c5197559c49f6d0ca6312356e63faf6e7"
"P2_untracked_intake_review","not_tracked_current_index","source_or_script","nexus_os_untracked_backup","nexus_os_untracked_backup/team/__init__.py","780","False","66c8acd730d82c93f7daac4cd5ad9473b1ccbc2b"
"P2_untracked_intake_review","not_tracked_current_index","source_or_script","nexus_os_untracked_backup","nexus_os_untracked_backup/team/coordinator.py","46094","False","50634f12c2b07e41fd47435092630908b7430eaf"
"P2_untracked_intake_review","not_tracked_current_index","source_or_script","nexus_os_untracked_backup","nexus_os_untracked_backup/twave/__init__.py","782","False","e3f93923ec630c4c186c77711ebbdf5baf39366a"
"P2_untracked_intake_review","not_tracked_current_index","source_or_script","nexus_os_untracked_backup","nexus_os_untracked_backup/twave/chimera_router_v2.py","21023","False","f12ade5fcd4c20d5e0abe6d8d6718b20494ca91b"
"P2_untracked_intake_review","not_tracked_current_index","source_or_script","nexus_os_untracked_backup","nexus_os_untracked_backup/twave/landau_ginzburg_tracker_v2.py","31934","False","676be2ef5acffbdb9ec58c388a4171cee93958f4"
"P0_sensitive_hold","not_tracked_current_index","sensitive_path","nexus_os_untracked_backup","<redacted-sensitive-path:.py>","586","True","d0c5bccea0fb6a31677c6909fbdc8fdf2a7a94d2"
"P0_sensitive_hold","not_tracked_current_index","sensitive_path","nexus_os_untracked_backup","<redacted-sensitive-path:.py>","6055","True","9026944ee366812fca3cff5271ac95e6d0a93e68"
"P0_sensitive_hold","not_tracked_current_index","sensitive_path","nexus_os_untracked_backup","<redacted-sensitive-path:.py>","2267","True","d9a6b90ef504fe79dd794a83cbd0025733324118"
"P0_sensitive_hold","not_tracked_current_index","sensitive_path","nexus_os_untracked_backup","<redacted-sensitive-path:.py>","3794","True","26d698d0f4bdb1c48f4042df3328e4ebfca266af"
"P0_sensitive_hold","not_tracked_current_index","sensitive_path","nexus_os_untracked_backup","<redacted-sensitive-path:.py>","6193","True","c98d7213ff8f1ed2489545310b8c03b483de1b0b"
"P0_sensitive_hold","not_tracked_current_index","sensitive_path","nexus_os_untracked_backup","<redacted-sensitive-path:.py>","32878","True","95bfa7d44c2c3c8eb3b70fb69c80ac1033867f7f"
"P0_sensitive_hold","not_tracked_current_index","sensitive_path","nexus_os_untracked_backup","<redacted-sensitive-path:.py>","14694","True","c65841e97893c207368b996ca8c9b1b51657401a"
"P0_sensitive_hold","not_tracked_current_index","sensitive_path","nexus_os_untracked_backup","<redacted-sensitive-path:.py>","11233","True","b929f10f55ce688f967bf231eddf357b7c8e400e"
"P0_sensitive_hold","not_tracked_current_index","sensitive_path","nexus_os_untracked_backup","<redacted-sensitive-path:.py>","6946","True","203f000a1f549dd2c0706d2acbbabe4294c3d1b8"
"P0_sensitive_hold","not_tracked_current_index","sensitive_path","nexus_os_untracked_backup","<redacted-sensitive-path:.py>","1746","True","7ce98216aacb311fdeda0836e082daba2f2f2250"
"P2_diff_evidence_review","different_index","data_or_benchmark","package.json","package.json","3359","False","f9bb63f6bbba000d1e64757b925a0d66c4edfdd6"
"P2_diff_evidence_review","different_index","docs_or_research","public","public/robots.txt","174","False","a277b05badf5af86c911f980e10331640a942bf5"
"P2_untracked_intake_review","not_tracked_current_index","docs_or_research","research","research/archive/README.md","378","False","94400df74cf3787cacb63bf8b41d3a0c86950e75"
"P2_untracked_intake_review","not_tracked_current_index","source_or_script","research","research/check_tamas.py","342","False","cd8890b253801dd5f24e80f4cb3b59a1e31d6bb8"
"P2_untracked_intake_review","not_tracked_current_index","source_or_script","research","research/check_tamas2.py","703","False","0066dae446b9b75104a5f7adb2b0beeb391ff8d0"
"P2_untracked_intake_review","not_tracked_current_index","docs_or_research","research","research/chinese_summary.txt","5541","False","fde9ba2822abc8780b2bf7a98c5fd68c86f51727"
"P2_untracked_intake_review","not_tracked_current_index","docs_or_research","research","research/ernie_FINAL_REPORT_v5_unlimited.txt","13618","False","2be82dc518d6a881bfd569099f6b3e6ccbee5e6f"
"P2_untracked_intake_review","not_tracked_current_index","docs_or_research","research","research/ernie_FINAL_REPORT_v6_unlimited_english.txt","10432","False","bd261b10fd89969f3a811739d1d08908e8b4ad7d"
"P2_untracked_intake_review","not_tracked_current_index","docs_or_research","research","research/ernie_FINAL_REPORT_v7_unlimited_english.txt","32122","False","62a18dc895b8ff9141de6685714fb9af723ed448"
"P2_untracked_intake_review","not_tracked_current_index","docs_or_research","research","research/ernie_FINAL_REPORT_v8_english.txt","27991","False","e831389d7cee1ed65639a5cc378477578c26e56f"
"P2_untracked_intake_review","not_tracked_current_index","docs_or_research","research","research/ernie_IBM_1B_fallback_matrix.txt","23039","False","bf536b586448633c0faf15e42956fdd2e237e321"
"P2_untracked_intake_review","not_tracked_current_index","docs_or_research","research","research/ernie_NEXUS_v3_final_swarm_analysis.txt","30839","False","201977c330ce0fdb9416f8058079fafab1471dd6"
"P2_untracked_intake_review","not_tracked_current_index","docs_or_research","research","research/ernie_TAMAS基准测试内容总结.txt","5988","False","59de78601154908b7de1f7d2f97b379994340a54"
"P2_untracked_intake_review","not_tracked_current_index","docs_or_research","research","research/ernie_cross_validation_final_v10.txt","11085","False","16fc4a52d036c65a94a11ab4fca49f0468104fe7"
"P2_untracked_intake_review","not_tracked_current_index","docs_or_research","research","research/ernie_cross_validation_report.txt","8634","False","b07747b57903bb571d08a57cb15168e159fa0fd1"
"P2_untracked_intake_review","not_tracked_current_index","docs_or_research","research","research/ernie_failure_mode_analysis.txt","15576","False","6f9513a3d16a71dc974ff7432743947c9fefd23f"
"P2_untracked_intake_review","not_tracked_current_index","docs_or_research","research","research/ernie_root_cause_analysis.txt","14235","False","4b85e22918ff8ffa81860767a0707026a2836558"
"P2_untracked_intake_review","not_tracked_current_index","docs_or_research","research","research/ernie_root_cause_analysis_v2.txt","15914","False","8ba7b5c25b318f6bc4eef1c53afd79132973c104"
"P2_untracked_intake_review","not_tracked_current_index","docs_or_research","research","research/ernie_swarm_analysis_V10_V11_V12_unlimited.txt","20165","False","7da2dc16da0716e37ebdae85f6d3734f46a14c33"
"P2_untracked_intake_review","not_tracked_current_index","docs_or_research","research","research/ernie_swarm_analysis_V4_V5_V6_unlimited.txt","19355","False","e39563bfb214b67551cf3f93f8dd51702224ef01"
"P2_untracked_intake_review","not_tracked_current_index","docs_or_research","research","research/ernie_swarm_analysis_V7_V8_V9_unlimited.txt","30067","False","26adbb2a26b4ff9cac896353bc0802ab347af850"
"P2_untracked_intake_review","not_tracked_current_index","docs_or_research","research","research/ernie_swarm_variant_analysis_v4.txt","27549","False","ad61ce7377e74eb29000f0b68d9a703d309de185"
"P2_untracked_intake_review","not_tracked_current_index","docs_or_research","research","research/ernie_swarm_variant_analysis_v5.txt","30739","False","f28e28c20336ccea5b7895d8863255f082f02576"
"P2_untracked_intake_review","not_tracked_current_index","docs_or_research","research","research/evidence/README.md","829","False","a3f25adaf12ac29d24cd7d857604309127e1d11e"
"P2_untracked_intake_review","not_tracked_current_index","docs_or_research","research","research/evidence/briefs/ernie-adversarial-corpus-v2.md","1538","False","010ffcb45bcf5d35438cde128f9ee48464264f49"
"P2_untracked_intake_review","not_tracked_current_index","docs_or_research","research","research/evidence/briefs/ernie-cross-validation-v10.md","640","False","41fdedda022c00fbf7263abc3a66a495061bfc2c"
"P2_untracked_intake_review","not_tracked_current_index","docs_or_research","research","research/evidence/briefs/ernie-swarm-analysis-v10.md","796","False","0d168c335a7e7e892f59636ea302706ec2d2e7cf"
"P2_untracked_intake_review","not_tracked_current_index","docs_or_research","research","research/evidence/briefs/ernie-swarm-v4-v6.md","773","False","731930c811ac3b38aa07023ad24096314918511f"
"P2_untracked_intake_review","not_tracked_current_index","docs_or_research","research","research/evidence/briefs/guard-slm-reports.md","585","False","927e8fa70aaee514a220f02ad0c90e09f3eb9d30"
"P2_untracked_intake_review","not_tracked_current_index","docs_or_research","research","research/evidence/briefs/nexus-frontier-v5.md","1366","False","036bbdcab9f52cad3acfbb0a91576d0a66a3235f"
"P2_untracked_intake_review","not_tracked_current_index","docs_or_research","research","research/evidence/briefs/nexus-stess-lab-v7-merged.md","615","False","33f65d293e5e6ad2a721834f3e0bbafc3964a396"
"P2_untracked_intake_review","not_tracked_current_index","docs_or_research","research","research/evidence/briefs/nexus-tamas-v6.md","750","False","eff0b1019901ae0c9b0ddb3339bcf9b5627552e6"
"P2_untracked_intake_review","not_tracked_current_index","docs_or_research","research","research/evidence/briefs/phase6-trustkernel-integration.md","767","False","f8e79368bf8b1c32515f4cfeab970bcc8b28d408"
"P2_untracked_intake_review","not_tracked_current_index","docs_or_research","research","research/evidence/briefs/red-blue-purple-trustkernel-research.md","728","False","183c7309444409b798468f5e9c1eacac7d175c09"
"P2_untracked_intake_review","not_tracked_current_index","docs_or_research","research","research/evidence/briefs/stress-lab-v4-high-quality.md","621","False","b89cc981a15624aac33913d72cd535691398dceb"
"P2_untracked_intake_review","not_tracked_current_index","docs_or_research","research","research/evidence/drafts/ernie-v2-to-guard-plane-update.md","937","False","185a850893391cee0fee31de0727829de34bd219"
"P2_untracked_intake_review","not_tracked_current_index","docs_or_research","research","research/evidence/raw/ADVERSARIAL_CORPUS_v2.md","456","False","ee8c8e2d02d6f758a06c074e0ea5d7a8193bc328"
"P2_untracked_intake_review","not_tracked_current_index","docs_or_research","research","research/evidence_manifest.json","3135","False","9715c74bfb1722dbf12f3ca54780304279a2be74"
"P2_untracked_intake_review","not_tracked_current_index","source_or_script","research","research/extract_docx.py","2204","False","4cf34529726f4c08908606a04fe099fe45d5c9a5"
"P2_untracked_intake_review","not_tracked_current_index","docs_or_research","research","research/hygiene/2026-05-27-research-tidiness-rules.md","1066","False","5651ef69d7a60f9f35202d7469d2d12c0eb09455"
"P2_untracked_intake_review","not_tracked_current_index","docs_or_research","research","research/hygiene/archive-policy.md","540","False","beeee35e40c252189a37ee0ecd169e47d9416548"
"P2_untracked_intake_review","not_tracked_current_index","source_or_script","research","research/hygiene/enforce_manifest.py","1698","False","1202f758b8cd485c4049510d1467c5e119cfc090"
"P2_untracked_intake_review","not_tracked_current_index","docs_or_research","research","research/intake/2026-05-27-first-batch-lane-a-reconcile.md","4218","False","9ac73807aca96bef2cc77df86fb1d81e132be531"
"P2_untracked_intake_review","not_tracked_current_index","docs_or_research","research","research/intake/2026-05-27-first-batch-lane-b-diagnosis.md","6231","False","4b61284e5a7594193f49c31ba79596ed883eb102"
"P2_untracked_intake_review","not_tracked_current_index","docs_or_research","research","research/intake/2026-05-27-first-batch-vap-records.jsonl","6489","False","1b6e98eeeb41f0df434d23b0063d47ca38d66027"
"P2_untracked_intake_review","not_tracked_current_index","docs_or_research","research","research/intake/2026-05-27-memory-reconciliation.md","5744","False","392e9d6dbeadd8557a2b175f831274b150c84809"
"P2_untracked_intake_review","not_tracked_current_index","docs_or_research","research","research/intake/2026-05-27-memory-systems-comparison.md","2442","False","705b4bb01fd325fde641e2674acc20b43a774937"
"P2_untracked_intake_review","not_tracked_current_index","docs_or_research","research","research/intake/2026-06-02-nemoclaw-wsl2-feasibility.md","5330","False","4ffc84fc582f4d1d9b445f79f4375d9f33d4d727"
"P2_untracked_intake_review","not_tracked_current_index","docs_or_research","research","research/intake/2026-06-03-nexusclaw-architectural-decision.md","15268","False","938aa5dfda86b9549c62ee032a22a7f34eaac427"
"P2_untracked_intake_review","not_tracked_current_index","docs_or_research","research","research/intake/2026-06-03-trust-memory-resource-reconcile.md","2875","False","154b3aa5bee2a48babc5451978b55eb6937cc1dc"
"P2_untracked_intake_review","not_tracked_current_index","docs_or_research","research","research/intake/2026-06-nvidia-spark-nemoclaw-nexus-decision.md","15040","False","57ce9df91b8b166a8beed11ffb1839d3f4bd17f0"
"P2_untracked_intake_review","not_tracked_current_index","source_or_script","research","research/intake/intake_processor.py","1740","False","6a59e09791c0806004fa46850355acb3fd3e9e11"
"P2_untracked_intake_review","not_tracked_current_index","docs_or_research","research","research/mcp_security_synthesis.md","12289","False","a740794bcf6b61e2ae35f06dc58ff564189c0110"
"P2_diff_evidence_review","different_index","docs_or_research","research","research/nexus_agentic_gateway_v31_deep_dive_2026-04-18.md","28101","False","8d58a4a1b5d0c491faac4727b528f038eb94051c"
"P2_untracked_intake_review","not_tracked_current_index","docs_or_research","research","research/papers01/A Cookbook of Self-Supervised Learning.pdf","1877344","False","44e1e7a83624136b2c56495c348667b0ea3a1d69"
"P2_untracked_intake_review","not_tracked_current_index","docs_or_research","research","research/papers01/A proposal to localising urban AI a conceptual shift from generalist LLMs to task-specific SLMs.pdf","1056356","False","4bb452ec8246994311a6cb30b89987521f4d8fb6"
"P2_untracked_intake_review","not_tracked_current_index","docs_or_research","research","research/papers01/A-Multi-agent-LLM-System-for-Automated-Requirements-Analysis-A-Study-on-User-Story-Generation.pdf","936388","False","f76e3d6e3f0ddca8c179e3bbff9c915719a0612f"
"P2_untracked_intake_review","not_tracked_current_index","docs_or_research","research","research/papers01/A-comprehensive-evaluation-framework-for-deep-model-robustness.pdf","1559474","False","c03d55f0de40cf38c0d07e96a89916f6e30ae438"
"P2_untracked_intake_review","not_tracked_current_index","docs_or_research","research","research/papers01/Assessing Small Language Models for Code Generation An Empirical Study with Benchmarks.pdf","1213807","False","be7941d3ec1ad8fe8d4f61f7ebd515ca06a38b3c"
"P2_untracked_intake_review","not_tracked_current_index","docs_or_research","research","research/papers01/Designing to Forget Deep Semi-parametric Models for Unlearning.pdf","1897170","False","8f64b5c869b183fbd1f8666520eac698ce1fe1b0"
"P2_untracked_intake_review","not_tracked_current_index","docs_or_research","research","research/papers01/FROM LAZY AGENTS TO DELIBERATION.pdf","877404","False","48c8065adaff54e714ba2c36e500ba1dd19bfcb6"
"P2_untracked_intake_review","not_tracked_current_index","docs_or_research","research","research/papers01/Fast Byte Latent Transformer.pdf","1492748","False","9af5136a540a94c2fe523761345cd7ac4e627915"
"P2_untracked_intake_review","not_tracked_current_index","docs_or_research","research","research/papers01/Hackers easily fool artificial intelligences.pdf","231640","False","ea023d94eca49f3b78f0273fdf8cc31af03cc9d0"
"P2_untracked_intake_review","not_tracked_current_index","docs_or_research","research","research/papers01/It’s Not Just Size That Matters Small Language Models Are Also Few-Shot Learners.pdf","475407","False","bc975258bd75b83cd991df371953c2ee209ad759"
"P2_untracked_intake_review","not_tracked_current_index","docs_or_research","research","research/papers01/Large Language Models Hallucination.pdf","1496209","False","7bc69622ffc0155ea362f7d5f8c4c055867781a7"
"P2_untracked_intake_review","not_tracked_current_index","docs_or_research","research","research/papers01/Large-language-models-and-the-perils-of-their-hallucinations.pdf","775145","False","701fac092971b4d027d688ede9023097d7597b5b"
"P2_untracked_intake_review","not_tracked_current_index","docs_or_research","research","research/papers01/Large-language-models-in-medicine.pdf","1050814","False","b3b113fb5a13741b24d2852059abedda50046a4f"
"P2_untracked_intake_review","not_tracked_current_index","docs_or_research","research","research/papers01/PROBABILISTIC DISTANCES-BASED HALLUCINATION DETECTION IN LLMS WITH RAG.pdf","603386","False","6533c231eb76e5c777e45c70555e7db5e8587307"
"P2_untracked_intake_review","not_tracked_current_index","docs_or_research","research","research/papers01/Phase Transitions in Artificial.pdf","937436","False","4305ed1ced401d8711235a097259ff4aed06099c"
"P2_untracked_intake_review","not_tracked_current_index","docs_or_research","research","research/papers01/Phase Transitions in the Output Distribution of Large Language Models.pdf","726001","False","61263ecd8923c89f4f3a3e7e97dba43ee61f37f4"
"P2_untracked_intake_review","not_tracked_current_index","docs_or_research","research","research/papers01/Phase transitions and the search problem .pdf","1177564","False","8bd7e07949f79b3da7ae3cfbeaec0d6f30bcf69d"
"P2_untracked_intake_review","not_tracked_current_index","docs_or_research","research","research/papers01/RED-BLUE-PURPLE/A taxonomy and survey of attacks against machine learning.pdf","962920","False","a7dfd0b960dbb36a190c208ffc8c2b1d80493a7c"
"P2_untracked_intake_review","not_tracked_current_index","docs_or_research","research","research/papers01/RED-BLUE-PURPLE/A-principled-governance-for-emerging-AI-regimes-lessons-from-China-the-European-Union-and.pdf","760808","False","cd6657b46af759c097322fa60d7f2d22b22afab8"
"P2_untracked_intake_review","not_tracked_current_index","docs_or_research","research","research/papers01/RED-BLUE-PURPLE/AEGIS Online Adaptive AI Content Safety Moderation with.pdf","1223582","False","a8d7c57354a25bc0cef782c7fe69d8f7d8caed9e"
"P2_untracked_intake_review","not_tracked_current_index","docs_or_research","research","research/papers01/RED-BLUE-PURPLE/AI for Scientific Discovery is a Social Problem.pdf","2049390","False","1268c2ad7644fe94fb3fb4862f252d5b822f51ea"
"P2_untracked_intake_review","not_tracked_current_index","docs_or_research","research","research/papers01/RED-BLUE-PURPLE/Advancing-Trustworthy-AI-A-Comparative-Evaluation-of-AI-Robustness-Toolboxes.pdf","1843514","False","9b7f6daa68e3c16001eec5094cdf0d5c0ac9f9cb"
"P2_untracked_intake_review","not_tracked_current_index","docs_or_research","research","research/papers01/RED-BLUE-PURPLE/Aikido AI Pentest Example Report.pdf","1181604","False","7204fab3a87842bbca7308799e1dea3b4fb25de7"
"P2_untracked_intake_review","not_tracked_current_index","docs_or_research","research","research/papers01/RED-BLUE-PURPLE/Algorithmic-Accountability.pdf","248559","False","a231c36a6a2b2072605876d159358db440716e01"
"P2_untracked_intake_review","not_tracked_current_index","docs_or_research","research","research/papers01/RED-BLUE-PURPLE/Asleep-at-the-Keyboard-Assessing-the-Security-of-GitHub-Copilot-s-Code-Contributions.pdf","574282","False","77ac25d169e94b2af028080b0dd85a3e99266b03"
"P2_untracked_intake_review","not_tracked_current_index","docs_or_research","research","research/papers01/RED-BLUE-PURPLE/Atacking ML systems-schneier2020.pdf","768418","False","feac8b3a6e2f59389b04473a63917ba9b96b5389"
"P2_untracked_intake_review","not_tracked_current_index","docs_or_research","research","research/papers01/RED-BLUE-PURPLE/Automated TAttack Model for Red Teams (2005).pdf","422017","False","151bc5c744faba7341b701b231feb4c50b2bebf8"
"P2_untracked_intake_review","not_tracked_current_index","docs_or_research","research","research/papers01/RED-BLUE-PURPLE/Beyond-transparency-and-explainability-on-the-need-for-adequate-and-contextualized-user-guidelines.pdf","711661","False","7dfa7f3af5137e85d5dc4ea05b096f835fc93b07"
"P2_untracked_intake_review","not_tracked_current_index","docs_or_research","research","research/papers01/RED-BLUE-PURPLE/CTF DOJO TRAINING LANGUAGE MODEL AGENTS TO FIND vulnarabilities.pdf","1023290","False","0da6d75ec2c3eff4e690e641af5f1a25bfa8a6d5"
"P2_untracked_intake_review","not_tracked_current_index","docs_or_research","research","research/papers01/RED-BLUE-PURPLE/Differential-privacy-in-deep-learning-Privacy-and-beyond.pdf","1583208","False","5c8a0205ee0cec9a0c290e98efd99bf24bd55ffc"
"P2_untracked_intake_review","not_tracked_current_index","docs_or_research","research","research/papers01/RED-BLUE-PURPLE/Efficient Black-box Adversarial Attacks via Bayesian Optimization.pdf","1936516","False","9247a01fc1f4c3ca8bbf0e69489e94ed377bce61"
"P2_untracked_intake_review","not_tracked_current_index","docs_or_research","research","research/papers01/RED-BLUE-PURPLE/Enabling-collaborative-governance-of-medical-AI.pdf","834387","False","a557f79786447046c645f02bd072c4a3caf7db4f"
"P2_untracked_intake_review","not_tracked_current_index","docs_or_research","research","research/papers01/RED-BLUE-PURPLE/Enhancing-user-prompt-confidentiality-in-Large-Language-Models-through-advanced-differential.pdf","1265933","False","c2d2a047893741186c70819bb1be882c657ccdbe"
"P2_untracked_intake_review","not_tracked_current_index","docs_or_research","research","research/papers01/RED-BLUE-PURPLE/Enterprise-Grade Security for the Model Context.pdf","585566","False","0520ddd4b33d9a96e0bdcf1e78d813d4b334ddb4"
"P2_untracked_intake_review","not_tracked_current_index","docs_or_research","research","research/papers01/RED-BLUE-PURPLE/From_Texts_to_Shields_Convergence_of_Large_Languag.pdf","264734","False","cf1237a63e2b931c1afe5bd4f60118ae17b0fc4d"
"P2_untracked_intake_review","not_tracked_current_index","docs_or_research","research","research/papers01/RED-BLUE-PURPLE/Governing-Framework-for-the-Responsible-Democratization-of-Large-Language-Models-in-Banking.pdf","943632","False","ec67f7c8e8f676af83857bddcdbf8ba76143dbf9"
"P2_untracked_intake_review","not_tracked_current_index","docs_or_research","research","research/papers01/RED-BLUE-PURPLE/Governing-ir-responsibilities-for-future-military-AI-systems.pdf","581516","False","686da640385366d2ff6556195771a78605e792d3"
"P2_untracked_intake_review","not_tracked_current_index","docs_or_research","research","research/papers01/RED-BLUE-PURPLE/How-and-why-governments-are-regulating-AI-a-comparison-of-legislative-frameworks.pdf","750122","False","5d1754bf0592662bfbe2e094f3ced0a3ba9a4824"
"P2_untracked_intake_review","not_tracked_current_index","docs_or_research","research","research/papers01/RED-BLUE-PURPLE/Is your algorithm unlearning or untraining.pdf","497406","False","e1d72ebdad48dfff12d6f89a8341581b60d76802"
"P2_untracked_intake_review","not_tracked_current_index","docs_or_research","research","research/papers01/RED-BLUE-PURPLE/JailbreakZoo Survey, Landscapes, and Horizons in Jailbreaking.pdf","2087161","False","1d17b811699438374568df5efa595d1bd2379a47"
"P0_sensitive_hold","not_tracked_current_index","sensitive_path","research","<redacted-sensitive-path:.pdf>","1275045","True","a61b6fc11be99e76865c49c0bc2e3587947c685f"
"P2_untracked_intake_review","not_tracked_current_index","docs_or_research","research","research/papers01/RED-BLUE-PURPLE/MODEL-AGNOSTIC META-ATTACK.pdf","710028","False","7fda771af99c9e4ef1592e995701123bccddec65"
"P2_untracked_intake_review","not_tracked_current_index","docs_or_research","research","research/papers01/RED-BLUE-PURPLE/Making Them Ask and Answer Jailbreaking Large Language Models.pdf","1846648","False","626742c55a074b0bd2820d1527117740a6d8761d"
"P2_untracked_intake_review","not_tracked_current_index","docs_or_research","research","research/papers01/RED-BLUE-PURPLE/MirrorShield Towards Universal Defense Against Jailbreaks via.pdf","1926152","False","56e6bdd3d829687816eb1b169e51c74f5a688fa8"
"P2_untracked_intake_review","not_tracked_current_index","docs_or_research","research","research/papers01/RED-BLUE-PURPLE/Model Context Protocol (MCP) Landscape, Security Threats.pdf","1939128","False","d16233189662fe74a094377eb485f0dc5714b4bd"
"P2_untracked_intake_review","not_tracked_current_index","docs_or_research","research","research/papers01/RED-BLUE-PURPLE/Model Tampering Attacks Enable More.pdf","1817217","False","c11150fddad95f181c9c3c8232abbf77695bb16a"
"P2_untracked_intake_review","not_tracked_current_index","docs_or_research","research","research/papers01/RED-BLUE-PURPLE/PR-Attack Coordinated Prompt-RAG Attacks .pdf","1213985","False","54f7cbcecea81ecd48d112e2b5cae1521450f291"
"P2_untracked_intake_review","not_tracked_current_index","docs_or_research","research","research/papers01/RED-BLUE-PURPLE/README.md","2224","False","2408e9fcda098d69aa6e8b1697f148050d6a095b"
"P2_untracked_intake_review","not_tracked_current_index","docs_or_research","research","research/papers01/RED-BLUE-PURPLE/RED-BLUE-PURPLE/A taxonomy and survey of attacks against machine learning.pdf","962920","False","a7dfd0b960dbb36a190c208ffc8c2b1d80493a7c"
"P2_untracked_intake_review","not_tracked_current_index","docs_or_research","research","research/papers01/RED-BLUE-PURPLE/RED-BLUE-PURPLE/A-principled-governance-for-emerging-AI-regimes-lessons-from-China-the-European-Union-and.pdf","760808","False","cd6657b46af759c097322fa60d7f2d22b22afab8"
"P2_untracked_intake_review","not_tracked_current_index","docs_or_research","research","research/papers01/RED-BLUE-PURPLE/RED-BLUE-PURPLE/AI for Scientific Discovery is a Social Problem.pdf","2049390","False","1268c2ad7644fe94fb3fb4862f252d5b822f51ea"
"P2_untracked_intake_review","not_tracked_current_index","docs_or_research","research","research/papers01/RED-BLUE-PURPLE/RED-BLUE-PURPLE/Advancing-Trustworthy-AI-A-Comparative-Evaluation-of-AI-Robustness-Toolboxes.pdf","1843514","False","9b7f6daa68e3c16001eec5094cdf0d5c0ac9f9cb"
"P2_untracked_intake_review","not_tracked_current_index","docs_or_research","research","research/papers01/RED-BLUE-PURPLE/RED-BLUE-PURPLE/Aikido AI Pentest Example Report.pdf","1181604","False","7204fab3a87842bbca7308799e1dea3b4fb25de7"
"P2_untracked_intake_review","not_tracked_current_index","docs_or_research","research","research/papers01/RED-BLUE-PURPLE/RED-BLUE-PURPLE/Algorithmic-Accountability.pdf","248559","False","a231c36a6a2b2072605876d159358db440716e01"
"P2_untracked_intake_review","not_tracked_current_index","docs_or_research","research","research/papers01/RED-BLUE-PURPLE/RED-BLUE-PURPLE/Asleep-at-the-Keyboard-Assessing-the-Security-of-GitHub-Copilot-s-Code-Contributions.pdf","574282","False","77ac25d169e94b2af028080b0dd85a3e99266b03"
"P2_untracked_intake_review","not_tracked_current_index","docs_or_research","research","research/papers01/RED-BLUE-PURPLE/RED-BLUE-PURPLE/Atacking ML systems-schneier2020.pdf","768418","False","feac8b3a6e2f59389b04473a63917ba9b96b5389"
"P2_untracked_intake_review","not_tracked_current_index","docs_or_research","research","research/papers01/RED-BLUE-PURPLE/RED-BLUE-PURPLE/Automated Attack Model for Red Teams (2005).pdf","422017","False","151bc5c744faba7341b701b231feb4c50b2bebf8"
"P2_untracked_intake_review","not_tracked_current_index","docs_or_research","research","research/papers01/RED-BLUE-PURPLE/RED-BLUE-PURPLE/Beyond-transparency-and-explainability-on-the-need-for-adequate-and-contextualized-user-guidelines.pdf","711661","False","7dfa7f3af5137e85d5dc4ea05b096f835fc93b07"
"P2_untracked_intake_review","not_tracked_current_index","docs_or_research","research","research/papers01/RED-BLUE-PURPLE/RED-BLUE-PURPLE/CTF DOJO TRAINING LANGUAGE MODEL AGENTS TO FIND vulnarabilities.pdf","1023290","False","0da6d75ec2c3eff4e690e641af5f1a25bfa8a6d5"
"P2_untracked_intake_review","not_tracked_current_index","docs_or_research","research","research/papers01/RED-BLUE-PURPLE/RED-BLUE-PURPLE/Differential-privacy-in-deep-learning-Privacy-and-beyond.pdf","1583208","False","5c8a0205ee0cec9a0c290e98efd99bf24bd55ffc"
"P2_untracked_intake_review","not_tracked_current_index","docs_or_research","research","research/papers01/RED-BLUE-PURPLE/RED-BLUE-PURPLE/Efficient Black-box Adversarial Attacks via Bayesian Optimization.pdf","1936516","False","9247a01fc1f4c3ca8bbf0e69489e94ed377bce61"
"P2_untracked_intake_review","not_tracked_current_index","docs_or_research","research","research/papers01/RED-BLUE-PURPLE/RED-BLUE-PURPLE/Enabling-collaborative-governance-of-medical-AI.pdf","834387","False","a557f79786447046c645f02bd072c4a3caf7db4f"
"P2_untracked_intake_review","not_tracked_current_index","docs_or_research","research","research/papers01/RED-BLUE-PURPLE/RED-BLUE-PURPLE/Enhancing-user-prompt-confidentiality-in-Large-Language-Models-through-advanced-differential.pdf","1265933","False","c2d2a047893741186c70819bb1be882c657ccdbe"
"P2_untracked_intake_review","not_tracked_current_index","docs_or_research","research","research/papers01/RED-BLUE-PURPLE/RED-BLUE-PURPLE/From_Texts_to_Shields_Convergence_of_Large_Languag.pdf","264734","False","cf1237a63e2b931c1afe5bd4f60118ae17b0fc4d"
"P2_untracked_intake_review","not_tracked_current_index","docs_or_research","research","research/papers01/RED-BLUE-PURPLE/RED-BLUE-PURPLE/Governing-Framework-for-the-Responsible-Democratization-of-Large-Language-Models-in-Banking.pdf","943632","False","ec67f7c8e8f676af83857bddcdbf8ba76143dbf9"
"P2_untracked_intake_review","not_tracked_current_index","docs_or_research","research","research/papers01/RED-BLUE-PURPLE/RED-BLUE-PURPLE/Governing-ir-responsibilities-for-future-military-AI-systems.pdf","581516","False","686da640385366d2ff6556195771a78605e792d3"
"P2_untracked_intake_review","not_tracked_current_index","docs_or_research","research","research/papers01/RED-BLUE-PURPLE/RED-BLUE-PURPLE/How-and-why-governments-are-regulating-AI-a-comparison-of-legislative-frameworks.pdf","750122","False","5d1754bf0592662bfbe2e094f3ced0a3ba9a4824"
"P2_untracked_intake_review","not_tracked_current_index","docs_or_research","research","research/papers01/RED-BLUE-PURPLE/RED-BLUE-PURPLE/Is your algorithm unlearning or untraining.pdf","497406","False","e1d72ebdad48dfff12d6f89a8341581b60d76802"
"P2_untracked_intake_review","not_tracked_current_index","docs_or_research","research","research/papers01/RED-BLUE-PURPLE/RED-BLUE-PURPLE/JailbreakZoo Survey, Landscapes, and Horizons in Jailbreaking.pdf","2087161","False","1d17b811699438374568df5efa595d1bd2379a47"
"P0_sensitive_hold","not_tracked_current_index","sensitive_path","research","<redacted-sensitive-path:.pdf>","1275045","True","a61b6fc11be99e76865c49c0bc2e3587947c685f"
"P2_untracked_intake_review","not_tracked_current_index","docs_or_research","research","research/papers01/RED-BLUE-PURPLE/RED-BLUE-PURPLE/MODEL-AGNOSTIC META-ATTACK.pdf","710028","False","7fda771af99c9e4ef1592e995701123bccddec65"
"P2_untracked_intake_review","not_tracked_current_index","docs_or_research","research","research/papers01/RED-BLUE-PURPLE/RED-BLUE-PURPLE/Making Them Ask and Answer Jailbreaking Large Language Models.pdf","1846648","False","626742c55a074b0bd2820d1527117740a6d8761d"
"P2_untracked_intake_review","not_tracked_current_index","docs_or_research","research","research/papers01/RED-BLUE-PURPLE/RED-BLUE-PURPLE/MirrorShield Towards Universal Defense Against Jailbreaks via.pdf","1926152","False","56e6bdd3d829687816eb1b169e51c74f5a688fa8"
"P2_untracked_intake_review","not_tracked_current_index","docs_or_research","research","research/papers01/RED-BLUE-PURPLE/RED-BLUE-PURPLE/Model Tampering Attacks Enable More.pdf","1817217","False","c11150fddad95f181c9c3c8232abbf77695bb16a"
"P2_untracked_intake_review","not_tracked_current_index","docs_or_research","research","research/papers01/RED-BLUE-PURPLE/RED-BLUE-PURPLE/PR-Attack Coordinated Prompt-RAG Attacks .pdf","1213985","False","54f7cbcecea81ecd48d112e2b5cae1521450f291"
"P2_untracked_intake_review","not_tracked_current_index","docs_or_research","research","research/papers01/RED-BLUE-PURPLE/RED-BLUE-PURPLE/Red Teaming Large Reasoning Models.pdf","1560173","False","ba365cddf014fb4871a1e9e8d9f55f3e571e500a"
"P2_untracked_intake_review","not_tracked_current_index","docs_or_research","research","research/papers01/RED-BLUE-PURPLE/RED-BLUE-PURPLE/Research Advances in Automated Red Teaming.pdf","839296","False","8560543cbf0c3bad35c6f87feb409b17787b1f17"
"P2_untracked_intake_review","not_tracked_current_index","docs_or_research","research","research/papers01/RED-BLUE-PURPLE/RED-BLUE-PURPLE/SKILL-I ECTMeasuring Agent Vulnerability to Skill File Attacks.pdf","1117609","False","aca763f44aebca125ab81fdbf8987a4e84b148f8"
"P2_untracked_intake_review","not_tracked_current_index","docs_or_research","research","research/papers01/RED-BLUE-PURPLE/RED-BLUE-PURPLE/TeleAI-Safety A comprehensive LLM.pdf","1952956","False","c1a43eb90ec8079423fe7772053ab29b40d93cfe"
"P2_untracked_intake_review","not_tracked_current_index","docs_or_research","research","research/papers01/RED-BLUE-PURPLE/RED-BLUE-PURPLE/Understanding-the-Adversarial-Landscape-of-Large-Language-Models-Through-the-Lens-of-Attack.pdf","858913","False","996ace40c87ed81066f923def6afad2640bfe2f2"
"P2_untracked_intake_review","not_tracked_current_index","docs_or_research","research","research/papers01/RED-BLUE-PURPLE/RED-BLUE-PURPLE/extracted_texts/A-Red-Teaming-Framework-for-Securing-AI-in-Maritime-Autonomous-Systems.txt","109953","False","412ca67a422116cf5af499d5e7dd0e603b17f179"
"P2_untracked_intake_review","not_tracked_current_index","docs_or_research","research","research/papers01/RED-BLUE-PURPLE/RED-BLUE-PURPLE/extracted_texts/A-principled-governance-for-emerging-AI-regimes-lessons-from-China-the-European-Union-and.txt","75608","False","48bdd5efc377606e41f3778fc0fe300ead356b23"
"P2_untracked_intake_review","not_tracked_current_index","docs_or_research","research","research/papers01/RED-BLUE-PURPLE/RED-BLUE-PURPLE/extracted_texts/AI-safety-for-everyone.txt","81557","False","5fa5f91cdef3b6dc44b2c25c6681b94d01af6979"
"P2_untracked_intake_review","not_tracked_current_index","docs_or_research","research","research/papers01/RED-BLUE-PURPLE/RED-BLUE-PURPLE/extracted_texts/Advancing-Trustworthy-AI-A-Comparative-Evaluation-of-AI-Robustness-Toolboxes.txt","71171","False","fcf6a80a7d8518c582706abc4ee46061738b38b1"
"P2_untracked_intake_review","not_tracked_current_index","docs_or_research","research","research/papers01/RED-BLUE-PURPLE/RED-BLUE-PURPLE/extracted_texts/Algorithmic-Accountability.txt","44446","False","e5ffee24399002bf1614e29dc62b5d2c684e1220"
"P2_untracked_intake_review","not_tracked_current_index","docs_or_research","research","research/papers01/RED-BLUE-PURPLE/RED-BLUE-PURPLE/extracted_texts/Atacking ML systems-schneier2020.txt","12944","False","357f3ca0c702daca6b4f5709bbd9370332a0d417"
"P2_untracked_intake_review","not_tracked_current_index","docs_or_research","research","research/papers01/RED-BLUE-PURPLE/RED-BLUE-PURPLE/extracted_texts/Automated Attack Model for Red Teams (2005).txt","33804","False","b763e1ce17a0962df6726fe87487aeba219f20ea"
"P2_untracked_intake_review","not_tracked_current_index","docs_or_research","research","research/papers01/RED-BLUE-PURPLE/RED-BLUE-PURPLE/extracted_texts/Bandit-based-data-poisoning-attack-against-federated-learning-for-autonomous-driving-models.txt","115309","False","8631e3f059b055e2d94294dfaf0fcd3826915227"
"P2_untracked_intake_review","not_tracked_current_index","docs_or_research","research","research/papers01/RED-BLUE-PURPLE/RED-BLUE-PURPLE/extracted_texts/CTF DOJO TRAINING LANGUAGE MODEL AGENTS TO FIND vulnarabilities.txt","100130","False","9a37d242334ef6515b75acc6069027c3d61c5362"
"P2_untracked_intake_review","not_tracked_current_index","docs_or_research","research","research/papers01/RED-BLUE-PURPLE/RED-BLUE-PURPLE/extracted_texts/Detection-and-prevention-of-evasion-attacks-on-machine-learning-models.txt","143072","False","5c7fcb521980a914913a1e8b886bb00c16ff3522"
"P2_untracked_intake_review","not_tracked_current_index","docs_or_research","research","research/papers01/RED-BLUE-PURPLE/RED-BLUE-PURPLE/extracted_texts/Governing-Framework-for-the-Responsible-Democratization-of-Large-Language-Models-in-Banking.txt","44917","False","182c4adffc27327073b4fa010d112177ae91f934"
"P2_untracked_intake_review","not_tracked_current_index","docs_or_research","research","research/papers01/RED-BLUE-PURPLE/RED-BLUE-PURPLE/extracted_texts/Research Advances in Automated Red Teaming.txt","36916","False","89845deec2c307bd5d172995310e2e9cc08a5371"
"P2_untracked_intake_review","not_tracked_current_index","docs_or_research","research","research/papers01/RED-BLUE-PURPLE/RED-BLUE-PURPLE/extracted_texts/Semantic-anomaly-detection-with-large-language-models.txt","89503","False","d2d26c2afeaa07aa8b87854712425bb5b8a81ff7"
"P2_untracked_intake_review","not_tracked_current_index","docs_or_research","research","research/papers01/RED-BLUE-PURPLE/RED-BLUE-PURPLE/extracted_texts/Understanding-the-Adversarial-Landscape-of-Large-Language-Models-Through-the-Lens-of-Attack.txt","37733","False","1b829006742d6eb0cc0ada9fcd34a09a777bcc70"
"P2_untracked_intake_review","not_tracked_current_index","docs_or_research","research","research/papers01/RED-BLUE-PURPLE/RED-BLUE-PURPLE/governance_eval_results.json","31225","False","d80b5755dd0d1984cffd2f61740c0448dd9ebe48"
"P2_untracked_intake_review","not_tracked_current_index","docs_or_research","research","research/papers01/RED-BLUE-PURPLE/RED-BLUE-PURPLE/isc_foundry_cross_stress.jsonl","1362502","False","f965d8755240ed7bf1c121d28e7187ad8fc66c95"
"P2_untracked_intake_review","not_tracked_current_index","docs_or_research","research","research/papers01/RED-BLUE-PURPLE/RED-BLUE-PURPLE/isc_governance_stress.jsonl","74929","False","2635516976cc8e782ff54c1b30be0282e412b0f8"
"P2_untracked_intake_review","not_tracked_current_index","docs_or_research","research","research/papers01/RED-BLUE-PURPLE/RED-BLUE-PURPLE/meta-analysis on artificial attack (2019).pdf","1751169","False","9fe45dc98d23271818267c819d8074c44e2c5fa1"
"P2_untracked_intake_review","not_tracked_current_index","docs_or_research","research","research/papers01/RED-BLUE-PURPLE/RED-BLUE-PURPLE/nexus_frontier_v5_gov_bypass.jsonl","1826084","False","0d403701bd89c330b38d7f571cdf69967beb2b10"
"P2_untracked_intake_review","not_tracked_current_index","docs_or_research","research","research/papers01/RED-BLUE-PURPLE/RED-BLUE-PURPLE/nexus_frontier_v5_gray_area.jsonl","2032828","False","f259d0207ef139d7a1a6a7e1bb8346f7e9c2d823"
"P2_untracked_intake_review","not_tracked_current_index","docs_or_research","research","research/papers01/RED-BLUE-PURPLE/RED-BLUE-PURPLE/nexus_frontier_v5_jailbreak.jsonl","1532591","False","fa52f3f9907ef998e844669ae8e24247c5a31375"
"P2_untracked_intake_review","not_tracked_current_index","docs_or_research","research","research/papers01/RED-BLUE-PURPLE/RED-BLUE-PURPLE/nexus_frontier_v5_mcp_contamination.jsonl","2072452","False","e5a5d99a1bb0ae662c20e722d73440eac262d512"
"P2_untracked_intake_review","not_tracked_current_index","docs_or_research","research","research/papers01/RED-BLUE-PURPLE/RED-BLUE-PURPLE/nexus_frontier_v5_memory_poison.jsonl","1950161","False","b68fa99a5bc0eeedd0f21c363d58a9c13223bacb"
"P2_untracked_intake_review","not_tracked_current_index","docs_or_research","research","research/papers01/RED-BLUE-PURPLE/RED-BLUE-PURPLE/nexus_frontier_v5_scored_thermo_fine_tuning.jsonl","913035","False","5a251c524ac308c217f9a03a257fc210c2a8cffc"
"P2_untracked_intake_review","not_tracked_current_index","docs_or_research","research","research/papers01/RED-BLUE-PURPLE/RED-BLUE-PURPLE/nexus_frontier_v5_vacuum.jsonl","1398724","False","f2f0fca7aa9a6217ba2fb58f6977c50dee5991ef"
"P2_untracked_intake_review","not_tracked_current_index","source_or_script","research","research/papers01/RED-BLUE-PURPLE/RED-BLUE-PURPLE/nexus_governance_score.py","2672","False","8003d9231d6e0b3c9a0785eb60865bdda3ca6c3b"
"P2_untracked_intake_review","not_tracked_current_index","docs_or_research","research","research/papers01/RED-BLUE-PURPLE/RED-BLUE-PURPLE/nexus_redteam_isc_v5.jsonl","690685","False","18528bbec255d46d39f4b3a983af02be06de19ae"
"P2_untracked_intake_review","not_tracked_current_index","docs_or_research","research","research/papers01/RED-BLUE-PURPLE/RED-BLUE-PURPLE/nexus_stress_v5_document_injection.jsonl","231617","False","4af4bb65a058150926ba249488180e8d4c05770d"
"P2_untracked_intake_review","not_tracked_current_index","docs_or_research","research","research/papers01/RED-BLUE-PURPLE/RED-BLUE-PURPLE/nexus_stress_v5_mcp_surface.jsonl","182756","False","b734180dd56d698610ef17817046b07a2e9b3474"
"P2_untracked_intake_review","not_tracked_current_index","docs_or_research","research","research/papers01/RED-BLUE-PURPLE/RED-BLUE-PURPLE/nexus_stress_v5_payload_conversion.jsonl","643020","False","62d22fa600a7952319cebe9bd176c49ce263ab99"
"P2_untracked_intake_review","not_tracked_current_index","docs_or_research","research","research/papers01/RED-BLUE-PURPLE/RED-BLUE-PURPLE/nexus_stress_v6_tamas_base.jsonl","371627","False","cf7c92ad5ffb81f6a7ed66ed20045bbd89275d82"
"P2_untracked_intake_review","not_tracked_current_index","docs_or_research","research","research/papers01/RED-BLUE-PURPLE/RED-BLUE-PURPLE/nexus_stress_v6_tamas_fine_tuning.jsonl","432290","False","0270fae2bc62d7f8b9c24af8cb9886d9863133b5"
"P2_untracked_intake_review","not_tracked_current_index","docs_or_research","research","research/papers01/RED-BLUE-PURPLE/RED-BLUE-PURPLE/tool_reasoning_stress.jsonl","818684","False","ad6d67144f141be97b185c02296c9f5d7d06d889"
"P2_untracked_intake_review","not_tracked_current_index","docs_or_research","research","research/papers01/RED-BLUE-PURPLE/RED-BLUE-PURPLE/unified_manifest.json","1207","False","1225b8adf3de4a3fe995522f10119dba1f7408d9"
"P2_untracked_intake_review","not_tracked_current_index","docs_or_research","research","research/papers01/RED-BLUE-PURPLE/RED-BLUE-PURPLE/v4_manifest.json","1761","False","4f13eb979397fc1431d21fbb8052d75ee6c23662"
"P2_untracked_intake_review","not_tracked_current_index","docs_or_research","research","research/papers01/RED-BLUE-PURPLE/RED-BLUE-PURPLE/v5_frontier_manifest.json","1446","False","ae689720b0abc5be93005966984c3d955290fc44"
"P2_untracked_intake_review","not_tracked_current_index","docs_or_research","research","research/papers01/RED-BLUE-PURPLE/RED-BLUE-PURPLE/v6_tamas_manifest.json","980","False","7b0130a3cf7645c09175a110b0f1cea623f8b6c7"
"P2_untracked_intake_review","not_tracked_current_index","docs_or_research","research","research/papers01/RED-BLUE-PURPLE/RED-BLUE-PURPLE/v6_tool_manifest.json","768","False","bce86482e9acc10f02c18b7abb8e81ea1d5598ab"
"P2_untracked_intake_review","not_tracked_current_index","docs_or_research","research","research/papers01/RED-BLUE-PURPLE/Red Teaming Large Reasoning Models.pdf","1560173","False","ba365cddf014fb4871a1e9e8d9f55f3e571e500a"
"P2_untracked_intake_review","not_tracked_current_index","docs_or_research","research","research/papers01/RED-BLUE-PURPLE/Research Advances in Automated Red Teaming.pdf","839296","False","8560543cbf0c3bad35c6f87feb409b17787b1f17"
"P2_untracked_intake_review","not_tracked_current_index","docs_or_research","research","research/papers01/RED-BLUE-PURPLE/RigorLLM Resilient Guardrails for Large Language Models against.pdf","1952984","False","e4f8ffbbc8d66c1d74229d9136114ee0315c8f30"
"P2_untracked_intake_review","not_tracked_current_index","docs_or_research","research","research/papers01/RED-BLUE-PURPLE/SKILL-I ECTMeasuring Agent Vulnerability to Skill File Attacks.pdf","1117609","False","aca763f44aebca125ab81fdbf8987a4e84b148f8"
"P2_untracked_intake_review","not_tracked_current_index","docs_or_research","research","research/papers01/RED-BLUE-PURPLE/ShieldGemma Generative AI Content.pdf","667010","False","f4e20e3e254f68a1226767f94c8ed9af702a8baa"
"P2_untracked_intake_review","not_tracked_current_index","docs_or_research","research","research/papers01/RED-BLUE-PURPLE/TeleAI-Safety A comprehensive LLM.pdf","1952956","False","c1a43eb90ec8079423fe7772053ab29b40d93cfe"
"P2_untracked_intake_review","not_tracked_current_index","docs_or_research","research","research/papers01/RED-BLUE-PURPLE/Understanding-the-Adversarial-Landscape-of-Large-Language-Models-Through-the-Lens-of-Attack.pdf","858913","False","996ace40c87ed81066f923def6afad2640bfe2f2"
"P2_untracked_intake_review","not_tracked_current_index","docs_or_research","research","research/papers01/RED-BLUE-PURPLE/When MCP Servers Attack Taxonomy Feasibility and Mitigation.pdf","1198677","False","e7ad6eec216a71c984e5d3792a5042f5a375b243"
"P2_untracked_intake_review","not_tracked_current_index","docs_or_research","research","research/papers01/RED-BLUE-PURPLE/arXiv_2503_23278_MCP_Landscape_Threats.pdf","1939128","False","d16233189662fe74a094377eb485f0dc5714b4bd"
"P2_untracked_intake_review","not_tracked_current_index","docs_or_research","research","research/papers01/RED-BLUE-PURPLE/arXiv_2503_23278_MCP_Landscape_Threats.txt","158812","False","ec7703bdaf98a27aa790631dac4b45c85b990d18"
"P2_untracked_intake_review","not_tracked_current_index","docs_or_research","research","research/papers01/RED-BLUE-PURPLE/arXiv_2504_08623_Enterprise_MCP_Security.pdf","585566","False","0520ddd4b33d9a96e0bdcf1e78d813d4b334ddb4"
"P2_untracked_intake_review","not_tracked_current_index","docs_or_research","research","research/papers01/RED-BLUE-PURPLE/arXiv_2504_08623_Enterprise_MCP_Security.txt","55837","False","9b8e02cc53264cfe05b6c2209218151eca8c7d9c"
"P2_untracked_intake_review","not_tracked_current_index","docs_or_research","research","research/papers01/RED-BLUE-PURPLE/arXiv_2509_24272_When_MCP_Servers_Attack.pdf","1198677","False","e7ad6eec216a71c984e5d3792a5042f5a375b243"
"P2_untracked_intake_review","not_tracked_current_index","docs_or_research","research","research/papers01/RED-BLUE-PURPLE/arXiv_2509_24272_When_MCP_Servers_Attack.txt","74593","False","72384f181341444e2c4207b4743c40b62df8b179"
"P2_untracked_intake_review","not_tracked_current_index","docs_or_research","research","research/papers01/RED-BLUE-PURPLE/arXiv_2510_16558_First_Look_MCP_Security.txt","83099","False","bed9d2781e70776ca6246995f489c53d697d0e36"
"P2_untracked_intake_review","not_tracked_current_index","docs_or_research","research","research/papers01/RED-BLUE-PURPLE/automated_chaos_results.json","42616","False","6c599ffe4a2ced62b0471c2778aa588b0d649427"
"P2_untracked_intake_review","not_tracked_current_index","source_or_script","research","research/papers01/RED-BLUE-PURPLE/extract_papers.py","2335","False","381da0a6071b3b8c9904a7e3e02debcc8c2a0b7a"
"P2_untracked_intake_review","not_tracked_current_index","docs_or_research","research","research/papers01/RED-BLUE-PURPLE/extracted_texts/A-Red-Teaming-Framework-for-Securing-AI-in-Maritime-Autonomous-Systems.txt","109953","False","412ca67a422116cf5af499d5e7dd0e603b17f179"
"P2_untracked_intake_review","not_tracked_current_index","docs_or_research","research","research/papers01/RED-BLUE-PURPLE/extracted_texts/A-principled-governance-for-emerging-AI-regimes-lessons-from-China-the-European-Union-and.txt","75608","False","48bdd5efc377606e41f3778fc0fe300ead356b23"
"P2_untracked_intake_review","not_tracked_current_index","docs_or_research","research","research/papers01/RED-BLUE-PURPLE/extracted_texts/AI-safety-for-everyone.txt","81557","False","5fa5f91cdef3b6dc44b2c25c6681b94d01af6979"
"P2_untracked_intake_review","not_tracked_current_index","docs_or_research","research","research/papers01/RED-BLUE-PURPLE/extracted_texts/Advancing-Trustworthy-AI-A-Comparative-Evaluation-of-AI-Robustness-Toolboxes.txt","71171","False","fcf6a80a7d8518c582706abc4ee46061738b38b1"
"P2_untracked_intake_review","not_tracked_current_index","docs_or_research","research","research/papers01/RED-BLUE-PURPLE/extracted_texts/Algorithmic-Accountability.txt","44446","False","e5ffee24399002bf1614e29dc62b5d2c684e1220"
"P2_untracked_intake_review","not_tracked_current_index","docs_or_research","research","research/papers01/RED-BLUE-PURPLE/extracted_texts/Atacking ML systems-schneier2020.txt","12944","False","357f3ca0c702daca6b4f5709bbd9370332a0d417"
"P2_untracked_intake_review","not_tracked_current_index","docs_or_research","research","research/papers01/RED-BLUE-PURPLE/extracted_texts/Automated Attack Model for Red Teams (2005).txt","33804","False","b763e1ce17a0962df6726fe87487aeba219f20ea"
"P2_untracked_intake_review","not_tracked_current_index","docs_or_research","research","research/papers01/RED-BLUE-PURPLE/extracted_texts/Bandit-based-data-poisoning-attack-against-federated-learning-for-autonomous-driving-models.txt","115309","False","8631e3f059b055e2d94294dfaf0fcd3826915227"
"P2_untracked_intake_review","not_tracked_current_index","docs_or_research","research","research/papers01/RED-BLUE-PURPLE/extracted_texts/CTF DOJO TRAINING LANGUAGE MODEL AGENTS TO FIND vulnarabilities.txt","100130","False","9a37d242334ef6515b75acc6069027c3d61c5362"
"P2_untracked_intake_review","not_tracked_current_index","docs_or_research","research","research/papers01/RED-BLUE-PURPLE/extracted_texts/Detection-and-prevention-of-evasion-attacks-on-machine-learning-models.txt","143072","False","5c7fcb521980a914913a1e8b886bb00c16ff3522"
"P2_untracked_intake_review","not_tracked_current_index","docs_or_research","research","research/papers01/RED-BLUE-PURPLE/extracted_texts/Governing-Framework-for-the-Responsible-Democratization-of-Large-Language-Models-in-Banking.txt","44917","False","182c4adffc27327073b4fa010d112177ae91f934"
"P2_untracked_intake_review","not_tracked_current_index","docs_or_research","research","research/papers01/RED-BLUE-PURPLE/extracted_texts/Research Advances in Automated Red Teaming.txt","36916","False","89845deec2c307bd5d172995310e2e9cc08a5371"
"P2_untracked_intake_review","not_tracked_current_index","docs_or_research","research","research/papers01/RED-BLUE-PURPLE/extracted_texts/Semantic-anomaly-detection-with-large-language-models.txt","89503","False","d2d26c2afeaa07aa8b87854712425bb5b8a81ff7"
"P2_untracked_intake_review","not_tracked_current_index","docs_or_research","research","research/papers01/RED-BLUE-PURPLE/extracted_texts/Understanding-the-Adversarial-Landscape-of-Large-Language-Models-Through-the-Lens-of-Attack.txt","37733","False","1b829006742d6eb0cc0ada9fcd34a09a777bcc70"
"P2_untracked_intake_review","not_tracked_current_index","docs_or_research","research","research/papers01/RED-BLUE-PURPLE/governance_eval_results.json","31225","False","d80b5755dd0d1984cffd2f61740c0448dd9ebe48"
"P2_untracked_intake_review","not_tracked_current_index","docs_or_research","research","research/papers01/RED-BLUE-PURPLE/isc_foundry_cross_stress.jsonl","1362502","False","f965d8755240ed7bf1c121d28e7187ad8fc66c95"
"P2_untracked_intake_review","not_tracked_current_index","docs_or_research","research","research/papers01/RED-BLUE-PURPLE/isc_governance_stress.jsonl","74929","False","2635516976cc8e782ff54c1b30be0282e412b0f8"
"P2_untracked_intake_review","not_tracked_current_index","docs_or_research","research","research/papers01/RED-BLUE-PURPLE/meta-analysis on artificial attack (2019).pdf","1751169","False","9fe45dc98d23271818267c819d8074c44e2c5fa1"
"P2_untracked_intake_review","not_tracked_current_index","docs_or_research","research","research/papers01/RED-BLUE-PURPLE/nexus_frontier_v5_gov_bypass.jsonl","1826084","False","0d403701bd89c330b38d7f571cdf69967beb2b10"
"P2_untracked_intake_review","not_tracked_current_index","docs_or_research","research","research/papers01/RED-BLUE-PURPLE/nexus_frontier_v5_gray_area.jsonl","2032828","False","f259d0207ef139d7a1a6a7e1bb8346f7e9c2d823"
"P2_untracked_intake_review","not_tracked_current_index","docs_or_research","research","research/papers01/RED-BLUE-PURPLE/nexus_frontier_v5_jailbreak.jsonl","1532591","False","fa52f3f9907ef998e844669ae8e24247c5a31375"
"P2_untracked_intake_review","not_tracked_current_index","docs_or_research","research","research/papers01/RED-BLUE-PURPLE/nexus_frontier_v5_mcp_contamination.jsonl","2072452","False","e5a5d99a1bb0ae662c20e722d73440eac262d512"
"P2_untracked_intake_review","not_tracked_current_index","docs_or_research","research","research/papers01/RED-BLUE-PURPLE/nexus_frontier_v5_memory_poison.jsonl","1950161","False","b68fa99a5bc0eeedd0f21c363d58a9c13223bacb"
"P2_untracked_intake_review","not_tracked_current_index","docs_or_research","research","research/papers01/RED-BLUE-PURPLE/nexus_frontier_v5_scored_thermo_fine_tuning.jsonl","913035","False","5a251c524ac308c217f9a03a257fc210c2a8cffc"
"P2_untracked_intake_review","not_tracked_current_index","docs_or_research","research","research/papers01/RED-BLUE-PURPLE/nexus_frontier_v5_vacuum.jsonl","1398724","False","f2f0fca7aa9a6217ba2fb58f6977c50dee5991ef"
"P2_untracked_intake_review","not_tracked_current_index","source_or_script","research","research/papers01/RED-BLUE-PURPLE/nexus_governance_score.py","2658","False","39945b656d663349f51995d7ad8a2479e271abea"
"P2_untracked_intake_review","not_tracked_current_index","docs_or_research","research","research/papers01/RED-BLUE-PURPLE/nexus_redteam_isc_v5.jsonl","690685","False","18528bbec255d46d39f4b3a983af02be06de19ae"
"P2_untracked_intake_review","not_tracked_current_index","docs_or_research","research","research/papers01/RED-BLUE-PURPLE/nexus_stress_v5_document_injection.jsonl","231617","False","4af4bb65a058150926ba249488180e8d4c05770d"
"P2_untracked_intake_review","not_tracked_current_index","docs_or_research","research","research/papers01/RED-BLUE-PURPLE/nexus_stress_v5_mcp_surface.jsonl","182756","False","b734180dd56d698610ef17817046b07a2e9b3474"
"P2_untracked_intake_review","not_tracked_current_index","docs_or_research","research","research/papers01/RED-BLUE-PURPLE/nexus_stress_v5_payload_conversion.jsonl","643020","False","62d22fa600a7952319cebe9bd176c49ce263ab99"
"P2_untracked_intake_review","not_tracked_current_index","docs_or_research","research","research/papers01/RED-BLUE-PURPLE/nexus_stress_v6_tamas_base.jsonl","371627","False","cf7c92ad5ffb81f6a7ed66ed20045bbd89275d82"
"P2_untracked_intake_review","not_tracked_current_index","docs_or_research","research","research/papers01/RED-BLUE-PURPLE/nexus_stress_v6_tamas_fine_tuning.jsonl","432290","False","0270fae2bc62d7f8b9c24af8cb9886d9863133b5"
"P2_untracked_intake_review","not_tracked_current_index","docs_or_research","research","research/papers01/RED-BLUE-PURPLE/paper_summaries_report.md","8168","False","c2a5a882366f94802e6c656d03c1be0f048627e5"
"P2_untracked_intake_review","not_tracked_current_index","docs_or_research","research","research/papers01/RED-BLUE-PURPLE/raw_text_DICE.txt","43764","False","3fdfea5e127dd4b4b82075b78302f1f231eddb5a"
"P2_untracked_intake_review","not_tracked_current_index","docs_or_research","research","research/papers01/RED-BLUE-PURPLE/raw_text_Model_Merging.txt","57471","False","41a11d18237976b35ab5870dad49cbaa23ec0eba"
"P2_untracked_intake_review","not_tracked_current_index","docs_or_research","research","research/papers01/RED-BLUE-PURPLE/raw_text_Survey.txt","110492","False","f0aab4a31efc8e618bac1c885b98aa159960a424"
"P2_untracked_intake_review","not_tracked_current_index","docs_or_research","research","research/papers01/RED-BLUE-PURPLE/tool_reasoning_stress.jsonl","818684","False","ad6d67144f141be97b185c02296c9f5d7d06d889"
"P2_untracked_intake_review","not_tracked_current_index","docs_or_research","research","research/papers01/RED-BLUE-PURPLE/unified_manifest.json","1207","False","1225b8adf3de4a3fe995522f10119dba1f7408d9"
"P2_untracked_intake_review","not_tracked_current_index","docs_or_research","research","research/papers01/RED-BLUE-PURPLE/v4_manifest.json","1761","False","4f13eb979397fc1431d21fbb8052d75ee6c23662"
"P2_untracked_intake_review","not_tracked_current_index","docs_or_research","research","research/papers01/RED-BLUE-PURPLE/v5_frontier_manifest.json","1446","False","ae689720b0abc5be93005966984c3d955290fc44"
"P2_untracked_intake_review","not_tracked_current_index","docs_or_research","research","research/papers01/RED-BLUE-PURPLE/v6_tamas_manifest.json","980","False","7b0130a3cf7645c09175a110b0f1cea623f8b6c7"
"P2_untracked_intake_review","not_tracked_current_index","docs_or_research","research","research/papers01/RED-BLUE-PURPLE/v6_tool_manifest.json","768","False","bce86482e9acc10f02c18b7abb8e81ea1d5598ab"
"P2_untracked_intake_review","not_tracked_current_index","docs_or_research","research","research/papers01/The attention schema theory a mechanistic account of subjective awareness.pdf","705859","False","79596da86ea31cbeb4e6e20a9c8247c9b74ec05c"
"P2_untracked_intake_review","not_tracked_current_index","docs_or_research","research","research/papers01/rStar-Math Small LLMs Can Master Math Reasoning.pdf","929246","False","9b9c1e9c8cf0498a16a8f49d7b67c7c4599ef099"
"P2_untracked_intake_review","not_tracked_current_index","docs_or_research","research","research/papers02/A Comprehensive Survey of Contamination Detection Methods in Large Language Models.pdf","821144","False","a1493f4e299a65774e7123e4b5035df0e77eaeb2"
"P2_untracked_intake_review","not_tracked_current_index","docs_or_research","research","research/papers02/A Cross-Language Investigation into Jailbreak Attacks in Large.pdf","924990","False","3d9ccb29a6751032c3c23c886d181130cacf89a0"
"P2_untracked_intake_review","not_tracked_current_index","docs_or_research","research","research/papers02/A Survey on Privacy Attacks Against Digital Twin.pdf","895660","False","e596ab49d2f1d6cd3885f8b4a1856a76c5d75687"
"P2_untracked_intake_review","not_tracked_current_index","docs_or_research","research","research/papers02/ASTRA Agentic Steerability and Risk Assessment.pdf","183169","False","c74d25dc277d724dc8a1ebb94527509155513151"
"P2_untracked_intake_review","not_tracked_current_index","docs_or_research","research","research/papers02/Animating Rotation with Quaternion Curves .pdf","861555","False","52ed1f6819603333163a758c1f2acf13f8e6cb09"
"P2_untracked_intake_review","not_tracked_current_index","docs_or_research","research","research/papers02/Benchmarking Large Language Models Under Data Contamination.pdf","692095","False","37681eabf4be17f90f73c2164e81b2d96e5639c2"
"P2_untracked_intake_review","not_tracked_current_index","docs_or_research","research","research/papers02/Benchmarking and Defending Against Indirect Prompt Injection.pdf","1236869","False","7d34b345fb329a94aff1d5b6036c5755d5039d55"
"P2_untracked_intake_review","not_tracked_current_index","docs_or_research","research","research/papers02/Bridging the Gap A Pragmatic Approach to Generating Insider Threat Data.pdf","347625","False","dba5809c5061373e970266be52f30f1aa6b84e12"
"P2_untracked_intake_review","not_tracked_current_index","docs_or_research","research","research/papers02/BrowseSafe Understanding and Preventing Prompt Injection Within.pdf","2068515","False","0a41193668ca82c998d6963a5befa467eda4edf4"
"P2_untracked_intake_review","not_tracked_current_index","docs_or_research","research","research/papers02/CAN LLMS SEPARATE INSTRUCTIONS FROM DATA.pdf","530972","False","1bb20536cbf57f7292227a37a4202754f949bbc5"
"P2_untracked_intake_review","not_tracked_current_index","docs_or_research","research","research/papers02/CAN WE TRUST AI BENCHMARKS.pdf","508278","False","a3803e0de3fcdecb3e4f93561793520dc7b0ecdf"
"P2_untracked_intake_review","not_tracked_current_index","docs_or_research","research","research/papers02/Can LLMs Follow Simple Rules.pdf","1176270","False","b7bbaa3a6179cc260684b19126e41427b3aaf49e"
"P2_untracked_intake_review","not_tracked_current_index","docs_or_research","research","research/papers02/Comparison requires valid measurement Rethinking.pdf","2016429","False","c5fc98c98014c16c3b74ff198d75533ae7fcd099"
"P2_untracked_intake_review","not_tracked_current_index","docs_or_research","research","research/papers02/ConfusedPilot Confused Deputy Risks in.pdf","1077411","False","7452ba27e314d979619e1ca82137efe1bd829c64"
"P2_untracked_intake_review","not_tracked_current_index","docs_or_research","research","research/papers02/DICE Detecting In-distribution Contamination.pdf","1521982","False","0202caf0034b16943b5e0597caddbf7103cbf42f"
"P2_untracked_intake_review","not_tracked_current_index","docs_or_research","research","research/papers02/Diverse and Effective Red Teaming with Auto-generated Rewards.pdf","1841441","False","b84a6a339d33a4cc041099ac6deeb2e43349f09f"
"P2_untracked_intake_review","not_tracked_current_index","docs_or_research","research","research/papers02/Emerging Practices in Frontier AI.pdf","454814","False","0cb4b905ee9608f834f9e86956e2512c0d3ec0ee"
"P2_untracked_intake_review","not_tracked_current_index","docs_or_research","research","research/papers02/Establishing Trustworthy LLM Evaluation via Shortcut Neuron Analysis.pdf","1105199","False","a06f002e04a72049f502c9da33e706d236bdfc6d"
"P2_untracked_intake_review","not_tracked_current_index","docs_or_research","research","research/papers02/Feint and Attack Jailbreaking and Protecting LLMs via Attention Distribution.pdf","607983","False","916ca30897e94a7d3994eaab78d23d506c6f9864"
"P2_untracked_intake_review","not_tracked_current_index","docs_or_research","research","research/papers02/Frontier AI developers need an internal audit function.pdf","987464","False","561342720a8f0eae5b305fbe11f4b57f969c7f94"
"P2_untracked_intake_review","not_tracked_current_index","docs_or_research","research","research/papers02/HOW CAN I PUBLISH MY LLM BENCHMARK.pdf","1124259","False","7cd68128e0bf518a1a05fe670b6beeccbbe8ce20"
"P2_untracked_intake_review","not_tracked_current_index","docs_or_research","research","research/papers02/How should AI knowledge be governed.pdf","406665","False","074100316e734a56642fb05ee581b54a7838c4ea"
"P2_untracked_intake_review","not_tracked_current_index","docs_or_research","research","research/papers02/Hyperparameter Optimization Is Deceiving Us.pdf","1741935","False","e408d109f55776b08f089102169285ae7347cc7b"
"P2_untracked_intake_review","not_tracked_current_index","docs_or_research","research","research/papers02/Latent Adversarial Training Improves Robustness to.pdf","2058408","False","21a53f5dfae26eaabd4de0ebeaa562034569d483"
"P2_untracked_intake_review","not_tracked_current_index","docs_or_research","research","research/papers02/Lessons From Red Teaming 100 Generative.pdf","1628258","False","b09fa5584f9f7409dbade85e6d1b995131ce3f9a"
"P2_untracked_intake_review","not_tracked_current_index","docs_or_research","research","research/papers02/META SECALIGN A Secure Foundation LLM Against Prompt Injection Attacks.pdf","463846","False","e07c4847ab65b479fd8f9aa4de91bab80ed6395b"
"P2_untracked_intake_review","not_tracked_current_index","docs_or_research","research","research/papers02/Misalignment or misuse The AGI alignment tradeoff.pdf","441720","False","0e33259668ac7994ef9706e99ffa603ab4de8cab"
"P2_untracked_intake_review","not_tracked_current_index","docs_or_research","research","research/papers02/Model Merging and Safety Alignment One Bad Model Spoils the Bunch.pdf","688917","False","06542a90eba8685adde22ffeae13f65f3e62a833"
"P2_untracked_intake_review","not_tracked_current_index","docs_or_research","research","research/papers02/NETARENA DYNAMIC BENCHMARKS FOR AI AGENTS.pdf","1425420","False","9cc204e5cfcd4770b4cda4be7d3f52caea822a14"
"P2_untracked_intake_review","not_tracked_current_index","docs_or_research","research","research/papers02/OIBench Benchmarking Strong Reasoning Models.pdf","802985","False","275fa0ffa997943ee7120feb7fdacd04c86a973f"
"P2_untracked_intake_review","not_tracked_current_index","docs_or_research","research","research/papers02/On Protecting the Data Privacy of Large Language.pdf","843373","False","eb68ec1180212056ab854d79de1910548451f854"
"P2_untracked_intake_review","not_tracked_current_index","docs_or_research","research","research/papers02/Position Evaluating Generative AI Systems Is a.pdf","758753","False","12ccd91c4aac4278a8c24c403ef4b18c785ece85"
"P2_untracked_intake_review","not_tracked_current_index","docs_or_research","research","research/papers02/Quaternions, Interpolation and Animation.pdf","866632","False","4faec842c9fb81d49afcc0b49c85b3f3e185c7ad"
"P2_untracked_intake_review","not_tracked_current_index","docs_or_research","research","research/papers02/REDBENCH A UNIVERSAL DATASET FOR COMPREHENSIVE RED TEAMING OF LARGE LANGUAGE MODELS.pdf","1860304","False","22fa4ca4f6879aad5281f4dcde90209154939c80"
"P2_untracked_intake_review","not_tracked_current_index","docs_or_research","research","research/papers02/Recent Advances in Attack and Defense Approaches of.pdf","441388","False","48449235be47ecb9787531deb5dfd6aa2c935828"
"P2_untracked_intake_review","not_tracked_current_index","docs_or_research","research","research/papers02/Red-Teaming for Generative AISilver Bullet or Security Theater.pdf","177259","False","f9ac5e1c0ffe55b5df0cf6a613b0a25a54af7037"
"P2_untracked_intake_review","not_tracked_current_index","docs_or_research","research","research/papers02/Risk Analysis - 2024 - Schuett - Frontier AI developers need an internal audit function.pdf","582451","False","6437a7be3aaa07278b5a298ad01085664161a8b6"
"P2_untracked_intake_review","not_tracked_current_index","docs_or_research","research","research/papers02/Risk Taxonomy, Mitigation, and Assessment.pdf","1954091","False","791cf16306e4f271ca557fea6aada346fef013cb"
"P2_untracked_intake_review","not_tracked_current_index","docs_or_research","research","research/papers02/Safety cases for frontier AI.pdf","823413","False","1e8d515e70960493612e4b601d40c4e77915fa16"
"P2_untracked_intake_review","not_tracked_current_index","docs_or_research","research","research/papers02/Security and Privacy Challenges of Large Language Models.pdf","1911038","False","62fdacdbf5fe51db712b92581459ae229011d774"
"P2_untracked_intake_review","not_tracked_current_index","docs_or_research","research","research/papers02/Selecting Language Models for Social Science.pdf","471838","False","a4b8ab16d7cf767687f44178e2fa99291e74c74f"
"P2_untracked_intake_review","not_tracked_current_index","docs_or_research","research","research/papers02/TalkinBout AI Generation.pdf","2050957","False","f148a85571c4d1780d6914e8cd49d3a80aff55f4"
"P2_untracked_intake_review","not_tracked_current_index","docs_or_research","research","research/papers02/The 2025 OpenAI Preparedness Framework does not guarantee any AI risk mitigation.pdf","470276","False","49adfd9493ba30fa9578b08ff9197abb8fb0a3a1"
"P2_untracked_intake_review","not_tracked_current_index","docs_or_research","research","research/papers02/The Gaps that Never Were Reconsidering Responsible AI’sPrinciple-Practice Problem.pdf","555262","False","a3c8007f64d2b90c05dbbf65b8c723e60648c9a4"
"P2_untracked_intake_review","not_tracked_current_index","docs_or_research","research","research/papers02/The Scales of Justitia A Comprehensive Survey.pdf","1122235","False","4df969ecc226a19c8a6eb7f14d1ba9f8cc3edf9a"
"P2_untracked_intake_review","not_tracked_current_index","docs_or_research","research","research/papers02/The harms of terminology why we should reject so-called “frontier AI”.pdf","596803","False","3fba99cd6341a38d67524f8542c927ac8e9a3b90"
"P2_untracked_intake_review","not_tracked_current_index","docs_or_research","research","research/papers02/Three lines of defense against risks from AI.pdf","868075","False","01799c013eae192333baa555ed920e7e2963b396"
"P2_untracked_intake_review","not_tracked_current_index","docs_or_research","research","research/papers02/Towards best practices in AGI safety.pdf","845610","False","18ee526adf3cd06d98f1e4df98e86dc04ee5785d"
"P2_untracked_intake_review","not_tracked_current_index","docs_or_research","research","research/papers02/Tree of Attacks Jailbreaking Black-Box LLMs Automatically.pdf","954746","False","ebde8f43627a413415766965530463bba8575553"
"P2_untracked_intake_review","not_tracked_current_index","docs_or_research","research","research/papers02/Use of LLMs for Illicit Purposes Threats Prevention Measures and.pdf","1028137","False","f57b843116809dd5d206fba5f7c7beb0385ac61d"
"P2_untracked_intake_review","not_tracked_current_index","docs_or_research","research","research/papers02/WASP Benchmarking Web Agent Security Against Prompt Injection Attacks.pdf","1194682","False","8c829d8b20db71c5d31b943ff41c9287bfb9a1fe"
"P2_untracked_intake_review","not_tracked_current_index","docs_or_research","research","research/papers02/What Features in Prompts Jailbreak LLMs.pdf","1824991","False","5c5abc7339ee22b5ccd5159610aaea90494040d2"
"P2_untracked_intake_review","not_tracked_current_index","docs_or_research","research","research/papers02/Whispers in the Machine.pdf","865834","False","8501543942579b45e1ccadaa7f947f7c1d4582c5"
"P2_untracked_intake_review","not_tracked_current_index","docs_or_research","research","research/papers02/attacktypes.png","115940","False","435e55ba023102b51fb5e1495302c09087869ab7"
"P2_untracked_intake_review","not_tracked_current_index","docs_or_research","research","research/papers02/wire000.pdf","107494","False","90dc5bcaafb6334d16cce036b29cf7a96ddf1189"
"P2_untracked_intake_review","not_tracked_current_index","docs_or_research","research","research/papers02/‘Affordances’ for Machine Learning.pdf","583821","False","437b921d792eff4e5336edda97449eeb2fa31172"
"P2_untracked_intake_review","not_tracked_current_index","docs_or_research","research","research/papers03/AUTOSKILL EXPERIENCE-DRIVEN LIFELONG LEARNING VIA.pdf","1204737","False","78c041cdb0336d0804572962dd43dbcecfb70cd5"
"P2_untracked_intake_review","not_tracked_current_index","docs_or_research","research","research/papers03/B MOJO Hybrid State Space Realizations of.pdf","1516033","False","bea7dce052e40af5ac02f53256ff0fefc0cf462b"
"P2_untracked_intake_review","not_tracked_current_index","docs_or_research","research","research/papers03/Deep Learning with Differential Privacy.pdf","714624","False","6a0d6f0da40cb5e446bef8013bc9cc6a98bb1e75"
"P2_untracked_intake_review","not_tracked_current_index","docs_or_research","research","research/papers03/Differentially Private Learning with Small Public Data.pdf","972225","False","f6d0651c8957d56b5bfe75a0ca465614cfffdbd9"
"P2_untracked_intake_review","not_tracked_current_index","docs_or_research","research","research/papers03/Eternal Sunshine of the Spotless Net Selective Forgetting in Deep Networks.pdf","378286","False","3f518629454d9f241d890a5016ddcd9def2cfe25"
"P2_untracked_intake_review","not_tracked_current_index","docs_or_research","research","research/papers03/Expansion Span Combining Fading Memory and Retrieval in Hybrid.pdf","983065","False","3ccd2f48781585123836c950d0b2f61db9886af1"
"P2_untracked_intake_review","not_tracked_current_index","docs_or_research","research","research/papers03/Integral Continual Learning Along the Tangent Vector Field of Tasks.pdf","1351086","False","4f4559783f9da746c4e18d9a1fd54707c71cc046"
"P2_untracked_intake_review","not_tracked_current_index","docs_or_research","research","research/papers03/LQF Linear Quadratic Fine-Tuning.pdf","1490569","False","d6cceb0a9b2f909dcfc6ac5c148ee0de8d20acf8"
"P2_untracked_intake_review","not_tracked_current_index","docs_or_research","research","research/papers03/Mellum 2.pdf","1683454","False","fc986529ee4357c283bba648742321f3671a4388"
"P2_untracked_intake_review","not_tracked_current_index","docs_or_research","research","research/papers03/Memory for Autonomous LLM Agents.pdf","313563","False","7fdfdd9f60f53080b95a0cace66a34f6867bd774"
"P2_untracked_intake_review","not_tracked_current_index","docs_or_research","research","research/papers03/Merging by Matching Models in Task Parameter Subspaces.pdf","783511","False","e2921aa31bca340cd2883eb1a9711421049a850f"
"P2_untracked_intake_review","not_tracked_current_index","docs_or_research","research","research/papers03/Mixed Differential Privacy in Computer Vision.pdf","844557","False","c617a8c4ff34c39b1b09c82fb77d4d653664357d"
"P2_untracked_intake_review","not_tracked_current_index","docs_or_research","research","research/papers03/Mixed-Privacy Forgetting in Deep Networks.pdf","1505649","False","555bc57d155d6b6acb823ad9c2c65efdd0d2711a"
"P2_untracked_intake_review","not_tracked_current_index","docs_or_research","research","research/papers03/No Task Left Behind.pdf","1422948","False","c9dc0827f4f10daf59c6c1cfe22e556202f48cc6"
"P2_untracked_intake_review","not_tracked_current_index","docs_or_research","research","research/papers03/PARAMETER EFFICIENT MULTI-TASK MODEL FUSION.pdf","1143515","False","3468ec742fcde65f8b4991d9b1537209c1e55ac5"
"P2_untracked_intake_review","not_tracked_current_index","docs_or_research","research","research/papers03/Private-kNN Practical Differential Privacy for Computer Vision.pdf","528831","False","b3cd255371681cb226f5a5dc80043e17c9f5b723"
"P2_untracked_intake_review","not_tracked_current_index","docs_or_research","research","research/papers03/Reflexion Language Agents with.pdf","1266813","False","4e29df8978f228059e323a7211903a2330d13aa6"
"P2_untracked_intake_review","not_tracked_current_index","docs_or_research","research","research/papers03/SimpleMem Efficient Lifelong Memory for LLM Agents.pdf","844453","False","bdc2ee1d8bc083943aa6abe5a7e11b4097e575d9"
"P2_untracked_intake_review","not_tracked_current_index","docs_or_research","research","research/papers03/TANGENT TRANSFORMERS FOR COMPOSITION.pdf","521250","False","3cdde774279eb2c6089a96935af97a0a0805848c"
"P2_untracked_intake_review","not_tracked_current_index","docs_or_research","research","research/papers03/TIES-MERGING Resolving Interference When.pdf","1179222","False","bf742e127e05a14ed0a8c7786465cb057f3116b8"
"P2_untracked_intake_review","not_tracked_current_index","docs_or_research","research","research/papers03/Valley3 Scaling Omni Foundation Models for E-commerce.pdf","1614965","False","7219ef0d00f0bd360b2b26f4cabf0fb2989b2311"
"P2_untracked_intake_review","not_tracked_current_index","docs_or_research","research","research/proposals/2026-05-27-guard-plane-ernie-v2-updates.md","2166","False","7fbd284b117f703ae844d353223400090b0eedcf"
"P2_untracked_intake_review","not_tracked_current_index","docs_or_research","retrain_output.txt","retrain_output.txt","0","False","e69de29bb2d1d6434b8b29ae775ad8c2e48c5391"
"P0_sensitive_hold","not_tracked_current_index","sensitive_path","scratch","<redacted-sensitive-path:.zip>","21036","True","92d22004c7bfb663cee24b2d0ed54e9a5a16d7d2"
"P1_diff_code_review","different_index","source_or_script","scripts","scripts/backup-ui-snapshot.sh","13390","False","002675596b612ff10f0e22d498c134d13752504c"
"P1_diff_code_review","different_index","source_or_script","scripts","scripts/build_gmr_part1.py","321","False","f0b759b8fba7065450b699dcf4fa76b1a7ed3878"
"P0_sensitive_hold","same_index","sensitive_path","scripts","<redacted-sensitive-path:.py>","2314","True","a99ccf69965791925d5aa617996c6b34f32d7212"
"P0_sensitive_hold","same_index","sensitive_path","scripts","<redacted-sensitive-path:.py>","5240","True","7ada5b23718d7e62f088ed7ce6317d741a7bef79"
"P0_sensitive_hold","same_index","sensitive_path","scripts","<redacted-sensitive-path:.py>","5539","True","b329ef9db313b827fed092ae8c92cd7d079e79e1"
"P1_diff_code_review","different_index","source_or_script","scripts","scripts/copy-next-standalone.mjs","985","False","c282027ad1fffe00ee8cad8beb09c721eeb0eb2b"
"P1_diff_code_review","different_index","source_or_script","scripts","scripts/diagnostic.py","7194","False","8f5df791352824d136cc27b924d50dbc82d35014"
"P1_diff_code_review","different_index","source_or_script","scripts","scripts/dynamic_merge_optimizer.py","10663","False","8242cd7d74c7262b80d98f7563b4e30a337b58b2"
"P1_diff_code_review","different_index","source_or_script","scripts","scripts/multi_slm_arena.py","17349","False","099d83710595e4ba1cbe01184ebc4d77aff0b74e"
"P1_diff_code_review","different_index","source_or_script","scripts","scripts/patch_governor_p0.py","4641","False","cb006fa1af25737c276c129fb528ee3be0c6de9a"
"P1_diff_code_review","different_index","source_or_script","scripts","scripts/retrain_query_classifier.py","16923","False","087d3a1c6fc9752f901adbfbb71f9d4e76caff25"
"P1_diff_code_review","different_index","source_or_script","scripts","scripts/sandboxed_adversarial_test.py","17852","False","d48caf439ec5206fe04cae196b6f8a690d2b2aae"
"P1_diff_code_review","different_index","source_or_script","scripts","scripts/tap_mutation_engine.py","6777","False","05f05442010f2a21f477acbc4d0694fbd4c6f039"
"P1_diff_code_review","different_index","source_or_script","scripts","scripts/team_status.py","4291","False","619169a9410d00507f15fceda0b95d1d5afb6396"
"P1_diff_code_review","different_index","source_or_script","src","src/app/api/agents/route.ts","338","False","3dc9a4d2a176b157252fc8356f8a19cc010f0d7f"
"P1_diff_code_review","different_index","source_or_script","src","src/app/api/ai-bridge/providers/route.ts","2652","False","39c74b6fb5d3bf715d6a809560ba83c7e96b5690"
"P1_diff_code_review","different_index","source_or_script","src","src/app/api/ai-bridge/route.ts","13619","False","a2d4d2256f35439334ce5973ad2c345410aa3716"
"P1_diff_code_review","different_index","source_or_script","src","src/app/api/ai/chat/route.ts","4454","False","c9c8729c1132cef4af699b8e352f106ebafc2186"
"P1_diff_code_review","different_index","source_or_script","src","src/app/api/ai/providers/route.ts","11911","False","a8faf7cfb884963381ce7a78c0bbaef7dff27f92"
"P1_diff_code_review","different_index","source_or_script","src","src/app/api/ai/research/analyze/route.ts","11412","False","a447d629f5cd1f67167f8dbdaa26313d0798d9f5"
"P1_diff_code_review","different_index","source_or_script","src","src/app/api/ai/research/search/route.ts","15317","False","eebdd85471afec1e5d2d74eae3a43c1fd599f261"
"P1_diff_code_review","different_index","source_or_script","src","src/app/api/ai/stresslab/run/route.ts","11940","False","3a1bc0a2382323c891d7c2a3089690251e8dfad1"
"P0_sensitive_hold","different_index","sensitive_path","src","<redacted-sensitive-path:.ts>","10725","True","6686f30e9d3f00c33a8c28102a987fbb03d3e9cf"
"P1_diff_code_review","different_index","source_or_script","src","src/app/api/alphaxiv/route.ts","14428","False","b870bc6069068ec15cc870b1d2a5a56e7f745836"
"P1_diff_code_review","different_index","source_or_script","src","src/app/api/archivist/route.ts","2272","False","aa7a4aaf68200d5efe3a52f234bf81fdfde12b0a"
"P1_diff_code_review","different_index","source_or_script","src","src/app/api/arxiv/route.ts","20412","False","95265dc6285040b8c4128c2655035ebc628a2bfd"
"P1_diff_code_review","different_index","source_or_script","src","src/app/api/audit/route.ts","1078","False","6b9501b5fd70a0f7ef7df1f9d0c28a5e5339a7a1"
"P1_diff_code_review","different_index","source_or_script","src","src/app/api/chat/route.ts","6180","False","54bef58347f0756554568ec7a330ab78dc28b176"
"P1_diff_code_review","different_index","source_or_script","src","src/app/api/claude/route.ts","3248","False","4ff46f6f70256f4fb088473a525bf88e005dd3cd"
"P1_diff_code_review","different_index","source_or_script","src","src/app/api/config/route.ts","9231","False","af174652a12ae1f5a968b3ac7e2b58150317e566"
"P1_diff_code_review","different_index","source_or_script","src","src/app/api/dashboards/[id]/route.ts","3233","False","32c84cdef4007f60767c4fa25ce9129c5e48c254"
"P1_diff_code_review","different_index","source_or_script","src","src/app/api/dashboards/[id]/share/route.ts","2924","False","2009845911ef2d587b6046d86b724e5759f555b6"
"P1_diff_code_review","different_index","source_or_script","src","src/app/api/dashboards/[id]/widgets/[widgetId]/route.ts","2984","False","da4094600af7cf8b0435c9582aab88ca2e4d1c45"
"P1_diff_code_review","different_index","source_or_script","src","src/app/api/dashboards/[id]/widgets/route.ts","4687","False","a49b03aaedab5cf412d8568c88224d98f3541492"
"P1_diff_code_review","different_index","source_or_script","src","src/app/api/dashboards/ai-build/route.ts","5996","False","b11ca80827d864c6abc5777ae2dc7cee322c54aa"
"P1_diff_code_review","different_index","source_or_script","src","src/app/api/dashboards/ai_builder/route.ts","5632","False","139f28655fea1bff6de09fc6f12f5473a27a32b2"
"P1_diff_code_review","different_index","source_or_script","src","src/app/api/dashboards/metrics/route.ts","9719","False","732558347d14d256469869672212f6d330b395f7"
"P1_diff_code_review","different_index","source_or_script","src","src/app/api/dashboards/route.ts","2045","False","cd8af02db4dec0b81680f0e8bf5863b01c9d3f26"
"P1_diff_code_review","different_index","source_or_script","src","src/app/api/feedback/route.ts","7880","False","5698676bda09faafde862ee3dc2601bdbc6ce6d9"
"P1_diff_code_review","different_index","source_or_script","src","src/app/api/foundry/route.ts","5354","False","9bceb30f82bd98a119f4c6f1d462c7a00a3ed222"
"P1_diff_code_review","different_index","source_or_script","src","src/app/api/github/branches/route.ts","1826","False","e8c63909fd483a3f599c9e99eb9ec9c5dc51606d"
"P1_diff_code_review","different_index","source_or_script","src","src/app/api/github/commits/route.ts","2846","False","be71d7845b1f35ed400c28b432b73d671c71b8af"
"P1_diff_code_review","different_index","source_or_script","src","src/app/api/github/issues/route.ts","2596","False","cc89bd606dad695c96e8c19afd617efe5d3c33ef"
"P1_diff_code_review","different_index","source_or_script","src","src/app/api/github/pulls/route.ts","3058","False","ad1d794d5063a04c67cb3fba1e58d2b35e04af2a"
"P1_diff_code_review","different_index","source_or_script","src","src/app/api/github/repos/route.ts","2039","False","948f2392f8a14436e373f9ce36b05c6b173b7998"
"P1_diff_code_review","different_index","source_or_script","src","src/app/api/governance-audit/route.ts","8251","False","9b33afd1fc564d6d53d39d44593598bca606d6f0"
"P1_diff_code_review","different_index","source_or_script","src","src/app/api/governance/route.ts","10317","False","de10340c756cdbf46da08bfd9ad63f880b4b82c2"
"P1_diff_code_review","different_index","source_or_script","src","src/app/api/governor/route.ts","5412","False","2f9fd3178f27b7fc711409530ce4db1c8071af8f"
"P1_diff_code_review","different_index","source_or_script","src","src/app/api/health/bridge/route.ts","4898","False","c90815ced315ee0e9a85a243bf4897e1b08fbf7c"
"P1_diff_code_review","different_index","source_or_script","src","src/app/api/health/orchestrator/route.ts","4043","False","42554f411e45eec1b7a29fd0eec41f319878b71c"
"P1_diff_code_review","different_index","source_or_script","src","src/app/api/health/route.ts","599","False","54a4de7787c94ee5baae0ada7bafaa9415f64443"
"P0_sensitive_hold","different_index","sensitive_path","src","<redacted-sensitive-path:.ts>","4941","True","7c863eb0eff47f9a28a72a6118b47f6c6373ec85"
"P1_diff_code_review","different_index","source_or_script","src","src/app/api/logs/route.ts","5210","False","592491da8a6f48bc2044a3e08e30504d3fd1cb1c"
"P1_diff_code_review","different_index","source_or_script","src","src/app/api/mcp/analytics/route.ts","3296","False","5e95f22cbef5fb43328d2362f20eb3dc132d173d"
"P1_diff_code_review","different_index","source_or_script","src","src/app/api/mcp/connections/[id]/connect/route.ts","3498","False","81f5e7cf1e90de18336711bd027ebd4038239503"
"P1_diff_code_review","different_index","source_or_script","src","src/app/api/mcp/connections/[id]/disconnect/route.ts","995","False","e6aee6337f1ab3d40192fb78fd848b9527c6dbc7"
"P1_diff_code_review","different_index","source_or_script","src","src/app/api/mcp/connections/[id]/route.ts","2641","False","092061c8830641083127ad5178836cb566f55cd6"
"P1_diff_code_review","different_index","source_or_script","src","src/app/api/mcp/connections/route.ts","4348","False","d2ac60cdcd34cf8f8e478418e00c7e1b78fea157"
"P1_diff_code_review","different_index","source_or_script","src","src/app/api/mcp/events/route.ts","3004","False","79b68d764eb88364b49744c76e6e62be7766fbc7"
"P1_diff_code_review","different_index","source_or_script","src","src/app/api/mcp/stream/route.ts","2617","False","70453dcd33b261ffdbd16d1638bc11e73e717081"
"P1_diff_code_review","different_index","source_or_script","src","src/app/api/metrics/route.ts","14771","False","967b2505771263a2e196b2e1bc6f3c3104eadcbd"
"P1_diff_code_review","different_index","source_or_script","src","src/app/api/modelrelay/chat/route.ts","1949","False","24b239a74ddbb0d3bdba626ad99ac3ed478e1efd"
"P1_diff_code_review","different_index","source_or_script","src","src/app/api/modelrelay/health/route.ts","2664","False","4aa08d634f99a7348aae0ead155d0c25aae302fc"
"P1_diff_code_review","different_index","source_or_script","src","src/app/api/modelrelay/models/route.ts","4098","False","4e7349a69ba1ea85afe28b1a606291ba130f7585"
"P1_diff_code_review","different_index","source_or_script","src","src/app/api/modelrelay/providers/route.ts","2930","False","ce932392613b206c1c61fa3f7617276517e26aac"
"P1_diff_code_review","different_index","source_or_script","src","src/app/api/modelrelay/route/route.ts","2970","False","d41d3ddc68964ad216fee2d18681d74bec8bf338"
"P1_diff_code_review","different_index","source_or_script","src","src/app/api/modelrelay/status/route.ts","461","False","5986b795c6ff26957b8584ef268a57c2aec41a8c"
"P1_diff_code_review","different_index","source_or_script","src","src/app/api/models/route.ts","5861","False","0251c79f501a91e0876bbbd433345441b7745035"
"P1_diff_code_review","different_index","source_or_script","src","src/app/api/notifications/route.ts","5854","False","671203a4e632b22643e5124d0c8c1fcd2ad17a23"
"P0_sensitive_hold","different_index","sensitive_path","src","<redacted-sensitive-path:.ts>","5042","True","44cd4e554b8f1310d86713a7b285dad307c7546e"
"P1_diff_code_review","different_index","source_or_script","src","src/app/api/providers/quotas/route.ts","7408","False","960fcd11991572d3dd2dbb2ca0057923b03be04c"
"P1_diff_code_review","different_index","source_or_script","src","src/app/api/providers/route.ts","6662","False","1c6b84788110a8461098713b6e6dae0178b123bc"
"P1_diff_code_review","different_index","source_or_script","src","src/app/api/proxy/route.ts","14275","False","3b74c41887e96811baf051d220885cc811274771"
"P1_diff_code_review","different_index","source_or_script","src","src/app/api/rate-limit/logs/route.ts","4778","False","2627993ba7d52002f524f5ec7f61c03a754812d8"
"P1_diff_code_review","different_index","source_or_script","src","src/app/api/rate-limit/route.ts","2735","False","6c7a9ba7e1622add351d34de4b2b27f3f9b10ded"
"P1_diff_code_review","different_index","source_or_script","src","src/app/api/rate-limit/status/route.ts","4830","False","2e16aa1a1684902dcda92b05c6363b8ea1f79e0e"
"P1_diff_code_review","different_index","source_or_script","src","src/app/api/research/[id]/route.ts","692","False","616475098b4f56b4444351b0ecdeb159ea1912ba"
"P1_diff_code_review","different_index","source_or_script","src","src/app/api/research/analyze/route.ts","40226","False","e918ea5c0776703273e260fc6b69dea30f092b7c"
"P1_diff_code_review","different_index","source_or_script","src","src/app/api/research/auto-vet/route.ts","6242","False","ece490ec904812c221687b79bfa8a5f73f248a40"
"P1_diff_code_review","different_index","source_or_script","src","src/app/api/research/pipeline/route.ts","9012","False","c5bf02f6b766517d5dff9f004a726615bc460d14"
"P1_diff_code_review","different_index","source_or_script","src","src/app/api/research/route.ts","3724","False","015f0ae6bf8f51f332d6e75b2ccc99bae87eb4fd"
"P1_diff_code_review","different_index","source_or_script","src","src/app/api/route.ts","138","False","a96045cdbf13765eccf1613fd1946a90abf246a3"
"P1_diff_code_review","different_index","source_or_script","src","src/app/api/search/route.ts","1354","False","746b5f8ae1d9db0356e2f71c0ac9d69a918ee1e5"
"P1_diff_code_review","different_index","source_or_script","src","src/app/api/seed/route.ts","15907","False","9c0b59b8d595a8fa6933184389926fac9d773338"
"P1_diff_code_review","different_index","source_or_script","src","src/app/api/settings/route.ts","2111","False","759dc13a7fd60f80fd70ac023d8dc9f2288f118e"
"P1_diff_code_review","different_index","source_or_script","src","src/app/api/snapshots/route.ts","4761","False","62c0a09aba3b9f5f18b9461fb92a835b12ddeb71"
"P1_diff_code_review","different_index","source_or_script","src","src/app/api/stresslab/route.ts","28689","False","a8b0fc975982b8c2b4ddf7b72d1516dfc10f4d1c"
"P1_diff_code_review","different_index","source_or_script","src","src/app/api/stresslab/seed-templates/route.ts","11471","False","ef805a0796edb83e80a60f8ec9a461ebca584e8e"
"P1_diff_code_review","different_index","source_or_script","src","src/app/api/swarm/route.ts","8628","False","e1b401487f72e765dffdea554c716a73c3400455"
"P1_diff_code_review","different_index","source_or_script","src","src/app/api/system/route.ts","18127","False","15ae2853e72dd227cc1bfa224573cb41423db46a"
"P1_diff_code_review","different_index","source_or_script","src","src/app/api/system/uptime/route.ts","3145","False","dcc0e1168b4aa9957fa3fa70e83bb89f9292f058"
"P1_diff_code_review","different_index","source_or_script","src","src/app/api/tasks/[id]/route.ts","4981","False","e87162cb4b8126f1ec31aee1aadb0830bf0b605d"
"P1_diff_code_review","different_index","source_or_script","src","src/app/api/tasks/auto-generate/route.ts","8323","False","dfaeb2803d9fde91a89ab879bcff96b163d8e50a"
"P1_diff_code_review","different_index","source_or_script","src","src/app/api/tasks/route.ts","6806","False","c858cc4929f5cefe8712486751688bea3da92984"
"P0_sensitive_hold","different_index","sensitive_path","src","<redacted-sensitive-path:.ts>","11859","True","24de831702be57acb45761ab300ca6dc135f80fa"
"P0_sensitive_hold","different_index","sensitive_path","src","<redacted-sensitive-path:.ts>","2732","True","b13b229113da3263ff9674bf861616eeb94aac5d"
"P1_diff_code_review","different_index","source_or_script","src","src/app/api/trust-engine/route.ts","8425","False","b47a36a010a1c6f9dfec7fd28a2146abd96d231e"
"P1_diff_code_review","different_index","source_or_script","src","src/app/api/vap-chain/route.ts","21231","False","18da60089c25016a0dfba98817b615b449bc74df"
"P0_sensitive_hold","different_index","sensitive_path","src","<redacted-sensitive-path:.ts>","2862","True","11f15beb1f224b8bcd1400dc25c5cfa6d9b16b7d"
"P1_diff_code_review","different_index","source_or_script","src","src/app/api/widgets/[id]/route.ts","1382","False","e69a9abe12b4ce26229f5c8f52f8987f8694a5a1"
"P0_sensitive_hold","different_index","sensitive_path","src","<redacted-sensitive-path:.tsx>","312","True","8235d2b4bfcdd22fead4de9958f65ca8e7c8b9ac"
"P0_sensitive_hold","different_index","sensitive_path","src","<redacted-sensitive-path:.tsx>","284","True","ed387defee98ce4727649f1e500998c81f44d9b9"
"P0_sensitive_hold","different_index","sensitive_path","src","<redacted-sensitive-path:.tsx>","912","True","09042d30945c3dfa79972bd54a2148a939526809"
"P0_sensitive_hold","different_index","sensitive_path","src","<redacted-sensitive-path:.tsx>","288","True","23fe419186acadde6a2442e8ca577501a8e2d41e"
"P0_sensitive_hold","different_index","sensitive_path","src","<redacted-sensitive-path:.tsx>","312","True","8195c045531e04aeb632912b459ca27971fe087e"
"P1_diff_code_review","different_index","source_or_script","src","src/app/error.tsx","2932","False","86d121b95dd26bfb90bd7a0da9edb1da490edb6f"
"P1_diff_code_review","different_index","source_or_script","src","src/app/globals.css","31178","False","0c639ff29179cfb778e79624b8dcd560fe087bd9"
"P1_diff_code_review","different_index","source_or_script","src","src/app/layout.tsx","1494","False","6cd4389cd244619dae9ee64230d82c27fc69df10"
"P1_diff_code_review","different_index","source_or_script","src","src/app/page.tsx","2256","False","49a9e3dd0714553c54442885c8364e80dfbc9f35"
"P1_diff_code_review","different_index","source_or_script","src","src/app/page.tsx.bak","2119","False","c05e76e0c0475db2e2d4a77924c140ff2befd54e"
"P1_diff_code_review","different_index","source_or_script","src","src/app/protected/page.tsx","675","False","b5d35ca2d24cc38368a53c08c7dbd982744b92fe"
"P1_diff_code_review","different_index","source_or_script","src","src/components/forgot-password-form.tsx","3560","False","0c66149fda4c805a1f5243750cce6324f466acd2"
"P1_diff_code_review","different_index","source_or_script","src","src/components/login-form.tsx","3520","False","98bd504867ec5586398730ce2cd4dafce7207d06"
"P1_diff_code_review","different_index","source_or_script","src","src/components/logout-button.tsx","422","False","bd850eec579c6d116d161cf7e2f27ad363c08c67"
"P1_diff_code_review","different_index","source_or_script","src","src/components/nexus/agent-feedback-panel.tsx","27984","False","8e0c2cf0fd41dabf93cf0007a296fc171bbcc442"
"P1_diff_code_review","different_index","source_or_script","src","src/components/nexus/agent-health-monitor.tsx","20705","False","dabe24f7865a3d3630e23f0efa33d210528a9572"
"P1_diff_code_review","different_index","source_or_script","src","src/components/nexus/ai-assistant.tsx","36440","False","e4135715a8c6a7f49f151318dd291b953c6d39b7"
"P0_sensitive_hold","different_index","sensitive_path","src","<redacted-sensitive-path:.tsx>","18444","True","3b698a54e63d409cb703852a1c11490bc41649e8"
"P0_sensitive_hold","different_index","sensitive_path","src","<redacted-sensitive-path:.tsx>","15365","True","d295a2fecd8895b035653c18042a9750ca274349"
"P1_diff_code_review","different_index","source_or_script","src","src/components/nexus/charts.tsx","6783","False","7b5b3c60ca3eb3f599da99c5fdca2ed972878608"
"P1_diff_code_review","different_index","source_or_script","src","src/components/nexus/command-palette.tsx","8223","False","5051d76b6abb1bcb1489bafc7bab331e95f1aedb"
"P1_diff_code_review","different_index","source_or_script","src","src/components/nexus/dashboard-content.tsx","106818","False","a0035c70a79ef634ad286ed04e004c24f5c6ed63"
"P1_diff_code_review","different_index","source_or_script","src","src/components/nexus/dashboard-shell.tsx","1866","False","c48a470efe939c2514d7e15cc13bc6f4f7ffcd1b"
"P1_diff_code_review","different_index","source_or_script","src","src/components/nexus/dashboards/ai-builder.tsx","5783","False","bce6ece72e2df41a97cd0cfcb6270d5aab802ea0"
"P1_diff_code_review","different_index","source_or_script","src","src/components/nexus/dashboards/dashboard-editor.tsx","16527","False","a6164eec792fb642c483f693f1427bbc236d302f"
"P1_diff_code_review","different_index","source_or_script","src","src/components/nexus/dashboards/dashboard-list.tsx","18384","False","3a8783d2e18d4da61a646ed6593ccfdcb073ef00"
"P1_diff_code_review","different_index","source_or_script","src","src/components/nexus/dashboards/presence-indicator.tsx","2957","False","5bd228a999e7f94d28099556f342030df20509ce"
"P1_diff_code_review","different_index","source_or_script","src","src/components/nexus/dashboards/share-dialog.tsx","9481","False","505b54ef1f1bd289a9135c55316fc5c0b96579be"
"P1_diff_code_review","different_index","source_or_script","src","src/components/nexus/dashboards/types.ts","1572","False","cd56bbc8d40028cf14db1cfe2be3654fdc2b28f6"
"P1_diff_code_review","different_index","source_or_script","src","src/components/nexus/dashboards/widget-catalog.ts","7160","False","0ba2a6ba55355bda13db0bc98681fab16b09837b"
"P1_diff_code_review","different_index","source_or_script","src","src/components/nexus/dashboards/widget-config-modal.tsx","6086","False","ee7a56e035bc3335b15be6f01d1645690f0e09ee"
"P1_diff_code_review","different_index","source_or_script","src","src/components/nexus/dashboards/widget-library.tsx","5413","False","d8ad6d0f6157be63204ea0d5e691542aa7174a71"
"P1_diff_code_review","different_index","source_or_script","src","src/components/nexus/dashboards/widget-renderer.tsx","28371","False","5c5f85ab4150fa0f4a13d5d300f8ec38924dcb0c"
"P1_diff_code_review","different_index","source_or_script","src","src/components/nexus/dashboards/widget.tsx","10907","False","7a5d6eb6e3c550ac3f36f08010eb9be730316b83"
"P1_diff_code_review","different_index","source_or_script","src","src/components/nexus/data-source-badge.tsx","3269","False","c6e5dd9c596f5180bd3c53ed0817cffb5d87e306"
"P1_diff_code_review","different_index","source_or_script","src","src/components/nexus/diagnostics-panel.tsx","17070","False","17aa83d81166a2d7203a5542fc1c7b07d2b2ae3b"
"P1_diff_code_review","different_index","source_or_script","src","src/components/nexus/export-button.tsx","5395","False","a20414844abf91d7a1ca71e8190cf8a2f245b248"
"P1_diff_code_review","different_index","source_or_script","src","src/components/nexus/footer.tsx","7078","False","eb905e27189d532640e272046550cc8038bcecf6"
"P1_diff_code_review","different_index","source_or_script","src","src/components/nexus/global-export-dialog.tsx","21900","False","34147feeeb1b57b516c0758420b8ef759cd5d1d3"
"P1_diff_code_review","different_index","source_or_script","src","src/components/nexus/header.tsx","14211","False","dae2b89cb8ea6910719ae45e80f1e16ca3f3c475"
"P1_diff_code_review","different_index","source_or_script","src","src/components/nexus/keyboard-shortcuts.tsx","5645","False","0f7f0cd9b5c14886e7953b4b6282c79d3b5cea30"
"P1_diff_code_review","different_index","source_or_script","src","src/components/nexus/live-ticker.tsx","6924","False","4ac78892668bcd3fe271864987e3fb6e4ff27b61"
"P1_diff_code_review","different_index","source_or_script","src","src/components/nexus/mcp/analytics-panel.tsx","10407","False","2047c7bc4182b769915388920cd466a76cb535bb"
"P1_diff_code_review","different_index","source_or_script","src","src/components/nexus/mcp/connections-panel.tsx","18235","False","e719deeb0f8491b65ad371f35e3b8bec72707736"
"P1_diff_code_review","different_index","source_or_script","src","src/components/nexus/mcp/event-stream-panel.tsx","10482","False","f83438e96d0f781a50b8636e087713d4ac4a5472"
"P1_diff_code_review","different_index","source_or_script","src","src/components/nexus/mcp/settings-panel.tsx","9704","False","c6a5d004c0434894e473e9a885a6f094faad621c"
"P1_diff_code_review","different_index","source_or_script","src","src/components/nexus/notification-center.tsx","12704","False","b8a9e7683da00a3ebeaa1fa79e1e023335eb9aa9"
"P1_diff_code_review","different_index","source_or_script","src","src/components/nexus/posthog-provider.tsx","1684","False","687d9c0d4ff1584d95b045362c9a8bb66c3eb87a"
"P1_diff_code_review","different_index","source_or_script","src","src/components/nexus/quick-stats-widget.tsx","5013","False","616d5b51d8ee5e883184e9d8890ae631b10c457f"
"P1_diff_code_review","different_index","source_or_script","src","src/components/nexus/security-posture.tsx","20563","False","2f6074aba2e08b31db067651e782b1198b0e8c38"
"P0_sensitive_hold","different_index","sensitive_path","src","<redacted-sensitive-path:.tsx>","5983","True","cea63baf1b4886d3a6f719c42adaa170e2e15f68"
"P1_diff_code_review","different_index","source_or_script","src","src/components/nexus/settings-panel.tsx","12412","False","e03461d1877f28558b1510024402fbc430188361"
"P1_diff_code_review","different_index","source_or_script","src","src/components/nexus/sidebar.tsx","9218","False","92b294e1b9cff8ed71a19e42bf7645a0cbb46a73"
"P1_diff_code_review","different_index","source_or_script","src","src/components/nexus/system-architecture.tsx","15583","False","244cdee052b20bb0986d0b405341ae052e8ddfb0"
"P1_diff_code_review","different_index","source_or_script","src","src/components/nexus/system-logs.tsx","16396","False","60c278a2947f21744cef715a4e0e0ae1c38eebb9"
"P1_diff_code_review","different_index","source_or_script","src","src/components/nexus/system-terminal.tsx","28573","False","4eae0987670ea3f192ffe96c6f6f66530cb83f83"
"P1_diff_code_review","different_index","source_or_script","src","src/components/nexus/tab-content.tsx","2424","False","1b157ad565dc880d4e18466f2ca23c4224aec611"
"P1_diff_code_review","different_index","source_or_script","src","src/components/nexus/tab-error-boundary.tsx","3735","False","1cd42391005c5a3d9896d2c062ffe51d930024ec"
"P1_diff_code_review","different_index","source_or_script","src","src/components/nexus/tabs/ai-chat-tab.tsx","34292","False","689b19c53fd0d778d7c49c2a3ef88cdb53fcc813"
"P1_diff_code_review","different_index","source_or_script","src","src/components/nexus/tabs/architecture-tab.tsx","36396","False","15cae8d57a610ec20028369259bb057f0c57dd56"
"P1_diff_code_review","different_index","source_or_script","src","src/components/nexus/tabs/archivist-tab.tsx","42514","False","826bba93dd4ee33a8271633e6340407026cf6169"
"P1_diff_code_review","different_index","source_or_script","src","src/components/nexus/tabs/config-tab.tsx","17843","False","9af36aebc9bb38e3be5f6831e306228c31b0705c"
"P1_diff_code_review","different_index","source_or_script","src","src/components/nexus/tabs/dashboards-tab.tsx","1313","False","2c6943cda03b368b08882d9624239850e894223d"
"P1_diff_code_review","different_index","source_or_script","src","src/components/nexus/tabs/github-tab.tsx","40927","False","a3203ee668bc4905609c5f0a24ce6ba596ddb828"
"P1_diff_code_review","different_index","source_or_script","src","src/components/nexus/tabs/gmr-tab.tsx","112654","False","2d20020b908aa5b037db3e89076cd0b2dde6a67e"
"P1_diff_code_review","different_index","source_or_script","src","src/components/nexus/tabs/governance-audit-panel.tsx","24327","False","84a2eda20ca38b40917cee706402a5c752d7fe63"
"P1_diff_code_review","different_index","source_or_script","src","src/components/nexus/tabs/governor-tab.tsx","100104","False","ab6689670ca494ea7121f76f07b87de46f13702d"
"P1_diff_code_review","different_index","source_or_script","src","src/components/nexus/tabs/kpi-tab.tsx","47117","False","03491a146b36b1f81b616ddee465376393d500ed"
"P1_diff_code_review","different_index","source_or_script","src","src/components/nexus/tabs/mcp-hub-tab.tsx","3891","False","23a905e694a6ba5cb0fd6ca0b14fe8e8125760e5"
"P1_diff_code_review","different_index","source_or_script","src","src/components/nexus/tabs/modelrelay-tab.tsx","42816","False","cd237e9f6cbc83eb1b93ee03366d4e8646c03f4e"
"P1_diff_code_review","different_index","source_or_script","src","src/components/nexus/tabs/openshell-tab.tsx","43033","False","3305251fbd6905ecb60b9fb318d8c466dedc459e"
"P1_diff_code_review","different_index","source_or_script","src","src/components/nexus/tabs/overview-tab.tsx","29553","False","a5081eb780744ff5531e9d761ff91e9b20fcbf84"
"P1_diff_code_review","different_index","source_or_script","src","src/components/nexus/tabs/provider-tab.tsx","92461","False","be9ffbd4646ade3868484fd42b0af95ba74b2f83"
"P1_diff_code_review","different_index","source_or_script","src","src/components/nexus/tabs/rate-limit-tab.tsx","33034","False","77a54f984a29448561ef31a4378918f9f67ad816"
"P1_diff_code_review","different_index","source_or_script","src","src/components/nexus/tabs/research-tab.tsx","91304","False","a209a8f379fc975e5023fa8d661a97d194549e06"
"P1_diff_code_review","different_index","source_or_script","src","src/components/nexus/tabs/settings-tab.tsx","45345","False","5461268f5908b3b33c852f526bb5958f3125703f"
"P1_diff_code_review","different_index","source_or_script","src","src/components/nexus/tabs/stresslab-tab.tsx","112002","False","0e7a6193cb90b22c4ba48ac8a4b8961abe66a96d"
"P1_diff_code_review","different_index","source_or_script","src","src/components/nexus/tabs/swarm-tab.tsx","104983","False","b8f06930b561bb6e57259a875288a441209b79d2"
"P1_diff_code_review","different_index","source_or_script","src","src/components/nexus/tabs/tasks-tab.tsx","41530","False","4951f4fdf6feec1c97bcd0206dcb0b1bd2e7aba1"
"P0_sensitive_hold","different_index","sensitive_path","src","<redacted-sensitive-path:.tsx>","22984","True","ee3a815c77bad7ad89b715497131a2089fcae041"
"P0_sensitive_hold","different_index","sensitive_path","src","<redacted-sensitive-path:.tsx>","64694","True","c1e5d264d5649152fd80392e4e32c5f0f63758dc"
"P1_diff_code_review","different_index","source_or_script","src","src/components/nexus/tabs/vap-chain-tab.tsx","43096","False","ba8df9987acb37c7b93b463e06f7919de6e08516"
"P1_diff_code_review","different_index","source_or_script","src","src/components/nexus/tabs/vap-tab.tsx","53183","False","1297514e621a3c7797c2a3d5cc98bf8dccfa501e"
"P0_sensitive_hold","different_index","sensitive_path","src","<redacted-sensitive-path:.tsx>","56460","True","3fc7f1cac1a2528295ae3ff78c2d37760ffce892"
"P1_diff_code_review","different_index","source_or_script","src","src/components/nexus/toast-provider.tsx","1792","False","115dbfba2bf5549fc6be112b58520f1a830f3dae"
"P1_diff_code_review","different_index","source_or_script","src","src/components/sign-up-form.tsx","3901","False","e14a52fdc01194f6aea447a004243bbe8a70f524"
"P1_diff_code_review","different_index","source_or_script","src","src/components/ui/accordion.tsx","2119","False","dedfccaa0bb5fe7b2181a4bef41c784445b18df7"
"P1_diff_code_review","different_index","source_or_script","src","src/components/ui/alert-dialog.tsx","4021","False","b9ff2a1640b7a393d7254eb74c78ad3515d481f1"
"P1_diff_code_review","different_index","source_or_script","src","src/components/ui/alert.tsx","1680","False","0bb2b31dfc2c0d353e3d2f887262cb02636354c5"
"P1_diff_code_review","different_index","source_or_script","src","src/components/ui/aspect-ratio.tsx","291","False","d3d04e01c734cd837eaf26b132ae70f5f7942e7c"
"P1_diff_code_review","different_index","source_or_script","src","src/components/ui/avatar.tsx","1150","False","b5f5f6b3eb3521e9b9cfc0200e4674a7437a0abb"
"P1_diff_code_review","different_index","source_or_script","src","src/components/ui/badge.tsx","1677","False","9fc5a17d6f30fdb83ccddb130c699a589d5bf261"
"P1_diff_code_review","different_index","source_or_script","src","src/components/ui/breadcrumb.tsx","2466","False","531fbc439b02277826f3bb7e5bbe1e13b68c3b45"
"P1_diff_code_review","different_index","source_or_script","src","src/components/ui/button.tsx","2182","False","5744d137ea0417295b729779d976c32bf9d62fef"
"P1_diff_code_review","different_index","source_or_script","src","src/components/ui/calendar.tsx","7873","False","c9c4763558aa7b308ddc6d9529d18d942970b61c"
"P1_diff_code_review","different_index","source_or_script","src","src/components/ui/card.tsx","2081","False","3bf0d86f14cf106faae26f25f551908c00076df4"
"P1_diff_code_review","different_index","source_or_script","src","src/components/ui/carousel.tsx","5797","False","06d94e6739bd538c5b98ee04e34c79e5352a1eda"
"P1_diff_code_review","different_index","source_or_script","src","src/components/ui/chart.tsx","10134","False","35bf61afd426f799795c70ee7333a95efe87b77a"
"P1_diff_code_review","different_index","source_or_script","src","src/components/ui/checkbox.tsx","1258","False","388170c769172d50a1942b2cb86aee7a8431ca4d"
"P1_diff_code_review","different_index","source_or_script","src","src/components/ui/collapsible.tsx","833","False","f0cd254f09736f70202c636d729e2a6b82552e48"
"P1_diff_code_review","different_index","source_or_script","src","src/components/ui/command.tsx","5002","False","b8ddd7f6e4a9e3b61dbbf971a230ca711f06d8bf"
"P1_diff_code_review","different_index","source_or_script","src","src/components/ui/context-menu.tsx","8474","False","e211ebde4cc05c2ebbb3ec28a46cb4349993d681"
"P1_diff_code_review","different_index","source_or_script","src","src/components/ui/dialog.tsx","4125","False","e0bdeda337884e7e77c624334bf4037ad0738391"
"P1_diff_code_review","different_index","source_or_script","src","src/components/ui/drawer.tsx","4390","False","4f26c222e6aebf242957b83c7a736980eaa26c3f"
"P1_diff_code_review","different_index","source_or_script","src","src/components/ui/dropdown-menu.tsx","8541","False","ee6692323939c665ea2d5329a20a7f6a4f0edd4d"
"P1_diff_code_review","different_index","source_or_script","src","src/components/ui/form.tsx","3926","False","0bc690f80aad4372d7acc000b75bc9938dc3e240"
"P1_diff_code_review","different_index","source_or_script","src","src/components/ui/hover-card.tsx","1576","False","342c4a06ae4b86a825db74f93c376d0b2f0c2caa"
"P1_diff_code_review","different_index","source_or_script","src","src/components/ui/input-otp.tsx","2331","False","17d4160159533afd9826b9a36057c0fde56c7e08"
"P1_diff_code_review","different_index","source_or_script","src","src/components/ui/input.tsx","988","False","008e66c99deb1f5887aad503e6b3d4cc051ef487"
"P1_diff_code_review","different_index","source_or_script","src","src/components/ui/label.tsx","635","False","725f32d69c7aa7f7871c97d115ec96964adcd959"
"P1_diff_code_review","different_index","source_or_script","src","src/components/ui/menubar.tsx","8670","False","cf5ff095a88544745e3d4984c219b3e88100f989"
"P1_diff_code_review","different_index","source_or_script","src","src/components/ui/navigation-menu.tsx","6832","False","7df97e6ed1e8fc4850cec6161220b9d98c9b86f6"
"P1_diff_code_review","different_index","source_or_script","src","src/components/ui/pagination.tsx","2839","False","fe2a1c5cb27eb65610fd70a68a574e53c12f420d"
"P1_diff_code_review","different_index","source_or_script","src","src/components/ui/popover.tsx","1683","False","310fcbf900f2d44013730c5050181227f425ca88"
"P1_diff_code_review","different_index","source_or_script","src","src/components/ui/progress.tsx","771","False","c5863afc99f665c328351f013ff52b5c87d600ce"
"P1_diff_code_review","different_index","source_or_script","src","src/components/ui/radio-group.tsx","1511","False","7737ce609b7df8985c2b35407ed14f0da0e77f71"
"P1_diff_code_review","different_index","source_or_script","src","src/components/ui/resizable.tsx","2084","False","2df413d91098345b705cdb56d5c4c8dea9be4df8"
"P1_diff_code_review","different_index","source_or_script","src","src/components/ui/scroll-area.tsx","1703","False","748b0fa15f4656a688b9860ede1ffd2eab538ee8"
"P1_diff_code_review","different_index","source_or_script","src","src/components/ui/select.tsx","6438","False","f87ed260d30d2838368a959f519b8ca40e027bec"
"P1_diff_code_review","different_index","source_or_script","src","src/components/ui/separator.tsx","727","False","54738c038372007800dcf5ec0ea39bf2c04b1720"
"P1_diff_code_review","different_index","source_or_script","src","src/components/ui/sheet.tsx","4229","False","8238b75bb9e0cc7ebed4a3e00d9e47e51fc23c03"
"P1_diff_code_review","different_index","source_or_script","src","src/components/ui/sidebar.tsx","22359","False","38ba4cea20932188168abbc2d18da62c59e758ec"
"P1_diff_code_review","different_index","source_or_script","src","src/components/ui/skeleton.tsx","289","False","c2fb8d1bb002715831bd446c262208f91aa932f4"
"P1_diff_code_review","different_index","source_or_script","src","src/components/ui/slider.tsx","2064","False","d772d00293f7d4b60d5ca48f804c6d37dc6f31e5"
"P1_diff_code_review","different_index","source_or_script","src","src/components/ui/sonner.tsx","616","False","f9aaef6d8bfce06b3fb8150ddf8b2df565b8ab78"
"P1_diff_code_review","different_index","source_or_script","src","src/components/ui/switch.tsx","1208","False","37e4d6c7368692355f1ca26779c57a472f783ade"
"P1_diff_code_review","different_index","source_or_script","src","src/components/ui/table.tsx","2564","False","c796d1b5b48374cf28caa1b378467f93f6528c8a"
"P1_diff_code_review","different_index","source_or_script","src","src/components/ui/tabs.tsx","2035","False","10d9c789ef478d52b70bc01b490345bcdf93a77c"
"P1_diff_code_review","different_index","source_or_script","src","src/components/ui/textarea.tsx","777","False","6d460e722fcc644b804c6f1585fca28d80d43a0b"
"P1_diff_code_review","different_index","source_or_script","src","src/components/ui/toast.tsx","4957","False","0d361ab4358321d6f3981d24392e105d208f7a08"
"P1_diff_code_review","different_index","source_or_script","src","src/components/ui/toaster.tsx","819","False","efbc9cf7e368615c336bbb0566847c19297d86bb"
"P1_diff_code_review","different_index","source_or_script","src","src/components/ui/toggle-group.tsx","1998","False","265f0ac2eb68478edff4c5814e00ed1cb3f45634"
"P1_diff_code_review","different_index","source_or_script","src","src/components/ui/toggle.tsx","1617","False","3c49ae31d08cc152c731b545158439b4293ec952"
"P1_diff_code_review","different_index","source_or_script","src","src/components/ui/tooltip.tsx","1952","False","5c25dda20ef0c43b1ae5ef3cf37a746a3c2cdba3"
"P1_diff_code_review","different_index","source_or_script","src","src/components/update-password-form.tsx","2502","False","02106cec46644d6124ac42392d671907342443ab"
"P1_diff_code_review","different_index","source_or_script","src","src/hooks/use-api-data.ts","2464","False","1b9f2530640e32cb80a428bde89ee21f853b736b"
"P1_diff_code_review","different_index","source_or_script","src","src/hooks/use-media.ts","493","False","f5d0e73277694bce95bbd34ca16c8ba838f9a2ae"
"P1_diff_code_review","different_index","source_or_script","src","src/hooks/use-mobile.ts","584","False","1461fc059faf6a57e1ee789d8564781af45c0a10"
"P1_diff_code_review","different_index","source_or_script","src","src/hooks/use-mounted.ts","473","False","83cc0d0a5be0095652f8b87bab900e2348e310fe"
"P1_diff_code_review","different_index","source_or_script","src","src/hooks/use-swarm-ws.ts","3901","False","f9478b5bfef2ddec76ff193055babf35f9ac1885"
"P1_diff_code_review","different_index","source_or_script","src","src/hooks/use-toast.ts","4110","False","cffad34ad3345b113015eefc36865574544e2080"
"P1_diff_code_review","different_index","source_or_script","src","src/lib/ai-provider-bridge.ts","49077","False","e7bdca8feec0ef9ba4e411df21d8dec6e9e00d1e"
"P1_diff_code_review","different_index","source_or_script","src","src/lib/api-cache.ts","4128","False","d49b7ed7031dfd07eb357fa4d947fc7cf1f858ce"
"P0_sensitive_hold","different_index","sensitive_path","src","<redacted-sensitive-path:.ts>","17019","True","2a665c3c338f0fcc0fcbed991df4658dec41c277"
"P1_diff_code_review","different_index","source_or_script","src","src/lib/client.ts","227","False","dbd0c72c16bd1779cd4152004d233fa7f2f33cc8"
"P1_diff_code_review","different_index","source_or_script","src","src/lib/dashboard-types.ts","7281","False","81c6c13707ebb5c654d045474179ddb463f471e9"
"P1_diff_code_review","different_index","source_or_script","src","src/lib/db.ts","1807","False","27bf871750ed08b3432c810802862dbc55860bf7"
"P1_diff_code_review","different_index","source_or_script","src","src/lib/dg/classification-engine.ts","19973","False","367b0655c5aac72cccda648b442c2644b68f5cb9"
"P1_diff_code_review","different_index","source_or_script","src","src/lib/encryption.ts","2332","False","1c79533fb100a32a853dc0b97c2a396ee46eb084"
"P0_sensitive_hold","different_index","sensitive_path","src","<redacted-sensitive-path:.ts>","4124","True","595c1da6d33c596d401194146e2da265abb87f5b"
"P1_diff_code_review","different_index","source_or_script","src","src/lib/mcp-fetcher.ts","1883","False","943d971a1db1571dfc653480b1d3fd7aaf9ecf0d"
"P1_diff_code_review","different_index","source_or_script","src","src/lib/mcp.ts","3277","False","c318fe5277b0b4f277fe2b55377e5670dd367580"
"P1_diff_code_review","different_index","source_or_script","src","src/lib/middleware.ts","1981","False","f492d95fcc1fb6bea1a16f0ab88e82f73ac59d07"
"P1_diff_code_review","different_index","source_or_script","src","src/lib/modelrelay/config.ts","23571","False","c01e6f4e79166ac55b4290e4d0766d5a9a48592b"
"P1_diff_code_review","different_index","source_or_script","src","src/lib/modelrelay/gateway.ts","11464","False","5219afc5cdafae29635875eea36bca4b078c1869"
"P1_diff_code_review","different_index","source_or_script","src","src/lib/rate-limiter.ts","23148","False","cc8779d03f81894cfaee791f3353c74c79205663"
"P1_diff_code_review","different_index","source_or_script","src","src/lib/server.ts","975","False","60d20d4e01ed130089516361d1877649305ddba9"
"P1_diff_code_review","different_index","source_or_script","src","src/lib/utils.ts","172","False","2f00a256c299a07d69112cba03d9fe194313e00e"
"P1_diff_code_review","different_index","source_or_script","src","src/middleware.ts","674","False","109c626291dbbbc00cd4003c8a27f9055b4868cd"
"P0_missing_code_review","missing_live","source_or_script","src","src/nexus_os/governor/__init__.py","505","False","3335f2caa08fa56869312a1d695915855d03798b"
"P0_missing_code_review","missing_live","source_or_script","src","src/nexus_os/governor/trust_kernel.py","24259","False","3dd630b831288bcca0376313e7f07f6f8585bbc6"
"P0_missing_code_review","missing_live","source_or_script","src","src/nexus_os/governor/trust_scoring.py","13433","False","612ed1ae3a05da7ed0eecdf4de87830dbb4d5836"
"P0_missing_code_review","missing_live","source_or_script","src","src/nexus_os/mcp/__init__.py","113","False","c7794469fd1ecef5f83bd9991a2e7bc66da26167"
"P0_missing_code_review","missing_live","source_or_script","src","src/nexus_os/mcp/server.py","131","False","8a370e0ef9cdc508e9856be46b7db0a7413b5935"
"P0_missing_code_review","missing_live","source_or_script","src","src/nexus_os/monitoring/__init__.py","114","False","5ec5fbe4d9655f2ff019ecc1a29d1014281517c5"
"P0_missing_code_review","missing_live","source_or_script","src","src/nexus_os/monitoring/semantic_drift_monitor.py","6177","False","cd3b44b39b86e1fa76f3fbcbe29d5e9b9ea4025a"
"P0_sensitive_hold","missing_live","sensitive_path","src","<redacted-sensitive-path:.py>","26273","True","98f99c909fa3a1609637a499cc74c7994d5b3889"
"P0_sensitive_hold","missing_live","sensitive_path","src","<redacted-sensitive-path:.py>","17119","True","4e05c21f02236881b2f8e60508039819e2f736d3"
"P0_missing_code_review","missing_live","source_or_script","src","src/nexus_os/security/__init__.py","309","False","e1bc6c2c39b49741065d6f36be7006e4df4fe161"
"P0_missing_code_review","missing_live","source_or_script","src","src/nexus_os/security/contamination_detector.py","35702","False","a481c717063256b582508e90cb5f7742850299f2"
"P0_missing_code_review","missing_live","source_or_script","src","src/nexus_os/security/meta_attack_detector.py","42481","False","f930366d39a7906810dd02717250e8381a2c2411"
"P0_missing_code_review","missing_live","source_or_script","src","src/nexus_os/security/sanitizer.py","8940","False","f010f48da4dfdbd24d9bfdb43d6ab2ced0c5af9f"
"P0_missing_code_review","missing_live","source_or_script","src","src/nexus_os/security/shortcut_neuron_detector.py","16114","False","72bbd0728f60f3a9d5c55135192d6bf7fed73ff1"
"P0_missing_code_review","missing_live","source_or_script","src","src/nexus_os/stress_lab/__init__.py","65","False","d216b5f2323b02d3c6380d6748ede8a516c71983"
"P0_missing_code_review","missing_live","source_or_script","src","src/nexus_os/stress_lab/cloud_attack_bee_v2.py","15557","False","13325d279ef1c7a53fbebaec49982617e3142fda"
"P0_missing_code_review","missing_live","source_or_script","src","src/nexus_os/stress_lab/cloud_report_bee.py","11733","False","288330bba64ae6b0e587d36563b954bcbf60bef8"
"P0_missing_code_review","missing_live","source_or_script","src","src/nexus_os/stress_lab/cloud_swarm_orchestrator.py","21800","False","25fd1ff76122d04b651bfe02a1094522d59b9e4c"
"P1_diff_code_review","different_index","source_or_script","src","src/store/nexus-store.ts","6931","False","38b29582c1341af03bcae132ae2d3fc70862f544"
"P2_untracked_intake_review","not_tracked_current_index","docs_or_research","tasks","tasks/done/2026-05-27-governance-consolidation-activation.task.md","1896","False","63818d608e7f3327114ee010357e0e6e900ad795"
"P0_sensitive_hold","not_tracked_current_index","sensitive_path","tasks","<redacted-sensitive-path:.md>","4033","True","dc49aee6d4911cf85985f4271ed44222e7d25315"
"P1_missing_docs_review","missing_live","docs_or_research","tasks","tasks/pending/2026-05-27-memory-unification-activation.task.md","1578","False","219a41ab81a34c941e4199d9a5303b2b5912bf51"
"P2_untracked_intake_review","not_tracked_current_index","docs_or_research","tasks","tasks/pending/2026-05-27-research-governance-closed-loop.task.md","4704","False","cd18c9a1d7af064789a3a5357093a0977e7da6f3"
"P2_untracked_intake_review","not_tracked_current_index","docs_or_research","tasks","tasks/pending/2026-06-02-nemoclaw-wsl2-adoption.task.md","9544","False","f05966f509dc7dcd458ffc0d3a40c8b8314ced0d"
"P2_untracked_intake_review","not_tracked_current_index","docs_or_research","tasks","tasks/remediate_csv_row_bypass.md","2509","False","b0f765ef75838f1c6173c79367b67db952080a9d"
"P2_untracked_intake_review","not_tracked_current_index","docs_or_research","tasks","tasks/remediate_strict_echo_collapse.md","2265","False","ae045bfa6ca589c8fa23be0ff1fe89290e115f4f"
"P2_untracked_intake_review","not_tracked_current_index","docs_or_research","tasks","tasks/templates/activation-lane.task.md","893","False","07c37bb463cc5aa84dc41a0758e3b24cec0feaaf"
"P2_untracked_intake_review","not_tracked_current_index","source_or_script","test_ensemble_overlap.py","test_ensemble_overlap.py","7040","False","1573d0f8f403b3b714789107eaa6c03b2371bc5e"
"P2_untracked_intake_review","not_tracked_current_index","source_or_script","test_guard_plane_ensemble.py","test_guard_plane_ensemble.py","2905","False","f199b24b2c3d2eb22a4efddc372a434cb416a072"
"P1_diff_code_review","different_index","source_or_script","tests","tests/bridge/test_mcpaauth.py","4410","False","a05e52864046eeef2b4c2aa893b85266611b4f85"
"P0_sensitive_hold","same_index","sensitive_path","tests","<redacted-sensitive-path:.py>","5226","True","984b5526ea24f1a948e360365000bfbda19bd6af"
"P2_untracked_intake_review","not_tracked_current_index","source_or_script","tests","tests/claw/__init__.py","0","False","e69de29bb2d1d6434b8b29ae775ad8c2e48c5391"
"P2_untracked_intake_review","not_tracked_current_index","source_or_script","tests","tests/claw/test_config_integrity.py","3788","False","31118d1df06204e29f0819c1b9c07cd9d252ef3b"
"P2_untracked_intake_review","not_tracked_current_index","source_or_script","tests","tests/claw/test_elicitation.py","3891","False","21bd4f8f60eddc1f5b0b3f17759a27d707d9775a"
"P2_untracked_intake_review","not_tracked_current_index","source_or_script","tests","tests/claw/test_exceptions.py","4056","False","8b0fd9900d33a43494c9cda004b49a2aad28e2b8"
"P2_untracked_intake_review","not_tracked_current_index","source_or_script","tests","tests/claw/test_locks.py","3412","False","282044c6b4bd51c5239045736838076afde8d764"
"P2_untracked_intake_review","not_tracked_current_index","source_or_script","tests","tests/claw/test_parallel.py","3827","False","b9e832020efc235c2f96036f3aa80240cce41351"
"P2_untracked_intake_review","not_tracked_current_index","source_or_script","tests","tests/claw/test_policies.py","2405","False","a86e0fe93519fb299395fc5969ec051f6ada762c"
"P2_untracked_intake_review","not_tracked_current_index","source_or_script","tests","tests/claw/test_retry.py","3500","False","278058088575540d721a7615145d055fdb5ddb7c"
"P0_sensitive_hold","not_tracked_current_index","sensitive_path","tests","<redacted-sensitive-path:.py>","4745","True","4e7683652877840c4282e27344eea003d00db05c"
"P2_untracked_intake_review","not_tracked_current_index","source_or_script","tests","tests/claw/test_store.py","2900","False","1e3111beb41f5168d8237fe642b42fd87310481d"
"P2_untracked_intake_review","not_tracked_current_index","source_or_script","tests","tests/claw/test_tiers.py","2397","False","49645722b6693e702bcdfcb6b1399f3208bd4079"
"P1_diff_code_review","different_index","source_or_script","tests","tests/contracts/test_protocol_contracts.py","5917","False","ac6dc8a5886f3ec2486016088da0908f5e53a592"
"P1_diff_code_review","different_index","source_or_script","tests","tests/engine/test_router.py","9853","False","1250023b17311223408fc3ab6a7e28c679ff1686"
"P1_diff_code_review","different_index","source_or_script","tests","tests/engine/test_skill_smith.py","8660","False","3ab78988c79ddb2c361a4ff3b77e317bcc6d8ddd"
"P1_diff_code_review","different_index","source_or_script","tests","tests/engine/test_skillsmith.py","1084","False","716c095caa7157f4fc12a3c58b5c7572a50330d0"
"P1_diff_code_review","different_index","source_or_script","tests","tests/engine/test_tool_discipline.py","2043","False","6c9e395e63d0e3880fce28b119288c6bf6e5acce"
"P1_diff_code_review","different_index","source_or_script","tests","tests/governor/test_compliance_p0.py","2387","False","1ee5a126af9273e0d8de3aed22f0664e355c9ab1"
"P1_diff_code_review","different_index","source_or_script","tests","tests/governor/test_governor.py","10262","False","de4dd22767d9bd3046a8dc9cda1d9d38f7f3064b"
"P0_sensitive_hold","different_index","sensitive_path","tests","<redacted-sensitive-path:.py>","7881","True","523ff50bc623e029ba9f0981ec07d28eef2884b5"
"P1_diff_code_review","different_index","source_or_script","tests","tests/integration/test_bridge_integration.py","17011","False","42c88bfd14278206527a673146fb60979c6b9a29"
"P1_diff_code_review","different_index","source_or_script","tests","tests/integration/test_heartbeat.py","6663","False","6132d1d2bda31a30c413600259143d1320c45692"
"P1_diff_code_review","different_index","source_or_script","tests","tests/integration/test_squeez.py","9076","False","a4a500339e81dab7bc5dcd0e91a87827a74ef537"
"P1_diff_code_review","different_index","source_or_script","tests","tests/monitoring/test_gmr.py","142","False","75afd0f3564a03d4ee98b6f40de3cea8ecf5ba8c"
"P0_sensitive_hold","same_index","sensitive_path","tests","<redacted-sensitive-path:.py>","4285","True","b624a5c4d7d677aeea54b0565ebee57a51c87541"
"P1_diff_code_review","different_index","source_or_script","tests","tests/observability/test_tracing.py","2762","False","987d533466eb33cdafb8df8e86ee4160c7955ccc"
"P1_diff_code_review","different_index","source_or_script","tests","tests/security/test_encryption_hardfail.py","5673","False","7bc0f113b7b5377a6c9f1b1217f53a89d8a95953"
"P1_diff_code_review","different_index","source_or_script","tests","tests/security/test_poisoning_v2.py","8436","False","043500e7b302e66b8cef70dac190d5f4aaf85764"
"P1_diff_code_review","different_index","source_or_script","tests","tests/swarm/test_auction.py","2433","False","15dbda16ec6cb40a1c176ab15f28669e223e16e2"
"P1_diff_code_review","different_index","source_or_script","tests","tests/swarm/test_spawner_budget_gate.py","4016","False","5bb6a9b7e347f4ba09652c89c690053c8af6e0be"
"P1_diff_code_review","different_index","source_or_script","tests","tests/test_execution_paths.py","6629","False","4c2d6eddd6762a7c9ef24eaecef5d95ef8d73868"
"P1_diff_code_review","different_index","source_or_script","tests","tests/unit/test_executor_v2.py","5388","False","33507323c6c94b171616819c1338683a9d797d17"
"P0_sensitive_hold","different_index","sensitive_path","tests","<redacted-sensitive-path:.py>","7950","True","62528dfbfc2fc457bd9d18b2bdb3b8d5d1a52e22"
"P0_sensitive_hold","same_index","sensitive_path","tests","<redacted-sensitive-path:.py>","19","True","6025ca67c7656c361649c1634ce60da7c6ff14a3"
"P0_sensitive_hold","different_index","sensitive_path","tests","<redacted-sensitive-path:.py>","1759","True","058afc1cd52b0a322c85ea55897d93fb3d689c35"
"P0_sensitive_hold","same_index","sensitive_path","tests","<redacted-sensitive-path:.py>","1385","True","cfb012047acc3d53d5bed9f256f642561fa6c481"
"P0_sensitive_hold","different_index","sensitive_path","tests","<redacted-sensitive-path:.py>","1988","True","f89a7df7920814470c03ff5e7a47050942612e6e"
"P0_sensitive_hold","different_index","sensitive_path","tests","<redacted-sensitive-path:.py>","26034","True","d9df82b06edc64921111f47ff61a41cfe0d7c3a7"
"P0_sensitive_hold","different_index","sensitive_path","tests","<redacted-sensitive-path:.py>","11424","True","ed957c9213e088415821e3a7d31278c283ba2a21"
"P0_sensitive_hold","different_index","sensitive_path","tests","<redacted-sensitive-path:.py>","5622","True","dfd5e5d2b312d458e1723d8ed6e912f8577d722d"
"P0_sensitive_hold","same_index","sensitive_path","tests","<redacted-sensitive-path:.py>","2026","True","9cdff81ae5f2ec59bb74648159d9b8074805b883"
"P0_sensitive_hold","different_index","sensitive_path","tests","<redacted-sensitive-path:.py>","6344","True","dc0102226004b1ca780c7d6801e9e6d7143987c6"
"P2_diff_evidence_review","different_index","data_or_benchmark","tsconfig.json","tsconfig.json","772","False","70c0490633b1edbf5ce8f5c3809c632592c2583b"
"P2_untracked_intake_review","not_tracked_current_index","source_or_script","upload","upload/# DoppelGround  ReviewGround — Curr.txt","20206","False","6fff1e1d2121861bbb7383a205fe2760fd56c658"
"P2_untracked_intake_review","not_tracked_current_index","source_or_script","upload","upload/# KILOCLAW V3 MOVEABLE HEARTBEAT PR.txt","3397","False","c72ceb0023da666a10e5cf995cf99a9429c848ae"
"P2_untracked_intake_review","not_tracked_current_index","source_or_script","upload","upload/## 2. SESSION_LOG_002 — Final Repor.txt","3120","False","fa9b672838d579a3c2dd292652d42429cefbb879"
"P2_untracked_intake_review","not_tracked_current_index","source_or_script","upload","upload/Backend Team Package — Delivered ✅.txt","156620","False","e557d7989c81bbbd4adc1169bab64896d27d8e0d"
"P2_untracked_intake_review","not_tracked_current_index","source_or_script","upload","upload/CODEX TEAM INTEGRATION REPORTING.txt","11773","False","cc3e431caa7eef1e0ecc92cbd09330ca87b85e6a"
"P2_untracked_intake_review","not_tracked_current_index","source_or_script","upload","upload/Completed Local Model Benchmarking.txt","5780","False","75aab5d51a12a37824a6ff9d283745f073a01bdf"
"P2_untracked_intake_review","not_tracked_current_index","source_or_script","upload","upload/DERDDRE-01.txt","547412","False","b4ec98c39c67b3ca49fd0f6f21c9f955c5d2ccdd"
"P2_untracked_intake_review","not_tracked_current_index","source_or_script","upload","upload/DISPOSSSEEE.txt","13604","False","dfa7e78e699ab81503ac0bc3f6f0062247cdacf0"
"P2_untracked_intake_review","not_tracked_current_index","source_or_script","upload","upload/DoppelGround_Mechanized_Release_v6.1.5.zip","15225","False","74933affc96e247ee91b7538cff24069031ca35a"
"P2_untracked_intake_review","not_tracked_current_index","source_or_script","upload","upload/FOUNDRY_HERMES_OPENSHELL_COMBINED_PLAN.md","16415","False","2d25c3c7d64c9a30b74078deee6d46592801bfdf"
"P2_untracked_intake_review","not_tracked_current_index","source_or_script","upload","upload/GLM5-NEXUS_DASHBOARD_STRATEGIC_REPORT.md","33896","False","9f14429dabe19d5f9ba454daf275d919e786cea2"
"P2_untracked_intake_review","not_tracked_current_index","source_or_script","upload","upload/GLM5-NEXUS_OS_fusion_pack.zip","2033343","False","0fcc0a5a899ed60e9c838e91a939e9fe0151ad32"
"P2_untracked_intake_review","not_tracked_current_index","source_or_script","upload","upload/GLM5-nexus-dashboard-strategic-pack.zip","245228","False","54cf75a9ab3380306af6293cad06ea1907e61a23"
"P2_untracked_intake_review","not_tracked_current_index","source_or_script","upload","upload/GLM_FUSION_INTAKE_CHECKLIST.md","8923","False","cad6956761a0dc5b0b283e3c46a24987ad2165df"
"P2_untracked_intake_review","not_tracked_current_index","source_or_script","upload","upload/GROK 4.3 AGENT TEAM LOG-002.txt","124799","False","76031d97a160b7b2f556c9a135e2d5d7f8889f8f"
"P2_untracked_intake_review","not_tracked_current_index","source_or_script","upload","upload/GROK RESEARCH REPO MASTER.txt","90265","False","80652981d72eeedf8c494be2f1b7f2e1a30ebfff"
"P2_untracked_intake_review","not_tracked_current_index","source_or_script","upload","upload/I'll help you integrate the complex.txt","216545","False","fe5aaabbb092ebb4e9cfcd4dcae60adf8d4361a2"
"P2_untracked_intake_review","not_tracked_current_index","source_or_script","upload","upload/IMPLEMENTATION_REPORT.md","14626","False","cf63cf6a862d32ffba8a30ea5dfa9673eacd36da"
"P2_untracked_intake_review","not_tracked_current_index","source_or_script","upload","upload/Kimi_Agent_Nexus OS重建 (1).zip","253688","False","4c93c823d0908996b1503e55558701715acbca27"
"P2_untracked_intake_review","not_tracked_current_index","source_or_script","upload","upload/METAresearch_practice_template.md","1572","False","e5ec8bbc7174e57c56f0816ba21619c433446145"
"P2_untracked_intake_review","not_tracked_current_index","source_or_script","upload","upload/Mythos to NEXUS Mapping and DoppelGround Release Plan2.md","35504","False","6e83a67ffa047e6533c1eed2aa6682153b96df20"
"P2_untracked_intake_review","not_tracked_current_index","source_or_script","upload","upload/NEXUS OS INTEGRATION ROADMAP.txt","127808","False","7ce55eb6a594c73fdc931c7d9c182367e96cb31e"
"P2_untracked_intake_review","not_tracked_current_index","source_or_script","upload","upload/NEXUS-STATE.json","2796","False","cdb0dc2e48ffe608783e0c79b290272b88b34e92"
"P2_untracked_intake_review","not_tracked_current_index","source_or_script","upload","upload/PROJECT_HANDOFF_SPEC.md","9849","False","e04a6e8330444322bf68b33b328f534665997fc4"
"P2_untracked_intake_review","not_tracked_current_index","source_or_script","upload","upload/coldstart_install.py","2339","False","28256152dee7e03f2fefdbd3551425467ea26d53"
"P2_untracked_intake_review","not_tracked_current_index","source_or_script","upload","upload/dg_to_gspp.py","9206","False","5fd1dc14b2356e0d583a18c2c0cc572333f7a2d6"
"P2_untracked_intake_review","not_tracked_current_index","source_or_script","upload","upload/foundry_agent_inventory.md","7399","False","1aafaeb0550b572472aa53567399a4a5c2f89c45"
"P2_untracked_intake_review","not_tracked_current_index","source_or_script","upload","upload/governor_skill_gate.py","11030","False","b146d5d4b2e4e3a0ac0dcf5bb31110843577dafb"
"P2_untracked_intake_review","not_tracked_current_index","source_or_script","upload","upload/gspp_openapi.yaml","5336","False","ef41e31d99736ba3960e87d4faffef0eb562fdd7"
"P2_untracked_intake_review","not_tracked_current_index","source_or_script","upload","upload/mock_api_server.py","12042","False","932afa6699de13542c3283f04a7f6790a9e2bcc6"
"P2_untracked_intake_review","not_tracked_current_index","source_or_script","upload","upload/nexus-dashboard-report-2026-05-04T12-26-26.json","3455","False","f714eb0843db743983d84b6051914db81bd6c03c"
"P2_untracked_intake_review","not_tracked_current_index","source_or_script","upload","upload/nexus-dashboard-report-2026-05-04T12-27-14.csv","411","False","0403e1c9a65fb55a918ecbac9010e325fda688c4"
"P2_untracked_intake_review","not_tracked_current_index","source_or_script","upload","upload/nexus-dashboard-report-2026-05-04T12-27-34.csv","411","False","0403e1c9a65fb55a918ecbac9010e325fda688c4"
"P2_untracked_intake_review","not_tracked_current_index","source_or_script","upload","upload/nexus-overview-all-time-2026-05-04T12-26-37.json","1097","False","1d56956818874b201bc1fa3b59f6d9c967d807c3"
"P2_untracked_intake_review","not_tracked_current_index","source_or_script","upload","upload/nexus-overview-all-time-2026-05-04T12-27-27.csv","261","False","63ddbd62856667cc105e4b522317b743724b1c68"
"P2_untracked_intake_review","not_tracked_current_index","source_or_script","upload","upload/nexus-stresslab-all-time-2026-05-04T12-26-45.json","1130","False","292033a9132898c27fd44fbbd5f55479a0191a9e"
"P2_untracked_intake_review","not_tracked_current_index","source_or_script","upload","upload/nexus-stresslab-all-time-2026-05-04T12-27-21.csv","312","False","eb02f40e9aeff57d18948e5870aaa7ca4788573b"
"P2_untracked_intake_review","not_tracked_current_index","source_or_script","upload","upload/papers_manifest_full_20.json","12327","False","53010cce4912bc8ac08729a8c292ea5ade231bb6"
"P2_untracked_intake_review","not_tracked_current_index","source_or_script","upload","upload/papers_manifest_test.json","4361","False","00b419893707f597e8407fd634a83cd774e706b5"
"P2_untracked_intake_review","not_tracked_current_index","source_or_script","upload","upload/priority_queue.json","4232","False","614650de0174dfe38606745453222b5828ed3fa1"
"P2_untracked_intake_review","not_tracked_current_index","source_or_script","upload","upload/src.zip","1305008","False","e0015c5d8266e2fb00e5680ca4f950d7ea765b57"
"P2_untracked_intake_review","not_tracked_current_index","source_or_script","upload","upload/uvicorn mock_api_server.txt","331","False","9514d30d35fa6e06a24d6237463710b05d2a17c4"
"P2_untracked_intake_review","not_tracked_current_index","source_or_script","upload","upload/wiki_pipeline.py","7593","False","30f6d72b42ded6a0434a924dd1350e80c2dd25b6"
"P2_untracked_intake_review","not_tracked_current_index","docs_or_research","uvicorn_7355_output.txt","uvicorn_7355_output.txt","0","False","e69de29bb2d1d6434b8b29ae775ad8c2e48c5391"
"P2_untracked_intake_review","not_tracked_current_index","data_or_benchmark","wl-commons","wl-commons/.dolt/config.json","2","False","9e26dfeeb6e641a33dae4961196235bdb965b21b"
"P2_untracked_intake_review","not_tracked_current_index","data_or_benchmark","wl-commons","wl-commons/.dolt/repo_state.json","807","False","eca20a9c3b1d03542fe700accfdbb99e5a7527d5"
"P2_untracked_intake_review","not_tracked_current_index","data_or_benchmark","wl-commons","wl-commons/.dolt/stats/.dolt/config.json","2","False","9e26dfeeb6e641a33dae4961196235bdb965b21b"
"P2_untracked_intake_review","not_tracked_current_index","data_or_benchmark","wl-commons","wl-commons/.dolt/stats/.dolt/repo_state.json","83","False","32f2d6197d5513d0b2af0685586c862dffc65057"
"P2_diff_evidence_review","different_index","docs_or_research","worklog.md","worklog.md","5509","False","bc1aae2d5984cb06e01546865fe10c481b5a4ecf"
