risk,proposed_action,path,prefix,kind,priority,live_bytes,snapshot_blob_size,byte_relation,tracked_relation,snapshot_blob,live_blob,sensitive_path_redacted
P0_sensitive,sensitive_hold_secret_scan_before_any_public_tracking,<redacted-sensitive-path:.json>,benchmarks,sensitive_path,P0_sensitive_hold,791,791,live_differs_from_snapshot_untracked,not_tracked_current_index,b53ddb4e91dd592643132d15922afe08ceddabd2,5d0b54da119a7a77fd1ddea1b90fb44c35bc0e65,True
P0_sensitive,sensitive_hold_secret_scan_before_any_public_tracking,<redacted-sensitive-path:.json>,benchmarks,sensitive_path,P0_sensitive_hold,787,787,live_differs_from_snapshot_untracked,not_tracked_current_index,eb3016f9a4bd8986612597a1c556c437538d4b6d,ff6ad9ad574346a61e91cb6c1888faedf1fd320e,True
P0_sensitive,sensitive_hold_secret_scan_before_any_public_tracking,<redacted-sensitive-path:.md>,benchmarks,sensitive_path,P0_sensitive_hold,4788,4788,live_differs_from_snapshot_untracked,not_tracked_current_index,89ea6c32b96c71ca9cead92b95ddbc9ccb5e43c7,794bd5504d61d199a774123dbbb6e009cdbdae5d,True
P0_sensitive,sensitive_hold_secret_scan_before_any_public_tracking,<redacted-sensitive-path:.md>,datasets,sensitive_path,P0_sensitive_hold,4847,4847,live_differs_from_snapshot_untracked,not_tracked_current_index,dbd2fa5195f384782279b9ee4b8fcb534856bbd5,5a166a4c55ee0e09f6ae3a6dda135ddf05b361a1,True
P0_sensitive,sensitive_hold_secret_scan_before_any_public_tracking,<redacted-sensitive-path:.txt>,datasets,sensitive_path,P0_sensitive_hold,6503,6503,live_differs_from_snapshot_untracked,not_tracked_current_index,6244cdb17e1639abac138b8ad569476316b43ff6,37e6f75cf26a70c627a5559e8710505216cfa0d0,True
P0_sensitive,sensitive_hold_secret_scan_before_any_public_tracking,<redacted-sensitive-path:.md>,docs,sensitive_path,P0_sensitive_hold,4936,4936,live_differs_from_snapshot_untracked,not_tracked_current_index,ae7e1cf4129ae3135c176179b852df02761e2ee2,fcfea19ed6513869738977605b9db6fab3fc2a34,True
P0_sensitive,sensitive_hold_secret_scan_before_any_public_tracking,<redacted-sensitive-path:.md>,docs,sensitive_path,P0_sensitive_hold,9566,9566,live_differs_from_snapshot_untracked,not_tracked_current_index,54909ca1930a344f0ea7c5b228212f588ab7818d,e89ace7b6848dce7d38c2c889b85e19afaad733f,True
P0_sensitive,sensitive_hold_secret_scan_before_any_public_tracking,<redacted-sensitive-path:.md>,docs,sensitive_path,P0_sensitive_hold,2356,2356,live_differs_from_snapshot_untracked,not_tracked_current_index,5d69f633cafb590590295ab850ecf18b87966150,8371a305fce441d5d7553fab1ad95cb6ca8d0016,True
P0_sensitive,sensitive_hold_secret_scan_before_any_public_tracking,<redacted-sensitive-path:.md>,docs,sensitive_path,P0_sensitive_hold,1562,1562,live_differs_from_snapshot_untracked,not_tracked_current_index,566d6b477646f7862e1ee047411f69d6e6005500,67eaaf776aa0f8e62f5c417c2f4509fc60fb156d,True
P0_sensitive,sensitive_hold_secret_scan_before_any_public_tracking,<redacted-sensitive-path:.md>,docs,sensitive_path,P0_sensitive_hold,3219,3219,live_differs_from_snapshot_untracked,not_tracked_current_index,05af104f800f5556e14ba8a4e265fae2e7295514,f2ff0fdee6eb22fea8958b54aac087e86809b404,True
P0_sensitive,sensitive_hold_secret_scan_before_any_public_tracking,<redacted-sensitive-path:.md>,docs,sensitive_path,P0_sensitive_hold,594198,594198,live_differs_from_snapshot_untracked,not_tracked_current_index,aefaa85208d581de5bcfcce5701768c5c06c00d5,daeaaf926526db3decc5e5bd1fe7ceccdad9c4e5,True
P0_sensitive,sensitive_hold_secret_scan_before_any_public_tracking,<redacted-sensitive-path:.md>,docs,sensitive_path,P0_sensitive_hold,10714,10714,live_differs_from_snapshot_untracked,not_tracked_current_index,6001fefb72c8a2e24b293fa85eac3c35fcd53fb0,17078482b8a0f5e5b526d0221e0faf5ac088ee19,True
P0_sensitive,sensitive_hold_secret_scan_before_any_public_tracking,<redacted-sensitive-path:.md>,docs,sensitive_path,P0_sensitive_hold,12537,12537,live_differs_from_snapshot_untracked,not_tracked_current_index,e2c591ebd946a263e04322cafad27d683641b8b6,260e8513ae566c3fc5ff9f1bac3477f911e5b665,True
P0_sensitive,sensitive_hold_secret_scan_before_any_public_tracking,<redacted-sensitive-path:.md>,docs,sensitive_path,P0_sensitive_hold,2171,2171,live_differs_from_snapshot_untracked,not_tracked_current_index,576e0e5efda7eadd318d82a2f07380a510449bc5,fbeacb958e1c9a4ac57b96edc49b8f3df71100bf,True
P0_sensitive,sensitive_hold_secret_scan_before_any_public_tracking,<redacted-sensitive-path:.md>,docs,sensitive_path,P0_sensitive_hold,13382,13382,live_differs_from_snapshot_untracked,not_tracked_current_index,dbe03b66be530790ad9e786350015218c1d67789,56635b88bb11b71a0ef01a01e14b00134d02e748,True
P0_sensitive,sensitive_hold_secret_scan_before_any_public_tracking,<redacted-sensitive-path:.md>,docs,sensitive_path,P0_sensitive_hold,10737,10737,live_differs_from_snapshot_untracked,not_tracked_current_index,2023dd2e84090e5a732b427aec11c5a6974f2287,cbdda8f3c24ce3ca5e1a6d1c2aaaae7751117a98,True
P0_sensitive,sensitive_hold_secret_scan_before_any_public_tracking,<redacted-sensitive-path:.md>,docs,sensitive_path,P0_sensitive_hold,10911,10911,live_differs_from_snapshot_untracked,not_tracked_current_index,682b775281fa7223b91dd5e781a8fb5ca2eb81de,28f70987d957ea91aa32ebb388ead911c352a244,True
P0_sensitive,sensitive_hold_secret_scan_before_any_public_tracking,<redacted-sensitive-path:.md>,docs,sensitive_path,P0_sensitive_hold,4752,4752,live_differs_from_snapshot_untracked,not_tracked_current_index,26bb25241dd5366dada84a24415e226ce5d9342f,995561ae58ddba1d9954146d81e56167997963ff,True
P0_sensitive,sensitive_hold_secret_scan_before_any_public_tracking,<redacted-sensitive-path:.md>,docs,sensitive_path,P0_sensitive_hold,3168,3168,live_differs_from_snapshot_untracked,not_tracked_current_index,2e19c3dd528278a14a8a4f8d5d32f2311a66902c,d889b8cb4d1736cbba8922f901ef4d14628528b6,True
P0_sensitive,sensitive_hold_secret_scan_before_any_public_tracking,<redacted-sensitive-path:.json>,evidence,sensitive_path,P0_sensitive_hold,133165,133165,live_differs_from_snapshot_untracked,not_tracked_current_index,6ddf178ce6e7d7454859126d7c71a02202b13c43,52e763c1d8560a73fc6f73a833fd404271c157c6,True
P0_sensitive,sensitive_hold_secret_scan_before_any_public_tracking,<redacted-sensitive-path:.csv>,logs,sensitive_path,P0_sensitive_hold,68248,68248,live_differs_from_snapshot_untracked,not_tracked_current_index,6fc1523ad322bc2d7a4ba0b56bfaae0a72410320,ab4ec76ffc8fcdca509e60d077462664aad6ffed,True
P0_sensitive,sensitive_hold_secret_scan_before_any_public_tracking,<redacted-sensitive-path:.csv>,logs,sensitive_path,P0_sensitive_hold,1020,1020,live_differs_from_snapshot_untracked,not_tracked_current_index,becb51ec0ec9151c72fa0c902f894ffea3f6c824,1f06ad47ed36332204d3031b3edfb8a376fbdfa5,True
P0_sensitive,sensitive_hold_secret_scan_before_any_public_tracking,<redacted-sensitive-path:.csv>,logs,sensitive_path,P0_sensitive_hold,211038,211038,live_differs_from_snapshot_untracked,not_tracked_current_index,ae27e8e5124fa1c6e0543edd47ec4927743a3358,b16912c8d8ef2ce1e56bee14c199e58408d79e73,True
P0_sensitive,sensitive_hold_secret_scan_before_any_public_tracking,<redacted-sensitive-path:.csv>,logs,sensitive_path,P0_sensitive_hold,4102,4102,live_differs_from_snapshot_untracked,not_tracked_current_index,16a7b082d0e364f29de97382f83778f80da84f85,d9d00080c12d3e95f69aa9b2d2accb0b358b283b,True
P0_sensitive,sensitive_hold_secret_scan_before_any_public_tracking,<redacted-sensitive-path:.csv>,logs,sensitive_path,P0_sensitive_hold,14582,14582,live_differs_from_snapshot_untracked,not_tracked_current_index,8d9f5827c6f8f6fabd43383c12e4887d76fc7a84,299325de67e375de913914b578f725d54fa4517f,True
P0_sensitive,sensitive_hold_secret_scan_before_any_public_tracking,<redacted-sensitive-path:.csv>,logs,sensitive_path,P0_sensitive_hold,232996,232996,live_differs_from_snapshot_untracked,not_tracked_current_index,ecee632ed68d4a7331a87ea2250790119a2334c1,15ed85d7bb3230c0ecfefb91079d659050867461,True
P0_sensitive,sensitive_hold_secret_scan_before_any_public_tracking,<redacted-sensitive-path:.csv>,logs,sensitive_path,P0_sensitive_hold,161355,161355,live_differs_from_snapshot_untracked,not_tracked_current_index,459bbeaa01262b83eac3775f676e2b4f88607683,c11e0f420209db48ce3ab37769a9348380469074,True
P0_sensitive,sensitive_hold_secret_scan_before_any_public_tracking,<redacted-sensitive-path:.csv>,logs,sensitive_path,P0_sensitive_hold,78,78,live_differs_from_snapshot_untracked,not_tracked_current_index,71ab0851c858c689256c0cf1fc775bbd8b71b76c,0ffdb0ba0cbcd15350cc7b22190021c15831bab6,True
P0_sensitive,sensitive_hold_secret_scan_before_any_public_tracking,<redacted-sensitive-path:.json>,logs,sensitive_path,P0_sensitive_hold,1393,1393,live_differs_from_snapshot_untracked,not_tracked_current_index,f47264cc817d589027503d47a49cdbae4b493def,b90f39ddf6b7c3a4c6bbe2d4ec1e198906dba9a4,True
P0_sensitive,sensitive_hold_secret_scan_before_any_public_tracking,<redacted-sensitive-path:.json>,logs,sensitive_path,P0_sensitive_hold,2205,2205,live_differs_from_snapshot_untracked,not_tracked_current_index,35cc5980b82d1d213ec599567639c89ed8ab9f93,ce694a1b162d65fe44986a4291157d890d21e89f,True
P0_sensitive,sensitive_hold_secret_scan_before_any_public_tracking,<redacted-sensitive-path:.json>,logs,sensitive_path,P0_sensitive_hold,1391,1391,live_differs_from_snapshot_untracked,not_tracked_current_index,0e33cc98f58afd94abc5aa22688b245a5b074b1c,234b1f36111670b3ab842f544bf0ad86f946df7c,True
P0_sensitive,sensitive_hold_secret_scan_before_any_public_tracking,<redacted-sensitive-path:.json>,logs,sensitive_path,P0_sensitive_hold,466,466,live_differs_from_snapshot_untracked,not_tracked_current_index,fda83d4894c7335ecf935a2014ec76d51f833fb7,c374b714eb66bd9587bdab3a6380648d44ec6cfe,True
P0_sensitive,sensitive_hold_secret_scan_before_any_public_tracking,<redacted-sensitive-path:.jsonl>,logs,sensitive_path,P0_sensitive_hold,48047,48047,live_differs_from_snapshot_untracked,not_tracked_current_index,11e588a781725c1a4071e355d5c091301aa325e0,0a7fafc6a0336db98ea8b207aa5340af66ab8f4c,True
P0_sensitive,sensitive_hold_secret_scan_before_any_public_tracking,<redacted-sensitive-path:.txt>,logs,sensitive_path,P0_sensitive_hold,190,190,live_differs_from_snapshot_untracked,not_tracked_current_index,381bb91eaa9d57e2e7e92030e4daf08a3b45d188,336b568f86ba5c75f2bc18c8bc83fd4c7975007b,True
P0_sensitive,sensitive_hold_secret_scan_before_any_public_tracking,<redacted-sensitive-path:.txt>,logs,sensitive_path,P0_sensitive_hold,1117,1117,live_differs_from_snapshot_untracked,not_tracked_current_index,5dff19dd622954e80945814f62657127009b6364,3c28a6f8594e55397b82a4a9363fbf216880dc0a,True
P0_sensitive,sensitive_hold_secret_scan_before_any_public_tracking,<redacted-sensitive-path:.txt>,logs,sensitive_path,P0_sensitive_hold,17615,17615,live_differs_from_snapshot_untracked,not_tracked_current_index,0c4452fa31435f4bb6becc02be532848ad7261ba,e31b0d787610f8947cceb8eb859ebf0c4a3b2bbc,True
P0_sensitive,sensitive_hold_secret_scan_before_any_public_tracking,<redacted-sensitive-path:.txt>,logs,sensitive_path,P0_sensitive_hold,2605,2605,live_differs_from_snapshot_untracked,not_tracked_current_index,20f96b077106b11faa6e6b4e2ba0eee8b17c0073,6c89ac197145d45edfaaec66e9972c849ead43ab,True
P0_sensitive,sensitive_hold_secret_scan_before_any_public_tracking,<redacted-sensitive-path:.txt>,logs,sensitive_path,P0_sensitive_hold,26240,26240,live_differs_from_snapshot_untracked,not_tracked_current_index,7d3572eaac8cd6983f94afee74b8a1082a68d861,50f8ccd534d96f8feda4a8d63f6023ff973e4394,True
P0_sensitive,sensitive_hold_secret_scan_before_any_public_tracking,<redacted-sensitive-path:.txt>,logs,sensitive_path,P0_sensitive_hold,2218,2218,live_differs_from_snapshot_untracked,not_tracked_current_index,ac6ef5d6b2e68ffd24f048449f1d8d2938d343f0,d22cc677979fa52703cd630cf2869c90010581e2,True
P0_sensitive,sensitive_hold_secret_scan_before_any_public_tracking,<redacted-sensitive-path:.txt>,logs,sensitive_path,P0_sensitive_hold,3334,3334,live_differs_from_snapshot_untracked,not_tracked_current_index,dbc553c83cea8a55981cb51eed1d13dab7934d1b,925bc4015b632df3c81ebe8db2d9d0e383e29406,True
P0_sensitive,sensitive_hold_secret_scan_before_any_public_tracking,<redacted-sensitive-path:.txt>,logs,sensitive_path,P0_sensitive_hold,24134,24134,live_differs_from_snapshot_untracked,not_tracked_current_index,25e4f422ab40a3c027a67c90e57d20bf29f1f884,f7941da27d376109f00b804a41bf4887df4f97e7,True
P0_sensitive,sensitive_hold_secret_scan_before_any_public_tracking,<redacted-sensitive-path:.txt>,logs,sensitive_path,P0_sensitive_hold,706,706,live_differs_from_snapshot_untracked,not_tracked_current_index,6b70cb45edbf1e11efb59158ea4070cd8f9d2bdd,9bc206ef073cd5aa41fbe4ce1206a20d1f24dca5,True
P0_sensitive,sensitive_hold_secret_scan_before_any_public_tracking,<redacted-sensitive-path:.txt>,logs,sensitive_path,P0_sensitive_hold,26931,26931,live_differs_from_snapshot_untracked,not_tracked_current_index,4e98e42ba50ac746c9f2429ca7460bbea996919a,83ff53d8730d9d9219a6d5507e881de4e22c1c56,True
P0_sensitive,sensitive_hold_secret_scan_before_any_public_tracking,<redacted-sensitive-path:.txt>,logs,sensitive_path,P0_sensitive_hold,2770,2770,live_differs_from_snapshot_untracked,not_tracked_current_index,494ae23bc82f92a2f2cf513676e9aff9c836f17e,a74193f806a47f7300677777f3e657f7c7e8d1d7,True
P0_sensitive,sensitive_hold_secret_scan_before_any_public_tracking,<redacted-sensitive-path:.txt>,logs,sensitive_path,P0_sensitive_hold,40232,40232,live_differs_from_snapshot_untracked,not_tracked_current_index,b03e197bdc15098642477681e3a62f8613dba144,bfc10720c372767625427e0a2faff41240460621,True
P0_sensitive,sensitive_hold_secret_scan_before_any_public_tracking,<redacted-sensitive-path:.md>,tasks,sensitive_path,P0_sensitive_hold,4033,4033,live_differs_from_snapshot_untracked,not_tracked_current_index,dc49aee6d4911cf85985f4271ed44222e7d25315,cf893ac83fb56831d3e453fa2313cf4af38c2c3b,True
P1_code_agent,git_intake_review_high_value_source_or_agent_config,nexus_os/__main__.py,nexus_os,source_or_script,P2_untracked_intake_review,2293,2293,live_differs_from_snapshot_untracked,not_tracked_current_index,bcf63c23ce03719d99ec7758ddcbc30ae60c6e5c,cbfa80ebe46ac3d07cc38aa06542727f2009c420,False
P1_code_agent,git_intake_review_high_value_source_or_agent_config,nexus_os/cli.py,nexus_os,source_or_script,P2_untracked_intake_review,4869,4869,live_differs_from_snapshot_untracked,not_tracked_current_index,f9f8d3a40a3cf75c1a41ebcc7f9fa3d4e8a2ae9d,1753f0032eca06acdcc1d2955a09f60bcc2a2409,False
P1_code_agent,git_intake_review_high_value_source_or_agent_config,nexus_os/stresslab/__init__.py,nexus_os,source_or_script,P2_untracked_intake_review,212,212,live_differs_from_snapshot_untracked,not_tracked_current_index,f079ef382e5d54616e75c57983ed8b98d942192c,e70b9291a129ec9a2e16a6ceef3d2e036433f943,False
P1_code_agent,git_intake_review_high_value_source_or_agent_config,tests/claw/test_config_integrity.py,tests,source_or_script,P2_untracked_intake_review,3775,3788,live_differs_from_snapshot_untracked,not_tracked_current_index,31118d1df06204e29f0819c1b9c07cd9d252ef3b,debe21daff4240eda7077cc6a4442978fcfffab0,False
P1_code_agent,git_intake_review_high_value_source_or_agent_config,tests/claw/test_locks.py,tests,source_or_script,P2_untracked_intake_review,3399,3412,live_differs_from_snapshot_untracked,not_tracked_current_index,282044c6b4bd51c5239045736838076afde8d764,6c47622bc9308c0e5cd8d13e36212b96d284370e,False
P1_code_agent,git_intake_review_high_value_source_or_agent_config,tests/claw/test_store.py,tests,source_or_script,P2_untracked_intake_review,2903,2900,live_differs_from_snapshot_untracked,not_tracked_current_index,1e3111beb41f5168d8237fe642b42fd87310481d,ed89c72b8eaa18a9639133394bdcc074d59e9775,False
P2_knowledge_data,research_intake_archive_or_canonicalize,.agents/skills/onboardingv2/README.md,.agents,docs_or_research,P2_untracked_intake_review,5491,5491,live_differs_from_snapshot_untracked,not_tracked_current_index,2197fbad4b29809999c068e354dd1d1c5457bf4c,77134803486a83e7dd950b624dd25bcfb544d6d5,False
P2_knowledge_data,research_intake_archive_or_canonicalize,.agents/skills/onboardingv2/SKILL.md,.agents,docs_or_research,P2_untracked_intake_review,29362,29362,live_differs_from_snapshot_untracked,not_tracked_current_index,36478305ae9e72c215826037b9b014f0609eb1db,d9630ed22adb5289e312c4cf93207224098f0941,False
P2_knowledge_data,research_intake_archive_or_canonicalize,.agents/skills/onboardingv2/mcp-configure/SKILL.md,.agents,docs_or_research,P2_untracked_intake_review,14809,14809,live_differs_from_snapshot_untracked,not_tracked_current_index,c4f6a8cb6fb94b9304c3d04417be7bd15fc7ee33,e8c02935fc9e3a160cad03cd8913fa264f2e43d8,False
P2_knowledge_data,research_intake_archive_or_canonicalize,.agents/skills/onboardingv2/mcp-configure/references/mcp-config-templates.md,.agents,docs_or_research,P2_untracked_intake_review,8242,8242,live_differs_from_snapshot_untracked,not_tracked_current_index,dfe87436d9c0486521e772de8f1fd279eda6d166,20d4ac9ecf5d381d772008c8f5d1763101dc712a,False
P2_knowledge_data,research_intake_archive_or_canonicalize,.agents/skills/onboardingv2/mcp-configure/references/mcp-ui-links.md,.agents,docs_or_research,P2_untracked_intake_review,3693,3693,live_differs_from_snapshot_untracked,not_tracked_current_index,5e059af7be0a6a6827942af587e64fbe9d0d49a8,ae9084cd7cd2479dcd731db267f227c14aa7ba53,False
P2_knowledge_data,research_intake_archive_or_canonicalize,.agents/skills/onboardingv2/references/1.8-summary.md,.agents,docs_or_research,P2_untracked_intake_review,7750,7750,live_differs_from_snapshot_untracked,not_tracked_current_index,1ca75c3da7d3c84c2419d2ccf9ef77499157abb4,0dde834703de9ec85a64a226d40f64005376132e,False
P2_knowledge_data,research_intake_archive_or_canonicalize,.agents/skills/onboardingv2/references/1.9-editor-rules.md,.agents,docs_or_research,P2_untracked_intake_review,10834,10834,live_differs_from_snapshot_untracked,not_tracked_current_index,feedccc16cc81b69139dc50d1121e37e0f51723c,890c6de430a9b8731eb91584cb29e4e9e7b06247,False
P2_knowledge_data,research_intake_archive_or_canonicalize,.agents/skills/onboardingv2/references/sdk/recipes.md,.agents,docs_or_research,P2_untracked_intake_review,24065,24065,live_differs_from_snapshot_untracked,not_tracked_current_index,ff25a7993b876ecfebe2cf414698b79bc12a7832,1996d31b1784cf84de04799acabee8a0061e8e64,False
P2_knowledge_data,research_intake_archive_or_canonicalize,.agents/skills/onboardingv2/references/sdk/snippets/android-client-sdk.md,.agents,docs_or_research,P2_untracked_intake_review,4253,4253,live_differs_from_snapshot_untracked,not_tracked_current_index,7434939fc0c4674afc16e5ef6dc09defa48bfdc2,5a0ed3dd07e3fc3fb1861090158bab9105488fe4,False
P2_knowledge_data,research_intake_archive_or_canonicalize,.agents/skills/onboardingv2/references/sdk/snippets/apex-server-sdk.md,.agents,docs_or_research,P2_untracked_intake_review,750,750,live_differs_from_snapshot_untracked,not_tracked_current_index,3a5e4aa7ac4df4a2fc8857bde627a79c2bd88eba,87139a35205d55091087d1053ee480a6a5f9f1a1,False
P2_knowledge_data,research_intake_archive_or_canonicalize,.agents/skills/onboardingv2/references/sdk/snippets/browser-frameworks-sdk.md,.agents,docs_or_research,P2_untracked_intake_review,1079,1079,live_differs_from_snapshot_untracked,not_tracked_current_index,ebc8f0159befebc6bdffa4d0c2f116de57c5bdff,832e5998bd26985d36276d2eeab0cfc650bfbbf0,False
P2_knowledge_data,research_intake_archive_or_canonicalize,.agents/skills/onboardingv2/references/sdk/snippets/cpp-client-sdk.md,.agents,docs_or_research,P2_untracked_intake_review,969,969,live_differs_from_snapshot_untracked,not_tracked_current_index,41624d598b87870b6345162c3df8227985e75d80,9ee8740d918dae1ecd78f7dbaed8e8e2d068020c,False
P2_knowledge_data,research_intake_archive_or_canonicalize,.agents/skills/onboardingv2/references/sdk/snippets/cpp-server-sdk.md,.agents,docs_or_research,P2_untracked_intake_review,728,728,live_differs_from_snapshot_untracked,not_tracked_current_index,1558c2999871ecd1e672f37da64912df89d93ccd,4ac5211fb9b97ee47cf3d8f210f949f49bdfe2a5,False
P2_knowledge_data,research_intake_archive_or_canonicalize,.agents/skills/onboardingv2/references/sdk/snippets/dotnet-client-sdk.md,.agents,docs_or_research,P2_untracked_intake_review,1240,1240,live_differs_from_snapshot_untracked,not_tracked_current_index,baf3d5d277740120822b9b0f3aefbad2550ec9c3,9b212dc582085edafad221ad6781f920bc76af08,False
P2_knowledge_data,research_intake_archive_or_canonicalize,.agents/skills/onboardingv2/references/sdk/snippets/dotnet-server-sdk.md,.agents,docs_or_research,P2_untracked_intake_review,3524,3524,live_differs_from_snapshot_untracked,not_tracked_current_index,57e50e73534a099bb07190a2c1b0dff1a24f51a8,d1f9bfe2aa319164ec65b0801bc0c7cd9fd4f326,False
P2_knowledge_data,research_intake_archive_or_canonicalize,.agents/skills/onboardingv2/references/sdk/snippets/edge-sdks.md,.agents,docs_or_research,P2_untracked_intake_review,1943,1943,live_differs_from_snapshot_untracked,not_tracked_current_index,8f7ed44168602ab0acc8bed6d17f533027ac7d27,4cc87680aacc9d482f846279e7ef5ede50bf375c,False
P2_knowledge_data,research_intake_archive_or_canonicalize,.agents/skills/onboardingv2/references/sdk/snippets/electron-client-sdk.md,.agents,docs_or_research,P2_untracked_intake_review,908,908,live_differs_from_snapshot_untracked,not_tracked_current_index,7f59a62433535f10bf5088e13be4434ec865ed6f,3f240e319ca647722eeb47444fd8643701cfc8a1,False
P2_knowledge_data,research_intake_archive_or_canonicalize,.agents/skills/onboardingv2/references/sdk/snippets/erlang-server-sdk.md,.agents,docs_or_research,P2_untracked_intake_review,889,889,live_differs_from_snapshot_untracked,not_tracked_current_index,661e37691f29488184c57c7f0aabf4c092faaae8,b22b579df91688eb19416b4442733ec16447fd5f,False
P2_knowledge_data,research_intake_archive_or_canonicalize,.agents/skills/onboardingv2/references/sdk/snippets/flutter-client-sdk.md,.agents,docs_or_research,P2_untracked_intake_review,1304,1304,live_differs_from_snapshot_untracked,not_tracked_current_index,d847a0db1c34057e4016969526bf68534e3c5888,bd76d9190fe91911ef77a858e9c0abe671d1b29f,False
P2_knowledge_data,research_intake_archive_or_canonicalize,.agents/skills/onboardingv2/references/sdk/snippets/go-server-sdk.md,.agents,docs_or_research,P2_untracked_intake_review,2245,2245,live_differs_from_snapshot_untracked,not_tracked_current_index,26d47c4601ba57ed10f035a04696c1f699dc6610,da6e99ad1857bf32cbae22bb44eaab8b3d5eddac,False
P2_knowledge_data,research_intake_archive_or_canonicalize,.agents/skills/onboardingv2/references/sdk/snippets/haskell-server-sdk.md,.agents,docs_or_research,P2_untracked_intake_review,919,919,live_differs_from_snapshot_untracked,not_tracked_current_index,df4db0accbe3b851b685a110c0a1bc862222cd1f,f9277e8783170279b9909af7dfa4e897e29f69b2,False
P2_knowledge_data,research_intake_archive_or_canonicalize,.agents/skills/onboardingv2/references/sdk/snippets/ios-client-sdk.md,.agents,docs_or_research,P2_untracked_intake_review,4782,4782,live_differs_from_snapshot_untracked,not_tracked_current_index,c733289321a7bb92a2f3ffeba8f01008001bf063,1f3fa75daebe91e7efe4620c0969c4504cd5f347,False
P2_knowledge_data,research_intake_archive_or_canonicalize,.agents/skills/onboardingv2/references/sdk/snippets/java-server-sdk.md,.agents,docs_or_research,P2_untracked_intake_review,3587,3587,live_differs_from_snapshot_untracked,not_tracked_current_index,c872acb630195bce0f33bc2c5fceeea250147f1e,37cf5e049bf4974f4c13b8723b70ee5e94ee135b,False
P2_knowledge_data,research_intake_archive_or_canonicalize,.agents/skills/onboardingv2/references/sdk/snippets/javascript-browser-sdk.md,.agents,docs_or_research,P2_untracked_intake_review,2747,2747,live_differs_from_snapshot_untracked,not_tracked_current_index,1cb1750c626e230458d83b351b12de44e2fceba3,477472e16a585ebe64add875776d7f9adbd51cda,False
P2_knowledge_data,research_intake_archive_or_canonicalize,.agents/skills/onboardingv2/references/sdk/snippets/lua-server-sdk.md,.agents,docs_or_research,P2_untracked_intake_review,1054,1054,live_differs_from_snapshot_untracked,not_tracked_current_index,eac2b9f11ced74bf2b320ec6880fc8bb4005bdd2,cbbd3f568b1cc7ed2dfe02a843895cf1aa7eddbe,False
P2_knowledge_data,research_intake_archive_or_canonicalize,.agents/skills/onboardingv2/references/sdk/snippets/node-client-sdk.md,.agents,docs_or_research,P2_untracked_intake_review,1017,1017,live_differs_from_snapshot_untracked,not_tracked_current_index,e1144ed7accb061b397540109129e1f3e8148114,3db82b0af4e8ca4d6eff2c3419cdb26ac9f28522,False
P2_knowledge_data,research_intake_archive_or_canonicalize,.agents/skills/onboardingv2/references/sdk/snippets/node-server-sdk.md,.agents,docs_or_research,P2_untracked_intake_review,3008,3008,live_differs_from_snapshot_untracked,not_tracked_current_index,505f96fe8790249515e4184f0ada6440dacf44e2,64d98831fcb6d550a134a0a08e41c22d65ca721c,False
P2_knowledge_data,research_intake_archive_or_canonicalize,.agents/skills/onboardingv2/references/sdk/snippets/php-server-sdk.md,.agents,docs_or_research,P2_untracked_intake_review,847,847,live_differs_from_snapshot_untracked,not_tracked_current_index,52557cfa2c11a1cb90b07cb4376866e8b2b92ba7,d830f127fd2b65846a09949110ba8e08e7179a4f,False
P2_knowledge_data,research_intake_archive_or_canonicalize,.agents/skills/onboardingv2/references/sdk/snippets/python-server-sdk.md,.agents,docs_or_research,P2_untracked_intake_review,2921,2921,live_differs_from_snapshot_untracked,not_tracked_current_index,a7d413f863a7913bffa3db14919a7f427f569ab8,7940b06542de8558c1134aaefe0d03b8071c8bf7,False
P2_knowledge_data,research_intake_archive_or_canonicalize,.agents/skills/onboardingv2/references/sdk/snippets/react-native-sdk.md,.agents,docs_or_research,P2_untracked_intake_review,2916,2916,live_differs_from_snapshot_untracked,not_tracked_current_index,701bfbccbc98ea393d6f6520dcecee164886cd83,76eace4e5e230c0685235d697d7a086042889aa0,False
P2_knowledge_data,research_intake_archive_or_canonicalize,.agents/skills/onboardingv2/references/sdk/snippets/react-web-sdk.md,.agents,docs_or_research,P2_untracked_intake_review,2911,2911,live_differs_from_snapshot_untracked,not_tracked_current_index,e6fd97267ce5411ee310d2800e243a48cd80827d,01e5329ce30fcc38f947a3221019703327972e91,False
P2_knowledge_data,research_intake_archive_or_canonicalize,.agents/skills/onboardingv2/references/sdk/snippets/roku-client-sdk.md,.agents,docs_or_research,P2_untracked_intake_review,718,718,live_differs_from_snapshot_untracked,not_tracked_current_index,4ca5cbdbbd13aa48870da8ee066ee3c18e90493a,059c8f504c409e4509ad35d02377f36fa5d2985a,False
P2_knowledge_data,research_intake_archive_or_canonicalize,.agents/skills/onboardingv2/references/sdk/snippets/ruby-server-sdk.md,.agents,docs_or_research,P2_untracked_intake_review,934,934,live_differs_from_snapshot_untracked,not_tracked_current_index,6f37807970a9b47adca5dbd797103e95f5027e07,dd9ba5e37ded03f403f4505eae06e0cd7d5116a8,False
P2_knowledge_data,research_intake_archive_or_canonicalize,.agents/skills/onboardingv2/references/sdk/snippets/rust-server-sdk.md,.agents,docs_or_research,P2_untracked_intake_review,866,866,live_differs_from_snapshot_untracked,not_tracked_current_index,64a4c168c6ea3de92ffdd753e6082aace7f7d8e5,b95e3c230bec534bf6b7c68a2e743eb904ecd933,False
P2_knowledge_data,research_intake_archive_or_canonicalize,.agents/skills/onboardingv2/references/sdk/snippets/vue-client-sdk.md,.agents,docs_or_research,P2_untracked_intake_review,765,765,live_differs_from_snapshot_untracked,not_tracked_current_index,cb85a8ace62009a3ce116c13812b46f076f2c16e,151777876742d6a2c21d01c5fb261e1d885eb9a6,False
P2_knowledge_data,research_intake_archive_or_canonicalize,.agents/skills/onboardingv2/sdk-install/SKILL.md,.agents,docs_or_research,P2_untracked_intake_review,5148,5148,live_differs_from_snapshot_untracked,not_tracked_current_index,bf2fd7366d62989ccdcb9268e65e268b4f6be7cd,f11c7c89aedde9679ab50e5f7ad58dd45a1128cb,False
P2_knowledge_data,research_intake_archive_or_canonicalize,.agents/skills/onboardingv2/sdk-install/apply/SKILL.md,.agents,docs_or_research,P2_untracked_intake_review,14445,14445,live_differs_from_snapshot_untracked,not_tracked_current_index,ef115a7c8dd66eba99df4e411d8981ac434b873b,77249539afc49fc872789828cc9e10dc909cf063,False
P2_knowledge_data,research_intake_archive_or_canonicalize,.agents/skills/onboardingv2/sdk-install/detect/SKILL.md,.agents,docs_or_research,P2_untracked_intake_review,12494,12494,live_differs_from_snapshot_untracked,not_tracked_current_index,48d1bc32cc1c6e956ee0549210e5914d5ce7fbc2,9b5912a7dcd7fcad5734594b64973ebed78c7714,False
P2_knowledge_data,research_intake_archive_or_canonicalize,.agents/skills/onboardingv2/sdk-install/plan/SKILL.md,.agents,docs_or_research,P2_untracked_intake_review,10264,10264,live_differs_from_snapshot_untracked,not_tracked_current_index,f82eea1d0b86f3dd64d3d5efff8b9ed50f4a3727,431306a0218a3e9c6ae7522607556215060d618b,False
P2_knowledge_data,dataset_benchmark_registry_preserve_do_not_track_blindly,benchmarks/digitalocean/do_correctness.csv,benchmarks,data_or_benchmark,P2_untracked_intake_review,41888,41888,live_differs_from_snapshot_untracked,not_tracked_current_index,d3a6c88fa9a50f2d7681d20aa733406637b95488,948e7d769290f06a20dca69686713b8be84b3cfe,False
P2_knowledge_data,dataset_benchmark_registry_preserve_do_not_track_blindly,benchmarks/digitalocean/do_full_suite.csv,benchmarks,data_or_benchmark,P2_untracked_intake_review,50165,50165,live_differs_from_snapshot_untracked,not_tracked_current_index,e6310429ce5a37e98665e65707c1b869814c950f,80a829f8f988751ed2aaa6cf34cc1c823b67ec7c,False
P2_knowledge_data,dataset_benchmark_registry_preserve_do_not_track_blindly,benchmarks/digitalocean/do_governance.csv,benchmarks,data_or_benchmark,P2_untracked_intake_review,61342,61342,live_differs_from_snapshot_untracked,not_tracked_current_index,f31bc8852b59558eb7b6073f3584cb4137c13558,15f69020b49c0c598b9d6e22558cdc36a6f09c33,False
P2_knowledge_data,dataset_benchmark_registry_preserve_do_not_track_blindly,benchmarks/digitalocean/do_safety.csv,benchmarks,data_or_benchmark,P2_untracked_intake_review,43278,43278,live_differs_from_snapshot_untracked,not_tracked_current_index,e4683bda6728a9263994ec28c92222f114d682d8,f9816ac9e9ba2875008260054d24717bc8de384d,False
P2_knowledge_data,dataset_benchmark_registry_preserve_do_not_track_blindly,benchmarks/digitalocean/do_user_outcomes.csv,benchmarks,data_or_benchmark,P2_untracked_intake_review,104762,104762,live_differs_from_snapshot_untracked,not_tracked_current_index,dcc5ad12b467e80e4f2c344aee34cc009986f3cf,649b535c8d58b095f71e7468a55e99d26082b462,False
P2_knowledge_data,dataset_benchmark_registry_preserve_do_not_track_blindly,benchmarks/digitalocean/knowledge_bases/governance/kb_manifest.json,benchmarks,data_or_benchmark,P2_untracked_intake_review,2831,2831,live_differs_from_snapshot_untracked,not_tracked_current_index,bd7e53630940d27f25c9ab3cf2c7e4c7d72ce4e2,7d720f94e9cf0ab2394e94061ffbb14558bceac6,False
P2_knowledge_data,dataset_benchmark_registry_preserve_do_not_track_blindly,benchmarks/digitalocean/knowledge_bases/operations/agent_registry.yaml,benchmarks,data_or_benchmark,P2_untracked_intake_review,1352,1352,live_differs_from_snapshot_untracked,not_tracked_current_index,763c00328daab8eaca97aecf1f8554f0c49cb0fd,e2e6ff3593918def6c180769605703bf4e6a841e,False
P2_knowledge_data,dataset_benchmark_registry_preserve_do_not_track_blindly,benchmarks/digitalocean/knowledge_bases/operations/kb_manifest.json,benchmarks,data_or_benchmark,P2_untracked_intake_review,2541,2541,live_differs_from_snapshot_untracked,not_tracked_current_index,3dc30ab651f7577fd4ec1c04a5f1a7a92f2e8d36,f7201015866936d46ad681650e08d521b9207fb2,False
P2_knowledge_data,dataset_benchmark_registry_preserve_do_not_track_blindly,benchmarks/digitalocean/knowledge_bases/research/kb_manifest.json,benchmarks,data_or_benchmark,P2_untracked_intake_review,3612,3612,live_differs_from_snapshot_untracked,not_tracked_current_index,40a8612b28f718e814b68e94ae9bad691481be42,0bd864688821eefdc668feb1ded49a4ee05e42a8,False
P2_knowledge_data,dataset_benchmark_registry_preserve_do_not_track_blindly,benchmarks/do_kb/bright_retrieval_eval.jsonl,benchmarks,data_or_benchmark,P2_untracked_intake_review,783295,783295,live_differs_from_snapshot_untracked,not_tracked_current_index,d75eddd43810395bed7dced5968e93cc1901158d,a0c20ba239f7ecb544a58716f6b99e77d92bae8e,False
P2_knowledge_data,dataset_benchmark_registry_preserve_do_not_track_blindly,benchmarks/do_kb/celestia_kb_baseline.jsonl,benchmarks,data_or_benchmark,P2_untracked_intake_review,1872541,1872541,live_differs_from_snapshot_untracked,not_tracked_current_index,a2ae8c528b1851d690483374bd4f9fc017fa8b49,2b8ed932654613709daeac9e7b127a4f9c3782f6,False
P2_knowledge_data,dataset_benchmark_registry_preserve_do_not_track_blindly,benchmarks/do_kb/wikipedia_retrieval_baseline.jsonl,benchmarks,data_or_benchmark,P2_untracked_intake_review,581922,581922,live_differs_from_snapshot_untracked,not_tracked_current_index,07ee0bc18fad68dacc8a866c08cae54a2ac0168a,6deb067e85e0ac2fbb335860afdc0ec9e7b704ec,False
P2_knowledge_data,dataset_benchmark_registry_preserve_do_not_track_blindly,benchmarks/eggroll/mathvista_foundry.jsonl,benchmarks,data_or_benchmark,P2_untracked_intake_review,711666,711666,live_differs_from_snapshot_untracked,not_tracked_current_index,479f78836f319ff8465d3ed311ea329fd8731fdd,528d27f07e51e43a5de5c697060f7f74c5051143,False
P2_knowledge_data,dataset_benchmark_registry_preserve_do_not_track_blindly,benchmarks/eggroll/scienceqa_foundry.jsonl,benchmarks,data_or_benchmark,P2_untracked_intake_review,1947876,1947876,live_differs_from_snapshot_untracked,not_tracked_current_index,4974346f1369792b8937559682842f30f05f2eac,00fc9203b8da5dcace905c6f0f78c3b7365bd419,False
P2_knowledge_data,dataset_benchmark_registry_preserve_do_not_track_blindly,benchmarks/eggroll/sudoku_extreme_procedural.jsonl,benchmarks,data_or_benchmark,P2_untracked_intake_review,1075464,1075464,live_differs_from_snapshot_untracked,not_tracked_current_index,4348c89556e090b62b3b59e0d2db23a3ea066c10,c10b219c5568da0877d91e7df8e6cbb028a4b019,False
P2_knowledge_data,dataset_benchmark_registry_preserve_do_not_track_blindly,benchmarks/merge_manifest.json,benchmarks,data_or_benchmark,P2_untracked_intake_review,5031,5031,live_differs_from_snapshot_untracked,not_tracked_current_index,c488fae1884955166aa53a2e9ed384c648601f70,3be66ca0b5f0dd4f0b3158c3d308ee4fc52dc107,False
P2_knowledge_data,dataset_benchmark_registry_preserve_do_not_track_blindly,benchmarks/opusman_eval/dataset_manifest.json,benchmarks,data_or_benchmark,P2_untracked_intake_review,1587,1587,live_differs_from_snapshot_untracked,not_tracked_current_index,2ffcfde2f2d7bedbe531517c055ecaa14ff0cdf2,fe98bd304d323cf39bf9db1afc579620185d40c2,False
P2_knowledge_data,dataset_benchmark_registry_preserve_do_not_track_blindly,benchmarks/opusman_eval/humanevalpack_foundry.jsonl,benchmarks,data_or_benchmark,P2_untracked_intake_review,278047,278047,live_differs_from_snapshot_untracked,not_tracked_current_index,813acc5dee37dcfc4289be3e80c9a04afd81284c,2ed841b785ed5790db40ddbfa2b44fa7b9ff723b,False
P2_knowledge_data,dataset_benchmark_registry_preserve_do_not_track_blindly,benchmarks/opusman_eval/math500_foundry.jsonl,benchmarks,data_or_benchmark,P2_untracked_intake_review,258781,258781,live_differs_from_snapshot_untracked,not_tracked_current_index,28f819c32afa5b08b3ae1ee3ce2098f9b7d00a05,c7ada4b55de8bcbcf0a60e202b931fbe99cb3989,False
P2_knowledge_data,dataset_benchmark_registry_preserve_do_not_track_blindly,benchmarks/opusman_eval/octocoding_foundry.jsonl,benchmarks,data_or_benchmark,P2_untracked_intake_review,191582,191582,live_differs_from_snapshot_untracked,not_tracked_current_index,04de037f8775d280cacee94d932a90f9d9037a60,763bcdfd0e778ac212a294242ab5606ef4a9542e,False
P2_knowledge_data,dataset_benchmark_registry_preserve_do_not_track_blindly,benchmarks/opusman_eval/results/eval_opusman_20260427_003556.json,benchmarks,data_or_benchmark,P2_untracked_intake_review,980,980,live_differs_from_snapshot_untracked,not_tracked_current_index,29aec8f4dc2d5dc7aab27acd2a910414a69d77b5,ccb4730f309025580365198d377f01c0e70c5d4a,False
P2_knowledge_data,dataset_benchmark_registry_preserve_do_not_track_blindly,benchmarks/orchestrator_eval/dataset_manifest.json,benchmarks,data_or_benchmark,P2_untracked_intake_review,1597,1597,live_differs_from_snapshot_untracked,not_tracked_current_index,a36d097f69cec606c7213fae2a4ddd6b7a149745,f9146da223d9a3bd20edba0bf9e9506574500769,False
P2_knowledge_data,dataset_benchmark_registry_preserve_do_not_track_blindly,benchmarks/orchestrator_eval/humanevalpack_foundry.jsonl,benchmarks,data_or_benchmark,P2_untracked_intake_review,278047,278047,live_differs_from_snapshot_untracked,not_tracked_current_index,813acc5dee37dcfc4289be3e80c9a04afd81284c,2ed841b785ed5790db40ddbfa2b44fa7b9ff723b,False
P2_knowledge_data,dataset_benchmark_registry_preserve_do_not_track_blindly,benchmarks/orchestrator_eval/math500_foundry.jsonl,benchmarks,data_or_benchmark,P2_untracked_intake_review,308781,308781,live_differs_from_snapshot_untracked,not_tracked_current_index,2d86d5d17df964e7237119f5730bd6cdb09b9536,477e407a13663771806500e4ce35a7241a022bd1,False
P2_knowledge_data,dataset_benchmark_registry_preserve_do_not_track_blindly,benchmarks/state/dataset_quality/contest_state.json,benchmarks,data_or_benchmark,P2_untracked_intake_review,196,196,live_differs_from_snapshot_untracked,not_tracked_current_index,6ba38838d7a0463bb77f9f16607484b75ac5126a,96a9bfe7bdb391a867dbd201683dc581332ec205,False
P2_knowledge_data,dataset_benchmark_registry_preserve_do_not_track_blindly,benchmarks/state/dataset_quality/dedup_map.json,benchmarks,data_or_benchmark,P2_untracked_intake_review,2710,2710,live_differs_from_snapshot_untracked,not_tracked_current_index,6931e76be8b56bf2809d0dd24a58bc3afca3cf39,fd67eaf181f1221b9803bbced51a7db10c5edc0f,False
P2_knowledge_data,dataset_benchmark_registry_preserve_do_not_track_blindly,benchmarks/state/dataset_quality/quality_matrix.json,benchmarks,data_or_benchmark,P2_untracked_intake_review,19581,19581,live_differs_from_snapshot_untracked,not_tracked_current_index,145cecde50bbc899980dcf6890f04113c0dc870a,98aa6cfca32dd6e96fe94933f9ee58198608d973,False
P2_knowledge_data,dataset_benchmark_registry_preserve_do_not_track_blindly,benchmarks/state/dataset_quality/source_registry.json,benchmarks,data_or_benchmark,P2_untracked_intake_review,38439,38439,live_differs_from_snapshot_untracked,not_tracked_current_index,735461bf6e611a33b07cfd2a779161681ccf9833,f841483b321e1db70661215dd42bcc676b185811,False
P2_knowledge_data,dataset_benchmark_registry_preserve_do_not_track_blindly,benchmarks/stress_lab/calibrate_tc_v7_20260602_110145.json,benchmarks,data_or_benchmark,P2_untracked_intake_review,2801,2801,live_differs_from_snapshot_untracked,not_tracked_current_index,23d9f489c3f079de611fa05ca15974247c519b9d,abf518d1f50f3917a53d7d08e4ecbd80892bd696,False
P2_knowledge_data,dataset_benchmark_registry_preserve_do_not_track_blindly,benchmarks/stress_lab/calibrate_tc_v7_20260602_200404.json,benchmarks,data_or_benchmark,P2_untracked_intake_review,2801,2801,live_differs_from_snapshot_untracked,not_tracked_current_index,8d0301c11e010ef2b8de08145372ef3142425dcf,f47e3f7b2f971af30bb1fbe1b25b29a3f973fbf4,False
P2_knowledge_data,dataset_benchmark_registry_preserve_do_not_track_blindly,benchmarks/stress_lab/calibrate_tc_v7_20260602_200417.json,benchmarks,data_or_benchmark,P2_untracked_intake_review,2801,2801,live_differs_from_snapshot_untracked,not_tracked_current_index,db19d8d73b9ed59a1134fb4dcd8f89a42b8c1802,7bae085674361f74ba3c865725d222a578f1e283,False
P2_knowledge_data,dataset_benchmark_registry_preserve_do_not_track_blindly,benchmarks/stress_lab/calibrate_tc_v7_suggest_20260602_110354.json,benchmarks,data_or_benchmark,P2_untracked_intake_review,5633,5633,live_differs_from_snapshot_untracked,not_tracked_current_index,dd48c6729b37706410ab9a9864a27d29cd1b43e0,909ba7ccd3bcc03e369b382fb187d3e9c98137d9,False
P2_knowledge_data,dataset_benchmark_registry_preserve_do_not_track_blindly,benchmarks/stress_lab/calibrate_tc_v7_suggest_20260602_200425.json,benchmarks,data_or_benchmark,P2_untracked_intake_review,5633,5633,live_differs_from_snapshot_untracked,not_tracked_current_index,dd48c6729b37706410ab9a9864a27d29cd1b43e0,909ba7ccd3bcc03e369b382fb187d3e9c98137d9,False
P2_knowledge_data,dataset_benchmark_registry_preserve_do_not_track_blindly,benchmarks/stress_lab/chem_security_admet.jsonl,benchmarks,data_or_benchmark,P2_untracked_intake_review,473118,473118,live_differs_from_snapshot_untracked,not_tracked_current_index,73651496fcc28a40dcfe616d49314ee5957418c5,cc5f82eb9e866f6c6231778466f4d3366090031d,False
P2_knowledge_data,dataset_benchmark_registry_preserve_do_not_track_blindly,benchmarks/stress_lab/chembench_stress.jsonl,benchmarks,data_or_benchmark,P2_untracked_intake_review,1155810,1155810,live_differs_from_snapshot_untracked,not_tracked_current_index,0c18cad4b2d18dc019dfd31eec5a1d7e6eeec661,f4f14b98d08971cc082741cb59d525501be0a371,False
P2_knowledge_data,dataset_benchmark_registry_preserve_do_not_track_blindly,benchmarks/stress_lab/crossval_report.json,benchmarks,data_or_benchmark,P2_untracked_intake_review,4598,4598,live_differs_from_snapshot_untracked,not_tracked_current_index,59ce6f823f6fcf43a9a7adf216bad5b5bdde4222,b87ee65c43ca0bb269f3273333635cfcbe6e4ffc,False
P2_knowledge_data,dataset_benchmark_registry_preserve_do_not_track_blindly,benchmarks/stress_lab/eggroll_code_reasoning_supplement.jsonl,benchmarks,data_or_benchmark,P2_untracked_intake_review,1755651,1755651,live_differs_from_snapshot_untracked,not_tracked_current_index,e952f56b6089efc9546d7ec9f1cfacf240160735,48c00ce663ad668b4cc4eb57adc78524def41b3e,False
P2_knowledge_data,dataset_benchmark_registry_preserve_do_not_track_blindly,benchmarks/stress_lab/eggroll_config_claude-opus-4.6.json,benchmarks,data_or_benchmark,P2_untracked_intake_review,793,793,live_differs_from_snapshot_untracked,not_tracked_current_index,cf4448090ef0b9f4769694187215d510855136b2,6536f8e3a82ea9e329bd96c1838433bbe693e73f,False
P2_knowledge_data,dataset_benchmark_registry_preserve_do_not_track_blindly,benchmarks/stress_lab/eggroll_config_deepseek-r1.json,benchmarks,data_or_benchmark,P2_untracked_intake_review,790,790,live_differs_from_snapshot_untracked,not_tracked_current_index,5b040239920ba2e5f43b7ca75a3cc7287f64ce62,53e6a3956c12e31a8eac649eea2921ab4cc89f31,False
P2_knowledge_data,dataset_benchmark_registry_preserve_do_not_track_blindly,benchmarks/stress_lab/eggroll_config_gpt-5.4.json,benchmarks,data_or_benchmark,P2_untracked_intake_review,785,785,live_differs_from_snapshot_untracked,not_tracked_current_index,2b1d36a3ad9c1f5fd2fd89be918485e491b5ebf7,f882394cff89c54b2fa5de025b94938fb8baf219,False
P2_knowledge_data,dataset_benchmark_registry_preserve_do_not_track_blindly,benchmarks/stress_lab/eggroll_config_kimi-k2.6.json,benchmarks,data_or_benchmark,P2_untracked_intake_review,787,787,live_differs_from_snapshot_untracked,not_tracked_current_index,5fa459ccb0cb050944f268be8a22db52eaeead91,c9fc327cb8e16d312e2c18df3b14cd50388e25e3,False
P2_knowledge_data,dataset_benchmark_registry_preserve_do_not_track_blindly,benchmarks/stress_lab/eggroll_governance_config.json,benchmarks,data_or_benchmark,P2_untracked_intake_review,1511,1511,live_differs_from_snapshot_untracked,not_tracked_current_index,550f0d939714bcdd4c2d4a7529a13fd6c6870077,1396729af54796e8ef7e241bd7c4e63023f3df11,False
P2_knowledge_data,dataset_benchmark_registry_preserve_do_not_track_blindly,benchmarks/stress_lab/finance_governance_stress.jsonl,benchmarks,data_or_benchmark,P2_untracked_intake_review,399225,399225,live_differs_from_snapshot_untracked,not_tracked_current_index,be2b7cbbf44b21dfd2741b2f03e674f431a06fa8,ed80f1e3785dde6b1bb0177daf3c090bdad93f03,False
P2_knowledge_data,dataset_benchmark_registry_preserve_do_not_track_blindly,benchmarks/stress_lab/gap_analysis.json,benchmarks,data_or_benchmark,P2_untracked_intake_review,7776,7776,live_differs_from_snapshot_untracked,not_tracked_current_index,eb5b32fde760d3fd91c489aebd5385a5b5dee93d,f7c968a6fa00e3d4034629fb5d80571ace85c53e,False
P2_knowledge_data,dataset_benchmark_registry_preserve_do_not_track_blindly,benchmarks/stress_lab/gap_quantification.json,benchmarks,data_or_benchmark,P2_untracked_intake_review,5274,5274,live_differs_from_snapshot_untracked,not_tracked_current_index,250dc3856fff1d12657b2146642813bbdc478aad,5a106e6e839b55181751dc7fffc37334bae7ad20,False
P2_knowledge_data,dataset_benchmark_registry_preserve_do_not_track_blindly,benchmarks/stress_lab/governance_eval_results.json,benchmarks,data_or_benchmark,P2_untracked_intake_review,31225,31225,live_differs_from_snapshot_untracked,not_tracked_current_index,d80b5755dd0d1984cffd2f61740c0448dd9ebe48,f789ee71c98cd3be50cf8e007a3650b772d2eacf,False
P2_knowledge_data,dataset_benchmark_registry_preserve_do_not_track_blindly,benchmarks/stress_lab/healthbench_medical_stress.jsonl,benchmarks,data_or_benchmark,P2_untracked_intake_review,1454843,1454843,live_differs_from_snapshot_untracked,not_tracked_current_index,c1f8c95efb9c910202ce356466533c06de2e4170,f3213f13e3c62f5d602c5d85e7c1300434f2745d,False
P2_knowledge_data,dataset_benchmark_registry_preserve_do_not_track_blindly,benchmarks/stress_lab/isc_foundry_cross_stress.jsonl,benchmarks,data_or_benchmark,P2_untracked_intake_review,1362502,1362502,live_differs_from_snapshot_untracked,not_tracked_current_index,f965d8755240ed7bf1c121d28e7187ad8fc66c95,67aafa0352e31292c4b010db1f9b3efbab6eb6d9,False
P2_knowledge_data,dataset_benchmark_registry_preserve_do_not_track_blindly,benchmarks/stress_lab/isc_governance_stress.jsonl,benchmarks,data_or_benchmark,P2_untracked_intake_review,74929,74929,live_differs_from_snapshot_untracked,not_tracked_current_index,2635516976cc8e782ff54c1b30be0282e412b0f8,bcb9936a8fae1aab98e6869edaa94477c21e935c,False
P2_knowledge_data,dataset_benchmark_registry_preserve_do_not_track_blindly,benchmarks/stress_lab/model_vulnerability_heatmap.json,benchmarks,data_or_benchmark,P2_untracked_intake_review,673,673,live_differs_from_snapshot_untracked,not_tracked_current_index,a4919b6812508841af3a1acf7ed04d499a2f8de8,136fef7c727799f79a18e62e0850007f8141f091,False
P2_knowledge_data,dataset_benchmark_registry_preserve_do_not_track_blindly,benchmarks/stress_lab/nexus_frontier_v5_gov_bypass.jsonl,benchmarks,data_or_benchmark,P2_untracked_intake_review,1826084,1826084,live_differs_from_snapshot_untracked,not_tracked_current_index,0d403701bd89c330b38d7f571cdf69967beb2b10,d7515940ab6171f6758b59f5f8a7959922797031,False
P2_knowledge_data,dataset_benchmark_registry_preserve_do_not_track_blindly,benchmarks/stress_lab/nexus_frontier_v5_gray_area.jsonl,benchmarks,data_or_benchmark,P2_untracked_intake_review,2032828,2032828,live_differs_from_snapshot_untracked,not_tracked_current_index,f259d0207ef139d7a1a6a7e1bb8346f7e9c2d823,50e28cf60d7e5f828eae7376a7a952472d6e0f91,False
P2_knowledge_data,dataset_benchmark_registry_preserve_do_not_track_blindly,benchmarks/stress_lab/nexus_frontier_v5_jailbreak.jsonl,benchmarks,data_or_benchmark,P2_untracked_intake_review,1532591,1532591,live_differs_from_snapshot_untracked,not_tracked_current_index,fa52f3f9907ef998e844669ae8e24247c5a31375,9ed3419e337be708f3d457a0dfd9cab6dd067e50,False
P2_knowledge_data,dataset_benchmark_registry_preserve_do_not_track_blindly,benchmarks/stress_lab/nexus_frontier_v5_mcp_contamination.jsonl,benchmarks,data_or_benchmark,P2_untracked_intake_review,2072452,2072452,live_differs_from_snapshot_untracked,not_tracked_current_index,e5a5d99a1bb0ae662c20e722d73440eac262d512,c8ca92c15411c1102977dccf87e3e11541aed790,False
P2_knowledge_data,dataset_benchmark_registry_preserve_do_not_track_blindly,benchmarks/stress_lab/nexus_frontier_v5_memory_poison.jsonl,benchmarks,data_or_benchmark,P2_untracked_intake_review,1950161,1950161,live_differs_from_snapshot_untracked,not_tracked_current_index,b68fa99a5bc0eeedd0f21c363d58a9c13223bacb,507728ca2683b742ce6b07bcdb7247579376a4da,False
P2_knowledge_data,dataset_benchmark_registry_preserve_do_not_track_blindly,benchmarks/stress_lab/nexus_frontier_v5_scored_thermo.jsonl,benchmarks,data_or_benchmark,P2_untracked_intake_review,1294012,1294012,live_differs_from_snapshot_untracked,not_tracked_current_index,fcf35c33c24e6227f0b1a6501c3e8eaf47f93589,6b35e45252da871c9468adadef949452e1b2688c,False
P2_knowledge_data,dataset_benchmark_registry_preserve_do_not_track_blindly,benchmarks/stress_lab/nexus_frontier_v5_scored_thermo_fine_tuning.jsonl,benchmarks,data_or_benchmark,P2_untracked_intake_review,913035,913035,live_differs_from_snapshot_untracked,not_tracked_current_index,5a251c524ac308c217f9a03a257fc210c2a8cffc,423a6085d7c4c43567cadde4507572e7f832e424,False
P2_knowledge_data,dataset_benchmark_registry_preserve_do_not_track_blindly,benchmarks/stress_lab/nexus_frontier_v5_vacuum.jsonl,benchmarks,data_or_benchmark,P2_untracked_intake_review,1398724,1398724,live_differs_from_snapshot_untracked,not_tracked_current_index,f2f0fca7aa9a6217ba2fb58f6977c50dee5991ef,283f4d4d4ca4e8067ff9b9d967888390cf752121,False
P2_knowledge_data,dataset_benchmark_registry_preserve_do_not_track_blindly,benchmarks/stress_lab/nexus_novel_cross_category_v4.jsonl,benchmarks,data_or_benchmark,P2_untracked_intake_review,2054825,2054825,live_differs_from_snapshot_untracked,not_tracked_current_index,fdc1631adb3ad1eae8cb13c2359a30caba41148f,c2503b481ba5212e723ad0925513be39fbea031e,False
P2_knowledge_data,dataset_benchmark_registry_preserve_do_not_track_blindly,benchmarks/stress_lab/nexus_redteam_isc_v5.jsonl,benchmarks,data_or_benchmark,P2_untracked_intake_review,690685,690685,live_differs_from_snapshot_untracked,not_tracked_current_index,18528bbec255d46d39f4b3a983af02be06de19ae,6e1b65a9aa26f1a35b3aa558a6b24b6bef12485d,False
P2_knowledge_data,dataset_benchmark_registry_preserve_do_not_track_blindly,benchmarks/stress_lab/nexus_stress_lab_v3.jsonl,benchmarks,data_or_benchmark,P2_untracked_intake_review,659224,659224,live_differs_from_snapshot_untracked,not_tracked_current_index,c383912edee8dd724563344ee4b2a50c449a3ff0,fc84f3e3e4781b772075e65654951a598180272f,False
P2_knowledge_data,dataset_benchmark_registry_preserve_do_not_track_blindly,benchmarks/stress_lab/nexus_stress_v10_fenrir_novel.jsonl,benchmarks,data_or_benchmark,P2_untracked_intake_review,81335,81335,live_differs_from_snapshot_untracked,not_tracked_current_index,7105be3e7d6ed63600392b8da02c9b607b455ebb,e07f638b28515f06424011f70ed9879328c35426,False
P2_knowledge_data,dataset_benchmark_registry_preserve_do_not_track_blindly,benchmarks/stress_lab/nexus_stress_v11_adversarial.jsonl,benchmarks,data_or_benchmark,P2_untracked_intake_review,72100,72100,live_differs_from_snapshot_untracked,not_tracked_current_index,b94b77662427486043ba603df66eae4052e64179,a02030b63721ca827bb9acddd98dc6905cfcd968,False
P2_knowledge_data,dataset_benchmark_registry_preserve_do_not_track_blindly,benchmarks/stress_lab/nexus_stress_v5_document_injection.jsonl,benchmarks,data_or_benchmark,P2_untracked_intake_review,231617,231617,live_differs_from_snapshot_untracked,not_tracked_current_index,4af4bb65a058150926ba249488180e8d4c05770d,a10a19ffc7568c380dea582aa7e39791876f9fe1,False
P2_knowledge_data,dataset_benchmark_registry_preserve_do_not_track_blindly,benchmarks/stress_lab/nexus_stress_v5_mcp_surface.jsonl,benchmarks,data_or_benchmark,P2_untracked_intake_review,182756,182756,live_differs_from_snapshot_untracked,not_tracked_current_index,b734180dd56d698610ef17817046b07a2e9b3474,e6306711f93384b610bb47af31eca17c2f886409,False
P2_knowledge_data,dataset_benchmark_registry_preserve_do_not_track_blindly,benchmarks/stress_lab/nexus_stress_v5_payload_conversion.jsonl,benchmarks,data_or_benchmark,P2_untracked_intake_review,643020,643020,live_differs_from_snapshot_untracked,not_tracked_current_index,62d22fa600a7952319cebe9bd176c49ce263ab99,bc6d17c8f9f7ba9171c8ffbc2ca3e9b26cf608f6,False
P2_knowledge_data,dataset_benchmark_registry_preserve_do_not_track_blindly,benchmarks/stress_lab/nexus_stress_v5_payload_fine_tuning.jsonl,benchmarks,data_or_benchmark,P2_untracked_intake_review,971886,971886,live_differs_from_snapshot_untracked,not_tracked_current_index,455a9ce2ad55776c72330e383d2c19b5fe5fd123,9e3d26bbf04331c7672676166b6c8965198a339e,False
P2_knowledge_data,dataset_benchmark_registry_preserve_do_not_track_blindly,benchmarks/stress_lab/nexus_stress_v6_tamas_base.jsonl,benchmarks,data_or_benchmark,P2_untracked_intake_review,371627,371627,live_differs_from_snapshot_untracked,not_tracked_current_index,cf7c92ad5ffb81f6a7ed66ed20045bbd89275d82,625494d32d7284f8cb104f443760fa63fa1392e7,False
P2_knowledge_data,dataset_benchmark_registry_preserve_do_not_track_blindly,benchmarks/stress_lab/nexus_stress_v6_tamas_fine_tuning.jsonl,benchmarks,data_or_benchmark,P2_untracked_intake_review,432290,432290,live_differs_from_snapshot_untracked,not_tracked_current_index,0270fae2bc62d7f8b9c24af8cb9886d9863133b5,f035f86a2e2be8746d4160b81179f3f527669785,False
P2_knowledge_data,dataset_benchmark_registry_preserve_do_not_track_blindly,benchmarks/stress_lab/nexus_stress_v6_tool_base.jsonl,benchmarks,data_or_benchmark,P2_untracked_intake_review,336642,336642,live_differs_from_snapshot_untracked,not_tracked_current_index,8645a158605a6a82a5fdb11c92ef11e0237ac39e,a54537f8efac62cca8c23b0b8910cec8feefb941,False
P2_knowledge_data,dataset_benchmark_registry_preserve_do_not_track_blindly,benchmarks/stress_lab/nexus_stress_v6_tool_fine_tuning.jsonl,benchmarks,data_or_benchmark,P2_untracked_intake_review,394242,394242,live_differs_from_snapshot_untracked,not_tracked_current_index,451110f5d5c8f6a34bd673bc0a85dcf2fb6b3767,b541d3bb3d6aef45db32a0863050e7f7f7a80c76,False
P2_knowledge_data,dataset_benchmark_registry_preserve_do_not_track_blindly,benchmarks/stress_lab/nexus_stress_v8_gross.jsonl,benchmarks,data_or_benchmark,P2_untracked_intake_review,76672,76672,live_differs_from_snapshot_untracked,not_tracked_current_index,a2b0d4b08b66744b5ed0ac8481127f04a0118184,cd5405f01783cca33432f00a78522c5b2cc9cf48,False
P2_knowledge_data,dataset_benchmark_registry_preserve_do_not_track_blindly,benchmarks/stress_lab/premium_provider_validation_20260602_105836.json,benchmarks,data_or_benchmark,P2_untracked_intake_review,1210,1210,live_differs_from_snapshot_untracked,not_tracked_current_index,4c2dff7a67ed089877b942e9e30d7661c3ca4ffd,e47b968b2b6996a6c1a1d7fa993074809e907f10,False
P2_knowledge_data,dataset_benchmark_registry_preserve_do_not_track_blindly,benchmarks/stress_lab/stress_lab_manifest.json,benchmarks,data_or_benchmark,P2_untracked_intake_review,658,658,live_differs_from_snapshot_untracked,not_tracked_current_index,fc3e4c37f25a57db7df386f96d0248134071d818,f8256e5f158eae3bca4c1bb09e2d467bb13494e2,False
P2_knowledge_data,dataset_benchmark_registry_preserve_do_not_track_blindly,benchmarks/stress_lab/stress_lab_manifest_v2.json,benchmarks,data_or_benchmark,P2_untracked_intake_review,814,814,live_differs_from_snapshot_untracked,not_tracked_current_index,d7909bd5746329a19d09f9f5a46747412e75fcc6,358048bfff02da00f5eae251e385df39f14a8396,False
P2_knowledge_data,dataset_benchmark_registry_preserve_do_not_track_blindly,benchmarks/stress_lab/stress_lab_manifest_v3.json,benchmarks,data_or_benchmark,P2_untracked_intake_review,3250,3250,live_differs_from_snapshot_untracked,not_tracked_current_index,9e5ea56acc4fe5672eecd77f59c8b6a49ceaa594,315e28a42a1b95c7d08405f174d3d18eb524bf80,False
P2_knowledge_data,dataset_benchmark_registry_preserve_do_not_track_blindly,benchmarks/stress_lab/stresslab_bouncer_v3_20260602_104602.json,benchmarks,data_or_benchmark,P2_untracked_intake_review,51295,51295,live_differs_from_snapshot_untracked,not_tracked_current_index,75b3841ff5fd5fdb9e0a721be0501ce363505e1b,c2387b3f3e427c866ec7947c2cec69df66c592e2,False
P2_knowledge_data,dataset_benchmark_registry_preserve_do_not_track_blindly,benchmarks/stress_lab/stresslab_full_20260524.json,benchmarks,data_or_benchmark,P2_untracked_intake_review,1096,1096,live_differs_from_snapshot_untracked,not_tracked_current_index,ba3b8def50a3b93d4cbd34dfcca115072a4e8ee2,4dbb162548b7d5aeb70197eb868d578b05254fe1,False
P2_knowledge_data,dataset_benchmark_registry_preserve_do_not_track_blindly,benchmarks/stress_lab/stresslab_guard_plane_200_20260524.json,benchmarks,data_or_benchmark,P2_untracked_intake_review,834,834,live_differs_from_snapshot_untracked,not_tracked_current_index,acd2097646a01a0e1e0894f15ac25e9cbb5604d1,0863c27dad91b0d5210636a24ede828c981c7909,False
P2_knowledge_data,dataset_benchmark_registry_preserve_do_not_track_blindly,benchmarks/stress_lab/stresslab_guard_plane_20260524.json,benchmarks,data_or_benchmark,P2_untracked_intake_review,2424,2424,live_differs_from_snapshot_untracked,not_tracked_current_index,d711cb5dd1a25d2a757d44e2e13c4505daf4cd76,fcc33818c66c9d62c5e376e182d7eddd7583a2de,False
P2_knowledge_data,dataset_benchmark_registry_preserve_do_not_track_blindly,benchmarks/stress_lab/tool_reasoning_stress.jsonl,benchmarks,data_or_benchmark,P2_untracked_intake_review,818684,818684,live_differs_from_snapshot_untracked,not_tracked_current_index,ad6d67144f141be97b185c02296c9f5d7d06d889,ac3d70c54e78039ed4e64400307c92c0849f5f9e,False
P2_knowledge_data,dataset_benchmark_registry_preserve_do_not_track_blindly,benchmarks/stress_lab/unified_manifest.json,benchmarks,data_or_benchmark,P2_untracked_intake_review,1207,1207,live_differs_from_snapshot_untracked,not_tracked_current_index,1225b8adf3de4a3fe995522f10119dba1f7408d9,8baf404cfc3def41fffa50bf410cd8fb3085c9b8,False
P2_knowledge_data,dataset_benchmark_registry_preserve_do_not_track_blindly,benchmarks/stress_lab/v4_manifest.json,benchmarks,data_or_benchmark,P2_untracked_intake_review,1761,1761,live_differs_from_snapshot_untracked,not_tracked_current_index,4f13eb979397fc1431d21fbb8052d75ee6c23662,9c7c078e8e172f1fbcf9b20532c877628b4e4ad7,False
P2_knowledge_data,dataset_benchmark_registry_preserve_do_not_track_blindly,benchmarks/stress_lab/v5_frontier_manifest.json,benchmarks,data_or_benchmark,P2_untracked_intake_review,1446,1446,live_differs_from_snapshot_untracked,not_tracked_current_index,ae689720b0abc5be93005966984c3d955290fc44,8c67f3e4bb54752355239cf77da36b3e9ecd38a8,False
P2_knowledge_data,dataset_benchmark_registry_preserve_do_not_track_blindly,benchmarks/stress_lab/v6_tamas_manifest.json,benchmarks,data_or_benchmark,P2_untracked_intake_review,980,980,live_differs_from_snapshot_untracked,not_tracked_current_index,7b0130a3cf7645c09175a110b0f1cea623f8b6c7,0165d14b0f967c4f0672a28903c851b695c4e1d2,False
P2_knowledge_data,dataset_benchmark_registry_preserve_do_not_track_blindly,benchmarks/stress_lab/v6_tool_manifest.json,benchmarks,data_or_benchmark,P2_untracked_intake_review,768,768,live_differs_from_snapshot_untracked,not_tracked_current_index,bce86482e9acc10f02c18b7abb8e81ea1d5598ab,d2d6ee2b03bd7550c0734d7729572bdea97c941a,False
P2_knowledge_data,research_intake_archive_or_canonicalize,benchmarks/digitalocean/knowledge_bases/governance/AGENTS.md,benchmarks,docs_or_research,P2_untracked_intake_review,3884,3884,live_differs_from_snapshot_untracked,not_tracked_current_index,c6613d26457deadad68a60cea061644ff105f714,23cf65014b3ec3c4813c079530756d8965b85d27,False
P2_knowledge_data,research_intake_archive_or_canonicalize,benchmarks/digitalocean/knowledge_bases/governance/AGENT_README.md,benchmarks,docs_or_research,P2_untracked_intake_review,1760,1760,live_differs_from_snapshot_untracked,not_tracked_current_index,dabe29738ba90c8d4667a3c4589f202b9a5e5a2b,1761927f44e7b2a14a38a778eac9db50dae9e842,False
P2_knowledge_data,research_intake_archive_or_canonicalize,benchmarks/digitalocean/knowledge_bases/governance/CONTRIBUTING.md,benchmarks,docs_or_research,P2_untracked_intake_review,4632,4632,live_differs_from_snapshot_untracked,not_tracked_current_index,b19e3908a7dcce1efe0450ab154beed63de8d402,55b6c5960727fb3c467f2de09cb94c8a828142be,False
P2_knowledge_data,research_intake_archive_or_canonicalize,benchmarks/digitalocean/knowledge_bases/governance/CORRECTIONS_SUMMARY_V6.3.md,benchmarks,docs_or_research,P2_untracked_intake_review,6583,6583,live_differs_from_snapshot_untracked,not_tracked_current_index,7590ddb399c1f978c8a0b7a87db57aaf44f1fce0,0e587765032c7c5f6a95ca02c2e9dbc82d8781ce,False
P2_knowledge_data,research_intake_archive_or_canonicalize,benchmarks/digitalocean/knowledge_bases/governance/GOVERNANCE_RULES_2026-04-27.md,benchmarks,docs_or_research,P2_untracked_intake_review,5758,5758,live_differs_from_snapshot_untracked,not_tracked_current_index,7422addc6648c6ee760aab72b17c731b2b73736b,e1f23675d7dcf6fae5252b297999845fd918d267,False
P2_knowledge_data,research_intake_archive_or_canonicalize,benchmarks/digitalocean/knowledge_bases/governance/NEXUS_PRIORITY_SYSTEM_V4.md,benchmarks,docs_or_research,P2_untracked_intake_review,12997,12997,live_differs_from_snapshot_untracked,not_tracked_current_index,273239d31872fef9c19876c183fe0009ae2aa1b2,1aee07e6cb9222f9c4268381a4b6baaffea4adb7,False
P2_knowledge_data,research_intake_archive_or_canonicalize,benchmarks/digitalocean/knowledge_bases/governance/PORTS.md,benchmarks,docs_or_research,P2_untracked_intake_review,1615,1615,live_differs_from_snapshot_untracked,not_tracked_current_index,f94c7a2506fb76fa332e46662e46efb10ce6ee45,9141a886bc670aa2b3598ca37b895b2b390d23fa,False
P2_knowledge_data,research_intake_archive_or_canonicalize,benchmarks/digitalocean/knowledge_bases/governance/governance_compliance_procedures.md,benchmarks,docs_or_research,P2_untracked_intake_review,2269,2269,live_differs_from_snapshot_untracked,not_tracked_current_index,462b32a668cdf73014429daebd993a5a60ec3e89,0c4efe564e5cc8b7bfc85188c8a24f96c88b45ca,False
P2_knowledge_data,research_intake_archive_or_canonicalize,benchmarks/digitalocean/knowledge_bases/governance/governance_policies.md,benchmarks,docs_or_research,P2_untracked_intake_review,3442,3442,live_differs_from_snapshot_untracked,not_tracked_current_index,1531cf75fc2f5552ec6eff37cd7c0c79fe913c17,58315b841f6b459a02b502efae1b6bd37471fd7d,False
P2_knowledge_data,research_intake_archive_or_canonicalize,benchmarks/digitalocean/knowledge_bases/governance/isc_safety_templates_reference.md,benchmarks,docs_or_research,P2_untracked_intake_review,54316,54316,live_differs_from_snapshot_untracked,not_tracked_current_index,5a29f5f430bd3d89b3d2fdef6490dfaec2f5aead,adbd0fb23797decf1a9cf52f10928b2593714e57,False
P2_knowledge_data,research_intake_archive_or_canonicalize,benchmarks/digitalocean/knowledge_bases/governance/nist_ai_rmf_mappings.md,benchmarks,docs_or_research,P2_untracked_intake_review,4748,4748,live_differs_from_snapshot_untracked,not_tracked_current_index,314825a8b1ced661ae7006b5b9b090a9257e84aa,d745ee585cb6bdc372037839adfeb0322a147b6e,False
P2_knowledge_data,research_intake_archive_or_canonicalize,benchmarks/digitalocean/knowledge_bases/governance/triage_gitleaks.md,benchmarks,docs_or_research,P2_untracked_intake_review,1477,1477,live_differs_from_snapshot_untracked,not_tracked_current_index,8ee342e0f20a83497aec950ab82e0c2095ad1215,e669df8d34f9d7d5d34567a5209781f95cfaffe0,False
P2_knowledge_data,research_intake_archive_or_canonicalize,benchmarks/digitalocean/knowledge_bases/operations/01_PROJECT_STATE.md,benchmarks,docs_or_research,P2_untracked_intake_review,7914,7914,live_differs_from_snapshot_untracked,not_tracked_current_index,01f566b0e47361237a7b33c4c7f168d278acd7a9,ebf71695a690f0cf5a5d6039b5f1b7085117bbd2,False
P2_knowledge_data,research_intake_archive_or_canonicalize,benchmarks/digitalocean/knowledge_bases/operations/02_ARCHITECTURE.md,benchmarks,docs_or_research,P2_untracked_intake_review,1178,1178,live_differs_from_snapshot_untracked,not_tracked_current_index,1d826c6d7e027ac83d925ecb78e22e2e5934dc25,aafbeb308e3654ac69a7ec01ca139fffcdae2a0f,False
P2_knowledge_data,research_intake_archive_or_canonicalize,benchmarks/digitalocean/knowledge_bases/operations/ONBOARDING.md,benchmarks,docs_or_research,P2_untracked_intake_review,3042,3042,live_differs_from_snapshot_untracked,not_tracked_current_index,4709c5615131aad3fb5d507e672ea2a4eedd8eb2,4aabe225141a3e5afb03834397945ecc82f56388,False
P2_knowledge_data,research_intake_archive_or_canonicalize,benchmarks/digitalocean/knowledge_bases/operations/PHASE0_IMPLEMENTATION_PACKAGE.md,benchmarks,docs_or_research,P2_untracked_intake_review,5781,5781,live_differs_from_snapshot_untracked,not_tracked_current_index,adb6a4ee74653a61b3edb52b0fb49ff1bb6346bb,45c929b63d872920922504d573546787eb1b2957,False
P2_knowledge_data,research_intake_archive_or_canonicalize,benchmarks/digitalocean/knowledge_bases/operations/PORTS.md,benchmarks,docs_or_research,P2_untracked_intake_review,1615,1615,live_differs_from_snapshot_untracked,not_tracked_current_index,861db0a92e08abe65833ce5d61999f4ce0fa8f70,cafc19d7dd2c913c3d27ab71f175f66f6ca6d68e,False
P2_knowledge_data,research_intake_archive_or_canonicalize,benchmarks/digitalocean/knowledge_bases/operations/README.md,benchmarks,docs_or_research,P2_untracked_intake_review,7366,7366,live_differs_from_snapshot_untracked,not_tracked_current_index,09fc8b5b329a7d6c99ff1c59f338863f71f8a846,f92e2b74f0b170e5fe56a22395476f098d200329,False
P2_knowledge_data,research_intake_archive_or_canonicalize,benchmarks/digitalocean/knowledge_bases/operations/SKILL.md,benchmarks,docs_or_research,P2_untracked_intake_review,1716,1716,live_differs_from_snapshot_untracked,not_tracked_current_index,d82bffede755e1989f9eecec88ddc78820975b11,31823e9e41bb678a7726d1a79082403667e299f9,False
P2_knowledge_data,research_intake_archive_or_canonicalize,benchmarks/digitalocean/knowledge_bases/operations/agent_configurations.md,benchmarks,docs_or_research,P2_untracked_intake_review,1434,1434,live_differs_from_snapshot_untracked,not_tracked_current_index,cb54e44d2807d1417c7888e665a748a0b5501608,1fdea41c44730e78785efc113bd14ff3f412d13f,False
P2_knowledge_data,research_intake_archive_or_canonicalize,benchmarks/digitalocean/knowledge_bases/operations/model_routing_table.md,benchmarks,docs_or_research,P2_untracked_intake_review,1655,1655,live_differs_from_snapshot_untracked,not_tracked_current_index,39f88b6a4aeeea180436aa3d96b21c53cb73e4c5,0fe100f7f62063d70b823762ddc4cc94c32bb34c,False
P2_knowledge_data,research_intake_archive_or_canonicalize,benchmarks/digitalocean/knowledge_bases/operations/port_assignments.md,benchmarks,docs_or_research,P2_untracked_intake_review,1661,1661,live_differs_from_snapshot_untracked,not_tracked_current_index,ccefb948c3380534914dd5ee22296b4d902c38a3,7165ef574c3cae1374db917d7d65e51b9a00307a,False
P2_knowledge_data,research_intake_archive_or_canonicalize,benchmarks/digitalocean/knowledge_bases/research/BENCHMARK_PLAN.md,benchmarks,docs_or_research,P2_untracked_intake_review,4269,4269,live_differs_from_snapshot_untracked,not_tracked_current_index,57623b03bc587a299ac87a5d62b58be7c0772c5c,06d1151391ff034bb6d8d21958650d9418281400,False
P2_knowledge_data,research_intake_archive_or_canonicalize,benchmarks/digitalocean/knowledge_bases/research/DATASET_RESEARCH_DIVE_2026-04-23.md,benchmarks,docs_or_research,P2_untracked_intake_review,21172,21172,live_differs_from_snapshot_untracked,not_tracked_current_index,612f5fbb48dac171a5a20f2d2352cebcb0d5f192,d823ed356430f6932e99e15b098a2150acb619d7,False
P2_knowledge_data,research_intake_archive_or_canonicalize,benchmarks/digitalocean/knowledge_bases/research/EXTENSIVE_STATUS_COVERAGE_REPORT_2026-04-24.md,benchmarks,docs_or_research,P2_untracked_intake_review,11554,11554,live_differs_from_snapshot_untracked,not_tracked_current_index,d8b86cd582cb01e1a1176d2eca093e54fe7c0ed2,a633e966eafe5ae592e406b43ea142a79a7727bc,False
P2_knowledge_data,research_intake_archive_or_canonicalize,benchmarks/digitalocean/knowledge_bases/research/FOUNDRY_HERMES_OPENSHELL_COMBINED_PLAN.md,benchmarks,docs_or_research,P2_untracked_intake_review,16415,16415,live_differs_from_snapshot_untracked,not_tracked_current_index,b47f2b31bc101c5fa7f4ce125480588ab36cd5f0,7764ea201e886ed3e7898f0bf08b58f0d6e3a875,False
P2_knowledge_data,research_intake_archive_or_canonicalize,benchmarks/digitalocean/knowledge_bases/research/HERMES_V2026_4_23_NEXUS_ADAPTATION.md,benchmarks,docs_or_research,P2_untracked_intake_review,13228,13228,live_differs_from_snapshot_untracked,not_tracked_current_index,6c523ed5270a0bb902a86cbab820b3c07c89b0fe,7e2197373ea6a45cf8d10cd4b467794d897d6f65,False
P2_knowledge_data,research_intake_archive_or_canonicalize,benchmarks/digitalocean/knowledge_bases/research/IMPLEMENTATION_REPORT.md,benchmarks,docs_or_research,P2_untracked_intake_review,14626,14626,live_differs_from_snapshot_untracked,not_tracked_current_index,fdcde9ba9c876edeab44899ad8b8af26c9eff9a8,8e16debeb7e777a5c36128be28823b98ba3a76ab,False
P2_knowledge_data,research_intake_archive_or_canonicalize,benchmarks/digitalocean/knowledge_bases/research/NEXUS_MODEL_ROUTING_REDESIGN_2026-04-25.md,benchmarks,docs_or_research,P2_untracked_intake_review,15421,15421,live_differs_from_snapshot_untracked,not_tracked_current_index,5f4344a15b93b4dd2a14beafa6f8aa5ada03ec10,7cca7b63634ae20000d4d8923da300b9dbbeb373,False
P2_knowledge_data,research_intake_archive_or_canonicalize,benchmarks/digitalocean/knowledge_bases/research/PROJECT_ANALYSIS.md,benchmarks,docs_or_research,P2_untracked_intake_review,12506,12506,live_differs_from_snapshot_untracked,not_tracked_current_index,3c6f8df08f3cc1ec1ebcc12fe8b820f9a1cd5955,1c65b7c3dd88f2b0a209b8fe02cbd21649128856,False
P2_knowledge_data,research_intake_archive_or_canonicalize,benchmarks/digitalocean/knowledge_bases/research/TECHNICAL_GUIDE.md,benchmarks,docs_or_research,P2_untracked_intake_review,10917,10917,live_differs_from_snapshot_untracked,not_tracked_current_index,d9b7c3c33f35ab78f652dc252ef514aef21f5a6c,31d48898da875fce15f0994d73f1d5f35f2d102e,False
P2_knowledge_data,research_intake_archive_or_canonicalize,benchmarks/digitalocean/knowledge_bases/research/TRUST_MEMORY_IMPLEMENTATION_BASELINE.md,benchmarks,docs_or_research,P2_untracked_intake_review,5897,5897,live_differs_from_snapshot_untracked,not_tracked_current_index,5099fe2f636703c3b2c0f6bc12f2c2ba2e29ad2b,ad4298fd16e3cfe3a0b67857292b881b16408b8d,False
P2_knowledge_data,research_intake_archive_or_canonicalize,benchmarks/digitalocean/knowledge_bases/research/benchmark_comparisons.md,benchmarks,docs_or_research,P2_untracked_intake_review,715,715,live_differs_from_snapshot_untracked,not_tracked_current_index,95712d45554a221dfa797a3ece0bd5bcd56fabd7,ada4066a027a9f56c7715b6ae0f8ab67181dede1,False
P2_knowledge_data,research_intake_archive_or_canonicalize,benchmarks/digitalocean/knowledge_bases/research/eggroll_training_guide.md,benchmarks,docs_or_research,P2_untracked_intake_review,1481,1481,live_differs_from_snapshot_untracked,not_tracked_current_index,01f495a07066d0b9d11680d35ddb8327c28c4815,902189a1a9f15672b12da53403631006fd0c7245,False
P2_knowledge_data,research_intake_archive_or_canonicalize,benchmarks/digitalocean/knowledge_bases/research/foundry_agent_inventory.md,benchmarks,docs_or_research,P2_untracked_intake_review,7399,7399,live_differs_from_snapshot_untracked,not_tracked_current_index,07c5bcbf675ba86ba3673cfdbe4d02e06076f673,e59d92a972fdbe255c18079f347501f42a0bdff9,False
P2_knowledge_data,research_intake_archive_or_canonicalize,benchmarks/digitalocean/knowledge_bases/research/nexus_agentic_gateway_v31_deep_dive_2026-04-18.md,benchmarks,docs_or_research,P2_untracked_intake_review,28152,28152,live_differs_from_snapshot_untracked,not_tracked_current_index,aabfc0d36b45072ab003b1722de37be077f60120,79140098920f7b3ed10d779b2941d5ac5e7a0873,False
P2_knowledge_data,research_intake_archive_or_canonicalize,benchmarks/mixed content/PHASE6_FINAL_HANDOFF.md,benchmarks,docs_or_research,P2_untracked_intake_review,6298,6298,live_differs_from_snapshot_untracked,not_tracked_current_index,cf3282921f9b725f71e4120c6c91b13ab8f5ca46,ac659503c48206d90185fea0db2975a4856cde7a,False
P2_knowledge_data,research_intake_archive_or_canonicalize,benchmarks/mixed content/agentHARNESS.txt,benchmarks,docs_or_research,P2_untracked_intake_review,11086,11086,live_differs_from_snapshot_untracked,not_tracked_current_index,51a8d385375dd13675e134fde2de4394b33c487c,30dfb755212b4c631b7d2133aba85eb274ed46f0,False
P2_knowledge_data,dataset_benchmark_registry_preserve_do_not_track_blindly,datasets/.classify_test.json,datasets,data_or_benchmark,P2_untracked_intake_review,44,44,live_differs_from_snapshot_untracked,not_tracked_current_index,c5d8fd4e9e30a8d30a8c4f060adce170af90b5cf,8c59bfc2cbbfbc51cba4e709a0aaa8986d00f83b,False
P2_knowledge_data,dataset_benchmark_registry_preserve_do_not_track_blindly,datasets/.classify_test2.json,datasets,data_or_benchmark,P2_untracked_intake_review,135,135,live_differs_from_snapshot_untracked,not_tracked_current_index,aae33e2364b30615216104457ea1f46a91804c07,7d7aad8670e792dd868b045a9b2479fb40d873c3,False
P2_knowledge_data,dataset_benchmark_registry_preserve_do_not_track_blindly,datasets/.classify_test3.json,datasets,data_or_benchmark,P2_untracked_intake_review,181,181,live_differs_from_snapshot_untracked,not_tracked_current_index,d027b450994935638ba4acc81ad19b920d66ea0d,e4d7ed49634b23cf34760b82e53f300020919e42,False
P2_knowledge_data,dataset_benchmark_registry_preserve_do_not_track_blindly,datasets/.csv_test1.json,datasets,data_or_benchmark,P2_untracked_intake_review,92,92,live_differs_from_snapshot_untracked,not_tracked_current_index,ebbdd2b1ffe13a30defa1d72cf9a913de9dda3c1,e62c5d90171852c8122d4976c47333b14ac97cee,False
P2_knowledge_data,dataset_benchmark_registry_preserve_do_not_track_blindly,datasets/.csv_test2.json,datasets,data_or_benchmark,P2_untracked_intake_review,60,60,live_differs_from_snapshot_untracked,not_tracked_current_index,31de419a71ab605488ebb0bb62e0b781b7143f93,16c7fd79574e77e8509b89ac77f172af8f12ddd2,False
P2_knowledge_data,dataset_benchmark_registry_preserve_do_not_track_blindly,datasets/.csv_test3.json,datasets,data_or_benchmark,P2_untracked_intake_review,44,44,live_differs_from_snapshot_untracked,not_tracked_current_index,c5d8fd4e9e30a8d30a8c4f060adce170af90b5cf,8c59bfc2cbbfbc51cba4e709a0aaa8986d00f83b,False
P2_knowledge_data,dataset_benchmark_registry_preserve_do_not_track_blindly,datasets/.t1.json,datasets,data_or_benchmark,P2_untracked_intake_review,44,44,live_differs_from_snapshot_untracked,not_tracked_current_index,c5d8fd4e9e30a8d30a8c4f060adce170af90b5cf,8c59bfc2cbbfbc51cba4e709a0aaa8986d00f83b,False
P2_knowledge_data,dataset_benchmark_registry_preserve_do_not_track_blindly,datasets/.t2.json,datasets,data_or_benchmark,P2_untracked_intake_review,100,100,live_differs_from_snapshot_untracked,not_tracked_current_index,17f86e5046d5976417c9fce9065706fdc9de816b,316723c378af2d4958c6b5b502dda7d5a65bbbc5,False
P2_knowledge_data,dataset_benchmark_registry_preserve_do_not_track_blindly,datasets/.t2_v2.json,datasets,data_or_benchmark,P2_untracked_intake_review,95,95,live_differs_from_snapshot_untracked,not_tracked_current_index,23a5cbcc9bf2a2c7f989fad33152f26b9d35a30f,63faca3f24ca82a7937d2809c121b83d79696355,False
P2_knowledge_data,dataset_benchmark_registry_preserve_do_not_track_blindly,datasets/.t3.json,datasets,data_or_benchmark,P2_untracked_intake_review,87,87,live_differs_from_snapshot_untracked,not_tracked_current_index,ce884ee3d6091dc43fad2446c6cfd5d4edd9dfbd,999b3ee6cfe941b94171da4538f96b3d0f1b1cf3,False
P2_knowledge_data,dataset_benchmark_registry_preserve_do_not_track_blindly,datasets/.t_csv.json,datasets,data_or_benchmark,P2_untracked_intake_review,74,74,live_differs_from_snapshot_untracked,not_tracked_current_index,7777c22f0953e007c79537245627ef203ebf9bac,42f2831de9e1acb6335928bd44bec68dc68f01ae,False
P2_knowledge_data,dataset_benchmark_registry_preserve_do_not_track_blindly,datasets/.t_jb.json,datasets,data_or_benchmark,P2_untracked_intake_review,67,67,live_differs_from_snapshot_untracked,not_tracked_current_index,5537292f36e45a1c38ac1d357343215ed7acaa1b,732f499b6dff3bb4d9c1e5463a1766d6c94b0798,False
P2_knowledge_data,dataset_benchmark_registry_preserve_do_not_track_blindly,datasets/.t_v7.json,datasets,data_or_benchmark,P2_untracked_intake_review,87,87,live_differs_from_snapshot_untracked,not_tracked_current_index,ce884ee3d6091dc43fad2446c6cfd5d4edd9dfbd,999b3ee6cfe941b94171da4538f96b3d0f1b1cf3,False
P2_knowledge_data,dataset_benchmark_registry_preserve_do_not_track_blindly,datasets/abliterated_benchmark.json,datasets,data_or_benchmark,P2_untracked_intake_review,190,190,live_differs_from_snapshot_untracked,not_tracked_current_index,fbee844625553e1bea7e5d2c6c5c2e9416a1a7e9,e563533e3e886bc165dc7abd71b8e0cec56c31ef,False
P2_knowledge_data,dataset_benchmark_registry_preserve_do_not_track_blindly,datasets/adversarial/novel_styles_500.jsonl,datasets,data_or_benchmark,P2_untracked_intake_review,14189,14189,live_differs_from_snapshot_untracked,not_tracked_current_index,380ec3b849afec45d5459a691f88dd609615dfa2,74b0bcf2c1bc23d9e1a96e4ede6af07b5d7ba4da,False
P2_knowledge_data,dataset_benchmark_registry_preserve_do_not_track_blindly,datasets/bench_mutated_v5_results.json,datasets,data_or_benchmark,P2_untracked_intake_review,2781,2781,live_differs_from_snapshot_untracked,not_tracked_current_index,5a0bc99bac1b0970243bda909ba38468a6511478,5904cf67227d122d9e616be887f60bb1a97ef10b,False
P2_knowledge_data,dataset_benchmark_registry_preserve_do_not_track_blindly,datasets/benign_expanded.jsonl,datasets,data_or_benchmark,P2_untracked_intake_review,11535,11535,live_differs_from_snapshot_untracked,not_tracked_current_index,30fb2c043126e2982c15f759be3fe4097dec5b62,bfa575d38f88533b237127a47875c447d27a1f2c,False
P2_knowledge_data,dataset_benchmark_registry_preserve_do_not_track_blindly,datasets/benign_from_cyber.jsonl,datasets,data_or_benchmark,P2_untracked_intake_review,1680468,1680468,live_differs_from_snapshot_untracked,not_tracked_current_index,c78be32da6cb39b08587639bc1e531eae6a6bad6,3ae336a5f56d427655cb7fae7276ff40982b4426,False
P2_knowledge_data,dataset_benchmark_registry_preserve_do_not_track_blindly,datasets/combination_results.json,datasets,data_or_benchmark,P2_untracked_intake_review,2529,2529,live_differs_from_snapshot_untracked,not_tracked_current_index,d3eb0054e96fbd305d51720b31c86340ab605434,9ddb115adf5784c85dd9909d46d5c101a9f8ebf9,False
P2_knowledge_data,dataset_benchmark_registry_preserve_do_not_track_blindly,datasets/deep_search_results.json,datasets,data_or_benchmark,P2_untracked_intake_review,24147,24147,live_differs_from_snapshot_untracked,not_tracked_current_index,a7640b695154b9962c0e9ba66e6ffb69d4f801e9,ddc5613386c459bd4dc8c2ae1becfbf529872b80,False
P2_knowledge_data,dataset_benchmark_registry_preserve_do_not_track_blindly,datasets/ensemble_analysis_2026_06.json,datasets,data_or_benchmark,P2_untracked_intake_review,986,986,live_differs_from_snapshot_untracked,not_tracked_current_index,61b2633121d8d767d83582a6b170a143eebec0db,152d1a16e2bbc91f60a6cd71569ceb6b161733be,False
P2_knowledge_data,dataset_benchmark_registry_preserve_do_not_track_blindly,datasets/ernie/arena_metrics.json,datasets,data_or_benchmark,P2_untracked_intake_review,1536,1536,live_differs_from_snapshot_untracked,not_tracked_current_index,a6973df9f29cf9011d18ae33691ad353e1ef4d62,206e1c57b4b49fb6874facffde1cee5d6241b3ea,False
P2_knowledge_data,dataset_benchmark_registry_preserve_do_not_track_blindly,datasets/ernie/checkpoint_1.json,datasets,data_or_benchmark,P2_untracked_intake_review,465,465,live_differs_from_snapshot_untracked,not_tracked_current_index,80fb59eb01de0b852be4d4dd7b08a5b53fa21a6f,4ac7e164a575ea26d50c245b625c1d7d4bd4b06f,False
P2_knowledge_data,dataset_benchmark_registry_preserve_do_not_track_blindly,datasets/ernie/checkpoint_2.json,datasets,data_or_benchmark,P2_untracked_intake_review,386282,386282,live_differs_from_snapshot_untracked,not_tracked_current_index,993b092b80d82439e311bc47baf314557ecfb968,bdd45eefca399e207671033c77d7e9599d50b189,False
P2_knowledge_data,dataset_benchmark_registry_preserve_do_not_track_blindly,datasets/ernie/checkpoint_3.json,datasets,data_or_benchmark,P2_untracked_intake_review,804382,804382,live_differs_from_snapshot_untracked,not_tracked_current_index,37f4cec477909ae6bf3d2bf7d61b53bf3c0fcdd9,49ec552afb5428974c7afbe5abe9bc8e1e8e1d09,False
P2_knowledge_data,dataset_benchmark_registry_preserve_do_not_track_blindly,datasets/ernie/checkpoint_3_partial.json,datasets,data_or_benchmark,P2_untracked_intake_review,396096,396096,live_differs_from_snapshot_untracked,not_tracked_current_index,34d281d9e5355412710f612a21ffc79800ea6d01,1c60b7718c5cdf2dd1119dff37e89aee09e1fc25,False
P2_knowledge_data,dataset_benchmark_registry_preserve_do_not_track_blindly,datasets/ernie/checkpoint_4_final.json,datasets,data_or_benchmark,P2_untracked_intake_review,532,532,live_differs_from_snapshot_untracked,not_tracked_current_index,0c2a6b9e9b73e4cce4ff481471aa9b1e7eee846a,83a3a0070975b80eb7fb784c3181cec330827662,False
P2_knowledge_data,dataset_benchmark_registry_preserve_do_not_track_blindly,datasets/ernie/dice_probe_results.json,datasets,data_or_benchmark,P2_untracked_intake_review,4689,4689,live_differs_from_snapshot_untracked,not_tracked_current_index,a8f7dd4fefb7fed4d0de2362a14d0035fbc5ede6,0e035db560c0b983acf38228eba701a3a2966fde,False
P2_knowledge_data,dataset_benchmark_registry_preserve_do_not_track_blindly,datasets/ernie/dpo_fp_calibration.json,datasets,data_or_benchmark,P2_untracked_intake_review,6334,6334,live_differs_from_snapshot_untracked,not_tracked_current_index,4dec5d76316ba1becb5fde11ecd94fdb37162565,e1002e7be4d74e68a12b3df7c535bf6f79edbcb2,False
P2_knowledge_data,dataset_benchmark_registry_preserve_do_not_track_blindly,datasets/ernie/dpo_preference_dataset.json,datasets,data_or_benchmark,P2_untracked_intake_review,148249,148249,live_differs_from_snapshot_untracked,not_tracked_current_index,a411e2dfe78bc97755b8158a3fdacdef4ee637f5,501235dbf79cd0fd722c402c244de70c189faf2f,False
P2_knowledge_data,dataset_benchmark_registry_preserve_do_not_track_blindly,datasets/ernie/ernie_1000_guard_results.json,datasets,data_or_benchmark,P2_untracked_intake_review,347,347,live_differs_from_snapshot_untracked,not_tracked_current_index,bd41e6b6991bcaf5b5633e684a6a1e26be8627e4,0381531ea046d993eef24ceefec4746e96000e28,False
P2_knowledge_data,dataset_benchmark_registry_preserve_do_not_track_blindly,datasets/ernie/ollama_cache.json,datasets,data_or_benchmark,P2_untracked_intake_review,539430,539430,live_differs_from_snapshot_untracked,not_tracked_current_index,9c48fe6213dad2c24dce801dde71efdba9326fe5,f590bffe734019856b17fc112056b35b5c750ab4,False
P2_knowledge_data,dataset_benchmark_registry_preserve_do_not_track_blindly,datasets/guard_comparison_2026_06.json,datasets,data_or_benchmark,P2_untracked_intake_review,1479,1479,live_differs_from_snapshot_untracked,not_tracked_current_index,d427b3b56dc2935d1ec4c288e6205cfd0dcaffb0,9cf66f8d023a54e01ddbe2a24362891f3d32d5bd,False
P2_knowledge_data,dataset_benchmark_registry_preserve_do_not_track_blindly,datasets/guard_plane_ensemble_test.json,datasets,data_or_benchmark,P2_untracked_intake_review,590,590,live_differs_from_snapshot_untracked,not_tracked_current_index,f24221a90696fd9284215ba780ae30b09ff90b3d,6488c5f6e30720656d57eccede7e31cd04dee46c,False
P2_knowledge_data,dataset_benchmark_registry_preserve_do_not_track_blindly,datasets/guard_plane_results.json,datasets,data_or_benchmark,P2_untracked_intake_review,29967,29967,live_differs_from_snapshot_untracked,not_tracked_current_index,91b36cc96b66525229234bf580eead5e87ac80ee,1a02ab6514ce1d1c5c1614d04211d23a90a2c2db,False
P2_knowledge_data,dataset_benchmark_registry_preserve_do_not_track_blindly,datasets/sweep_results.json,datasets,data_or_benchmark,P2_untracked_intake_review,71290,71290,live_differs_from_snapshot_untracked,not_tracked_current_index,05b052d28829730ad02b38b85d2ccae0d36e8da7,69319c33f89425f8b8bb789d2a32a9bace9e3463,False
P2_knowledge_data,dataset_benchmark_registry_preserve_do_not_track_blindly,datasets/synthetic_benign_free.jsonl,datasets,data_or_benchmark,P2_untracked_intake_review,13610,13610,live_differs_from_snapshot_untracked,not_tracked_current_index,7fc60ac977cb3a44cf2963c003fb532d81acd121,fa5bcbbb6e86f4feb7f432a88c99ae52c9a06eb8,False
P2_knowledge_data,dataset_benchmark_registry_preserve_do_not_track_blindly,datasets/v7/v7_manifest.json,datasets,data_or_benchmark,P2_untracked_intake_review,1399,1399,live_differs_from_snapshot_untracked,not_tracked_current_index,763890c70399856045e11546351c71af2ae68c88,9b4900dacc2b1111b09d421d38788499e8a56e07,False
P2_knowledge_data,dataset_benchmark_registry_preserve_do_not_track_blindly,datasets/v7_dpo_pairs.jsonl,datasets,data_or_benchmark,P2_untracked_intake_review,595917,595917,live_differs_from_snapshot_untracked,not_tracked_current_index,9a039b341994df163799a6bb16cdc6cfe13bec4d,ace04b8e913968b6f2a2722db020702ba5f11899,False
P2_knowledge_data,dataset_benchmark_registry_preserve_do_not_track_blindly,datasets/v7_dpo_pairs.summary.json,datasets,data_or_benchmark,P2_untracked_intake_review,178,178,live_differs_from_snapshot_untracked,not_tracked_current_index,bec74205d66bac2200b26d732a7198af2893f7ba,7eb80e14fe1440a5a325f6003c369a5eb7fc90cc,False
P2_knowledge_data,dataset_benchmark_registry_preserve_do_not_track_blindly,datasets/v7_novel_base.jsonl,datasets,data_or_benchmark,P2_untracked_intake_review,156146,156146,live_differs_from_snapshot_untracked,not_tracked_current_index,d2248966107cb46cc25e91ea51b2910cdac5fdbe,20efe9ee6ea61eeed1f18a7d6091abbfaab51d7c,False
P2_knowledge_data,dataset_benchmark_registry_preserve_do_not_track_blindly,datasets/v7_novel_mutated.jsonl,datasets,data_or_benchmark,P2_untracked_intake_review,184380,184380,live_differs_from_snapshot_untracked,not_tracked_current_index,e9019b3fcfe093213ad35f9749bc366b82207919,7c40ec8e8d2a25a32d63f7c2a93fe93a4857a600,False
P2_knowledge_data,dataset_benchmark_registry_preserve_do_not_track_blindly,datasets/v7_novel_mutated.summary.json,datasets,data_or_benchmark,P2_untracked_intake_review,1297,1297,live_differs_from_snapshot_untracked,not_tracked_current_index,01b79b8b3aefb61897f5d03d7b991df3b4875fe7,01eb0c80364781f3db2b8143c77a15e92734d489,False
P2_knowledge_data,dataset_benchmark_registry_preserve_do_not_track_blindly,datasets/v7_novel_mutated_500.jsonl,datasets,data_or_benchmark,P2_untracked_intake_review,1117773,1117773,live_differs_from_snapshot_untracked,not_tracked_current_index,d15bc3483f14107b2fee2c4addce058a11684ca7,522d8fa01849e576eaf4bdf34f141ba4598687d9,False
P2_knowledge_data,dataset_benchmark_registry_preserve_do_not_track_blindly,datasets/v7_novel_mutated_500.summary.json,datasets,data_or_benchmark,P2_untracked_intake_review,1301,1301,live_differs_from_snapshot_untracked,not_tracked_current_index,2527daf30432c59bebb355119aaff96bf8e50d9b,e56fdd24abee0aab9bbb2529544879d76629f3ef,False
P2_knowledge_data,dataset_benchmark_registry_preserve_do_not_track_blindly,datasets/v7_novel_mutated_qwen.jsonl,datasets,data_or_benchmark,P2_untracked_intake_review,386223,386223,live_differs_from_snapshot_untracked,not_tracked_current_index,0beef8e1d039aa838fcf7f47e00b27f74ea492e7,5bfd4a9e4dad409688e696574326bbbb78dd39b1,False
P2_knowledge_data,dataset_benchmark_registry_preserve_do_not_track_blindly,datasets/v7_novel_mutated_qwen.summary.json,datasets,data_or_benchmark,P2_untracked_intake_review,1302,1302,live_differs_from_snapshot_untracked,not_tracked_current_index,71c454d40dadd65acf661a5d98de1f8141e75e87,4667f50ef5f54e923ce14bf7b8a09abef840496a,False
P2_knowledge_data,research_intake_archive_or_canonicalize,datasets/.guard_plane_pid.txt,datasets,docs_or_research,P2_untracked_intake_review,7,7,live_differs_from_snapshot_untracked,not_tracked_current_index,7fa6b2398c09882383cf9813bd5298d53fdb7c7e,c2551d4188a170a8480d0ea22cbbe44a187d2a28,False
P2_knowledge_data,research_intake_archive_or_canonicalize,datasets/ernie/attack_vectors_01-100_EN.md,datasets,docs_or_research,P2_untracked_intake_review,79184,79184,live_differs_from_snapshot_untracked,not_tracked_current_index,b858ae4071d73090f8a62c69c8520224c7930bbe,e76c04ce1b9ce4055c24520deb7e4d7dbb5ea836,False
P2_knowledge_data,research_intake_archive_or_canonicalize,datasets/ernie/delivery_report.md,datasets,docs_or_research,P2_untracked_intake_review,10742,10742,live_differs_from_snapshot_untracked,not_tracked_current_index,812d7a173cb451ace5e9a800c0acac68265e1fbf,733fe91b4643150e78a493d21fd78bd3799066dd,False
P2_knowledge_data,research_intake_archive_or_canonicalize,datasets/ernie/evasion_techniques_top25_EN.md,datasets,docs_or_research,P2_untracked_intake_review,12723,12723,live_differs_from_snapshot_untracked,not_tracked_current_index,1f9ad750e383f3e0028da986b5b1bf93a218f955,41194bae2237e1750fa387d737990b083b76ae69,False
P2_knowledge_data,research_intake_archive_or_canonicalize,datasets/ernie/swarm_consensus_report_EN.md,datasets,docs_or_research,P2_untracked_intake_review,10667,10667,live_differs_from_snapshot_untracked,not_tracked_current_index,14f462c5959f99d4e79e204207ba7ff3bc416253,4b9b88c4cbd8b06259f5cdb2e27d7b01f5ea9dd8,False
P2_knowledge_data,research_intake_archive_or_canonicalize,datasets/ernie/threat_actors_01-50_EN.md,datasets,docs_or_research,P2_untracked_intake_review,230147,230147,live_differs_from_snapshot_untracked,not_tracked_current_index,d131fe9bd651fcd80e184e0de00069e0966066c8,ec56bfc56c115bc17ca48e82638fb5242df533e1,False
P2_knowledge_data,research_intake_archive_or_canonicalize,datasets/guard_slm_combination_report.md,datasets,docs_or_research,P2_untracked_intake_review,2754,2754,live_differs_from_snapshot_untracked,not_tracked_current_index,d7649e923ed1532837fb31f1777d62f1b71cd58c,d2e8f4fe75446ebb13c683ac4216418df662a46e,False
P2_knowledge_data,research_intake_archive_or_canonicalize,datasets/guard_slm_merge_report.md,datasets,docs_or_research,P2_untracked_intake_review,9366,9366,live_differs_from_snapshot_untracked,not_tracked_current_index,df5c41ac7d78fed156f0f5421ce1ee2edf8c3504,490643bdcc82330f59ac17397497b0e6f96a7b60,False
P2_knowledge_data,research_intake_archive_or_canonicalize,datasets/guard_slm_report_v3.md,datasets,docs_or_research,P2_untracked_intake_review,14177,14177,live_differs_from_snapshot_untracked,not_tracked_current_index,1f5662eecbb516c7e0ef6f0a74e8b4bd3e6f5763,6e504bddf5e643dd2e3d87b335e1cd306deaf1a0,False
P2_knowledge_data,canonical_doc_review_track_or_archive,docs/TRANSITION_MANIFEST.md,docs,docs_or_research,P2_untracked_intake_review,33891,33891,live_differs_from_snapshot_untracked,not_tracked_current_index,c8b5c846f477e3ad8b23d1a9f40c037f57285700,b84d17dbf222054a8e6633d65e04fd3a9c21ea06,False
P2_knowledge_data,canonical_doc_review_track_or_archive,docs/archive/INVESTIGATION_REPORT_2026-05-20.md,docs,docs_or_research,P2_untracked_intake_review,12225,12225,live_differs_from_snapshot_untracked,not_tracked_current_index,34ffef7f28ecb8489a1a3a2174de0083f2ea4785,1cc87ab1ff2e4548d6ac8fbf0b1ad28a8ccc2ede,False
P2_knowledge_data,canonical_doc_review_track_or_archive,docs/archive/SOURCE_ANALYSIS_FINDINGS_REPORT.md,docs,docs_or_research,P2_untracked_intake_review,19799,19799,live_differs_from_snapshot_untracked,not_tracked_current_index,24da851fd3f78635dd08f4ae06d86f1a85b34f4b,dff7d4b75d75ac98e6f4217d3e76b7d96b881a0a,False
P2_knowledge_data,canonical_doc_review_track_or_archive,docs/archive/SOURCE_ANALYSIS_PLAN.md,docs,docs_or_research,P2_untracked_intake_review,4421,4421,live_differs_from_snapshot_untracked,not_tracked_current_index,08277f9d2bd744bdb98a6f4ac888624f76ffc57b,fb04bade60741b3e8c01e80fb4d9bed217cc17e4,False
P2_knowledge_data,canonical_doc_review_track_or_archive,docs/archive/gross/DISK_CLEANUP_ANALYSIS_REPORT_2026-05-31.md,docs,docs_or_research,P2_untracked_intake_review,9009,9009,live_differs_from_snapshot_untracked,not_tracked_current_index,9e936789eab78d36e4fdb9500a98f584c8218e84,8ee9ae6be01fd8b5317e7dbe5f54703c117f8dc0,False
P2_knowledge_data,canonical_doc_review_track_or_archive,docs/archive/gross/GROSS_PROJECT_GROUNDED_STATE_SYNTHESIS_2026-05-31.md,docs,docs_or_research,P2_untracked_intake_review,21999,21999,live_differs_from_snapshot_untracked,not_tracked_current_index,261db871d4e102dd92d285f059b2c2803ca76fbe,eb9854d5563d0e06636b7632bc803153b66d0b78,False
P2_knowledge_data,canonical_doc_review_track_or_archive,docs/archive/gross/SMART_ELIMINATION_REPORT_2026-05-31.md,docs,docs_or_research,P2_untracked_intake_review,12563,12563,live_differs_from_snapshot_untracked,not_tracked_current_index,f04483a3bd5c61961a8d83b61830778931eb7258,2cd969838ec95195ac46b2a8859eecbda60913c1,False
P2_knowledge_data,canonical_doc_review_track_or_archive,docs/archive/handoff/2026-05-17-governance-endpoints.md,docs,docs_or_research,P2_untracked_intake_review,5450,5450,live_differs_from_snapshot_untracked,not_tracked_current_index,096bd85f251e4a7392ffc2fc1be156285db8c5e6,598a06e81b3f29971255f50e30a72aa8fc9097c8,False
P2_knowledge_data,canonical_doc_review_track_or_archive,docs/archive/handoff/2026-05-20-nexusalpha-pr32-safe-push.md,docs,docs_or_research,P2_untracked_intake_review,3909,3909,live_differs_from_snapshot_untracked,not_tracked_current_index,f59fa0eff9f636322e55d035ec12ba74b3bf1dbc,58dd2ddf4a38dcab1fe59059d8a1fd526dea6ea0,False
P2_knowledge_data,canonical_doc_review_track_or_archive,docs/archive/handoff/2026-05-20-pi-broken.md,docs,docs_or_research,P2_untracked_intake_review,3990,3990,live_differs_from_snapshot_untracked,not_tracked_current_index,81ca2f6a9a31c2d407ce6fc15c995a01873ca5bb,64611738f2354e22839e8829ef2c4882e74aa18e,False
P2_knowledge_data,canonical_doc_review_track_or_archive,docs/archive/handoff/ANTIGRAVITY_IDE_BUG_REPORT_2026-05-23.md,docs,docs_or_research,P2_untracked_intake_review,4923,4923,live_differs_from_snapshot_untracked,not_tracked_current_index,374e1179dd10d83df51fa2fc96a9232084f4f07d,b16d2412e9cebb486bc461e656f27afff1bfbb44,False
P2_knowledge_data,canonical_doc_review_track_or_archive,docs/archive/handoff/BEAST_MODE_DIRECTIVE_COMPLETION_REPORT_2026-05-26.md,docs,docs_or_research,P2_untracked_intake_review,10827,10827,live_differs_from_snapshot_untracked,not_tracked_current_index,b6271c6a2c9e9937c0a26c2e45ee671f1d4dafc7,773d17461a8b0ada70f5fc0e00664793b544ab18,False
P2_knowledge_data,canonical_doc_review_track_or_archive,docs/archive/handoff/BLIND_SPOT_V4_PROBE_RESULTS.json,docs,docs_or_research,P2_untracked_intake_review,9349,9349,live_differs_from_snapshot_untracked,not_tracked_current_index,09541a75ca73f7e2f6b84bbc243e3086610a6f77,d625753a079e9c40d656c34cccd9f95aa257138e,False
P2_knowledge_data,canonical_doc_review_track_or_archive,docs/archive/handoff/DOPPELGROUND_GITLEAKS_FALSE_POSITIVE_LEDGER_FREEZE_2026-05-26.json,docs,docs_or_research,P2_untracked_intake_review,1283732,1283732,live_differs_from_snapshot_untracked,not_tracked_current_index,a026c7889eb6bf0e72776a2ca900eeeb0d2b4451,bb504915e8baeed0c7195a300a5df092da662265,False
P2_knowledge_data,canonical_doc_review_track_or_archive,docs/archive/handoff/DOPPELGROUND_GITLEAKS_FALSE_POSITIVE_LEDGER_MAIN_2026-05-26.json,docs,docs_or_research,P2_untracked_intake_review,1283727,1283727,live_differs_from_snapshot_untracked,not_tracked_current_index,a1c870775a1112895a9284eb4bdf0154c1781705,919769884aed3132f5663b59ee62ece0d4b54d9e,False
P2_knowledge_data,canonical_doc_review_track_or_archive,docs/archive/handoff/ERNIE_A2B_IMAGE_LONG_RUN_LAST_MESSAGE_2026-05-26.md,docs,docs_or_research,P2_untracked_intake_review,7306,7306,live_differs_from_snapshot_untracked,not_tracked_current_index,6227cb7365035b5fb5d13f568e92dc6957394510,0c0166246afb736061763401bfd08d59675fa7bf,False
P2_knowledge_data,canonical_doc_review_track_or_archive,docs/archive/handoff/GROSS_PHASE2_EXECUTION_PLAN_2026-05-29.md,docs,docs_or_research,P2_untracked_intake_review,8656,8656,live_differs_from_snapshot_untracked,not_tracked_current_index,dca627004441847bb7337b7cb7158139942a3390,f693d71e72ed64d6325b9aeab546428a567ed180,False
P2_knowledge_data,canonical_doc_review_track_or_archive,docs/archive/handoff/GUARD_PLANE_V13_VERIFICATION_REPORT_2026-05-24.md,docs,docs_or_research,P2_untracked_intake_review,7526,7526,live_differs_from_snapshot_untracked,not_tracked_current_index,2eb9ec545508bcc12c55aa6e0c38a41d3afccad6,1e215e7c6cfb9f170166bd18d5865ed5e14375e9,False
P2_knowledge_data,canonical_doc_review_track_or_archive,docs/archive/handoff/LOCAL_RESOURCE_MONITOR_2026-05-27.md,docs,docs_or_research,P2_untracked_intake_review,13733,13733,live_differs_from_snapshot_untracked,not_tracked_current_index,30edd15d9f3c3520790b6e7fadff937d4d1683b3,c089086d253e6821df86df52d811673e7c645680,False
P2_knowledge_data,canonical_doc_review_track_or_archive,docs/archive/handoff/MODEL_DEEP_DIVE_INTEL_DISTILLATION_2026-05-25.md,docs,docs_or_research,P2_untracked_intake_review,19207,19207,live_differs_from_snapshot_untracked,not_tracked_current_index,55086c5637babd121a9802c97e0ffbf124c35cf5,69ebe7ab57674770a572be71a37b0aa2c9d2ac9a,False
P2_knowledge_data,canonical_doc_review_track_or_archive,docs/archive/handoff/MODEL_LAB_JOB_CARD_EXAMPLE_CHECK_2026-05-26.json,docs,docs_or_research,P2_untracked_intake_review,324,324,live_differs_from_snapshot_untracked,not_tracked_current_index,b26b74e7daf6bb824d1256c10f312f65f1036ede,ab95a020693d92d64b537f9d1d19be88c1db72a1,False
P2_knowledge_data,canonical_doc_review_track_or_archive,docs/archive/handoff/NEXUS_DOCKER_WSL_USAGE_OPTIMIZATION_2026-05-18.md,docs,docs_or_research,P2_untracked_intake_review,17108,17108,live_differs_from_snapshot_untracked,not_tracked_current_index,58b0a9366d4c6d8e4c19c0aa56f32939de7957d6,a7308a30069f58512dd048d6c9d5ad1559c56155,False
P2_knowledge_data,canonical_doc_review_track_or_archive,docs/archive/handoff/NEXUS_LOCAL_GROUNDING_REFRESH_2026-05-24.md,docs,docs_or_research,P2_untracked_intake_review,6508,6508,live_differs_from_snapshot_untracked,not_tracked_current_index,f341ad4e1894efaa377dcfd70f52943983313640,05e79aec950df4a05e9ab365a35dfbbec3070433,False
P2_knowledge_data,canonical_doc_review_track_or_archive,docs/archive/handoff/NEXUS_LOCAL_RESTART_RECOVERY_2026-05-18.md,docs,docs_or_research,P2_untracked_intake_review,12024,12024,live_differs_from_snapshot_untracked,not_tracked_current_index,6ff588bc72e885fe8d8192f9d38b1d6c0b7c7ea2,dfb4d556aedc8bff0746beb96752a59b35526554,False
P2_knowledge_data,canonical_doc_review_track_or_archive,docs/archive/handoff/NEXUS_VENDOR_AGENT_HYGIENE_2026-05-18.md,docs,docs_or_research,P2_untracked_intake_review,9558,9558,live_differs_from_snapshot_untracked,not_tracked_current_index,c0264a8b7879b06e7c903aaeeac40a65244ef3f4,aa07f41de744dd110138823e90ea4d6565f2fa6b,False
P2_knowledge_data,canonical_doc_review_track_or_archive,docs/archive/handoff/OLLAMA_CLEANUP_RECOVERY_2026-05-25.md,docs,docs_or_research,P2_untracked_intake_review,3145,3145,live_differs_from_snapshot_untracked,not_tracked_current_index,1860c2975d8a7dac948c4e0c78866c2a92649e45,868a0823e9c017025ca1fa15f5b8d22ab8346168,False
P2_knowledge_data,canonical_doc_review_track_or_archive,docs/archive/handoff/RP_MODEL_BOUNCER_BENCHMARK_2026-05-22.md,docs,docs_or_research,P2_untracked_intake_review,8611,8611,live_differs_from_snapshot_untracked,not_tracked_current_index,f140b4b0854873fb9f3ca7c976547bec4b068d55,28b27a202a35db96df32a8546f438b085343aeaa,False
P2_knowledge_data,canonical_doc_review_track_or_archive,docs/archive/handoff/STREAMLABS_OBS_CRASH_AND_BACKGROUND_WORKLOAD_INVESTIGATION_2026-05-26.md,docs,docs_or_research,P2_untracked_intake_review,7344,7344,live_differs_from_snapshot_untracked,not_tracked_current_index,f5e55b34e12863f894ad3ba87e6a67298f589183,37beb427c67d94d11b3fe3987c37c36556168aab,False
P2_knowledge_data,canonical_doc_review_track_or_archive,docs/archive/handoff/STREAMLABS_OBS_CRASH_FOLLOWUP_2026-05-25.md,docs,docs_or_research,P2_untracked_intake_review,10395,10395,live_differs_from_snapshot_untracked,not_tracked_current_index,3b386a2f2bc39e4ef75fc234d2a64f22cf6d82c2,d2c5db244c6f8dd86f4cdeb18f900cbdadc6b958,False
P2_knowledge_data,canonical_doc_review_track_or_archive,docs/archive/handoff/STREAMLABS_OBS_HEALTH_INVESTIGATION_2026-05-23.md,docs,docs_or_research,P2_untracked_intake_review,7899,7899,live_differs_from_snapshot_untracked,not_tracked_current_index,3c5424a4b1e4073e2b70b74ac5be81fc232116d5,a1458d163f17fd2f54f26b637b25859f8d2ce63d,False
P2_knowledge_data,canonical_doc_review_track_or_archive,docs/archive/handoff/nexus-tidiness/CLASSIFICATION_MANIFEST.md,docs,docs_or_research,P2_untracked_intake_review,21210,21210,live_differs_from_snapshot_untracked,not_tracked_current_index,a8ece80a120e616e5eddbb8c6f79c8d8b8b6f154,ecc9cbee7be81d38afdd7ecb80bcf0288639da7b,False
P2_knowledge_data,canonical_doc_review_track_or_archive,docs/archive/handoff/nexus-tidiness/README.md,docs,docs_or_research,P2_untracked_intake_review,4314,4314,live_differs_from_snapshot_untracked,not_tracked_current_index,c367c69971c6b71a56b1b4edad6333056c5b0900,e9116f1b3cc028498e2b36ebf4390ff459594ae4,False
P2_knowledge_data,canonical_doc_review_track_or_archive,docs/archive/handoff/nexus-tidiness/c-tmp-important-file-candidates.csv,docs,docs_or_research,P2_untracked_intake_review,1802,1802,live_differs_from_snapshot_untracked,not_tracked_current_index,867e6f448177a56656841fc2b2ecc0d5c6312813,b8ea4993a4727576931f43d3623ea0e083090696,False
P2_knowledge_data,canonical_doc_review_track_or_archive,docs/archive/handoff/nexus-tidiness/c-tmp-inventory.csv,docs,docs_or_research,P2_untracked_intake_review,2987,2987,live_differs_from_snapshot_untracked,not_tracked_current_index,4ca2914b7333f96076cbf308e52f130c782a56bc,7a4d82e7a4b2adf85dcb5e561d877a6ac14d0c4b,False
P2_knowledge_data,canonical_doc_review_track_or_archive,docs/archive/handoff/nexus-tidiness/downloads-nexus-related-candidates.csv,docs,docs_or_research,P2_untracked_intake_review,9533,9533,live_differs_from_snapshot_untracked,not_tracked_current_index,25195415dc49840cd8b2272de4bf5f61673376a8,f0690cd0af68e0a9440e584eb56b5815492a1d66,False
P2_knowledge_data,canonical_doc_review_track_or_archive,docs/archive/handoff/nexus-tidiness/downloads-papers-inventory.csv,docs,docs_or_research,P2_untracked_intake_review,19577,19577,live_differs_from_snapshot_untracked,not_tracked_current_index,e12139603a8177b4726a8c4e1cc89d2315f27ad1,7cab0c86059c6baae0e0d90f71534dc1c0538f6c,False
P2_knowledge_data,canonical_doc_review_track_or_archive,docs/archive/handoff/nexus-tidiness/downloads-top-inventory.csv,docs,docs_or_research,P2_untracked_intake_review,25064,25064,live_differs_from_snapshot_untracked,not_tracked_current_index,69c383b4fa0affea1eeb3c2cde9a5730287c8d99,6b0a27c6daab4d33d3516f998ec4993ce40d1e01,False
P2_knowledge_data,canonical_doc_review_track_or_archive,docs/archive/handoff/nexus-tidiness/git-status-before.txt,docs,docs_or_research,P2_untracked_intake_review,1870,1870,live_differs_from_snapshot_untracked,not_tracked_current_index,0406bf84be9e5be6167c64d0fa178106efda903e,9a5531a79dafafbad71437a802fdd2021244fb12,False
P2_knowledge_data,canonical_doc_review_track_or_archive,docs/archive/handoff/nexus-tidiness/nexus-content-counts.csv,docs,docs_or_research,P2_untracked_intake_review,241,241,live_differs_from_snapshot_untracked,not_tracked_current_index,d6257c897549c52c3c01d62fc33e4bee0413ec0f,5281e9c0aa865c94fad5047c4ca030b888659c03,False
P2_knowledge_data,canonical_doc_review_track_or_archive,docs/archive/handoff/nexus-tidiness/nexus-root-inventory.csv,docs,docs_or_research,P2_untracked_intake_review,11312,11312,live_differs_from_snapshot_untracked,not_tracked_current_index,88ab4e9cdf1efac1b3a11dea97681dc36e5e3e9a,d6a607f8431ed0cb565e14d7f8133711a3c43c50,False
P2_knowledge_data,canonical_doc_review_track_or_archive,docs/archive/handoff/nexus-tidiness/rollback-point.txt,docs,docs_or_research,P2_untracked_intake_review,213,213,live_differs_from_snapshot_untracked,not_tracked_current_index,af36e4936ee4e5dfc8c73fa75ab2d250c3c5d032,7399a30415a9f0c802df2bfb9a0a21323e7af92f,False
P2_knowledge_data,canonical_doc_review_track_or_archive,docs/archive/handoff/nexus-tidiness/source-location-counts.csv,docs,docs_or_research,P2_untracked_intake_review,242,242,live_differs_from_snapshot_untracked,not_tracked_current_index,aa13b439b6d33c713563122a9be0ffd652b21e22,28b5da3f510509bc27d32543e7a1451f740be7c6,False
P2_knowledge_data,canonical_doc_review_track_or_archive,docs/archive/nexus_agentic_gateway_v31_deep_dive_2026-04-18.md,docs,docs_or_research,P2_untracked_intake_review,28484,28484,live_differs_from_snapshot_untracked,not_tracked_current_index,2db3208e984458903e089659651b7d9ce0e87058,f1b27d9cda9756d1ff723e524bd605a105d9c221,False
P2_knowledge_data,canonical_doc_review_track_or_archive,docs/archive/research/GUARD_EVAL_REPORT_2026-05-20.md,docs,docs_or_research,P2_untracked_intake_review,7018,7018,live_differs_from_snapshot_untracked,not_tracked_current_index,df8c8e2edd33068a2cac030f9b6e1963db67018a,18ce23275f02f84ee6535712e21154c33064e029,False
P2_knowledge_data,canonical_doc_review_track_or_archive,docs/archive/research/MEMORY_CHECKPOINT_CURRENT.md,docs,docs_or_research,P2_untracked_intake_review,5584,5584,live_differs_from_snapshot_untracked,not_tracked_current_index,e7a3fbff906eafc4bfe73676977b017fdfb0a0bc,7e504b8157696eadf544b158275562efa93c54f8,False
P2_knowledge_data,canonical_doc_review_track_or_archive,docs/archive/research/ernie_remediation-remediation_report.md,docs,docs_or_research,P2_untracked_intake_review,11197,11197,live_differs_from_snapshot_untracked,not_tracked_current_index,d2c0cd37596ca1123603f12c798611759972bf69,934e7ab1d5bb4d0b4a77d550247ae4a97a39554f,False
P2_knowledge_data,canonical_doc_review_track_or_archive,docs/archive/research/guard_eval_full_results.json,docs,docs_or_research,P2_untracked_intake_review,1836,1836,live_differs_from_snapshot_untracked,not_tracked_current_index,f3bf30043c8a0e60a9558ace8ab268db3e00c255,6c76899995ff985c3984a8a8b6461c439f665a72,False
P2_knowledge_data,canonical_doc_review_track_or_archive,docs/archive/research/guard_eval_results.json,docs,docs_or_research,P2_untracked_intake_review,2173,2173,live_differs_from_snapshot_untracked,not_tracked_current_index,0d68ae8e1c91fa805a592fbdbcd3f945264e3251,5a5872eb44aeeaf9c2dba56cf54fa1e85fe7a150,False
P2_knowledge_data,canonical_doc_review_track_or_archive,docs/archive/research/guard_eval_scored_results.json,docs,docs_or_research,P2_untracked_intake_review,1123,1123,live_differs_from_snapshot_untracked,not_tracked_current_index,cd6c38c06a646ba6be8862ecf8d05bc50da11502,9a9229908120ead9d262accbe1e3471981eb5ce4,False
P2_knowledge_data,canonical_doc_review_track_or_archive,docs/archive/reviews/NEXUS_ASSET_INVENTORY_AND_INTEGRATION_2026-05-12.md,docs,docs_or_research,P2_untracked_intake_review,21646,21646,live_differs_from_snapshot_untracked,not_tracked_current_index,0901f59804fc0889c3d6cf79918117e288091b8e,9e219199ab272a28a40d7e0d646608f13e58031b,False
P2_knowledge_data,canonical_doc_review_track_or_archive,docs/archive/root/2026-05-20-alpha-branch-comparison.md,docs,docs_or_research,P2_untracked_intake_review,2703,2703,live_differs_from_snapshot_untracked,not_tracked_current_index,8b821f7a78b7dba141d53aeb62d1bc12e100d2e0,d0351659d0226cae59cf5b47f370170d7e50a35c,False
P2_knowledge_data,canonical_doc_review_track_or_archive,docs/archive/root/2026-05-20-pi-broken.md,docs,docs_or_research,P2_untracked_intake_review,4041,4041,live_differs_from_snapshot_untracked,not_tracked_current_index,2a5b98e5cddb692f7ca221eb6ea0110e2b22103a,4857d4b769607921e8d95e6221e585bc8f441198,False
P2_knowledge_data,canonical_doc_review_track_or_archive,docs/archive/root/CURATED_RESEARCH_AND_AGENT_LOGS_SYNTHESIS.md,docs,docs_or_research,P2_untracked_intake_review,11907,11907,live_differs_from_snapshot_untracked,not_tracked_current_index,813bb15680a70901dc0aa02023ad9e1c9c5c45b7,8f3916e2efa1e8a5630e8cf06463adc612895b8b,False
P2_knowledge_data,canonical_doc_review_track_or_archive,docs/archive/root/NEO_NEXUS_GROUNDING.md,docs,docs_or_research,P2_untracked_intake_review,16275,16275,live_differs_from_snapshot_untracked,not_tracked_current_index,f6d0af06efc788d80bd85be33b4291f5ca4a967e,3e925186c05828dc39a6c41f2b170573169a073c,False
P2_knowledge_data,canonical_doc_review_track_or_archive,docs/archive/root/conversation_history_full_export_2026-05-27.md,docs,docs_or_research,P2_untracked_intake_review,13222,13222,live_differs_from_snapshot_untracked,not_tracked_current_index,6c89068c54eae133c453af8d3adeec467b91eef4,9a12b77c5daf2429e7931d25d9f0bd86365c573e,False
P2_knowledge_data,canonical_doc_review_track_or_archive,docs/archive/root/nexus_grounding_report.md,docs,docs_or_research,P2_untracked_intake_review,11815,11815,live_differs_from_snapshot_untracked,not_tracked_current_index,6b15817638344306cc493c816133d91bc5f1b162,0177fccbfcfec407dc2d117ebfe2841b829e4af0,False
P2_knowledge_data,canonical_doc_review_track_or_archive,docs/coordination/GENIUSTURTLE_NEXUS_ADAPTER_CONTRACT_2026-05-26.md,docs,docs_or_research,P2_untracked_intake_review,2752,2752,live_differs_from_snapshot_untracked,not_tracked_current_index,808e8e521362942ce176d552ff805533fc56f0f9,a221028ab24b2e19f5f71080a96fb4f29700c78f,False
P2_knowledge_data,canonical_doc_review_track_or_archive,docs/coordination/NEXUS_STATE_DIGEST.json,docs,docs_or_research,P2_untracked_intake_review,9396,9396,live_differs_from_snapshot_untracked,not_tracked_current_index,54d117b73909a2bdd98455292fa8890f33d86923,2cc29d896aaaf28479644b8c30af0a80abc24436,False
P2_knowledge_data,canonical_doc_review_track_or_archive,docs/coordination/NEXUS_TWAVE_QWAVE_DOPPELGROUND_GENIUSTURTLE_INTEGRATION_SCAN_2026-05-26.md,docs,docs_or_research,P2_untracked_intake_review,7866,7866,live_differs_from_snapshot_untracked,not_tracked_current_index,3fd6e8a1029beefc8079644078085f83fe9c0aa5,d35f356244f9300854cd6f023a95746553703a8f,False
P2_knowledge_data,canonical_doc_review_track_or_archive,docs/coordination/NEXUS_VISIBLE_LAYERS_ACTIVE_INTEGRATION_BLUEPRINT_2026-05-26.md,docs,docs_or_research,P2_untracked_intake_review,12443,12443,live_differs_from_snapshot_untracked,not_tracked_current_index,3077b4392bc00aeee6bc099e9ddaec93fbb34f49,fc3849b9daf07587dfd969fc7a508206dd00c082,False
P2_knowledge_data,canonical_doc_review_track_or_archive,docs/coordination/NEXUS_VISIBLE_LAYERS_EXECUTION_PROGRESS_2026-05-26.md,docs,docs_or_research,P2_untracked_intake_review,4531,4531,live_differs_from_snapshot_untracked,not_tracked_current_index,0cc95e086658438566307425316e271a26686c54,1ac658a4e711c279ffc28111684bb74c52832765,False
P2_knowledge_data,canonical_doc_review_track_or_archive,docs/coordination/QWAVE_TWAVE_ARTIFACT_LEDGER_2026-05-26.json,docs,docs_or_research,P2_untracked_intake_review,58357,58357,live_differs_from_snapshot_untracked,not_tracked_current_index,28fed40631d84d3430e68fdd238f5adf40173545,d516a4752beeffd7c73c817aa6a56d9b2327b113,False
P2_knowledge_data,canonical_doc_review_track_or_archive,docs/coordination/ZO_LONG_RUN_DIRECTIVE_2026-05-22.md,docs,docs_or_research,P2_untracked_intake_review,4213,4213,live_differs_from_snapshot_untracked,not_tracked_current_index,8ef731d6e0f920fca2f5572fd1a79c39f9193b13,ac73b39b91695eba978b90fbff4378f8d3092ead,False
P2_knowledge_data,canonical_doc_review_track_or_archive,docs/coordination/ZO_OPENCLAW_CONFUSION_HELP_PROMPT_2026-05-26.md,docs,docs_or_research,P2_untracked_intake_review,7343,7343,live_differs_from_snapshot_untracked,not_tracked_current_index,21ff2ca47817344d1fdbf03a01635b37ccd51b11,c6ff16904d97da5ea471f7e7e94e0a303d6eb638,False
P2_knowledge_data,canonical_doc_review_track_or_archive,docs/coordination/ZO_OPENCLAW_MODELRELAY_DIGEST_2026-05-24.md,docs,docs_or_research,P2_untracked_intake_review,12457,12457,live_differs_from_snapshot_untracked,not_tracked_current_index,94f654b7e8e4b37143eee1032095662d613b7b41,05854c2b3c58416d51f2a6d21715c16f0a0d880e,False
P2_knowledge_data,canonical_doc_review_track_or_archive,docs/coordination/ZO_OPENCLAW_NEXT_SAFE_SLICE_2026-05-26.md,docs,docs_or_research,P2_untracked_intake_review,4630,4630,live_differs_from_snapshot_untracked,not_tracked_current_index,1bc841b933a801f8f3ce5086bb63ab08d937936d,66b3e9813442628948f5dfa8614a4a7a88ea4925,False
P2_knowledge_data,canonical_doc_review_track_or_archive,docs/coordination/ZO_OPENCLAW_REACHABILITY_AND_SWARM_WORKLOGS_2026-05-26.md,docs,docs_or_research,P2_untracked_intake_review,6611,6611,live_differs_from_snapshot_untracked,not_tracked_current_index,0e6843165ac599941b5601eccee1515cbf059dca,558ab05da08ce69b2c911295abc59078f2412ed9,False
P2_knowledge_data,canonical_doc_review_track_or_archive,docs/coordination/multi-agent-grounding-report.md,docs,docs_or_research,P2_untracked_intake_review,5671,5671,live_differs_from_snapshot_untracked,not_tracked_current_index,671c23c2d5f38790668aa064dec6a5fbc21a1005,7a766b28c0de38b3bed3973e29c9b95247db2ccb,False
P2_knowledge_data,canonical_doc_review_track_or_archive,docs/coordination/multi-agent-sync-failure.md,docs,docs_or_research,P2_untracked_intake_review,6953,6953,live_differs_from_snapshot_untracked,not_tracked_current_index,a14aa0e3763ad7fb6b71ffc1c55c147afa39b27d,865f9dcaaec81043bfe3eafb2a2e04a6ce779964,False
P2_knowledge_data,canonical_doc_review_track_or_archive,docs/coordination/zo-coordination-README.md,docs,docs_or_research,P2_untracked_intake_review,3702,3702,live_differs_from_snapshot_untracked,not_tracked_current_index,74e184ddb0acf2d9734c51e5f165aa7f89b39f3b,a76381d90a09c4efb7c701705e60621e090263f4,False
P2_knowledge_data,canonical_doc_review_track_or_archive,docs/governance/ACTIVATION_LANES.md,docs,docs_or_research,P2_untracked_intake_review,2331,2331,live_differs_from_snapshot_untracked,not_tracked_current_index,1d551256f6f18743bf798122c25b131ed16c0283,2e59a15e37c4488a0e925b605f6d83993bba5600,False
P2_knowledge_data,canonical_doc_review_track_or_archive,docs/governance/ENTERPRISE_GOVERNANCE_MODEL.md,docs,docs_or_research,P2_untracked_intake_review,27510,27510,live_differs_from_snapshot_untracked,not_tracked_current_index,534edd3e04182d5551e0ae7e4ec88a74e74de1e1,18210f242d4af9a92c8a2ee7fb91d71cfc9a59d9,False
P2_knowledge_data,canonical_doc_review_track_or_archive,docs/governance/IMPROVEMENT_FRAMEWORK_V2.md,docs,docs_or_research,P2_untracked_intake_review,30180,30180,live_differs_from_snapshot_untracked,not_tracked_current_index,a98f10cff6e0e7ae890f1ceb502bbb695b0b9832,e7943bb4544ab24548574cd6a09b62d8f9b57e95,False
P2_knowledge_data,canonical_doc_review_track_or_archive,docs/governance/NEXUS_AGENT_PROTOCOL.md,docs,docs_or_research,P2_untracked_intake_review,3258,3258,live_differs_from_snapshot_untracked,not_tracked_current_index,806761bd3ad7fad167f0041b9bc8918801cc9e18,fc1c06e05014bc596e4a0eb416173e6a84806987,False
P2_knowledge_data,canonical_doc_review_track_or_archive,docs/governance/NEXUS_CONSTITUTION.md,docs,docs_or_research,P2_untracked_intake_review,4241,4241,live_differs_from_snapshot_untracked,not_tracked_current_index,9481a9f82147a85b58623123cddaa72fd5127834,aa29863aa4cc33b8450be515b5ef64a299894c43,False
P2_knowledge_data,canonical_doc_review_track_or_archive,docs/governance/NEXUS_GOVERNANCE_RECONCILE_2026-05.md,docs,docs_or_research,P2_untracked_intake_review,4663,4303,live_differs_from_snapshot_untracked,not_tracked_current_index,fcfc568e4cb92dd1f9196591ff2ec62b7573e1b3,c4f225dca127b3bf23cfdab502a07119d77af5de,False
P2_knowledge_data,canonical_doc_review_track_or_archive,docs/governance/NEXUS_MAIN_SOUL.md,docs,docs_or_research,P2_untracked_intake_review,6576,6576,live_differs_from_snapshot_untracked,not_tracked_current_index,974552607b4de7d73406cca4a092b72856599c91,6c89b1149fc813bd04c55996d5d325f87c6281d9,False
P2_knowledge_data,canonical_doc_review_track_or_archive,docs/governance/NEXUS_OS_VISION_MANIFEST_2026.md,docs,docs_or_research,P2_untracked_intake_review,22544,22544,live_differs_from_snapshot_untracked,not_tracked_current_index,3b3d85566886adf0ee905de70bb8e3f26a4e1376,ae79d336ae61d252114f617710c3d7f0df494231,False
P2_knowledge_data,canonical_doc_review_track_or_archive,docs/governance/NEXUS_TRUST_MEMORY_CORE_PLAN_2026-06-03.md,docs,docs_or_research,P2_untracked_intake_review,2703,2703,live_differs_from_snapshot_untracked,not_tracked_current_index,d774646a859dac311f0d3a6a73a59c65985bc019,8e295e8683b9fc404d6fc73640fbc188d0709cd2,False
P2_knowledge_data,canonical_doc_review_track_or_archive,docs/handbook/NOT_DOING_LIST.md,docs,docs_or_research,P2_untracked_intake_review,5762,5762,live_differs_from_snapshot_untracked,not_tracked_current_index,9eb95697b840a6a56df391b6d77e32f83356e129,7931b10713406299d8aed6bb94c04347564beab6,False
P2_knowledge_data,canonical_doc_review_track_or_archive,docs/handoff/cline-agent-review.md,docs,docs_or_research,P2_untracked_intake_review,9842,9842,live_differs_from_snapshot_untracked,not_tracked_current_index,84abbd2ea69542512438c5d75414e560f3594736,f41ae232666e6c13039b372e6efcd57ba982f412,False
P2_knowledge_data,canonical_doc_review_track_or_archive,docs/handoff/recovery-intake-2026-06-05/curated/implementation_plan15.md,docs,docs_or_research,P2_untracked_intake_review,3878,3878,live_differs_from_snapshot_untracked,not_tracked_current_index,97abd725d58241bab184a249dac3154bb99e5aca,e23bc86c1ee0f09dc5fb212fcc6a5d4e01395440,False
P2_knowledge_data,canonical_doc_review_track_or_archive,docs/handoff/recovery-intake-2026-06-05/curated/supervisorJStext.txt,docs,docs_or_research,P2_untracked_intake_review,1532,1532,live_differs_from_snapshot_untracked,not_tracked_current_index,c8160c6d038a8bc1fe38eb44b591114b4d32d5c0,e0086f06d54a5bf81a4b8ab308ec20b0e5ba67fa,False
P2_knowledge_data,canonical_doc_review_track_or_archive,docs/handoff/recovery-intake-2026-06-05/curated/test_archivist_integrity-metaPYtext.txt,docs,docs_or_research,P2_untracked_intake_review,9681,9681,live_differs_from_snapshot_untracked,not_tracked_current_index,337104dc0e76cb502c03bb2f2463f4b2596b5239,b1c09e676393f06df42a3a6705023a2f44c87d35,False
P2_knowledge_data,canonical_doc_review_track_or_archive,docs/operations/A2A_ZAPIER_MCP_INTEGRATION_ARCHITECTURE.md,docs,docs_or_research,P2_untracked_intake_review,34240,34240,live_differs_from_snapshot_untracked,not_tracked_current_index,81cbd1d532a85e6c8fde51386efd8304c50b2ad0,087147bf9f90dc2c569a13d60c00979140022fee,False
P2_knowledge_data,canonical_doc_review_track_or_archive,docs/operations/AUTOMATION_AUDIT_2026-05-23.md,docs,docs_or_research,P2_untracked_intake_review,6002,6002,live_differs_from_snapshot_untracked,not_tracked_current_index,decfd39096717417d6cbb81950b1f45f80891069,edd33dc0e093c2c5cf08c4a57f41dd8e388ca3dc,False
P2_knowledge_data,canonical_doc_review_track_or_archive,docs/operations/DEPLOYMENT_RUNBOOKS.md,docs,docs_or_research,P2_untracked_intake_review,21656,21656,live_differs_from_snapshot_untracked,not_tracked_current_index,44a000c94cb6f83b94580a48e194177a7ee5f60e,0338b06806b8fec9a32c234924200d65b8facfee,False
P2_knowledge_data,canonical_doc_review_track_or_archive,docs/operations/FUSION_REALITY_CHECK.md,docs,docs_or_research,P2_untracked_intake_review,5839,5839,live_differs_from_snapshot_untracked,not_tracked_current_index,06fe9458f24a3916379f6f69f0026ebfaffa67fd,a0f2a696a24b8db1adc9b346a06a7da85209207b,False
P2_knowledge_data,canonical_doc_review_track_or_archive,docs/operations/INTERN_AI_PROVIDER_BOOT_2026-06-03.md,docs,docs_or_research,P2_untracked_intake_review,6526,6526,live_differs_from_snapshot_untracked,not_tracked_current_index,7adc34143db91f3943a176c6d27336290540c7aa,dde2b0902635a9a283e67ec7af5fcb3410a29c27,False
P2_knowledge_data,canonical_doc_review_track_or_archive,docs/operations/MCP_SETUP_GUIDE.md,docs,docs_or_research,P2_untracked_intake_review,11444,11444,live_differs_from_snapshot_untracked,not_tracked_current_index,4364f121e5e01e75fd07a443254fe977b582cefb,2983d089cb7baf2bdebe840a3c8f8a0f7f2434aa,False
P2_knowledge_data,canonical_doc_review_track_or_archive,docs/operations/MIGRATION_STRATEGY_AZURE_TO_HYBRID.md,docs,docs_or_research,P2_untracked_intake_review,19755,19755,live_differs_from_snapshot_untracked,not_tracked_current_index,e632ad05d572bc41b669ca198b88d63e88a9633a,a21cbd6ab9c7218e938014111f60c17508ff2de8,False
P2_knowledge_data,canonical_doc_review_track_or_archive,docs/operations/NEXUS_DOCKER_MCP_SET1_ROADMAP.md,docs,docs_or_research,P2_untracked_intake_review,5321,5321,live_differs_from_snapshot_untracked,not_tracked_current_index,9185b31e03131f9a712a1dbb595569777156ba92,3b87ffe8323f9deacf837971f7dad7d4b0607954,False
P2_knowledge_data,canonical_doc_review_track_or_archive,docs/operations/NEXUS_TIDINESS_PROTOCOL.md,docs,docs_or_research,P2_untracked_intake_review,9251,9251,live_differs_from_snapshot_untracked,not_tracked_current_index,87ecec3f9350fa8084bf4b6772f7ecf6d9903d81,ee571ab744062ddff59c731602fbbe0e13494b58,False
P2_knowledge_data,canonical_doc_review_track_or_archive,docs/operations/NEXUS_ZO_CLAW_INTEGRATION_PLAN.md,docs,docs_or_research,P2_untracked_intake_review,17334,17334,live_differs_from_snapshot_untracked,not_tracked_current_index,0cbcd21219d97de89c209b3b0da51d54a839d1a1,bee06b0cc9f10c8db8675138e6dd379c0e1043f6,False
P2_knowledge_data,canonical_doc_review_track_or_archive,docs/operations/PREMIUM_PROVIDER_LIVE_VALIDATION_2026-06-02.md,docs,docs_or_research,P2_untracked_intake_review,4930,4930,live_differs_from_snapshot_untracked,not_tracked_current_index,0d1a3353da5062d071b2875845acc291666738b9,9d850a0689d813178318477855b6c1702236ba67,False
P2_knowledge_data,canonical_doc_review_track_or_archive,docs/operations/SLACK_BOT_SETUP.md,docs,docs_or_research,P2_untracked_intake_review,8243,8243,live_differs_from_snapshot_untracked,not_tracked_current_index,082f276df084a27e227dbce31696be0bbc33c0b6,b3b5cdcea0bbc2186049e702a0345cdaf86962b2,False
P2_knowledge_data,canonical_doc_review_track_or_archive,docs/operations/ZO_24_7_PROVIDER_BACKUP_PLAN_2026-05-24.md,docs,docs_or_research,P2_untracked_intake_review,7547,7547,live_differs_from_snapshot_untracked,not_tracked_current_index,ff900c0d46aeac2c7f63d712d0acbc64cf3adb85,a7957b42018b2005b30e448b0f50d6eea132f832,False
P2_knowledge_data,canonical_doc_review_track_or_archive,docs/operations/ZO_AUTOMATION_REGISTRY.md,docs,docs_or_research,P2_untracked_intake_review,3903,3903,live_differs_from_snapshot_untracked,not_tracked_current_index,901a1602dfd9b0d7d11a57dadbbd1ed794f9766a,99df550440a5140eb6e937700e1b2e751655eeaf,False
P2_knowledge_data,canonical_doc_review_track_or_archive,docs/research/ANCHORED_SUMMARY_2026-06-03.md,docs,docs_or_research,P2_untracked_intake_review,8914,8914,live_differs_from_snapshot_untracked,not_tracked_current_index,cc6864b63253d102b3895935786ac301af8dff14,36f254d997714fe84b380fb04adec7f3a92203bb,False
P2_knowledge_data,canonical_doc_review_track_or_archive,docs/research/BENCHMARK_TRUST_REGISTRY.md,docs,docs_or_research,P2_untracked_intake_review,7533,7533,live_differs_from_snapshot_untracked,not_tracked_current_index,2c9c7e010f3aded8343195bb864b788bd040d76a,51384550748c6ef711d85691540753fd9d1e0ab9,False
P2_knowledge_data,canonical_doc_review_track_or_archive,docs/research/BOUNCER_MODEL_MATRIX_2026-05-24.md,docs,docs_or_research,P2_untracked_intake_review,11342,11342,live_differs_from_snapshot_untracked,not_tracked_current_index,a465261a32f3d961db45adc0eb46c65dc6dcd668,ae13b726ac3cd3550f92d890837e37803dec73fa,False
P2_knowledge_data,canonical_doc_review_track_or_archive,docs/research/BOUNCER_RP_MODEL_ANALYSIS_2026-05-22.md,docs,docs_or_research,P2_untracked_intake_review,6694,6694,live_differs_from_snapshot_untracked,not_tracked_current_index,6dd9c95a993e6690baa8fde86b7adcc7f9b1bf96,25fee62698cb9fbbed1b02a1c4ead46332251387,False
P2_knowledge_data,canonical_doc_review_track_or_archive,docs/research/CONTAMINATION_DETECTION_UNIFIED_2026-05-26.md,docs,docs_or_research,P2_untracked_intake_review,11091,11091,live_differs_from_snapshot_untracked,not_tracked_current_index,120f4ed7095a14d8b5b3b9ea14ecbb4d9a8dfa53,60bee7f9b67bd623f47f8fa3f7ed6ac184664f01,False
P2_knowledge_data,canonical_doc_review_track_or_archive,docs/research/DELETED_MODELS_THEORETICAL_INVENTORY.md,docs,docs_or_research,P2_untracked_intake_review,11593,11593,live_differs_from_snapshot_untracked,not_tracked_current_index,fd7e832bd1612d16fe4f88c3e81f99844f621528,52e4b26bde3f97b65bd1b83432f064d992caf93b,False
P2_knowledge_data,canonical_doc_review_track_or_archive,docs/research/ERNIE_SESSION02_DEEP_ANALYSIS_2026-05-23.md,docs,docs_or_research,P2_untracked_intake_review,19163,19163,live_differs_from_snapshot_untracked,not_tracked_current_index,fc26f734986c31e5f9c6f4815d90e633bc7e1930,30c24472e1a62405b76c6e2df02f87baa83674f4,False
P2_knowledge_data,canonical_doc_review_track_or_archive,docs/research/ERNIE_SESSION05_NEXUS_FRONTIER_V4_SYNTHESIS_2026-05-25.md,docs,docs_or_research,P2_untracked_intake_review,12031,12031,live_differs_from_snapshot_untracked,not_tracked_current_index,77532846e3b207f6d24c02a65b4d205af25fa284,c6f8dd38ba19c23fd5443b8b40f00d8481053e39,False
P2_knowledge_data,canonical_doc_review_track_or_archive,docs/research/ERNIE_SESSION06_NEXUS_STRATEGY_SYNTHESIS_2026-05-25.md,docs,docs_or_research,P2_untracked_intake_review,15715,15715,live_differs_from_snapshot_untracked,not_tracked_current_index,c88404288409ef8aee5d4fdfe7ab150583718b32,ee32663e23c99910d15d14101cc5fa42dd7ecf59,False
P2_knowledge_data,canonical_doc_review_track_or_archive,docs/research/GROUNDING_SYNTHESIS_2026-06-02.md,docs,docs_or_research,P2_untracked_intake_review,28179,28179,live_differs_from_snapshot_untracked,not_tracked_current_index,71c4898d4960af673731b6ec85736bf2213ca57e,14de42dc6a4c3cf1246c88980d041535e18a8ce8,False
P2_knowledge_data,canonical_doc_review_track_or_archive,docs/research/GUARD_MODEL_COMBINATION_REPORT_2026-05-24.md,docs,docs_or_research,P2_untracked_intake_review,4975,4975,live_differs_from_snapshot_untracked,not_tracked_current_index,c6ff84f6b119b11ef8f31b98a1cd4c7a030a1591,5b38d28d90b7487aea2d45437155e48543922e43,False
P2_knowledge_data,canonical_doc_review_track_or_archive,docs/research/IMPLEMENTATION_UPGRADE_RECOMMENDATIONS.md,docs,docs_or_research,P2_untracked_intake_review,26851,26851,live_differs_from_snapshot_untracked,not_tracked_current_index,90394de541e0e89f61db8d36be82128b49d1a778,b9f1eb416477beb21741caed940a965e52f4e03a,False
P2_knowledge_data,canonical_doc_review_track_or_archive,docs/research/INSPIRATION.md,docs,docs_or_research,P2_untracked_intake_review,5059,5059,live_differs_from_snapshot_untracked,not_tracked_current_index,a2226f9072fe0414050a8174f5a4c7ef6716b7a8,058ca114c4e68ce0d7f9c8944436eb7be507171f,False
P2_knowledge_data,canonical_doc_review_track_or_archive,docs/research/MCP_SECURITY_PAPERS_2026-05-20.md,docs,docs_or_research,P2_untracked_intake_review,12361,12361,live_differs_from_snapshot_untracked,not_tracked_current_index,915287a6e3610448ed7fc98fab84c1344f2cb89e,70c1fe0ab98b69916e3dc6d46edafcd711a04877,False
P2_knowledge_data,canonical_doc_review_track_or_archive,docs/research/MERGE_STRATEGY_DEEP_DIVE_2026-05-22.md,docs,docs_or_research,P2_untracked_intake_review,20229,20229,live_differs_from_snapshot_untracked,not_tracked_current_index,4734590fc93e745c093846e3110c73af011f141a,afe5782e01f8daf5b437fbd9d553be3ffe2982f4,False
P2_knowledge_data,canonical_doc_review_track_or_archive,docs/research/MODEL_DEEP_DIVE_DISTILLATION_2026-05-25.md,docs,docs_or_research,P2_untracked_intake_review,14198,14198,live_differs_from_snapshot_untracked,not_tracked_current_index,4550ecb8900e2fa0f24c7067b4e68972ba8c4ac7,5cacd1e211cf7d233bb6692349a7639380943bb6,False
P2_knowledge_data,canonical_doc_review_track_or_archive,docs/research/MODEL_SWEEP_REPORT_2026-05-24.md,docs,docs_or_research,P2_untracked_intake_review,6140,6140,live_differs_from_snapshot_untracked,not_tracked_current_index,30bceedbdadccdf23707b30f49040732a100cd76,51ac3f6020e85de97779c5830b922f19f2ee0cc7,False
P2_knowledge_data,canonical_doc_review_track_or_archive,docs/research/NEXUSCLAW_CORE_V0_EVIDENCE_MATRIX_2026-06-03.md,docs,docs_or_research,P2_untracked_intake_review,6064,6064,live_differs_from_snapshot_untracked,not_tracked_current_index,128f88dfd5680cea849fdb15072e2bd94d66f5d1,b34a805220136b4705e986fd802c8cedd5fbd095,False
P2_knowledge_data,canonical_doc_review_track_or_archive,docs/research/NEXUSCLAW_DESIGN.md,docs,docs_or_research,P2_untracked_intake_review,20837,20837,live_differs_from_snapshot_untracked,not_tracked_current_index,c9c6731a35ae3a9a1b69d71e96eae20d4a3b7a30,0a7af9fafc48d1696b64a46bdff712a91e07dccc,False
P2_knowledge_data,canonical_doc_review_track_or_archive,docs/research/NEXUS_CONNECTIVITY_REPORT.md,docs,docs_or_research,P2_untracked_intake_review,4536,4536,live_differs_from_snapshot_untracked,not_tracked_current_index,cd0c4d2380534a2207fafabe82760e6cc202e733,9a5495cf263214d04f091236e21d5fc41e706274,False
P2_knowledge_data,canonical_doc_review_track_or_archive,docs/research/NEXUS_DOCKER_MCP_SET1_ANALYSIS.md,docs,docs_or_research,P2_untracked_intake_review,13003,13003,live_differs_from_snapshot_untracked,not_tracked_current_index,34a85112122aa45d97afb3cd166b91fad56d5d84,b6d064d8fe613be81b4dad0ea76e91a1c40e69bc,False
P2_knowledge_data,canonical_doc_review_track_or_archive,docs/research/NEXUS_SET2_TESTED_INTEGRATION_TESTS.md,docs,docs_or_research,P2_untracked_intake_review,17368,17368,live_differs_from_snapshot_untracked,not_tracked_current_index,ad2d4f097fde88ec1f6a74493912027312025827,6b62359b70c8fe0f730f6c16e74d4e58e2eae415,False
P2_knowledge_data,canonical_doc_review_track_or_archive,docs/research/NEXUS_SET2_TESTED_MCP_SELECTION.md,docs,docs_or_research,P2_untracked_intake_review,24542,24542,live_differs_from_snapshot_untracked,not_tracked_current_index,8afcde9baf9910ce2d42bb9e71ed8244504a6ac6,5fbc701be103b14a37c9d005f9f8ac62fc5b56ed,False
P2_knowledge_data,canonical_doc_review_track_or_archive,docs/research/PAPERS02_SYNTHESIS_AND_ACTIONABLE_INSIGHTS_2026-05-26.md,docs,docs_or_research,P2_untracked_intake_review,12170,12170,live_differs_from_snapshot_untracked,not_tracked_current_index,ec977c69fabe3d99b99caa478965ab29dae70bf9,6d925607c7333b8d0656068afd625f31f5e6dc20,False
P2_knowledge_data,canonical_doc_review_track_or_archive,docs/research/RP_MODEL_BOUNCER_BENCHMARK_V2_2026-05-23.md,docs,docs_or_research,P2_untracked_intake_review,11511,11511,live_differs_from_snapshot_untracked,not_tracked_current_index,1bb4566b6f1c988792f8218e7ae0fdc8ae6b87f8,32d11f634a6f928160387a28561688761a11105d,False
P2_knowledge_data,canonical_doc_review_track_or_archive,docs/research/SOURCE_ANALYSIS_FINAL_SUMMARY.md,docs,docs_or_research,P2_untracked_intake_review,9816,9816,live_differs_from_snapshot_untracked,not_tracked_current_index,a28edb350945b6d2662c3712811f99367b3ed11d,70a7a48299cc552d1281b42f7fc210c0ea35496a,False
P2_knowledge_data,canonical_doc_review_track_or_archive,docs/research/STRESS_LAB_DATASET_ROADMAP_2026-05-22.md,docs,docs_or_research,P2_untracked_intake_review,16537,16537,live_differs_from_snapshot_untracked,not_tracked_current_index,ad46bb181545307252473a7914e3655a2879119a,2947399fb92ed0bbfeae51031791bc4fbc53de0b,False
P2_knowledge_data,canonical_doc_review_track_or_archive,docs/research/cline-agent-analysis.md,docs,docs_or_research,P2_untracked_intake_review,6599,6599,live_differs_from_snapshot_untracked,not_tracked_current_index,317a5e8118ac959fd0e42db05a2d15a6f1cc1def,3e4fcabe374674b4419640570b7048b45f60c15e,False
P2_knowledge_data,canonical_doc_review_track_or_archive,docs/research/codex-agent-patterns.md,docs,docs_or_research,P2_untracked_intake_review,8376,8376,live_differs_from_snapshot_untracked,not_tracked_current_index,62c35d346b66f85327ebdd745f9005bad82e3d70,136361e870b6c4f330b69b31990178e99dfbca7b,False
P2_knowledge_data,canonical_doc_review_track_or_archive,docs/research/compression_merge_ft_approaches.md,docs,docs_or_research,P2_untracked_intake_review,27443,27443,live_differs_from_snapshot_untracked,not_tracked_current_index,f274a9787f07d57d30834576c65159a89b12b6e5,77205d97fde8415fe63df3e6dac40ee95024d3ab,False
P2_knowledge_data,canonical_doc_review_track_or_archive,docs/research/model_analysis_and_guarding_strategies.md,docs,docs_or_research,P2_untracked_intake_review,17697,17697,live_differs_from_snapshot_untracked,not_tracked_current_index,247615e946078169f517bdd621b60a851f5bb253,68f69445abcfb7ee9837e3685c1a2136a1023ce8,False
P2_knowledge_data,canonical_doc_review_track_or_archive,docs/research/paper_extracts/contamination_benchmark.txt,docs,docs_or_research,P2_untracked_intake_review,84561,84561,live_differs_from_snapshot_untracked,not_tracked_current_index,2b603b27025992a5cc431b0adbb6d2d8595d1d56,e82b1cbda77e9efba015ae168a49076ab5eab815,False
P2_knowledge_data,canonical_doc_review_track_or_archive,docs/research/paper_extracts/contamination_generative.txt,docs,docs_or_research,P2_untracked_intake_review,139375,139375,live_differs_from_snapshot_untracked,not_tracked_current_index,bd2de5f21f2b36adcb088e63439d795838f0e49b,b3416cb2705bf52871da5314c73240f65f1d2f7e,False
P2_knowledge_data,canonical_doc_review_track_or_archive,docs/research/paper_extracts/dice.txt,docs,docs_or_research,P2_untracked_intake_review,39283,39283,live_differs_from_snapshot_untracked,not_tracked_current_index,717a3336e08ba46468f378dc1a9e93a065e6018c,61deb121748d59ca62d8253b451ada6059cba1c4,False
P2_knowledge_data,canonical_doc_review_track_or_archive,docs/research/paper_extracts/merging.txt,docs,docs_or_research,P2_untracked_intake_review,53496,53496,live_differs_from_snapshot_untracked,not_tracked_current_index,5cc70d90174152d5382f249c3cf5535f0d4a3403,5d843bcac1efb50fd04ba2d0f93ce0da79ec6027,False
P2_knowledge_data,canonical_doc_review_track_or_archive,docs/research/paper_extracts/metasecalign.txt,docs,docs_or_research,P2_untracked_intake_review,74865,74865,live_differs_from_snapshot_untracked,not_tracked_current_index,f49c3fdfcc2349bc40633378b4b69f92fd75edc7,be7930478f5e9185b41b639626e28fcf439e5c8f,False
P2_knowledge_data,canonical_doc_review_track_or_archive,docs/research/paper_extracts/multiturn_safety.txt,docs,docs_or_research,P2_untracked_intake_review,137003,137003,live_differs_from_snapshot_untracked,not_tracked_current_index,773b7c6797e4145830d51c872f96282dc251dce0,2d82e103382fe981d76965ae8ff1bb6a302f0edb,False
P2_knowledge_data,canonical_doc_review_track_or_archive,docs/research/paper_extracts/redbench.txt,docs,docs_or_research,P2_untracked_intake_review,109747,109747,live_differs_from_snapshot_untracked,not_tracked_current_index,ac2a8d788f19415841a75c25d6aa4ec65e7e4925,a6a9a4a6e0e28d58990b34b48b608886f760e11f,False
P2_knowledge_data,canonical_doc_review_track_or_archive,docs/research/paper_extracts/redteam_rewards.txt,docs,docs_or_research,P2_untracked_intake_review,84575,84575,live_differs_from_snapshot_untracked,not_tracked_current_index,5e1ed4ff0e553b46b891b21dc01c1a36f1440b84,ee02a8775cc1dba7423e3b2472ef7d49cccadd01,False
P2_knowledge_data,canonical_doc_review_track_or_archive,docs/research/paper_extracts/safety_at_scale.txt,docs,docs_or_research,P2_untracked_intake_review,412781,412781,live_differs_from_snapshot_untracked,not_tracked_current_index,ffee6b3a47cbf7a10a05bf192875108556bc495c,d3570be132016a94b248161beec8465a0580a827,False
P2_knowledge_data,canonical_doc_review_track_or_archive,docs/research/paper_extracts/shortcut_neuron.txt,docs,docs_or_research,P2_untracked_intake_review,50458,50458,live_differs_from_snapshot_untracked,not_tracked_current_index,fa402327fcc533a1629f73144402149940816774,ff590e1c63c9e3efe147289589d2b1a24f95eea4,False
P2_knowledge_data,canonical_doc_review_track_or_archive,docs/research/paper_extracts/survey.txt,docs,docs_or_research,P2_untracked_intake_review,107667,107667,live_differs_from_snapshot_untracked,not_tracked_current_index,d8d3680a92a51f76a683ae826989c0186ff0ad4c,79891c7b2a824632bcd66878b9a9a5cb903b2047,False
P2_knowledge_data,canonical_doc_review_track_or_archive,docs/research/paper_extracts/tree_of_attacks.txt,docs,docs_or_research,P2_untracked_intake_review,119840,119840,live_differs_from_snapshot_untracked,not_tracked_current_index,0f2d74862378570d6796e60de585b3f6c5a2e327,79966d4311b33df5e12a75680dd213eea128ddec,False
P2_knowledge_data,canonical_doc_review_track_or_archive,docs/research/paper_extracts/trust_benchmarks.txt,docs,docs_or_research,P2_untracked_intake_review,95513,95513,live_differs_from_snapshot_untracked,not_tracked_current_index,6b1e54f21e9d649a1bc280be2ec1119033dffbdd,0575c6c9d70fa8f9548a720ac460f760d8af52ea,False
P2_knowledge_data,canonical_doc_review_track_or_archive,docs/reviews/DATASET_EXPANSION_COMPLETION_REPORT.md,docs,docs_or_research,P2_untracked_intake_review,11035,11035,live_differs_from_snapshot_untracked,not_tracked_current_index,0f60680445b830312b7eb803f8e5733df48281b8,993cccc383ea409f5acf7b9b771ddb57a9918a74,False
P2_knowledge_data,canonical_doc_review_track_or_archive,docs/reviews/NEXUS_OS_STATUS_REPORT.md,docs,docs_or_research,P2_untracked_intake_review,44253,44253,live_differs_from_snapshot_untracked,not_tracked_current_index,092962401238091351ee8877bcb93e7ac5555f4c,d712b2b377b51b147f9027bc8bd15262b6bea860,False
P2_knowledge_data,canonical_doc_review_track_or_archive,docs/reviews/SYSTEM_AUDIT_REPORT_2026-05-29.md,docs,docs_or_research,P2_untracked_intake_review,9470,9470,live_differs_from_snapshot_untracked,not_tracked_current_index,349d9edb3cef19dbb59f8a3e19431a7610e54697,ccc407d70f56ad4cb6b904f268ea2d92b256084e,False
P2_knowledge_data,canonical_doc_review_track_or_archive,docs/security/ANTIGRAVITY_CLAIMS_VERIFICATION_2026-05-24.md,docs,docs_or_research,P2_untracked_intake_review,8190,8190,live_differs_from_snapshot_untracked,not_tracked_current_index,04fb6d789e300197cc52fb85982e76621768f083,dbdffb89d6730411d4edbbc42a1ea752e7b2ffe3,False
P2_knowledge_data,canonical_doc_review_track_or_archive,docs/security/DOPPELGROUND_GITLEAKS_FALSE_POSITIVE_TRIAGE_2026-05-26.md,docs,docs_or_research,P2_untracked_intake_review,3024,3024,live_differs_from_snapshot_untracked,not_tracked_current_index,7f0a6d8e048be210019e3f086c1aca3a85a1ae66,7c88f11449feb88f8e2a53a3d903c9ad7570093c,False
P2_knowledge_data,canonical_doc_review_track_or_archive,docs/security/ERNIE_FORENSIC_COMPUTATIONAL_AUDIT.md,docs,docs_or_research,P2_untracked_intake_review,6909,6909,live_differs_from_snapshot_untracked,not_tracked_current_index,b4eddd6387246e8c7329c9e2028e9b15e9ffe938,1588613e9879f5350ca6cb6cc0ce02522d211a26,False
P2_knowledge_data,canonical_doc_review_track_or_archive,docs/security/ERNIE_SECURITY_REMEDIATION_REPORT_2026-05-23.md,docs,docs_or_research,P2_untracked_intake_review,11205,11205,live_differs_from_snapshot_untracked,not_tracked_current_index,14614a8c73ba32a4879f192ba47790cd955e096e,5ab5adc207786a103df2d84fd1c92df211a69e70,False
P2_knowledge_data,canonical_doc_review_track_or_archive,docs/security/ERNIE_SUPREMACY_INVESTIGATION_REPORT_2026-05-22.md,docs,docs_or_research,P2_untracked_intake_review,11404,11404,live_differs_from_snapshot_untracked,not_tracked_current_index,16e2a2a35274f4f2467c38ec1b63470c543036c7,d4c647f42ae89a5b93b4d319edd7632c93f32108,False
P2_knowledge_data,canonical_doc_review_track_or_archive,docs/security/GUARD_PLANE_V7_VERIFICATION_REPORT_2026-06-02.md,docs,docs_or_research,P2_untracked_intake_review,6446,6446,live_differs_from_snapshot_untracked,not_tracked_current_index,b3da6ca00aeb436d3d0957d5ae7926c4e36586f8,9f7c5b7524d1061366520b3ff3b522537b34f3e4,False
P2_knowledge_data,canonical_doc_review_track_or_archive,docs/security/META_ATTACK_DETECTOR_V3_GAPS_2026-05-24.md,docs,docs_or_research,P2_untracked_intake_review,5609,5609,live_differs_from_snapshot_untracked,not_tracked_current_index,4e598937be48b4636b848240dd4b20568ca540d4,92b73c687a4bda3940659ff1b72b91e70004447c,False
P2_knowledge_data,canonical_doc_review_track_or_archive,docs/security/UPGRADED_INTELLIGENCE_PLAN_2026-05-23.md,docs,docs_or_research,P2_untracked_intake_review,4904,4904,live_differs_from_snapshot_untracked,not_tracked_current_index,fea6a0b93971ba6554b1bbebc61be978c26421ee,78cc26f0c7920568ec094158bcb9fdc7f0cb50e2,False
P2_knowledge_data,canonical_doc_review_track_or_archive,docs/wiki/README.md,docs,docs_or_research,P2_untracked_intake_review,1419,1419,live_differs_from_snapshot_untracked,not_tracked_current_index,e47c4712e93928ce8df58d45870b5acd59afbfca,10f4b2820796cf02d921d9e5fbf358732b9ce11d,False
P2_knowledge_data,canonical_doc_review_track_or_archive,docs/wiki/briefs/DigitalTwinAI-human_brief.md,docs,docs_or_research,P2_untracked_intake_review,11158,11158,live_differs_from_snapshot_untracked,not_tracked_current_index,c12e9eb55b23dd4c2c8d51e12b9778a778e8704f,eb20151e7c57c6196845e679eeb42eb7122aa0fe,False
P2_knowledge_data,canonical_doc_review_track_or_archive,docs/wiki/briefs/Distribution_brief.md,docs,docs_or_research,P2_untracked_intake_review,11082,11082,live_differs_from_snapshot_untracked,not_tracked_current_index,fc2d3c1cb7a581ac78964c65f05bef766881c34d,512e4127f0061f8b676c196ec149b85b54fa8971,False
P2_knowledge_data,canonical_doc_review_track_or_archive,docs/wiki/briefs/Framework_brief.md,docs,docs_or_research,P2_untracked_intake_review,8873,8873,live_differs_from_snapshot_untracked,not_tracked_current_index,fafd3c0e92169d964cb7a23a0564b4fbd9716ca1,47a879c709fc70773c1c1531ffe8ff76f07fe2c0,False
P2_knowledge_data,canonical_doc_review_track_or_archive,docs/wiki/briefs/HERMESnewSTORE_brief.md,docs,docs_or_research,P2_untracked_intake_review,794,794,live_differs_from_snapshot_untracked,not_tracked_current_index,775120a2dae172bb631f939c863f8fe2f6e66833,c016c59385df298682c6e9b551ff50b4a537c3e1,False
P2_knowledge_data,canonical_doc_review_track_or_archive,docs/wiki/briefs/PFMbasicschema_brief.md,docs,docs_or_research,P2_untracked_intake_review,8899,8899,live_differs_from_snapshot_untracked,not_tracked_current_index,146fe84b63198faab9ce4c95571ba0b6dec1d897,46933b1681450a28f9da1ba044141d8f43a54c69,False
P2_knowledge_data,canonical_doc_review_track_or_archive,docs/wiki/briefs/QUixOScompetitorschemeflow_brief.md,docs,docs_or_research,P2_untracked_intake_review,10062,10062,live_differs_from_snapshot_untracked,not_tracked_current_index,5a4e25f4638be228191a2b8f2aea6299c3e08b03,abcad8c939eb9be571358c1b368c7bdcabd738d8,False
P2_knowledge_data,canonical_doc_review_track_or_archive,docs/wiki/briefs/SLMworkflow_brief.md,docs,docs_or_research,P2_untracked_intake_review,9485,9485,live_differs_from_snapshot_untracked,not_tracked_current_index,4b6525a08374b4fcc3d919df3cee3f476a7d385c,2f33292900d8259514fe05084e8042a31902d129,False
P2_knowledge_data,canonical_doc_review_track_or_archive,docs/wiki/briefs/SLMworkflowinference_brief.md,docs,docs_or_research,P2_untracked_intake_review,9262,9262,live_differs_from_snapshot_untracked,not_tracked_current_index,d7a4f7dcdcb59805205e42933cc804e811ca5905,1fef25ac367f2e588a49bb98953116d5de5ef3ce,False
P2_knowledge_data,canonical_doc_review_track_or_archive,docs/wiki/briefs/Visual ID workflow_brief.md,docs,docs_or_research,P2_untracked_intake_review,818,818,live_differs_from_snapshot_untracked,not_tracked_current_index,cab47a5c2e1bcc3fb704adb765e0f90b98ceaa02,aa925f4bb48f8e63b0697199a5327d2b080a4cf3,False
P2_knowledge_data,canonical_doc_review_track_or_archive,docs/wiki/briefs/data_analysis_survey_v2_brief.md,docs,docs_or_research,P2_untracked_intake_review,9912,9912,live_differs_from_snapshot_untracked,not_tracked_current_index,90f44e89cfbd1748ce57cc67cd7f24dde799f7bc,d87a0ab92f01776e01a653930cecdaeb40725640,False
P2_knowledge_data,canonical_doc_review_track_or_archive,docs/wiki/briefs/evoDivAgenticWorkflow_brief.md,docs,docs_or_research,P2_untracked_intake_review,10608,10608,live_differs_from_snapshot_untracked,not_tracked_current_index,44a22e1b517f16b374f0bf754b7c503d87d945b9,390bd09654c2d00a34da07a87151749799b95d14,False
P2_knowledge_data,canonical_doc_review_track_or_archive,docs/wiki/briefs/iaas_overview_v2_brief.md,docs,docs_or_research,P2_untracked_intake_review,9747,9747,live_differs_from_snapshot_untracked,not_tracked_current_index,cc5f9c43fa3fe91c4522b8c92a172cac87bc1cdc,ce6127cc23c702d70ba6a52b9a9330d756b07139,False
P2_knowledge_data,canonical_doc_review_track_or_archive,docs/wiki/briefs/llm_data_preparation_survey_overview_brief.md,docs,docs_or_research,P2_untracked_intake_review,926,926,live_differs_from_snapshot_untracked,not_tracked_current_index,ff59934feb38713008f5da3877d9aaca7c3f5fbd,8c639e29f5704bb65aec751825832a47ebfdb296,False
P2_knowledge_data,canonical_doc_review_track_or_archive,docs/wiki/briefs/method_pic_brief.md,docs,docs_or_research,P2_untracked_intake_review,9539,9539,live_differs_from_snapshot_untracked,not_tracked_current_index,c2bcc5991becb54042b3f14192c6ee870c43e967,2d39744f239d00132a5cdd0e7299583c55633214,False
P2_knowledge_data,canonical_doc_review_track_or_archive,docs/wiki/briefs/oldSLMexampletable_brief.md,docs,docs_or_research,P2_untracked_intake_review,9316,9316,live_differs_from_snapshot_untracked,not_tracked_current_index,145025d636f2c602c596cacb07e15e3eb2c15ad9,1f852d51edac13a77d49e5eda963dee9dc55fd74,False
P2_knowledge_data,canonical_doc_review_track_or_archive,docs/wiki/briefs/{id_str}_brief.md,docs,docs_or_research,P2_untracked_intake_review,4235,4235,live_differs_from_snapshot_untracked,not_tracked_current_index,a711298a8bfd970e626335b1c548c90c58f0090f,7e18a517ab7d5bba1552babc49272edc19de7e37,False
P2_knowledge_data,canonical_doc_review_track_or_archive,"docs/wiki/briefs/{stem.upper().replace('-',_brief.md",docs,docs_or_research,P2_untracked_intake_review,2095,2095,live_differs_from_snapshot_untracked,not_tracked_current_index,ba38641c502ba67cbdc56ce73015fc3dfa6982b9,8f22c5d0bd5ab2897e3f5829faa3ec4f87050664,False
P2_knowledge_data,canonical_doc_review_track_or_archive,docs/wiki/graph/nexusctl_wiki_check_2026-05-26.json,docs,docs_or_research,P2_untracked_intake_review,281,281,live_differs_from_snapshot_untracked,not_tracked_current_index,e48b50e569b3d2de7ba463b9955741675db9d63a,b04d413430a8fa3231f4355bc547ce4ec639182c,False
P2_knowledge_data,canonical_doc_review_track_or_archive,docs/wiki/graph/reviewground_wiki_check_2026-05-26.json,docs,docs_or_research,P2_untracked_intake_review,194,194,live_differs_from_snapshot_untracked,not_tracked_current_index,509e356bfbd1a7fa49c817ed351f27f1d0a57fae,06578799ca974f3971a132724a2293cd79cd1e87,False
P2_knowledge_data,dataset_benchmark_registry_preserve_do_not_track_blindly,evidence/gross_live_29456/20260528_001054/chain.jsonl,evidence,data_or_benchmark,P2_untracked_intake_review,232,232,live_differs_from_snapshot_untracked,not_tracked_current_index,9fe784946f802c0569bf97c75c0078ed05fb03ad,3ee91fa472677936d2ead2b296fda36d94540114,False
P2_knowledge_data,dataset_benchmark_registry_preserve_do_not_track_blindly,evidence/gross_live_29456/20260528_001054/layer1_parent_details.json,evidence,data_or_benchmark,P2_untracked_intake_review,189,189,live_differs_from_snapshot_untracked,not_tracked_current_index,67696af5149c3f95d457d1146c72a0ad54be0a81,fce88a9eefca3cd72d66d1d2d9eb247d88df24ae,False
P2_knowledge_data,dataset_benchmark_registry_preserve_do_not_track_blindly,evidence/gross_live_29456/20260528_001054/layer1_process_wmi.json,evidence,data_or_benchmark,P2_untracked_intake_review,351,351,live_differs_from_snapshot_untracked,not_tracked_current_index,9ca2867c9478ad44d0566e3d7b9a354bd228c1f0,5013413b598b2c25ababf8a35b5cf0109e6aecfc,False
P2_knowledge_data,dataset_benchmark_registry_preserve_do_not_track_blindly,evidence/gross_live_29456/20260528_001054/layer2_network_tcp.json,evidence,data_or_benchmark,P2_untracked_intake_review,5355,5355,live_differs_from_snapshot_untracked,not_tracked_current_index,c838e4c4cb6e763a6548201c92d72a1816f8ac5f,da1d5078529aec689deef59841e6076c00d3b228,False
P2_knowledge_data,dataset_benchmark_registry_preserve_do_not_track_blindly,evidence/gross_live_29456/20260528_001054/layer3_proctree.json,evidence,data_or_benchmark,P2_untracked_intake_review,829,829,live_differs_from_snapshot_untracked,not_tracked_current_index,f95f3621d6ce9a05f8fe892042623cfb3ea52e74,c5e98b36b7fa18ef1dfdf2cc8cec6752b5293dc9,False
P2_knowledge_data,dataset_benchmark_registry_preserve_do_not_track_blindly,evidence/gross_live_29456/20260528_001054/layer4_modules.json,evidence,data_or_benchmark,P2_untracked_intake_review,5490,5490,live_differs_from_snapshot_untracked,not_tracked_current_index,f7e9ac1f19d3a31cbe6f536c3ffe245fec9df644,57522daaec78bdf934a7edbf8cca2658023868a7,False
P2_knowledge_data,dataset_benchmark_registry_preserve_do_not_track_blindly,evidence/gross_live_29456/20260528_001054/layer4_upload_queue_state.json,evidence,data_or_benchmark,P2_untracked_intake_review,108021,108021,live_differs_from_snapshot_untracked,not_tracked_current_index,38fc7f74e130a645ada0447e50b72c0cf02e0c86,d80c1e3942b4be7c21073cb8bbf467cbc203af72,False
P2_knowledge_data,dataset_benchmark_registry_preserve_do_not_track_blindly,evidence/gross_live_29456/20260528_001054/layer5_owner.json,evidence,data_or_benchmark,P2_untracked_intake_review,23,23,live_differs_from_snapshot_untracked,not_tracked_current_index,499533dc44963218dad8875ff9cf250622d2b575,91a54e4786ab25824a13b8f0a97c108fa9bd46ca,False
P2_knowledge_data,research_intake_archive_or_canonicalize,evidence/gross_live_29456/20260528_001054/CODEX_CROSS_STREAM_INTEL.md,evidence,docs_or_research,P2_untracked_intake_review,3790,3790,live_differs_from_snapshot_untracked,not_tracked_current_index,5ea3e268737aa838dcd6512ff44053ecc44f5b0e,e657f2976649abd27c67d316835dc41f41c2f9e1,False
P2_knowledge_data,research_intake_archive_or_canonicalize,evidence/gross_live_29456/20260528_001054/LIVE_OBSERVATION_SUMMARY.md,evidence,docs_or_research,P2_untracked_intake_review,2810,2810,live_differs_from_snapshot_untracked,not_tracked_current_index,305f7dcf033790e5fc7f931c08c13ccb4699698e,916ff4d092fe4f26ed5f15f52dbb450b9996ec84,False
P2_knowledge_data,dataset_benchmark_registry_preserve_do_not_track_blindly,logs/resource-monitor/20260527_072757/metadata.json,logs,data_or_benchmark,P2_untracked_intake_review,3672,3672,live_differs_from_snapshot_untracked,not_tracked_current_index,30488785392d5737b6bcf0876c8481029e605bc9,e3eec368437b89517d48d820794f5998474ad239,False
P2_knowledge_data,dataset_benchmark_registry_preserve_do_not_track_blindly,logs/resource-monitor/20260527_072757/ollama_churn.csv,logs,data_or_benchmark,P2_untracked_intake_review,68,68,live_differs_from_snapshot_untracked,not_tracked_current_index,3223db23b48f351c13360224141384f4f4812f1c,77332727715e8cca13c0969ed0dd213579b6b9a4,False
P2_knowledge_data,dataset_benchmark_registry_preserve_do_not_track_blindly,logs/resource-monitor/20260527_072757/process_top.csv,logs,data_or_benchmark,P2_untracked_intake_review,65,65,live_differs_from_snapshot_untracked,not_tracked_current_index,01b84c4122a57f6624f2bf26db38a434f013f064,812aeea6de1e6b168c6eb5799cb57267c9fe8f9e,False
P2_knowledge_data,dataset_benchmark_registry_preserve_do_not_track_blindly,logs/resource-monitor/20260527_072757/samples.csv,logs,data_or_benchmark,P2_untracked_intake_review,286,286,live_differs_from_snapshot_untracked,not_tracked_current_index,2833fd99d20615b04eab9406fd36b14e2c846fbc,4af45ec90f658c8d2adb4c8f983b397b3018c338,False
P2_knowledge_data,dataset_benchmark_registry_preserve_do_not_track_blindly,logs/resource-monitor/20260527_072757/summary.json,logs,data_or_benchmark,P2_untracked_intake_review,1196,1196,live_differs_from_snapshot_untracked,not_tracked_current_index,b88c79c46429c51efc95baa778c93bc187357d7c,e320d9b4a11fc36f02798f1eb52fb2e2a99d8fbe,False
P2_knowledge_data,dataset_benchmark_registry_preserve_do_not_track_blindly,logs/resource-monitor/20260527_072820/metadata.json,logs,data_or_benchmark,P2_untracked_intake_review,3148,3148,live_differs_from_snapshot_untracked,not_tracked_current_index,f047bdacf8c5f440de2edcb4fa9f7885f5f756c0,106624578d4c0794c72101417e60b4f7bdc6828a,False
P2_knowledge_data,dataset_benchmark_registry_preserve_do_not_track_blindly,logs/resource-monitor/20260527_072820/ollama_churn.csv,logs,data_or_benchmark,P2_untracked_intake_review,68,68,live_differs_from_snapshot_untracked,not_tracked_current_index,3223db23b48f351c13360224141384f4f4812f1c,77332727715e8cca13c0969ed0dd213579b6b9a4,False
P2_knowledge_data,dataset_benchmark_registry_preserve_do_not_track_blindly,logs/resource-monitor/20260527_072820/process_top.csv,logs,data_or_benchmark,P2_untracked_intake_review,502686,502686,live_differs_from_snapshot_untracked,not_tracked_current_index,bf7e43cb350803773574be770f2d91fc7ba30242,43dd4e9eeaff49045c87183b27e679ee90c6473d,False
P2_knowledge_data,dataset_benchmark_registry_preserve_do_not_track_blindly,logs/resource-monitor/20260527_072820/samples.csv,logs,data_or_benchmark,P2_untracked_intake_review,25441,25441,live_differs_from_snapshot_untracked,not_tracked_current_index,007dc02ac6749358350431a779d23e90526b6be8,fd6ad6c0762bb6ea68bdeaa8cb2be172c395f28b,False
P2_knowledge_data,dataset_benchmark_registry_preserve_do_not_track_blindly,logs/resource-monitor/20260527_072820/summary.json,logs,data_or_benchmark,P2_untracked_intake_review,1213,1213,live_differs_from_snapshot_untracked,not_tracked_current_index,94fe0d75023f3537d636ee60941ab4329acad8d3,017486fd2f173b7f329edf6f79e2cb1e1cef214b,False
P2_knowledge_data,dataset_benchmark_registry_preserve_do_not_track_blindly,logs/resource-monitor/20260527_075214/metadata.json,logs,data_or_benchmark,P2_untracked_intake_review,4092,4092,live_differs_from_snapshot_untracked,not_tracked_current_index,a5b0e664ea1d38e782ede713ca37bb753085bc0e,d30909ce6b9804d4e4e5c49f119130bd7218b6fe,False
P2_knowledge_data,dataset_benchmark_registry_preserve_do_not_track_blindly,logs/resource-monitor/20260527_075214/ollama_churn.csv,logs,data_or_benchmark,P2_untracked_intake_review,68,68,live_differs_from_snapshot_untracked,not_tracked_current_index,3223db23b48f351c13360224141384f4f4812f1c,77332727715e8cca13c0969ed0dd213579b6b9a4,False
P2_knowledge_data,dataset_benchmark_registry_preserve_do_not_track_blindly,logs/resource-monitor/20260527_075214/process_top.csv,logs,data_or_benchmark,P2_untracked_intake_review,65,65,live_differs_from_snapshot_untracked,not_tracked_current_index,01b84c4122a57f6624f2bf26db38a434f013f064,812aeea6de1e6b168c6eb5799cb57267c9fe8f9e,False
P2_knowledge_data,dataset_benchmark_registry_preserve_do_not_track_blindly,logs/resource-monitor/20260527_075214/samples.csv,logs,data_or_benchmark,P2_untracked_intake_review,286,286,live_differs_from_snapshot_untracked,not_tracked_current_index,2833fd99d20615b04eab9406fd36b14e2c846fbc,4af45ec90f658c8d2adb4c8f983b397b3018c338,False
P2_knowledge_data,dataset_benchmark_registry_preserve_do_not_track_blindly,logs/resource-monitor/20260527_075214/summary.json,logs,data_or_benchmark,P2_untracked_intake_review,1196,1196,live_differs_from_snapshot_untracked,not_tracked_current_index,2d1b3c7240d0f88157c899632f7695652d2106e2,6e78c667415cb1d94c59e4a6e10cfbbe93026fd4,False
P2_knowledge_data,dataset_benchmark_registry_preserve_do_not_track_blindly,logs/resource-monitor/20260527_075713/metadata.json,logs,data_or_benchmark,P2_untracked_intake_review,4302,4302,live_differs_from_snapshot_untracked,not_tracked_current_index,8d75757e458882754c733969b00a7b878f3b017c,44d1625be05e30acc7f6727a323b2a5e7f16cc94,False
P2_knowledge_data,dataset_benchmark_registry_preserve_do_not_track_blindly,logs/resource-monitor/20260527_075713/ollama_churn.csv,logs,data_or_benchmark,P2_untracked_intake_review,68,68,live_differs_from_snapshot_untracked,not_tracked_current_index,3223db23b48f351c13360224141384f4f4812f1c,77332727715e8cca13c0969ed0dd213579b6b9a4,False
P2_knowledge_data,dataset_benchmark_registry_preserve_do_not_track_blindly,logs/resource-monitor/20260527_075713/process_top.csv,logs,data_or_benchmark,P2_untracked_intake_review,65,65,live_differs_from_snapshot_untracked,not_tracked_current_index,01b84c4122a57f6624f2bf26db38a434f013f064,812aeea6de1e6b168c6eb5799cb57267c9fe8f9e,False
P2_knowledge_data,dataset_benchmark_registry_preserve_do_not_track_blindly,logs/resource-monitor/20260527_075713/samples.csv,logs,data_or_benchmark,P2_untracked_intake_review,304,304,live_differs_from_snapshot_untracked,not_tracked_current_index,451b900404f44b2d03d4fc18b77c8884d04b698f,ca56e4525fc7afa311e6be066d9b7a17ca534852,False
P2_knowledge_data,dataset_benchmark_registry_preserve_do_not_track_blindly,logs/resource-monitor/20260527_075713/summary.json,logs,data_or_benchmark,P2_untracked_intake_review,1374,1374,live_differs_from_snapshot_untracked,not_tracked_current_index,745dd6fce214201cb8394acff892d278dfd48731,c40d6085c3eea20c7290a14ec22b91ef3527ca30,False
P2_knowledge_data,dataset_benchmark_registry_preserve_do_not_track_blindly,logs/resource-monitor/20260527_075713/tcp_connections.csv,logs,data_or_benchmark,P2_untracked_intake_review,81,81,live_differs_from_snapshot_untracked,not_tracked_current_index,d20f1416e1e1e42af1137018b7624c38ffed17f1,0a398f985de7c6778635ab16e0db2d9e8cd4ba42,False
P2_knowledge_data,dataset_benchmark_registry_preserve_do_not_track_blindly,models/adapter_config.json,models,data_or_benchmark,P2_untracked_intake_review,1254,1254,live_differs_from_snapshot_untracked,not_tracked_current_index,1a91a7d2690def27b88c0146a0d8ff02c7db8fe6,9ba887d316dd0e38bb81950ba21dd613181d8656,False
P2_knowledge_data,dataset_benchmark_registry_preserve_do_not_track_blindly,models/config.json,models,data_or_benchmark,P2_untracked_intake_review,1644,1644,live_differs_from_snapshot_untracked,not_tracked_current_index,e20e120fe46edc9d8420d3bfeda870697cf0c353,2d9808e8bb929906ca877cb96486cb13aaeb9e81,False
P2_knowledge_data,dataset_benchmark_registry_preserve_do_not_track_blindly,models/gemma2-2b-abliterated/behaviormancer_config.json,models,data_or_benchmark,P2_untracked_intake_review,549,549,live_differs_from_snapshot_untracked,not_tracked_current_index,0b83545a8b6aa561f1a5058295646abba55c4a05,74108c7bd668f22e7922811c48c22a02e886b0ee,False
P2_knowledge_data,dataset_benchmark_registry_preserve_do_not_track_blindly,models/gemma2-2b-abliterated/config.json,models,data_or_benchmark,P2_untracked_intake_review,1664,1664,live_differs_from_snapshot_untracked,not_tracked_current_index,cd403e3ee81f0440e12ee040a08573b87492afe7,91e0ed7ab85551e40f6cbfa9d736016a565743fe,False
P2_knowledge_data,dataset_benchmark_registry_preserve_do_not_track_blindly,models/gemma2-2b-abliterated/generation_config.json,models,data_or_benchmark,P2_untracked_intake_review,202,202,live_differs_from_snapshot_untracked,not_tracked_current_index,163420bff7085eb4cc3fac251451a1093dbcea14,9fda25667a7c4f159c6a2b0adf226413600d3f4c,False
P2_knowledge_data,dataset_benchmark_registry_preserve_do_not_track_blindly,models/gemma2-2b-abliterated/tokenizer_config.json,models,data_or_benchmark,P2_untracked_intake_review,508,508,live_differs_from_snapshot_untracked,not_tracked_current_index,329fd7da1673300b9e6c7b5b84622224a030e168,eabc4ed8ab34751069a1970d61e616ce93e53880,False
P2_knowledge_data,dataset_benchmark_registry_preserve_do_not_track_blindly,models/gemma2-2b-abliterated_tokenizer/tokenizer_config.json,models,data_or_benchmark,P2_untracked_intake_review,704,704,live_differs_from_snapshot_untracked,not_tracked_current_index,6a75fdee73fd784b475df6078c8a6a9a1203b9f8,68bb399799d4cb61719b3b3b9d88bd08f334c284,False
P2_knowledge_data,dataset_benchmark_registry_preserve_do_not_track_blindly,models/generation_config.json,models,data_or_benchmark,P2_untracked_intake_review,284,284,live_differs_from_snapshot_untracked,not_tracked_current_index,6696600a4f3ed5811556541ec3c284de4a65af06,db0acddb88c0b0b3f23e5fbf694bea26f4b8d04a,False
P2_knowledge_data,dataset_benchmark_registry_preserve_do_not_track_blindly,models/guards/guard_collusion/adapter_config.json,models,data_or_benchmark,P2_untracked_intake_review,1065,1065,live_differs_from_snapshot_untracked,not_tracked_current_index,97b5b74ad20c7e6af90e49e349252c40ecc5ade1,223a8823145bf08d2e3ce0a2601ea36684ed5750,False
P2_knowledge_data,dataset_benchmark_registry_preserve_do_not_track_blindly,models/guards/guard_collusion/checkpoint-1506/adapter_config.json,models,data_or_benchmark,P2_untracked_intake_review,1065,1065,live_differs_from_snapshot_untracked,not_tracked_current_index,97b5b74ad20c7e6af90e49e349252c40ecc5ade1,223a8823145bf08d2e3ce0a2601ea36684ed5750,False
P2_knowledge_data,dataset_benchmark_registry_preserve_do_not_track_blindly,models/guards/guard_collusion/checkpoint-1506/trainer_state.json,models,data_or_benchmark,P2_untracked_intake_review,13067,13067,live_differs_from_snapshot_untracked,not_tracked_current_index,74db3f6d009c1faac31343cf52b2bb584c40a6d0,bf1c71b63ebb5ae17bb2dc191d7510d242aacc46,False
P2_knowledge_data,dataset_benchmark_registry_preserve_do_not_track_blindly,models/guards/guard_collusion/checkpoint-754/adapter_config.json,models,data_or_benchmark,P2_untracked_intake_review,1065,1065,live_differs_from_snapshot_untracked,not_tracked_current_index,70092afff184f4404a0d7cd5f3c6fe844ffbf7f7,b552935ed82b7804e6185d5a15f1c2c9d69b0fb6,False
P2_knowledge_data,dataset_benchmark_registry_preserve_do_not_track_blindly,models/guards/guard_collusion/checkpoint-754/trainer_state.json,models,data_or_benchmark,P2_untracked_intake_review,7069,7069,live_differs_from_snapshot_untracked,not_tracked_current_index,05aa1c71670bc37ea5d9c5bba69cc63861bea83b,85ecc603fc8f9e9711f816326368f49d0115d4b7,False
P2_knowledge_data,dataset_benchmark_registry_preserve_do_not_track_blindly,models/guards/guard_collusion/tokenizer_config.json,models,data_or_benchmark,P2_untracked_intake_review,336,336,live_differs_from_snapshot_untracked,not_tracked_current_index,a0d563e339ee5ed6b6e903e0339d75fa5a271e80,769291071a8712e4ad20cac2debfa911f5e52be5,False
P2_knowledge_data,dataset_benchmark_registry_preserve_do_not_track_blindly,models/guards/guard_content/adapter_config.json,models,data_or_benchmark,P2_untracked_intake_review,1065,1065,live_differs_from_snapshot_untracked,not_tracked_current_index,97b5b74ad20c7e6af90e49e349252c40ecc5ade1,223a8823145bf08d2e3ce0a2601ea36684ed5750,False
P2_knowledge_data,dataset_benchmark_registry_preserve_do_not_track_blindly,models/guards/guard_content/checkpoint-1494/adapter_config.json,models,data_or_benchmark,P2_untracked_intake_review,1065,1065,live_differs_from_snapshot_untracked,not_tracked_current_index,97b5b74ad20c7e6af90e49e349252c40ecc5ade1,223a8823145bf08d2e3ce0a2601ea36684ed5750,False
P2_knowledge_data,dataset_benchmark_registry_preserve_do_not_track_blindly,models/guards/guard_content/checkpoint-1494/trainer_state.json,models,data_or_benchmark,P2_untracked_intake_review,12870,12870,live_differs_from_snapshot_untracked,not_tracked_current_index,cd6ba9617869ebedc6aaf6fae7a06acd6a4c5eeb,a2e55610dae094594a3847babdca1c3b7093e305,False
P2_knowledge_data,dataset_benchmark_registry_preserve_do_not_track_blindly,models/guards/guard_content/checkpoint-747/adapter_config.json,models,data_or_benchmark,P2_untracked_intake_review,1065,1065,live_differs_from_snapshot_untracked,not_tracked_current_index,97b5b74ad20c7e6af90e49e349252c40ecc5ade1,223a8823145bf08d2e3ce0a2601ea36684ed5750,False
P2_knowledge_data,dataset_benchmark_registry_preserve_do_not_track_blindly,models/guards/guard_content/checkpoint-747/trainer_state.json,models,data_or_benchmark,P2_untracked_intake_review,6884,6884,live_differs_from_snapshot_untracked,not_tracked_current_index,5b842fc7331440577c01612880163765ce74d148,8c5670b504b4985e55a9e47f1c13f1b73ca19109,False
P2_knowledge_data,dataset_benchmark_registry_preserve_do_not_track_blindly,models/guards/guard_content/tokenizer_config.json,models,data_or_benchmark,P2_untracked_intake_review,336,336,live_differs_from_snapshot_untracked,not_tracked_current_index,a0d563e339ee5ed6b6e903e0339d75fa5a271e80,769291071a8712e4ad20cac2debfa911f5e52be5,False
P2_knowledge_data,dataset_benchmark_registry_preserve_do_not_track_blindly,models/guards/guard_ensemble_report.json,models,data_or_benchmark,P2_untracked_intake_review,3589,3589,live_differs_from_snapshot_untracked,not_tracked_current_index,5c5d50a69687e3c6ccb49de3e4946e32aad5910d,2f60f8e5546f3450cfe8152aae64ab521f3beacc,False
P2_knowledge_data,dataset_benchmark_registry_preserve_do_not_track_blindly,models/guards/guard_ensemble_report_fast.json,models,data_or_benchmark,P2_untracked_intake_review,536,536,live_differs_from_snapshot_untracked,not_tracked_current_index,53187c1ed201d6d0069268e3049cf4bd2bf0b2c1,cc20671ee72dbcf4984aa819a4ee2da25045144f,False
P2_knowledge_data,dataset_benchmark_registry_preserve_do_not_track_blindly,models/guards/guard_ensemble_report_special_virus.json,models,data_or_benchmark,P2_untracked_intake_review,3302,3302,live_differs_from_snapshot_untracked,not_tracked_current_index,611b1339f25949e45a2bd99f04227e4d266e1452,bade2cceef7cc2fb0be63948266fd77711174033,False
P2_knowledge_data,dataset_benchmark_registry_preserve_do_not_track_blindly,models/guards/guard_ensemble_report_v2.json,models,data_or_benchmark,P2_untracked_intake_review,1327,1327,live_differs_from_snapshot_untracked,not_tracked_current_index,168a426412d66b062661fa42731d626639ebd249,1a9d24bdca85b9e98efde27dbd833e051ed02de9,False
P2_knowledge_data,dataset_benchmark_registry_preserve_do_not_track_blindly,models/guards/guard_jailbreak/adapter_config.json,models,data_or_benchmark,P2_untracked_intake_review,1065,1065,live_differs_from_snapshot_untracked,not_tracked_current_index,97b5b74ad20c7e6af90e49e349252c40ecc5ade1,223a8823145bf08d2e3ce0a2601ea36684ed5750,False
P2_knowledge_data,dataset_benchmark_registry_preserve_do_not_track_blindly,models/guards/guard_jailbreak/checkpoint-1496/adapter_config.json,models,data_or_benchmark,P2_untracked_intake_review,1065,1065,live_differs_from_snapshot_untracked,not_tracked_current_index,97b5b74ad20c7e6af90e49e349252c40ecc5ade1,223a8823145bf08d2e3ce0a2601ea36684ed5750,False
P2_knowledge_data,dataset_benchmark_registry_preserve_do_not_track_blindly,models/guards/guard_jailbreak/checkpoint-1496/trainer_state.json,models,data_or_benchmark,P2_untracked_intake_review,12842,12842,live_differs_from_snapshot_untracked,not_tracked_current_index,f9fa8e1e13cf80ea5b12f2c1787d9a4b930d18da,2c9983c56aff5286328c9d99ec7b8776d58efa5b,False
P2_knowledge_data,dataset_benchmark_registry_preserve_do_not_track_blindly,models/guards/guard_jailbreak/checkpoint-748/adapter_config.json,models,data_or_benchmark,P2_untracked_intake_review,1065,1065,live_differs_from_snapshot_untracked,not_tracked_current_index,97b5b74ad20c7e6af90e49e349252c40ecc5ade1,223a8823145bf08d2e3ce0a2601ea36684ed5750,False
P2_knowledge_data,dataset_benchmark_registry_preserve_do_not_track_blindly,models/guards/guard_jailbreak/checkpoint-748/trainer_state.json,models,data_or_benchmark,P2_untracked_intake_review,6870,6870,live_differs_from_snapshot_untracked,not_tracked_current_index,22f616f241c553b3161c64c919b133162a24fc22,4efc86d59ac911f0b6300d7840d3ea7296dd8755,False
P2_knowledge_data,dataset_benchmark_registry_preserve_do_not_track_blindly,models/guards/guard_jailbreak/tokenizer_config.json,models,data_or_benchmark,P2_untracked_intake_review,336,336,live_differs_from_snapshot_untracked,not_tracked_current_index,a0d563e339ee5ed6b6e903e0339d75fa5a271e80,769291071a8712e4ad20cac2debfa911f5e52be5,False
P2_knowledge_data,dataset_benchmark_registry_preserve_do_not_track_blindly,models/guards/guard_manifest.json,models,data_or_benchmark,P2_untracked_intake_review,493,493,live_differs_from_snapshot_untracked,not_tracked_current_index,3bcbd0dfe94cbf2fe2ce9f36328c8eb0bc2d7e78,15d69b240fc059341990efa849d4996052246767,False
P2_knowledge_data,dataset_benchmark_registry_preserve_do_not_track_blindly,models/guards/guard_mcp/adapter_config.json,models,data_or_benchmark,P2_untracked_intake_review,1065,1065,live_differs_from_snapshot_untracked,not_tracked_current_index,70092afff184f4404a0d7cd5f3c6fe844ffbf7f7,b552935ed82b7804e6185d5a15f1c2c9d69b0fb6,False
P2_knowledge_data,dataset_benchmark_registry_preserve_do_not_track_blindly,models/guards/guard_mcp/checkpoint-1498/adapter_config.json,models,data_or_benchmark,P2_untracked_intake_review,1065,1065,live_differs_from_snapshot_untracked,not_tracked_current_index,70092afff184f4404a0d7cd5f3c6fe844ffbf7f7,b552935ed82b7804e6185d5a15f1c2c9d69b0fb6,False
P2_knowledge_data,dataset_benchmark_registry_preserve_do_not_track_blindly,models/guards/guard_mcp/checkpoint-1498/trainer_state.json,models,data_or_benchmark,P2_untracked_intake_review,12819,12819,live_differs_from_snapshot_untracked,not_tracked_current_index,1086b9e38fcef00f1186cbd590473b994d69a4f7,0e7b5e7535d0c2c606dd72c17576bf91e2f20d2d,False
P2_knowledge_data,dataset_benchmark_registry_preserve_do_not_track_blindly,models/guards/guard_mcp/checkpoint-749/adapter_config.json,models,data_or_benchmark,P2_untracked_intake_review,1065,1065,live_differs_from_snapshot_untracked,not_tracked_current_index,70092afff184f4404a0d7cd5f3c6fe844ffbf7f7,b552935ed82b7804e6185d5a15f1c2c9d69b0fb6,False
P2_knowledge_data,dataset_benchmark_registry_preserve_do_not_track_blindly,models/guards/guard_mcp/checkpoint-749/trainer_state.json,models,data_or_benchmark,P2_untracked_intake_review,6850,6850,live_differs_from_snapshot_untracked,not_tracked_current_index,793f47e8803ad4c2406b12ef99b33dfe8df2dcdb,663f7b3fb39789516c81f88bcc1a815bf32c3d65,False
P2_knowledge_data,dataset_benchmark_registry_preserve_do_not_track_blindly,models/guards/guard_mcp/tokenizer_config.json,models,data_or_benchmark,P2_untracked_intake_review,336,336,live_differs_from_snapshot_untracked,not_tracked_current_index,a0d563e339ee5ed6b6e903e0339d75fa5a271e80,769291071a8712e4ad20cac2debfa911f5e52be5,False
P2_knowledge_data,dataset_benchmark_registry_preserve_do_not_track_blindly,models/guards/slm_test_results.json,models,data_or_benchmark,P2_untracked_intake_review,11492,11547,live_differs_from_snapshot_untracked,not_tracked_current_index,2608da04eda52adac2a05de23716a041ab175604,8982b006454e14b4999418bb1f2144464f49f5b1,False
P2_knowledge_data,dataset_benchmark_registry_preserve_do_not_track_blindly,models/hf_inventory_umbrellainc.json,models,data_or_benchmark,P2_untracked_intake_review,12031,12031,live_differs_from_snapshot_untracked,not_tracked_current_index,f1b467528c96b4ebfc162ceb514eef103a62e18b,5cc56a096b2f47dca35cbc76b1de798f08500df7,False
P2_knowledge_data,dataset_benchmark_registry_preserve_do_not_track_blindly,models/qwen-abliterated-simple/behaviormancer_config.json,models,data_or_benchmark,P2_untracked_intake_review,546,546,live_differs_from_snapshot_untracked,not_tracked_current_index,47fe50703ea003cd15df6b8c724b4bd677d0a991,100b771b1e6d586ffdf9f29bb230f892bf1b28ac,False
P2_knowledge_data,dataset_benchmark_registry_preserve_do_not_track_blindly,models/qwen-abliterated-simple/config.json,models,data_or_benchmark,P2_untracked_intake_review,1461,1461,live_differs_from_snapshot_untracked,not_tracked_current_index,929d20b4f24daba17ffd650cabcf41fe70e465f5,b3870ffefa8028d65f6ba03d3b61793ea62fda86,False
P2_knowledge_data,dataset_benchmark_registry_preserve_do_not_track_blindly,models/qwen-abliterated-simple/generation_config.json,models,data_or_benchmark,P2_untracked_intake_review,150,150,live_differs_from_snapshot_untracked,not_tracked_current_index,572a3c09031673eefae47c3ca16a5cddd5af3848,60d58dc607047a127773a5c10aff497399567c5a,False
P2_knowledge_data,dataset_benchmark_registry_preserve_do_not_track_blindly,models/qwen-abliterated-simple/tokenizer_config.json,models,data_or_benchmark,P2_untracked_intake_review,697,697,live_differs_from_snapshot_untracked,not_tracked_current_index,98ed9ac3c577aeb23418178db7c3d6877721e770,c960ecf0d33fd7b8c99d12680c0e74a82b36d446,False
P2_knowledge_data,dataset_benchmark_registry_preserve_do_not_track_blindly,models/qwen2.5-1.5b-guard-lora/adapter_config.json,models,data_or_benchmark,P2_untracked_intake_review,1254,1254,live_differs_from_snapshot_untracked,not_tracked_current_index,556ae9da07471916a55cf78910d1df1e7be0dd7b,ee9338e94653a3427d07edd55b8502cb012b88e1,False
P2_knowledge_data,dataset_benchmark_registry_preserve_do_not_track_blindly,models/qwen2.5-1.5b-guard-lora/checkpoint-100/adapter_config.json,models,data_or_benchmark,P2_untracked_intake_review,1254,1254,live_differs_from_snapshot_untracked,not_tracked_current_index,556ae9da07471916a55cf78910d1df1e7be0dd7b,ee9338e94653a3427d07edd55b8502cb012b88e1,False
P2_knowledge_data,dataset_benchmark_registry_preserve_do_not_track_blindly,models/qwen2.5-1.5b-guard-lora/checkpoint-100/tokenizer_config.json,models,data_or_benchmark,P2_untracked_intake_review,390,390,live_differs_from_snapshot_untracked,not_tracked_current_index,54edcb0ce075142fb161a224f32dfb5724637a35,895045ea04ef5f2447c84d9c3cd491760ab5a058,False
P2_knowledge_data,dataset_benchmark_registry_preserve_do_not_track_blindly,models/qwen2.5-1.5b-guard-lora/checkpoint-100/trainer_state.json,models,data_or_benchmark,P2_untracked_intake_review,2690,2690,live_differs_from_snapshot_untracked,not_tracked_current_index,ee49e395a602d2e1d949cd5ff0c7e1c7a69d8565,aa16709fccf081f283bbec7a51c1e230b8b43c38,False
P2_knowledge_data,dataset_benchmark_registry_preserve_do_not_track_blindly,models/qwen2.5-1.5b-guard-lora/checkpoint-200/adapter_config.json,models,data_or_benchmark,P2_untracked_intake_review,1254,1254,live_differs_from_snapshot_untracked,not_tracked_current_index,556ae9da07471916a55cf78910d1df1e7be0dd7b,ee9338e94653a3427d07edd55b8502cb012b88e1,False
P2_knowledge_data,dataset_benchmark_registry_preserve_do_not_track_blindly,models/qwen2.5-1.5b-guard-lora/checkpoint-200/tokenizer_config.json,models,data_or_benchmark,P2_untracked_intake_review,390,390,live_differs_from_snapshot_untracked,not_tracked_current_index,54edcb0ce075142fb161a224f32dfb5724637a35,895045ea04ef5f2447c84d9c3cd491760ab5a058,False
P2_knowledge_data,dataset_benchmark_registry_preserve_do_not_track_blindly,models/qwen2.5-1.5b-guard-lora/checkpoint-200/trainer_state.json,models,data_or_benchmark,P2_untracked_intake_review,4596,4596,live_differs_from_snapshot_untracked,not_tracked_current_index,3015a8473476e59c4eb4e2a435453e3015734999,d4aea128f335199707abade1f4e957830a31e487,False
P2_knowledge_data,dataset_benchmark_registry_preserve_do_not_track_blindly,models/qwen2.5-1.5b-guard-lora/tokenizer_config.json,models,data_or_benchmark,P2_untracked_intake_review,389,389,live_differs_from_snapshot_untracked,not_tracked_current_index,d8a0290b99fef5961da185c4fa317b63e6cef745,d9744b79efc9efb2b6f87f79e2e8006e076155f2,False
P2_knowledge_data,dataset_benchmark_registry_preserve_do_not_track_blindly,models/qwen2.5-1.5b-guard-merged/config.json,models,data_or_benchmark,P2_untracked_intake_review,1644,1644,live_differs_from_snapshot_untracked,not_tracked_current_index,e20e120fe46edc9d8420d3bfeda870697cf0c353,2d9808e8bb929906ca877cb96486cb13aaeb9e81,False
P2_knowledge_data,dataset_benchmark_registry_preserve_do_not_track_blindly,models/qwen2.5-1.5b-guard-merged/tokenizer_config.json,models,data_or_benchmark,P2_untracked_intake_review,3038,3038,live_differs_from_snapshot_untracked,not_tracked_current_index,141359510b33fec56375c2edb9aeab5065be8231,59da75452124a24476a536601eccdc3733daefcf,False
P2_knowledge_data,dataset_benchmark_registry_preserve_do_not_track_blindly,models/qwen2.5-1.5b-linear-merge.yml,models,data_or_benchmark,P2_untracked_intake_review,373,373,live_differs_from_snapshot_untracked,not_tracked_current_index,7f14741acadfcd0134234caf4ee7f38804007f14,4e59d876e574be94bb0596cb4f963c9e13e46aa1,False
P2_knowledge_data,dataset_benchmark_registry_preserve_do_not_track_blindly,models/qwen2.5-1.5b-slerp-merge-v2.yml,models,data_or_benchmark,P2_untracked_intake_review,476,476,live_differs_from_snapshot_untracked,not_tracked_current_index,b105858499cba166d8c764a36c2e10d5aa136973,242abe029c9109e6f3e8f6e77315a089001ad4f6,False
P2_knowledge_data,dataset_benchmark_registry_preserve_do_not_track_blindly,models/qwen2.5-1.5b-slerp-merge.yml,models,data_or_benchmark,P2_untracked_intake_review,299,299,live_differs_from_snapshot_untracked,not_tracked_current_index,85b68a2e7ddffea9c693213c10a343d02d6cb904,63735e1f5d12526daaec801387e4597604c390a0,False
P2_knowledge_data,dataset_benchmark_registry_preserve_do_not_track_blindly,models/qwen2.5-1.5b-ties-merge-v2.yml,models,data_or_benchmark,P2_untracked_intake_review,600,600,live_differs_from_snapshot_untracked,not_tracked_current_index,c6617376cb9fc428ac37a2a6f0c37840c30f758f,64f3ae2af8c6010a5f7883292552d592d85f6def,False
P2_knowledge_data,dataset_benchmark_registry_preserve_do_not_track_blindly,models/qwen2.5-1.5b-ties-merge.yml,models,data_or_benchmark,P2_untracked_intake_review,510,510,live_differs_from_snapshot_untracked,not_tracked_current_index,b7a70d9379e3484f54b81845088d9983dfcbd7d2,e4e26c4184b601667b95d3d3352d81da1ec25183,False
P2_knowledge_data,dataset_benchmark_registry_preserve_do_not_track_blindly,models/tokenizer_config.json,models,data_or_benchmark,P2_untracked_intake_review,389,389,live_differs_from_snapshot_untracked,not_tracked_current_index,d8a0290b99fef5961da185c4fa317b63e6cef745,d9744b79efc9efb2b6f87f79e2e8006e076155f2,False
P2_knowledge_data,research_intake_archive_or_canonicalize,models/guards/guard_collusion/README.md,models,docs_or_research,P2_untracked_intake_review,5414,5414,live_differs_from_snapshot_untracked,not_tracked_current_index,4207f0b05deded4373ac84f07dff8068edffe7ff,43827833bd71a8a78eeb1af4e701f4e4d261e809,False
P2_knowledge_data,research_intake_archive_or_canonicalize,models/guards/guard_collusion/checkpoint-1506/README.md,models,docs_or_research,P2_untracked_intake_review,5414,5414,live_differs_from_snapshot_untracked,not_tracked_current_index,cd0ec75683402113400bcf18bcd06a322c5a39d0,5eb133df5883618f431aabb25a66cc723edc436c,False
P2_knowledge_data,research_intake_archive_or_canonicalize,models/guards/guard_collusion/checkpoint-754/README.md,models,docs_or_research,P2_untracked_intake_review,5414,5414,live_differs_from_snapshot_untracked,not_tracked_current_index,139c5732cb5ac07d476801d61ba0591b14dfd810,063e7a16a0c006ea0c0a78bb3d32ff49bf8d8f25,False
P2_knowledge_data,research_intake_archive_or_canonicalize,models/guards/guard_content/README.md,models,docs_or_research,P2_untracked_intake_review,5414,5414,live_differs_from_snapshot_untracked,not_tracked_current_index,a9003cf4ca24736da77168b3a8c167904aad8856,798ef63e708ea81e70898afcc027b817a3ca98fa,False
P2_knowledge_data,research_intake_archive_or_canonicalize,models/guards/guard_content/checkpoint-1494/README.md,models,docs_or_research,P2_untracked_intake_review,5414,5414,live_differs_from_snapshot_untracked,not_tracked_current_index,2f799d2863a4e9f4d337a879e45a8f8a5f124104,ebb8ecdf0193f517d6d6c1e753cb1dadf3adeeca,False
P2_knowledge_data,research_intake_archive_or_canonicalize,models/guards/guard_content/checkpoint-747/README.md,models,docs_or_research,P2_untracked_intake_review,5414,5414,live_differs_from_snapshot_untracked,not_tracked_current_index,4cdad97e59946e173ebb4475e56911ef626d54a1,c03e8305d25125ab7c9fee01919e1a87b8d48f49,False
P2_knowledge_data,research_intake_archive_or_canonicalize,models/guards/guard_jailbreak/README.md,models,docs_or_research,P2_untracked_intake_review,5414,5414,live_differs_from_snapshot_untracked,not_tracked_current_index,0bfde4b94e48e7fc32cddc94c3eb4e417ce5fc3f,49658b7fb5f045a947a053945e150a0a3382bd3f,False
P2_knowledge_data,research_intake_archive_or_canonicalize,models/guards/guard_jailbreak/checkpoint-1496/README.md,models,docs_or_research,P2_untracked_intake_review,5414,5414,live_differs_from_snapshot_untracked,not_tracked_current_index,3e71e0a3c8d5919a5727bc7d105dce4d395bb6d1,24939d42f6823cba8d5681f157a4b5e1812031d0,False
P2_knowledge_data,research_intake_archive_or_canonicalize,models/guards/guard_jailbreak/checkpoint-748/README.md,models,docs_or_research,P2_untracked_intake_review,5414,5414,live_differs_from_snapshot_untracked,not_tracked_current_index,302f88157741f1fe57d516d6f77093410a66e364,0619bde9dae8ce5a1a902c04c550709ca6e5dce9,False
P2_knowledge_data,research_intake_archive_or_canonicalize,models/guards/guard_mcp/README.md,models,docs_or_research,P2_untracked_intake_review,5414,5414,live_differs_from_snapshot_untracked,not_tracked_current_index,c85e79e249395c29e7def30ed7fb30c4ea77738f,054dd3712d8a28b0016b4f0cee5211faf0703e7a,False
P2_knowledge_data,research_intake_archive_or_canonicalize,models/guards/guard_mcp/checkpoint-1498/README.md,models,docs_or_research,P2_untracked_intake_review,5414,5414,live_differs_from_snapshot_untracked,not_tracked_current_index,e346db63ce59299afba1289b7a9a6368bb79c44a,3b585cf82f08ed947a838c36d96b7358664e0036,False
P2_knowledge_data,research_intake_archive_or_canonicalize,models/guards/guard_mcp/checkpoint-749/README.md,models,docs_or_research,P2_untracked_intake_review,5414,5414,live_differs_from_snapshot_untracked,not_tracked_current_index,4acb2c9b47ce2c2f201bbfcc61153512aeddeed5,c3c9a3249342ef22ce5596d7351bff1fdbaa30c8,False
P2_knowledge_data,research_intake_archive_or_canonicalize,models/qwen2.5-1.5b-base/README.md,models,docs_or_research,P2_untracked_intake_review,3969,3969,live_differs_from_snapshot_untracked,not_tracked_current_index,cec1a378776295817681f6ace8cb9e6bbc022ba9,4da09ac2dbfee85161776a3ccbc8141571e61c6a,False
P2_knowledge_data,research_intake_archive_or_canonicalize,models/qwen2.5-1.5b-guard-lora/README.md,models,docs_or_research,P2_untracked_intake_review,1729,1729,live_differs_from_snapshot_untracked,not_tracked_current_index,5a24ac4ce819bc687246af9cd4446d55d65987ca,79b55d8bd0d53961b0eb2a97438bb33e3b77a94f,False
P2_knowledge_data,research_intake_archive_or_canonicalize,models/qwen2.5-1.5b-guard-lora/checkpoint-100/README.md,models,docs_or_research,P2_untracked_intake_review,5512,5512,live_differs_from_snapshot_untracked,not_tracked_current_index,657fe35a8286bc57f9d4f94fdff6072ef2bdbbf6,2c7f63948c4bb476b1f4b95d596d8f3556658e10,False
P2_knowledge_data,research_intake_archive_or_canonicalize,models/qwen2.5-1.5b-guard-lora/checkpoint-200/README.md,models,docs_or_research,P2_untracked_intake_review,5512,5512,live_differs_from_snapshot_untracked,not_tracked_current_index,2b442fabf00a7f91ee776b747403bff0ce82f3e8,af8fefe5d1b008cdc881341e483f7c6ae96774aa,False
P2_knowledge_data,research_intake_archive_or_canonicalize,research/archive/README.md,research,docs_or_research,P2_untracked_intake_review,378,378,live_differs_from_snapshot_untracked,not_tracked_current_index,94400df74cf3787cacb63bf8b41d3a0c86950e75,944d81208e53f5e128b1f2653ff3d637062c84dd,False
P2_knowledge_data,research_intake_archive_or_canonicalize,research/chinese_summary.txt,research,docs_or_research,P2_untracked_intake_review,5541,5541,live_differs_from_snapshot_untracked,not_tracked_current_index,fde9ba2822abc8780b2bf7a98c5fd68c86f51727,3997b5dfd5fe50174a721b58d356cc57612a015e,False
P2_knowledge_data,research_intake_archive_or_canonicalize,research/ernie_FINAL_REPORT_v5_unlimited.txt,research,docs_or_research,P2_untracked_intake_review,13618,13618,live_differs_from_snapshot_untracked,not_tracked_current_index,2be82dc518d6a881bfd569099f6b3e6ccbee5e6f,e98904c2d1eaf5f5bcc8b2a4075112047403a1e0,False
P2_knowledge_data,research_intake_archive_or_canonicalize,research/ernie_FINAL_REPORT_v6_unlimited_english.txt,research,docs_or_research,P2_untracked_intake_review,10432,10432,live_differs_from_snapshot_untracked,not_tracked_current_index,bd261b10fd89969f3a811739d1d08908e8b4ad7d,a463725d0db96aacaf84e0b831e584977c3520dc,False
P2_knowledge_data,research_intake_archive_or_canonicalize,research/ernie_IBM_1B_fallback_matrix.txt,research,docs_or_research,P2_untracked_intake_review,23039,23039,live_differs_from_snapshot_untracked,not_tracked_current_index,bf536b586448633c0faf15e42956fdd2e237e321,bf6602f51ddea6e401a8f61af6105ccbd11009a8,False
P2_knowledge_data,research_intake_archive_or_canonicalize,research/ernie_NEXUS_v3_final_swarm_analysis.txt,research,docs_or_research,P2_untracked_intake_review,30839,30839,live_differs_from_snapshot_untracked,not_tracked_current_index,201977c330ce0fdb9416f8058079fafab1471dd6,fe00228a0be6868f442f34e567738e757ff94684,False
P2_knowledge_data,research_intake_archive_or_canonicalize,research/ernie_TAMAS基准测试内容总结.txt,research,docs_or_research,P2_untracked_intake_review,5988,5988,live_differs_from_snapshot_untracked,not_tracked_current_index,59de78601154908b7de1f7d2f97b379994340a54,755a14fdd7c5373be49059a9c90c9ad6a86dadfe,False
P2_knowledge_data,research_intake_archive_or_canonicalize,research/ernie_cross_validation_final_v10.txt,research,docs_or_research,P2_untracked_intake_review,11085,11085,live_differs_from_snapshot_untracked,not_tracked_current_index,16fc4a52d036c65a94a11ab4fca49f0468104fe7,65ac3baac25d8ba26e80366ec5f8003f5ff0ea25,False
P2_knowledge_data,research_intake_archive_or_canonicalize,research/ernie_cross_validation_report.txt,research,docs_or_research,P2_untracked_intake_review,8634,8634,live_differs_from_snapshot_untracked,not_tracked_current_index,b07747b57903bb571d08a57cb15168e159fa0fd1,89542ecc3721acf581bf6e51353989c4d8df9ad2,False
P2_knowledge_data,research_intake_archive_or_canonicalize,research/ernie_failure_mode_analysis.txt,research,docs_or_research,P2_untracked_intake_review,15576,15576,live_differs_from_snapshot_untracked,not_tracked_current_index,6f9513a3d16a71dc974ff7432743947c9fefd23f,c4cc656902d05ba202382270b2e7e53ac7411e5f,False
P2_knowledge_data,research_intake_archive_or_canonicalize,research/ernie_root_cause_analysis.txt,research,docs_or_research,P2_untracked_intake_review,14235,14235,live_differs_from_snapshot_untracked,not_tracked_current_index,4b85e22918ff8ffa81860767a0707026a2836558,2f40d3ca07aca601dc249a187ded4b07e674f26e,False
P2_knowledge_data,research_intake_archive_or_canonicalize,research/ernie_root_cause_analysis_v2.txt,research,docs_or_research,P2_untracked_intake_review,15914,15914,live_differs_from_snapshot_untracked,not_tracked_current_index,8ba7b5c25b318f6bc4eef1c53afd79132973c104,9389cea21a16e07c4392cd15d0f723298731fdad,False
P2_knowledge_data,research_intake_archive_or_canonicalize,research/ernie_swarm_analysis_V10_V11_V12_unlimited.txt,research,docs_or_research,P2_untracked_intake_review,20165,20165,live_differs_from_snapshot_untracked,not_tracked_current_index,7da2dc16da0716e37ebdae85f6d3734f46a14c33,a343ca5ff6fa88e3f011a7e4123390fc3b8ac391,False
P2_knowledge_data,research_intake_archive_or_canonicalize,research/ernie_swarm_analysis_V4_V5_V6_unlimited.txt,research,docs_or_research,P2_untracked_intake_review,19355,19355,live_differs_from_snapshot_untracked,not_tracked_current_index,e39563bfb214b67551cf3f93f8dd51702224ef01,ec9d9a86ec0747c9bd00fac7e7ce6d1c817da07d,False
P2_knowledge_data,research_intake_archive_or_canonicalize,research/ernie_swarm_variant_analysis_v4.txt,research,docs_or_research,P2_untracked_intake_review,27549,27549,live_differs_from_snapshot_untracked,not_tracked_current_index,ad61ce7377e74eb29000f0b68d9a703d309de185,75a1dc6e840cf1549b45b85ea26544c1762e1ce1,False
P2_knowledge_data,research_intake_archive_or_canonicalize,research/ernie_swarm_variant_analysis_v5.txt,research,docs_or_research,P2_untracked_intake_review,30739,30739,live_differs_from_snapshot_untracked,not_tracked_current_index,f28e28c20336ccea5b7895d8863255f082f02576,7ebf7eec197390a29c5e2371cb712acc3ca42700,False
P2_knowledge_data,research_intake_archive_or_canonicalize,research/evidence/README.md,research,docs_or_research,P2_untracked_intake_review,829,829,live_differs_from_snapshot_untracked,not_tracked_current_index,a3f25adaf12ac29d24cd7d857604309127e1d11e,c9acf75728835ddd9c4e610686b019c003a151ce,False
P2_knowledge_data,research_intake_archive_or_canonicalize,research/evidence/briefs/ernie-adversarial-corpus-v2.md,research,docs_or_research,P2_untracked_intake_review,1538,1538,live_differs_from_snapshot_untracked,not_tracked_current_index,010ffcb45bcf5d35438cde128f9ee48464264f49,3c5740410bad97d528ce4462ef698bc3a5203225,False
P2_knowledge_data,research_intake_archive_or_canonicalize,research/evidence/briefs/ernie-cross-validation-v10.md,research,docs_or_research,P2_untracked_intake_review,640,640,live_differs_from_snapshot_untracked,not_tracked_current_index,41fdedda022c00fbf7263abc3a66a495061bfc2c,adfd05ec62467792c3449387d1e15c84a083f9f0,False
P2_knowledge_data,research_intake_archive_or_canonicalize,research/evidence/briefs/ernie-swarm-analysis-v10.md,research,docs_or_research,P2_untracked_intake_review,796,796,live_differs_from_snapshot_untracked,not_tracked_current_index,0d168c335a7e7e892f59636ea302706ec2d2e7cf,24f34b164a568af09dc86382e55c967b1d91e220,False
P2_knowledge_data,research_intake_archive_or_canonicalize,research/evidence/briefs/ernie-swarm-v4-v6.md,research,docs_or_research,P2_untracked_intake_review,773,773,live_differs_from_snapshot_untracked,not_tracked_current_index,731930c811ac3b38aa07023ad24096314918511f,623f16d6db75d2ae05399cd560475b539492677f,False
P2_knowledge_data,research_intake_archive_or_canonicalize,research/evidence/briefs/guard-slm-reports.md,research,docs_or_research,P2_untracked_intake_review,585,585,live_differs_from_snapshot_untracked,not_tracked_current_index,927e8fa70aaee514a220f02ad0c90e09f3eb9d30,7689ae6dcc430bbeda450fc7aef2e83ddf1a3b67,False
P2_knowledge_data,research_intake_archive_or_canonicalize,research/evidence/briefs/nexus-frontier-v5.md,research,docs_or_research,P2_untracked_intake_review,1366,1366,live_differs_from_snapshot_untracked,not_tracked_current_index,036bbdcab9f52cad3acfbb0a91576d0a66a3235f,cb6e1b32a14d2b538bcc6e582dc65c17205dd1d8,False
P2_knowledge_data,research_intake_archive_or_canonicalize,research/evidence/briefs/nexus-stess-lab-v7-merged.md,research,docs_or_research,P2_untracked_intake_review,615,615,live_differs_from_snapshot_untracked,not_tracked_current_index,33f65d293e5e6ad2a721834f3e0bbafc3964a396,19488139660527bbbd9e2189c3975adec1871e64,False
P2_knowledge_data,research_intake_archive_or_canonicalize,research/evidence/briefs/nexus-tamas-v6.md,research,docs_or_research,P2_untracked_intake_review,750,750,live_differs_from_snapshot_untracked,not_tracked_current_index,eff0b1019901ae0c9b0ddb3339bcf9b5627552e6,5e280db8edfdc24856b74b8a7926c0bbc357f430,False
P2_knowledge_data,research_intake_archive_or_canonicalize,research/evidence/briefs/phase6-trustkernel-integration.md,research,docs_or_research,P2_untracked_intake_review,767,767,live_differs_from_snapshot_untracked,not_tracked_current_index,f8e79368bf8b1c32515f4cfeab970bcc8b28d408,16856332f0a92d828116be035327ae7ac2090b91,False
P2_knowledge_data,research_intake_archive_or_canonicalize,research/evidence/briefs/red-blue-purple-trustkernel-research.md,research,docs_or_research,P2_untracked_intake_review,728,728,live_differs_from_snapshot_untracked,not_tracked_current_index,183c7309444409b798468f5e9c1eacac7d175c09,1d07a4961b08fb658a1b5fc8392ba6a3f7581354,False
P2_knowledge_data,research_intake_archive_or_canonicalize,research/evidence/briefs/stress-lab-v4-high-quality.md,research,docs_or_research,P2_untracked_intake_review,621,621,live_differs_from_snapshot_untracked,not_tracked_current_index,b89cc981a15624aac33913d72cd535691398dceb,6b969c04336ff8ff3d68ad0f80fec51aaf1d7546,False
P2_knowledge_data,research_intake_archive_or_canonicalize,research/evidence/drafts/ernie-v2-to-guard-plane-update.md,research,docs_or_research,P2_untracked_intake_review,937,937,live_differs_from_snapshot_untracked,not_tracked_current_index,185a850893391cee0fee31de0727829de34bd219,82cb65edc35fa74c4c95198e28c6098da78153a1,False
P2_knowledge_data,research_intake_archive_or_canonicalize,research/evidence/raw/ADVERSARIAL_CORPUS_v2.md,research,docs_or_research,P2_untracked_intake_review,456,456,live_differs_from_snapshot_untracked,not_tracked_current_index,ee8c8e2d02d6f758a06c074e0ea5d7a8193bc328,0e31d1be1f80d4e76d2b734cf0c19b7ecb9dfa7d,False
P2_knowledge_data,research_intake_archive_or_canonicalize,research/hygiene/2026-05-27-research-tidiness-rules.md,research,docs_or_research,P2_untracked_intake_review,1066,1066,live_differs_from_snapshot_untracked,not_tracked_current_index,5651ef69d7a60f9f35202d7469d2d12c0eb09455,4fabfad4fd31f1426669b71b63eae52878fbe7f0,False
P2_knowledge_data,research_intake_archive_or_canonicalize,research/hygiene/archive-policy.md,research,docs_or_research,P2_untracked_intake_review,540,540,live_differs_from_snapshot_untracked,not_tracked_current_index,beeee35e40c252189a37ee0ecd169e47d9416548,9ae124f54b502e7fb8d621f7c4df1d206f27a1c5,False
P2_knowledge_data,research_intake_archive_or_canonicalize,research/intake/2026-05-27-first-batch-lane-a-reconcile.md,research,docs_or_research,P2_untracked_intake_review,4218,4218,live_differs_from_snapshot_untracked,not_tracked_current_index,9ac73807aca96bef2cc77df86fb1d81e132be531,8bd49f9dcc48781a86c7b62ffd814216afaa863d,False
P2_knowledge_data,research_intake_archive_or_canonicalize,research/intake/2026-05-27-first-batch-lane-b-diagnosis.md,research,docs_or_research,P2_untracked_intake_review,6231,6231,live_differs_from_snapshot_untracked,not_tracked_current_index,4b61284e5a7594193f49c31ba79596ed883eb102,a5293861429ccca0f16a3a973f75ef56904c235b,False
P2_knowledge_data,research_intake_archive_or_canonicalize,research/intake/2026-05-27-first-batch-vap-records.jsonl,research,docs_or_research,P2_untracked_intake_review,6489,6489,live_differs_from_snapshot_untracked,not_tracked_current_index,1b6e98eeeb41f0df434d23b0063d47ca38d66027,c27592d35655efe17aab40e2a794dafe4da87281,False
P2_knowledge_data,research_intake_archive_or_canonicalize,research/intake/2026-05-27-memory-reconciliation.md,research,docs_or_research,P2_untracked_intake_review,5342,5744,live_differs_from_snapshot_untracked,not_tracked_current_index,392e9d6dbeadd8557a2b175f831274b150c84809,b62a1a4caa17d7961cc43fab570c993093d4dffa,False
P2_knowledge_data,research_intake_archive_or_canonicalize,research/intake/2026-05-27-memory-systems-comparison.md,research,docs_or_research,P2_untracked_intake_review,2442,2442,live_differs_from_snapshot_untracked,not_tracked_current_index,705b4bb01fd325fde641e2674acc20b43a774937,27b12be61c2ebc29be52606b3d6a5f95f2afdee5,False
P2_knowledge_data,research_intake_archive_or_canonicalize,research/mcp_security_synthesis.md,research,docs_or_research,P2_untracked_intake_review,12289,12289,live_differs_from_snapshot_untracked,not_tracked_current_index,a740794bcf6b61e2ae35f06dc58ff564189c0110,ff6acf929dffab2934a81f43aac04280cf2a4103,False
P2_knowledge_data,research_intake_archive_or_canonicalize,research/papers01/RED-BLUE-PURPLE/README.md,research,docs_or_research,P2_untracked_intake_review,2224,2224,live_differs_from_snapshot_untracked,not_tracked_current_index,2408e9fcda098d69aa6e8b1697f148050d6a095b,dbee66e95e82e1a3ab58d146080e9ed8dae55f48,False
P2_knowledge_data,research_intake_archive_or_canonicalize,research/papers01/RED-BLUE-PURPLE/RED-BLUE-PURPLE/extracted_texts/A-Red-Teaming-Framework-for-Securing-AI-in-Maritime-Autonomous-Systems.txt,research,docs_or_research,P2_untracked_intake_review,109953,109953,live_differs_from_snapshot_untracked,not_tracked_current_index,412ca67a422116cf5af499d5e7dd0e603b17f179,78e347d3884145a6c8378889f7a30cf83c16adf4,False
P2_knowledge_data,research_intake_archive_or_canonicalize,research/papers01/RED-BLUE-PURPLE/RED-BLUE-PURPLE/extracted_texts/A-principled-governance-for-emerging-AI-regimes-lessons-from-China-the-European-Union-and.txt,research,docs_or_research,P2_untracked_intake_review,75608,75608,live_differs_from_snapshot_untracked,not_tracked_current_index,48bdd5efc377606e41f3778fc0fe300ead356b23,90ff3e70d0c460e6737d6ac4d669b856856f9ca8,False
P2_knowledge_data,research_intake_archive_or_canonicalize,research/papers01/RED-BLUE-PURPLE/RED-BLUE-PURPLE/extracted_texts/AI-safety-for-everyone.txt,research,docs_or_research,P2_untracked_intake_review,81557,81557,live_differs_from_snapshot_untracked,not_tracked_current_index,5fa5f91cdef3b6dc44b2c25c6681b94d01af6979,fe8e217e6f1fb634ee4a96cd5f949aaf2110cb14,False
P2_knowledge_data,research_intake_archive_or_canonicalize,research/papers01/RED-BLUE-PURPLE/RED-BLUE-PURPLE/extracted_texts/Advancing-Trustworthy-AI-A-Comparative-Evaluation-of-AI-Robustness-Toolboxes.txt,research,docs_or_research,P2_untracked_intake_review,71171,71171,live_differs_from_snapshot_untracked,not_tracked_current_index,fcf6a80a7d8518c582706abc4ee46061738b38b1,cdf849c3190fa65bc21af7d6d86737cea1e8145c,False
P2_knowledge_data,research_intake_archive_or_canonicalize,research/papers01/RED-BLUE-PURPLE/RED-BLUE-PURPLE/extracted_texts/Algorithmic-Accountability.txt,research,docs_or_research,P2_untracked_intake_review,44446,44446,live_differs_from_snapshot_untracked,not_tracked_current_index,e5ffee24399002bf1614e29dc62b5d2c684e1220,6e6ecf575a373a3cdd0327809f093b46a3087e8a,False
P2_knowledge_data,research_intake_archive_or_canonicalize,research/papers01/RED-BLUE-PURPLE/RED-BLUE-PURPLE/extracted_texts/Atacking ML systems-schneier2020.txt,research,docs_or_research,P2_untracked_intake_review,12944,12944,live_differs_from_snapshot_untracked,not_tracked_current_index,357f3ca0c702daca6b4f5709bbd9370332a0d417,b66c178e3e2f4455b93827b2c59516b69cae5505,False
P2_knowledge_data,research_intake_archive_or_canonicalize,research/papers01/RED-BLUE-PURPLE/RED-BLUE-PURPLE/extracted_texts/Automated Attack Model for Red Teams (2005).txt,research,docs_or_research,P2_untracked_intake_review,33804,33804,live_differs_from_snapshot_untracked,not_tracked_current_index,b763e1ce17a0962df6726fe87487aeba219f20ea,945652745f28285b65be78f2265675872b986858,False
P2_knowledge_data,research_intake_archive_or_canonicalize,research/papers01/RED-BLUE-PURPLE/RED-BLUE-PURPLE/extracted_texts/Bandit-based-data-poisoning-attack-against-federated-learning-for-autonomous-driving-models.txt,research,docs_or_research,P2_untracked_intake_review,115309,115309,live_differs_from_snapshot_untracked,not_tracked_current_index,8631e3f059b055e2d94294dfaf0fcd3826915227,e7bd3110260924307d4e09d6de37059d24ddfb9f,False
P2_knowledge_data,research_intake_archive_or_canonicalize,research/papers01/RED-BLUE-PURPLE/RED-BLUE-PURPLE/extracted_texts/CTF DOJO TRAINING LANGUAGE MODEL AGENTS TO FIND vulnarabilities.txt,research,docs_or_research,P2_untracked_intake_review,100130,100130,live_differs_from_snapshot_untracked,not_tracked_current_index,9a37d242334ef6515b75acc6069027c3d61c5362,86c0ae0364f5eb4f753b742122e6b26da30854a3,False
P2_knowledge_data,research_intake_archive_or_canonicalize,research/papers01/RED-BLUE-PURPLE/RED-BLUE-PURPLE/extracted_texts/Detection-and-prevention-of-evasion-attacks-on-machine-learning-models.txt,research,docs_or_research,P2_untracked_intake_review,143072,143072,live_differs_from_snapshot_untracked,not_tracked_current_index,5c7fcb521980a914913a1e8b886bb00c16ff3522,379bca5853819cdd0bbfca4b1c0997eeb238da92,False
P2_knowledge_data,research_intake_archive_or_canonicalize,research/papers01/RED-BLUE-PURPLE/RED-BLUE-PURPLE/extracted_texts/Governing-Framework-for-the-Responsible-Democratization-of-Large-Language-Models-in-Banking.txt,research,docs_or_research,P2_untracked_intake_review,44917,44917,live_differs_from_snapshot_untracked,not_tracked_current_index,182c4adffc27327073b4fa010d112177ae91f934,48267061bf78ad66349dec459421cb7b697dde14,False
P2_knowledge_data,research_intake_archive_or_canonicalize,research/papers01/RED-BLUE-PURPLE/RED-BLUE-PURPLE/extracted_texts/Research Advances in Automated Red Teaming.txt,research,docs_or_research,P2_untracked_intake_review,36916,36916,live_differs_from_snapshot_untracked,not_tracked_current_index,89845deec2c307bd5d172995310e2e9cc08a5371,1d3f3cd0c8c3cfbd7565256d5f82edf6006eb47c,False
P2_knowledge_data,research_intake_archive_or_canonicalize,research/papers01/RED-BLUE-PURPLE/RED-BLUE-PURPLE/extracted_texts/Semantic-anomaly-detection-with-large-language-models.txt,research,docs_or_research,P2_untracked_intake_review,89503,89503,live_differs_from_snapshot_untracked,not_tracked_current_index,d2d26c2afeaa07aa8b87854712425bb5b8a81ff7,ef1b817264e4e4a1008b4e98350c0267a1fe32ac,False
P2_knowledge_data,research_intake_archive_or_canonicalize,research/papers01/RED-BLUE-PURPLE/RED-BLUE-PURPLE/extracted_texts/Understanding-the-Adversarial-Landscape-of-Large-Language-Models-Through-the-Lens-of-Attack.txt,research,docs_or_research,P2_untracked_intake_review,37733,37733,live_differs_from_snapshot_untracked,not_tracked_current_index,1b829006742d6eb0cc0ada9fcd34a09a777bcc70,b0bfc4bd12320fddf0b063465ece8911ca4d5915,False
P2_knowledge_data,research_intake_archive_or_canonicalize,research/papers01/RED-BLUE-PURPLE/RED-BLUE-PURPLE/governance_eval_results.json,research,docs_or_research,P2_untracked_intake_review,31225,31225,live_differs_from_snapshot_untracked,not_tracked_current_index,d80b5755dd0d1984cffd2f61740c0448dd9ebe48,f789ee71c98cd3be50cf8e007a3650b772d2eacf,False
P2_knowledge_data,research_intake_archive_or_canonicalize,research/papers01/RED-BLUE-PURPLE/RED-BLUE-PURPLE/isc_foundry_cross_stress.jsonl,research,docs_or_research,P2_untracked_intake_review,1362502,1362502,live_differs_from_snapshot_untracked,not_tracked_current_index,f965d8755240ed7bf1c121d28e7187ad8fc66c95,67aafa0352e31292c4b010db1f9b3efbab6eb6d9,False
P2_knowledge_data,research_intake_archive_or_canonicalize,research/papers01/RED-BLUE-PURPLE/RED-BLUE-PURPLE/isc_governance_stress.jsonl,research,docs_or_research,P2_untracked_intake_review,74929,74929,live_differs_from_snapshot_untracked,not_tracked_current_index,2635516976cc8e782ff54c1b30be0282e412b0f8,bcb9936a8fae1aab98e6869edaa94477c21e935c,False
P2_knowledge_data,research_intake_archive_or_canonicalize,research/papers01/RED-BLUE-PURPLE/RED-BLUE-PURPLE/nexus_frontier_v5_gov_bypass.jsonl,research,docs_or_research,P2_untracked_intake_review,1826084,1826084,live_differs_from_snapshot_untracked,not_tracked_current_index,0d403701bd89c330b38d7f571cdf69967beb2b10,d7515940ab6171f6758b59f5f8a7959922797031,False
P2_knowledge_data,research_intake_archive_or_canonicalize,research/papers01/RED-BLUE-PURPLE/RED-BLUE-PURPLE/nexus_frontier_v5_gray_area.jsonl,research,docs_or_research,P2_untracked_intake_review,2032828,2032828,live_differs_from_snapshot_untracked,not_tracked_current_index,f259d0207ef139d7a1a6a7e1bb8346f7e9c2d823,50e28cf60d7e5f828eae7376a7a952472d6e0f91,False
P2_knowledge_data,research_intake_archive_or_canonicalize,research/papers01/RED-BLUE-PURPLE/RED-BLUE-PURPLE/nexus_frontier_v5_jailbreak.jsonl,research,docs_or_research,P2_untracked_intake_review,1532591,1532591,live_differs_from_snapshot_untracked,not_tracked_current_index,fa52f3f9907ef998e844669ae8e24247c5a31375,9ed3419e337be708f3d457a0dfd9cab6dd067e50,False
P2_knowledge_data,research_intake_archive_or_canonicalize,research/papers01/RED-BLUE-PURPLE/RED-BLUE-PURPLE/nexus_frontier_v5_mcp_contamination.jsonl,research,docs_or_research,P2_untracked_intake_review,2072452,2072452,live_differs_from_snapshot_untracked,not_tracked_current_index,e5a5d99a1bb0ae662c20e722d73440eac262d512,c8ca92c15411c1102977dccf87e3e11541aed790,False
P2_knowledge_data,research_intake_archive_or_canonicalize,research/papers01/RED-BLUE-PURPLE/RED-BLUE-PURPLE/nexus_frontier_v5_memory_poison.jsonl,research,docs_or_research,P2_untracked_intake_review,1950161,1950161,live_differs_from_snapshot_untracked,not_tracked_current_index,b68fa99a5bc0eeedd0f21c363d58a9c13223bacb,507728ca2683b742ce6b07bcdb7247579376a4da,False
P2_knowledge_data,research_intake_archive_or_canonicalize,research/papers01/RED-BLUE-PURPLE/RED-BLUE-PURPLE/nexus_frontier_v5_scored_thermo_fine_tuning.jsonl,research,docs_or_research,P2_untracked_intake_review,913035,913035,live_differs_from_snapshot_untracked,not_tracked_current_index,5a251c524ac308c217f9a03a257fc210c2a8cffc,423a6085d7c4c43567cadde4507572e7f832e424,False
P2_knowledge_data,research_intake_archive_or_canonicalize,research/papers01/RED-BLUE-PURPLE/RED-BLUE-PURPLE/nexus_frontier_v5_vacuum.jsonl,research,docs_or_research,P2_untracked_intake_review,1398724,1398724,live_differs_from_snapshot_untracked,not_tracked_current_index,f2f0fca7aa9a6217ba2fb58f6977c50dee5991ef,283f4d4d4ca4e8067ff9b9d967888390cf752121,False
P2_knowledge_data,research_intake_archive_or_canonicalize,research/papers01/RED-BLUE-PURPLE/RED-BLUE-PURPLE/nexus_redteam_isc_v5.jsonl,research,docs_or_research,P2_untracked_intake_review,690685,690685,live_differs_from_snapshot_untracked,not_tracked_current_index,18528bbec255d46d39f4b3a983af02be06de19ae,6e1b65a9aa26f1a35b3aa558a6b24b6bef12485d,False
P2_knowledge_data,research_intake_archive_or_canonicalize,research/papers01/RED-BLUE-PURPLE/RED-BLUE-PURPLE/nexus_stress_v5_document_injection.jsonl,research,docs_or_research,P2_untracked_intake_review,231617,231617,live_differs_from_snapshot_untracked,not_tracked_current_index,4af4bb65a058150926ba249488180e8d4c05770d,a10a19ffc7568c380dea582aa7e39791876f9fe1,False
P2_knowledge_data,research_intake_archive_or_canonicalize,research/papers01/RED-BLUE-PURPLE/RED-BLUE-PURPLE/nexus_stress_v5_mcp_surface.jsonl,research,docs_or_research,P2_untracked_intake_review,182756,182756,live_differs_from_snapshot_untracked,not_tracked_current_index,b734180dd56d698610ef17817046b07a2e9b3474,e6306711f93384b610bb47af31eca17c2f886409,False
P2_knowledge_data,research_intake_archive_or_canonicalize,research/papers01/RED-BLUE-PURPLE/RED-BLUE-PURPLE/nexus_stress_v5_payload_conversion.jsonl,research,docs_or_research,P2_untracked_intake_review,643020,643020,live_differs_from_snapshot_untracked,not_tracked_current_index,62d22fa600a7952319cebe9bd176c49ce263ab99,bc6d17c8f9f7ba9171c8ffbc2ca3e9b26cf608f6,False
P2_knowledge_data,research_intake_archive_or_canonicalize,research/papers01/RED-BLUE-PURPLE/RED-BLUE-PURPLE/nexus_stress_v6_tamas_base.jsonl,research,docs_or_research,P2_untracked_intake_review,371627,371627,live_differs_from_snapshot_untracked,not_tracked_current_index,cf7c92ad5ffb81f6a7ed66ed20045bbd89275d82,625494d32d7284f8cb104f443760fa63fa1392e7,False
P2_knowledge_data,research_intake_archive_or_canonicalize,research/papers01/RED-BLUE-PURPLE/RED-BLUE-PURPLE/nexus_stress_v6_tamas_fine_tuning.jsonl,research,docs_or_research,P2_untracked_intake_review,432290,432290,live_differs_from_snapshot_untracked,not_tracked_current_index,0270fae2bc62d7f8b9c24af8cb9886d9863133b5,f035f86a2e2be8746d4160b81179f3f527669785,False
P2_knowledge_data,research_intake_archive_or_canonicalize,research/papers01/RED-BLUE-PURPLE/RED-BLUE-PURPLE/tool_reasoning_stress.jsonl,research,docs_or_research,P2_untracked_intake_review,818684,818684,live_differs_from_snapshot_untracked,not_tracked_current_index,ad6d67144f141be97b185c02296c9f5d7d06d889,ac3d70c54e78039ed4e64400307c92c0849f5f9e,False
P2_knowledge_data,research_intake_archive_or_canonicalize,research/papers01/RED-BLUE-PURPLE/RED-BLUE-PURPLE/unified_manifest.json,research,docs_or_research,P2_untracked_intake_review,1207,1207,live_differs_from_snapshot_untracked,not_tracked_current_index,1225b8adf3de4a3fe995522f10119dba1f7408d9,8baf404cfc3def41fffa50bf410cd8fb3085c9b8,False
P2_knowledge_data,research_intake_archive_or_canonicalize,research/papers01/RED-BLUE-PURPLE/RED-BLUE-PURPLE/v4_manifest.json,research,docs_or_research,P2_untracked_intake_review,1761,1761,live_differs_from_snapshot_untracked,not_tracked_current_index,4f13eb979397fc1431d21fbb8052d75ee6c23662,9c7c078e8e172f1fbcf9b20532c877628b4e4ad7,False
P2_knowledge_data,research_intake_archive_or_canonicalize,research/papers01/RED-BLUE-PURPLE/RED-BLUE-PURPLE/v5_frontier_manifest.json,research,docs_or_research,P2_untracked_intake_review,1446,1446,live_differs_from_snapshot_untracked,not_tracked_current_index,ae689720b0abc5be93005966984c3d955290fc44,8c67f3e4bb54752355239cf77da36b3e9ecd38a8,False
P2_knowledge_data,research_intake_archive_or_canonicalize,research/papers01/RED-BLUE-PURPLE/RED-BLUE-PURPLE/v6_tamas_manifest.json,research,docs_or_research,P2_untracked_intake_review,980,980,live_differs_from_snapshot_untracked,not_tracked_current_index,7b0130a3cf7645c09175a110b0f1cea623f8b6c7,0165d14b0f967c4f0672a28903c851b695c4e1d2,False
P2_knowledge_data,research_intake_archive_or_canonicalize,research/papers01/RED-BLUE-PURPLE/RED-BLUE-PURPLE/v6_tool_manifest.json,research,docs_or_research,P2_untracked_intake_review,768,768,live_differs_from_snapshot_untracked,not_tracked_current_index,bce86482e9acc10f02c18b7abb8e81ea1d5598ab,d2d6ee2b03bd7550c0734d7729572bdea97c941a,False
P2_knowledge_data,research_intake_archive_or_canonicalize,research/papers01/RED-BLUE-PURPLE/arXiv_2503_23278_MCP_Landscape_Threats.txt,research,docs_or_research,P2_untracked_intake_review,158812,158812,live_differs_from_snapshot_untracked,not_tracked_current_index,ec7703bdaf98a27aa790631dac4b45c85b990d18,4632367a9bfba2c20b75130217028260572b4db2,False
P2_knowledge_data,research_intake_archive_or_canonicalize,research/papers01/RED-BLUE-PURPLE/arXiv_2504_08623_Enterprise_MCP_Security.txt,research,docs_or_research,P2_untracked_intake_review,55837,55837,live_differs_from_snapshot_untracked,not_tracked_current_index,9b8e02cc53264cfe05b6c2209218151eca8c7d9c,d24712239cecc292344823b090e5c5c0e27e33bc,False
P2_knowledge_data,research_intake_archive_or_canonicalize,research/papers01/RED-BLUE-PURPLE/arXiv_2509_24272_When_MCP_Servers_Attack.txt,research,docs_or_research,P2_untracked_intake_review,74593,74593,live_differs_from_snapshot_untracked,not_tracked_current_index,72384f181341444e2c4207b4743c40b62df8b179,8380503a9fea5713b70212247a1dc9207fbf0307,False
P2_knowledge_data,research_intake_archive_or_canonicalize,research/papers01/RED-BLUE-PURPLE/arXiv_2510_16558_First_Look_MCP_Security.txt,research,docs_or_research,P2_untracked_intake_review,83099,83099,live_differs_from_snapshot_untracked,not_tracked_current_index,bed9d2781e70776ca6246995f489c53d697d0e36,5c22fd34983d6470978135f63373d92dfa4edddc,False
P2_knowledge_data,research_intake_archive_or_canonicalize,research/papers01/RED-BLUE-PURPLE/automated_chaos_results.json,research,docs_or_research,P2_untracked_intake_review,42616,42616,live_differs_from_snapshot_untracked,not_tracked_current_index,6c599ffe4a2ced62b0471c2778aa588b0d649427,97c825eb84d6c5c160da3b9a41c811a763b5af82,False
P2_knowledge_data,research_intake_archive_or_canonicalize,research/papers01/RED-BLUE-PURPLE/extracted_texts/A-Red-Teaming-Framework-for-Securing-AI-in-Maritime-Autonomous-Systems.txt,research,docs_or_research,P2_untracked_intake_review,109953,109953,live_differs_from_snapshot_untracked,not_tracked_current_index,412ca67a422116cf5af499d5e7dd0e603b17f179,78e347d3884145a6c8378889f7a30cf83c16adf4,False
P2_knowledge_data,research_intake_archive_or_canonicalize,research/papers01/RED-BLUE-PURPLE/extracted_texts/A-principled-governance-for-emerging-AI-regimes-lessons-from-China-the-European-Union-and.txt,research,docs_or_research,P2_untracked_intake_review,75608,75608,live_differs_from_snapshot_untracked,not_tracked_current_index,48bdd5efc377606e41f3778fc0fe300ead356b23,90ff3e70d0c460e6737d6ac4d669b856856f9ca8,False
P2_knowledge_data,research_intake_archive_or_canonicalize,research/papers01/RED-BLUE-PURPLE/extracted_texts/AI-safety-for-everyone.txt,research,docs_or_research,P2_untracked_intake_review,81557,81557,live_differs_from_snapshot_untracked,not_tracked_current_index,5fa5f91cdef3b6dc44b2c25c6681b94d01af6979,fe8e217e6f1fb634ee4a96cd5f949aaf2110cb14,False
P2_knowledge_data,research_intake_archive_or_canonicalize,research/papers01/RED-BLUE-PURPLE/extracted_texts/Advancing-Trustworthy-AI-A-Comparative-Evaluation-of-AI-Robustness-Toolboxes.txt,research,docs_or_research,P2_untracked_intake_review,71171,71171,live_differs_from_snapshot_untracked,not_tracked_current_index,fcf6a80a7d8518c582706abc4ee46061738b38b1,cdf849c3190fa65bc21af7d6d86737cea1e8145c,False
P2_knowledge_data,research_intake_archive_or_canonicalize,research/papers01/RED-BLUE-PURPLE/extracted_texts/Algorithmic-Accountability.txt,research,docs_or_research,P2_untracked_intake_review,44446,44446,live_differs_from_snapshot_untracked,not_tracked_current_index,e5ffee24399002bf1614e29dc62b5d2c684e1220,6e6ecf575a373a3cdd0327809f093b46a3087e8a,False
P2_knowledge_data,research_intake_archive_or_canonicalize,research/papers01/RED-BLUE-PURPLE/extracted_texts/Atacking ML systems-schneier2020.txt,research,docs_or_research,P2_untracked_intake_review,12944,12944,live_differs_from_snapshot_untracked,not_tracked_current_index,357f3ca0c702daca6b4f5709bbd9370332a0d417,b66c178e3e2f4455b93827b2c59516b69cae5505,False
P2_knowledge_data,research_intake_archive_or_canonicalize,research/papers01/RED-BLUE-PURPLE/extracted_texts/Automated Attack Model for Red Teams (2005).txt,research,docs_or_research,P2_untracked_intake_review,33804,33804,live_differs_from_snapshot_untracked,not_tracked_current_index,b763e1ce17a0962df6726fe87487aeba219f20ea,945652745f28285b65be78f2265675872b986858,False
P2_knowledge_data,research_intake_archive_or_canonicalize,research/papers01/RED-BLUE-PURPLE/extracted_texts/Bandit-based-data-poisoning-attack-against-federated-learning-for-autonomous-driving-models.txt,research,docs_or_research,P2_untracked_intake_review,115309,115309,live_differs_from_snapshot_untracked,not_tracked_current_index,8631e3f059b055e2d94294dfaf0fcd3826915227,e7bd3110260924307d4e09d6de37059d24ddfb9f,False
P2_knowledge_data,research_intake_archive_or_canonicalize,research/papers01/RED-BLUE-PURPLE/extracted_texts/CTF DOJO TRAINING LANGUAGE MODEL AGENTS TO FIND vulnarabilities.txt,research,docs_or_research,P2_untracked_intake_review,100130,100130,live_differs_from_snapshot_untracked,not_tracked_current_index,9a37d242334ef6515b75acc6069027c3d61c5362,86c0ae0364f5eb4f753b742122e6b26da30854a3,False
P2_knowledge_data,research_intake_archive_or_canonicalize,research/papers01/RED-BLUE-PURPLE/extracted_texts/Detection-and-prevention-of-evasion-attacks-on-machine-learning-models.txt,research,docs_or_research,P2_untracked_intake_review,143072,143072,live_differs_from_snapshot_untracked,not_tracked_current_index,5c7fcb521980a914913a1e8b886bb00c16ff3522,379bca5853819cdd0bbfca4b1c0997eeb238da92,False
P2_knowledge_data,research_intake_archive_or_canonicalize,research/papers01/RED-BLUE-PURPLE/extracted_texts/Governing-Framework-for-the-Responsible-Democratization-of-Large-Language-Models-in-Banking.txt,research,docs_or_research,P2_untracked_intake_review,44917,44917,live_differs_from_snapshot_untracked,not_tracked_current_index,182c4adffc27327073b4fa010d112177ae91f934,48267061bf78ad66349dec459421cb7b697dde14,False
P2_knowledge_data,research_intake_archive_or_canonicalize,research/papers01/RED-BLUE-PURPLE/extracted_texts/Research Advances in Automated Red Teaming.txt,research,docs_or_research,P2_untracked_intake_review,36916,36916,live_differs_from_snapshot_untracked,not_tracked_current_index,89845deec2c307bd5d172995310e2e9cc08a5371,1d3f3cd0c8c3cfbd7565256d5f82edf6006eb47c,False
P2_knowledge_data,research_intake_archive_or_canonicalize,research/papers01/RED-BLUE-PURPLE/extracted_texts/Semantic-anomaly-detection-with-large-language-models.txt,research,docs_or_research,P2_untracked_intake_review,89503,89503,live_differs_from_snapshot_untracked,not_tracked_current_index,d2d26c2afeaa07aa8b87854712425bb5b8a81ff7,ef1b817264e4e4a1008b4e98350c0267a1fe32ac,False
P2_knowledge_data,research_intake_archive_or_canonicalize,research/papers01/RED-BLUE-PURPLE/extracted_texts/Understanding-the-Adversarial-Landscape-of-Large-Language-Models-Through-the-Lens-of-Attack.txt,research,docs_or_research,P2_untracked_intake_review,37733,37733,live_differs_from_snapshot_untracked,not_tracked_current_index,1b829006742d6eb0cc0ada9fcd34a09a777bcc70,b0bfc4bd12320fddf0b063465ece8911ca4d5915,False
P2_knowledge_data,research_intake_archive_or_canonicalize,research/papers01/RED-BLUE-PURPLE/governance_eval_results.json,research,docs_or_research,P2_untracked_intake_review,31225,31225,live_differs_from_snapshot_untracked,not_tracked_current_index,d80b5755dd0d1984cffd2f61740c0448dd9ebe48,f789ee71c98cd3be50cf8e007a3650b772d2eacf,False
P2_knowledge_data,research_intake_archive_or_canonicalize,research/papers01/RED-BLUE-PURPLE/isc_foundry_cross_stress.jsonl,research,docs_or_research,P2_untracked_intake_review,1362502,1362502,live_differs_from_snapshot_untracked,not_tracked_current_index,f965d8755240ed7bf1c121d28e7187ad8fc66c95,67aafa0352e31292c4b010db1f9b3efbab6eb6d9,False
P2_knowledge_data,research_intake_archive_or_canonicalize,research/papers01/RED-BLUE-PURPLE/isc_governance_stress.jsonl,research,docs_or_research,P2_untracked_intake_review,74929,74929,live_differs_from_snapshot_untracked,not_tracked_current_index,2635516976cc8e782ff54c1b30be0282e412b0f8,bcb9936a8fae1aab98e6869edaa94477c21e935c,False
P2_knowledge_data,research_intake_archive_or_canonicalize,research/papers01/RED-BLUE-PURPLE/nexus_frontier_v5_gov_bypass.jsonl,research,docs_or_research,P2_untracked_intake_review,1826084,1826084,live_differs_from_snapshot_untracked,not_tracked_current_index,0d403701bd89c330b38d7f571cdf69967beb2b10,d7515940ab6171f6758b59f5f8a7959922797031,False
P2_knowledge_data,research_intake_archive_or_canonicalize,research/papers01/RED-BLUE-PURPLE/nexus_frontier_v5_gray_area.jsonl,research,docs_or_research,P2_untracked_intake_review,2032828,2032828,live_differs_from_snapshot_untracked,not_tracked_current_index,f259d0207ef139d7a1a6a7e1bb8346f7e9c2d823,50e28cf60d7e5f828eae7376a7a952472d6e0f91,False
P2_knowledge_data,research_intake_archive_or_canonicalize,research/papers01/RED-BLUE-PURPLE/nexus_frontier_v5_jailbreak.jsonl,research,docs_or_research,P2_untracked_intake_review,1532591,1532591,live_differs_from_snapshot_untracked,not_tracked_current_index,fa52f3f9907ef998e844669ae8e24247c5a31375,9ed3419e337be708f3d457a0dfd9cab6dd067e50,False
P2_knowledge_data,research_intake_archive_or_canonicalize,research/papers01/RED-BLUE-PURPLE/nexus_frontier_v5_mcp_contamination.jsonl,research,docs_or_research,P2_untracked_intake_review,2072452,2072452,live_differs_from_snapshot_untracked,not_tracked_current_index,e5a5d99a1bb0ae662c20e722d73440eac262d512,c8ca92c15411c1102977dccf87e3e11541aed790,False
P2_knowledge_data,research_intake_archive_or_canonicalize,research/papers01/RED-BLUE-PURPLE/nexus_frontier_v5_memory_poison.jsonl,research,docs_or_research,P2_untracked_intake_review,1950161,1950161,live_differs_from_snapshot_untracked,not_tracked_current_index,b68fa99a5bc0eeedd0f21c363d58a9c13223bacb,507728ca2683b742ce6b07bcdb7247579376a4da,False
P2_knowledge_data,research_intake_archive_or_canonicalize,research/papers01/RED-BLUE-PURPLE/nexus_frontier_v5_scored_thermo_fine_tuning.jsonl,research,docs_or_research,P2_untracked_intake_review,913035,913035,live_differs_from_snapshot_untracked,not_tracked_current_index,5a251c524ac308c217f9a03a257fc210c2a8cffc,423a6085d7c4c43567cadde4507572e7f832e424,False
P2_knowledge_data,research_intake_archive_or_canonicalize,research/papers01/RED-BLUE-PURPLE/nexus_frontier_v5_vacuum.jsonl,research,docs_or_research,P2_untracked_intake_review,1398724,1398724,live_differs_from_snapshot_untracked,not_tracked_current_index,f2f0fca7aa9a6217ba2fb58f6977c50dee5991ef,283f4d4d4ca4e8067ff9b9d967888390cf752121,False
P2_knowledge_data,research_intake_archive_or_canonicalize,research/papers01/RED-BLUE-PURPLE/nexus_redteam_isc_v5.jsonl,research,docs_or_research,P2_untracked_intake_review,690685,690685,live_differs_from_snapshot_untracked,not_tracked_current_index,18528bbec255d46d39f4b3a983af02be06de19ae,6e1b65a9aa26f1a35b3aa558a6b24b6bef12485d,False
P2_knowledge_data,research_intake_archive_or_canonicalize,research/papers01/RED-BLUE-PURPLE/nexus_stress_v5_document_injection.jsonl,research,docs_or_research,P2_untracked_intake_review,231617,231617,live_differs_from_snapshot_untracked,not_tracked_current_index,4af4bb65a058150926ba249488180e8d4c05770d,a10a19ffc7568c380dea582aa7e39791876f9fe1,False
P2_knowledge_data,research_intake_archive_or_canonicalize,research/papers01/RED-BLUE-PURPLE/nexus_stress_v5_mcp_surface.jsonl,research,docs_or_research,P2_untracked_intake_review,182756,182756,live_differs_from_snapshot_untracked,not_tracked_current_index,b734180dd56d698610ef17817046b07a2e9b3474,e6306711f93384b610bb47af31eca17c2f886409,False
P2_knowledge_data,research_intake_archive_or_canonicalize,research/papers01/RED-BLUE-PURPLE/nexus_stress_v5_payload_conversion.jsonl,research,docs_or_research,P2_untracked_intake_review,643020,643020,live_differs_from_snapshot_untracked,not_tracked_current_index,62d22fa600a7952319cebe9bd176c49ce263ab99,bc6d17c8f9f7ba9171c8ffbc2ca3e9b26cf608f6,False
P2_knowledge_data,research_intake_archive_or_canonicalize,research/papers01/RED-BLUE-PURPLE/nexus_stress_v6_tamas_base.jsonl,research,docs_or_research,P2_untracked_intake_review,371627,371627,live_differs_from_snapshot_untracked,not_tracked_current_index,cf7c92ad5ffb81f6a7ed66ed20045bbd89275d82,625494d32d7284f8cb104f443760fa63fa1392e7,False
P2_knowledge_data,research_intake_archive_or_canonicalize,research/papers01/RED-BLUE-PURPLE/nexus_stress_v6_tamas_fine_tuning.jsonl,research,docs_or_research,P2_untracked_intake_review,432290,432290,live_differs_from_snapshot_untracked,not_tracked_current_index,0270fae2bc62d7f8b9c24af8cb9886d9863133b5,f035f86a2e2be8746d4160b81179f3f527669785,False
P2_knowledge_data,research_intake_archive_or_canonicalize,research/papers01/RED-BLUE-PURPLE/paper_summaries_report.md,research,docs_or_research,P2_untracked_intake_review,8168,8168,live_differs_from_snapshot_untracked,not_tracked_current_index,c2a5a882366f94802e6c656d03c1be0f048627e5,ff506c1db0b560a2921d5c82aabfb0e422698da0,False
P2_knowledge_data,research_intake_archive_or_canonicalize,research/papers01/RED-BLUE-PURPLE/raw_text_DICE.txt,research,docs_or_research,P2_untracked_intake_review,43764,43764,live_differs_from_snapshot_untracked,not_tracked_current_index,3fdfea5e127dd4b4b82075b78302f1f231eddb5a,fe8950f50fa2b73c9fe57448bb7ca285b5ed21bc,False
P2_knowledge_data,research_intake_archive_or_canonicalize,research/papers01/RED-BLUE-PURPLE/raw_text_Model_Merging.txt,research,docs_or_research,P2_untracked_intake_review,57471,57471,live_differs_from_snapshot_untracked,not_tracked_current_index,41a11d18237976b35ab5870dad49cbaa23ec0eba,bfb97c35cc5b53910638f82382e6dbe4db784cfb,False
P2_knowledge_data,research_intake_archive_or_canonicalize,research/papers01/RED-BLUE-PURPLE/raw_text_Survey.txt,research,docs_or_research,P2_untracked_intake_review,110492,110492,live_differs_from_snapshot_untracked,not_tracked_current_index,f0aab4a31efc8e618bac1c885b98aa159960a424,9b537f81a7bc935ef1c4c4c6fc7ec9da313be695,False
P2_knowledge_data,research_intake_archive_or_canonicalize,research/papers01/RED-BLUE-PURPLE/tool_reasoning_stress.jsonl,research,docs_or_research,P2_untracked_intake_review,818684,818684,live_differs_from_snapshot_untracked,not_tracked_current_index,ad6d67144f141be97b185c02296c9f5d7d06d889,ac3d70c54e78039ed4e64400307c92c0849f5f9e,False
P2_knowledge_data,research_intake_archive_or_canonicalize,research/papers01/RED-BLUE-PURPLE/unified_manifest.json,research,docs_or_research,P2_untracked_intake_review,1207,1207,live_differs_from_snapshot_untracked,not_tracked_current_index,1225b8adf3de4a3fe995522f10119dba1f7408d9,8baf404cfc3def41fffa50bf410cd8fb3085c9b8,False
P2_knowledge_data,research_intake_archive_or_canonicalize,research/papers01/RED-BLUE-PURPLE/v4_manifest.json,research,docs_or_research,P2_untracked_intake_review,1761,1761,live_differs_from_snapshot_untracked,not_tracked_current_index,4f13eb979397fc1431d21fbb8052d75ee6c23662,9c7c078e8e172f1fbcf9b20532c877628b4e4ad7,False
P2_knowledge_data,research_intake_archive_or_canonicalize,research/papers01/RED-BLUE-PURPLE/v5_frontier_manifest.json,research,docs_or_research,P2_untracked_intake_review,1446,1446,live_differs_from_snapshot_untracked,not_tracked_current_index,ae689720b0abc5be93005966984c3d955290fc44,8c67f3e4bb54752355239cf77da36b3e9ecd38a8,False
P2_knowledge_data,research_intake_archive_or_canonicalize,research/papers01/RED-BLUE-PURPLE/v6_tamas_manifest.json,research,docs_or_research,P2_untracked_intake_review,980,980,live_differs_from_snapshot_untracked,not_tracked_current_index,7b0130a3cf7645c09175a110b0f1cea623f8b6c7,0165d14b0f967c4f0672a28903c851b695c4e1d2,False
P2_knowledge_data,research_intake_archive_or_canonicalize,research/papers01/RED-BLUE-PURPLE/v6_tool_manifest.json,research,docs_or_research,P2_untracked_intake_review,768,768,live_differs_from_snapshot_untracked,not_tracked_current_index,bce86482e9acc10f02c18b7abb8e81ea1d5598ab,d2d6ee2b03bd7550c0734d7729572bdea97c941a,False
P2_knowledge_data,research_intake_archive_or_canonicalize,research/proposals/2026-05-27-guard-plane-ernie-v2-updates.md,research,docs_or_research,P2_untracked_intake_review,2166,2166,live_differs_from_snapshot_untracked,not_tracked_current_index,7fbd284b117f703ae844d353223400090b0eedcf,14f9c0989b2b962d325df873fc84fc6ee0af5f26,False
P2_knowledge_data,operator_task_review_track_if_active,tasks/done/2026-05-27-governance-consolidation-activation.task.md,tasks,docs_or_research,P2_untracked_intake_review,1896,1896,live_differs_from_snapshot_untracked,not_tracked_current_index,63818d608e7f3327114ee010357e0e6e900ad795,9e6dd1c318658c8b78dc92024b7065dbc0fa3f03,False
P2_knowledge_data,operator_task_review_track_if_active,tasks/pending/2026-05-27-research-governance-closed-loop.task.md,tasks,docs_or_research,P2_untracked_intake_review,4704,4704,live_differs_from_snapshot_untracked,not_tracked_current_index,cd18c9a1d7af064789a3a5357093a0977e7da6f3,636272299315048aa8559043b9499e65781dea3f,False
P2_knowledge_data,operator_task_review_track_if_active,tasks/remediate_csv_row_bypass.md,tasks,docs_or_research,P2_untracked_intake_review,2509,2509,live_differs_from_snapshot_untracked,not_tracked_current_index,b0f765ef75838f1c6173c79367b67db952080a9d,7ba2219fee993689b1480fd67f966d4d14902972,False
P2_knowledge_data,operator_task_review_track_if_active,tasks/remediate_strict_echo_collapse.md,tasks,docs_or_research,P2_untracked_intake_review,2265,2265,live_differs_from_snapshot_untracked,not_tracked_current_index,ae045bfa6ca589c8fa23be0ff1fe89290e115f4f,811107dff885188f89c08e4659f8011361bd64c9,False
P2_knowledge_data,operator_task_review_track_if_active,tasks/templates/activation-lane.task.md,tasks,docs_or_research,P2_untracked_intake_review,893,893,live_differs_from_snapshot_untracked,not_tracked_current_index,07c37bb463cc5aa84dc41a0758e3b24cec0feaaf,e0968eda751dc6ce896ee3359a611fac995c0386,False
P2_model_asset,model_registry_or_D_archive_do_not_git_track_weights,models/Modelfile.lfm25,models,model_or_weight,P3_untracked_preserve_or_ignore,714,714,live_differs_from_snapshot_untracked,not_tracked_current_index,2909be20dba6cee7114164fe8ccd287474445b4e,810145f5c084ff097763de5db11dcf5c655b7a29,False
P2_model_asset,model_registry_or_D_archive_do_not_git_track_weights,models/Modelfile.neo-t-virus,models,model_or_weight,P3_untracked_preserve_or_ignore,710,710,live_differs_from_snapshot_untracked,not_tracked_current_index,e7a8aea9295540ffdcbc4ac5bf85442024819575,a347715c14739ac033a7f111cf06367382e5ef5c,False
P2_model_asset,model_registry_or_D_archive_do_not_git_track_weights,models/Modelfile.special-virus,models,model_or_weight,P3_untracked_preserve_or_ignore,724,724,live_differs_from_snapshot_untracked,not_tracked_current_index,9b180b9cdf6ad8198d7570318a3f60fc214ff2ed,5ab5af2fcc574c9291eded761980b0161ac4df88,False
P2_model_asset,model_registry_or_D_archive_do_not_git_track_weights,models/chat_template.jinja,models,model_or_weight,P3_untracked_preserve_or_ignore,2561,2561,live_differs_from_snapshot_untracked,not_tracked_current_index,9840d40f49842423ad9d3c92bbedac488564c088,bdf7919a96cfe43d50914a007b9c0877bd0ec27e,False
P2_model_asset,model_registry_or_D_archive_do_not_git_track_weights,models/gemma2-2b-abliterated/chat_template.jinja,models,model_or_weight,P3_untracked_preserve_or_ignore,594,594,live_differs_from_snapshot_untracked,not_tracked_current_index,6c1ca11617e15a7ea298a50011b93fabe68883f9,923ec253c8dbefbb41cf084db7251df41d000f6d,False
P2_model_asset,model_registry_or_D_archive_do_not_git_track_weights,models/gemma2-2b-abliterated_tokenizer/chat_template.jinja,models,model_or_weight,P3_untracked_preserve_or_ignore,594,594,live_differs_from_snapshot_untracked,not_tracked_current_index,6c1ca11617e15a7ea298a50011b93fabe68883f9,923ec253c8dbefbb41cf084db7251df41d000f6d,False
P2_model_asset,model_registry_or_D_archive_do_not_git_track_weights,models/qwen-abliterated-simple/chat_template.jinja,models,model_or_weight,P3_untracked_preserve_or_ignore,2481,2481,live_differs_from_snapshot_untracked,not_tracked_current_index,10d8a98f0d9520b3a28d8dea97bc102854c98d21,28028c056af412405debd878cdda0171e35fa5d1,False
P2_model_asset,model_registry_or_D_archive_do_not_git_track_weights,models/qwen2.5-1.5b-guard-lora/chat_template.jinja,models,model_or_weight,P3_untracked_preserve_or_ignore,2561,2561,live_differs_from_snapshot_untracked,not_tracked_current_index,9840d40f49842423ad9d3c92bbedac488564c088,bdf7919a96cfe43d50914a007b9c0877bd0ec27e,False
P2_model_asset,model_registry_or_D_archive_do_not_git_track_weights,models/qwen2.5-1.5b-guard-lora/checkpoint-100/chat_template.jinja,models,model_or_weight,P3_untracked_preserve_or_ignore,2561,2561,live_differs_from_snapshot_untracked,not_tracked_current_index,9840d40f49842423ad9d3c92bbedac488564c088,bdf7919a96cfe43d50914a007b9c0877bd0ec27e,False
P2_model_asset,model_registry_or_D_archive_do_not_git_track_weights,models/qwen2.5-1.5b-guard-lora/checkpoint-200/chat_template.jinja,models,model_or_weight,P3_untracked_preserve_or_ignore,2561,2561,live_differs_from_snapshot_untracked,not_tracked_current_index,9840d40f49842423ad9d3c92bbedac488564c088,bdf7919a96cfe43d50914a007b9c0877bd0ec27e,False
P2_model_asset,model_registry_or_D_archive_do_not_git_track_weights,models/qwen2.5-1.5b-guard-merged/chat_template.jinja,models,model_or_weight,P3_untracked_preserve_or_ignore,2561,2561,live_differs_from_snapshot_untracked,not_tracked_current_index,9840d40f49842423ad9d3c92bbedac488564c088,bdf7919a96cfe43d50914a007b9c0877bd0ec27e,False
P3_manual,review_script_then_track_or_archive,benchmarks/custom_evaluators.py,benchmarks,source_or_script,P2_untracked_intake_review,15229,15229,live_differs_from_snapshot_untracked,not_tracked_current_index,76b5677a6bf2596dcadaa07636f435986184f4ae,4da5b3ebbc9400fa89a0d7d8a2aa6b88ff9454d9,False
P3_manual,review_script_then_track_or_archive,benchmarks/mixed content/evaluate_model.py,benchmarks,source_or_script,P2_untracked_intake_review,2001,2001,live_differs_from_snapshot_untracked,not_tracked_current_index,8b1682bbf1bbbb829c2f47bab87913788b161ca6,21b3ebe377228d9f199c7d1c88df6af6de1245de,False
P3_manual,review_script_then_track_or_archive,benchmarks/mixed content/generate_data.py,benchmarks,source_or_script,P2_untracked_intake_review,2410,2410,live_differs_from_snapshot_untracked,not_tracked_current_index,3032e12047c72389f4406521109adba887438c82,691b3b0abc2e0b6448b6259dfd35da2f764fa39c,False
P3_manual,review_script_then_track_or_archive,benchmarks/mixed content/malicious_instruction_generator.py,benchmarks,source_or_script,P2_untracked_intake_review,5895,5895,live_differs_from_snapshot_untracked,not_tracked_current_index,7ebd7f1dc5a5e267ebd07d909b761be3e728bdc6,4c87fa51efceeae854a955815c67656297d2ee1f,False
P3_manual,review_script_then_track_or_archive,benchmarks/mixed content/repo.py,benchmarks,source_or_script,P2_untracked_intake_review,580,580,live_differs_from_snapshot_untracked,not_tracked_current_index,435951786d5728d127af2caa4e0f957a5bb997ff,330ebb5b0823e31191cb61847165572d4316a2a6,False
P3_manual,review_script_then_track_or_archive,benchmarks/mixed content/train.py,benchmarks,source_or_script,P2_untracked_intake_review,2608,2608,live_differs_from_snapshot_untracked,not_tracked_current_index,5379212f78b5904841976ae2f214d3b66a967171,0beca62f5e58979ed7b1fdae7e41a855f3048c75,False
P3_manual,review_script_then_track_or_archive,benchmarks/register_foundry_datasets.py,benchmarks,source_or_script,P2_untracked_intake_review,16230,16230,live_differs_from_snapshot_untracked,not_tracked_current_index,5e1a88d7c136af06cb3ba909bae88b4c9cda98af,9d6c8219c6ba24619f7af6229891f113be4dc47b,False
P3_manual,review_script_then_track_or_archive,benchmarks/stress_lab/nexus_governance_score.py,benchmarks,source_or_script,P2_untracked_intake_review,2658,2658,live_differs_from_snapshot_untracked,not_tracked_current_index,a5e8626198bd78072be54b1b8c7773ce4f07b5eb,7df6d8b866c84620cc024c4edde520f7e2e02785,False
P3_manual,review_script_then_track_or_archive,datasets/_check_encoding.py,datasets,source_or_script,P2_untracked_intake_review,533,533,live_differs_from_snapshot_untracked,not_tracked_current_index,ba99bb7652db3c758c888bca4bf7eddc825eeb52,d48f1295b22ecac85d0287605cc95d26a3cf8af4,False
P3_manual,review_script_then_track_or_archive,datasets/bench_mutated.py,datasets,source_or_script,P2_untracked_intake_review,3784,3784,live_differs_from_snapshot_untracked,not_tracked_current_index,8d936a96f7f4b92a7abe0d93813ccc88f98afc6f,24d373b1703780ff8355358430a89d19dafbafaa,False
P3_manual,review_script_then_track_or_archive,datasets/bench_mutated_v5.py,datasets,source_or_script,P2_untracked_intake_review,5463,5463,live_differs_from_snapshot_untracked,not_tracked_current_index,8c9a6956fbd6d5fa19dd0e26552b7ad560597e04,9b3040b33b28582e2e2e929ebab53e851afe2402,False
P3_manual,review_script_then_track_or_archive,datasets/bench_new_models.py,datasets,source_or_script,P2_untracked_intake_review,7168,7168,live_differs_from_snapshot_untracked,not_tracked_current_index,4ecab2577c7d2c0bfa538877ae32e508a92a2b98,a4a71152c66f2a4dba7cdf80858ef5187d1d42e4,False
P3_manual,review_script_then_track_or_archive,datasets/bench_qwen3guard.py,datasets,source_or_script,P2_untracked_intake_review,3720,3720,live_differs_from_snapshot_untracked,not_tracked_current_index,6f04648068b9003be15bc0579eb5cbf3a841767d,d092a22f151c0124a2211e9f14421dbc72e5b155,False
P3_manual,review_script_then_track_or_archive,datasets/bench_qwen_mutated.py,datasets,source_or_script,P2_untracked_intake_review,2454,2454,live_differs_from_snapshot_untracked,not_tracked_current_index,99590ae4cf5406312428f932f30e86bb277c9f9a,3687e3535bd873f0a763f02ff2d3a82542099c00,False
P3_manual,review_script_then_track_or_archive,datasets/bench_v51.py,datasets,source_or_script,P2_untracked_intake_review,5784,5784,live_differs_from_snapshot_untracked,not_tracked_current_index,fa6e64c06927bac3962b96636b819f025d0ead10,833f987bd26b288f3118544dff1ed00a359b085a,False
P3_manual,review_script_then_track_or_archive,datasets/bench_v51_benign.py,datasets,source_or_script,P2_untracked_intake_review,5288,5288,live_differs_from_snapshot_untracked,not_tracked_current_index,32b79993f5c92f72a428abd541ddd736c9330efd,7d32776315a4798c1dba30cfd48baff5c60563f9,False
P3_manual,review_script_then_track_or_archive,datasets/bouncer_bench.py,datasets,source_or_script,P2_untracked_intake_review,8595,8595,live_differs_from_snapshot_untracked,not_tracked_current_index,48d21b9d3bcb0031198f555e53d475ba02921fc6,cf234573d2d338b3ec61eed01a1ae980d39a64ab,False
P3_manual,review_script_then_track_or_archive,datasets/bouncer_bench_robust.py,datasets,source_or_script,P2_untracked_intake_review,10304,10304,live_differs_from_snapshot_untracked,not_tracked_current_index,f227bdb18bf010ecab957f3b8e47f5f416890e46,43024b5e026acb05d86fdea7847c450a3d187437,False
P3_manual,review_script_then_track_or_archive,datasets/bouncer_bench_v3_fixed.py,datasets,source_or_script,P2_untracked_intake_review,7521,7521,live_differs_from_snapshot_untracked,not_tracked_current_index,20d137e5923bd477c5af001eb927bf6b546c5ae0,b2be0f22a03cd00bfa858669d4ba6fc5904c5d8b,False
P3_manual,review_script_then_track_or_archive,datasets/build_classifier.py,datasets,source_or_script,P2_untracked_intake_review,4543,4543,live_differs_from_snapshot_untracked,not_tracked_current_index,36329c47345832fb858c3bf94cd52076dafee853,88c7d41899ee8f43f7ee7f0e0c08540588676796,False
P3_manual,review_script_then_track_or_archive,datasets/check_configs.py,datasets,source_or_script,P2_untracked_intake_review,555,555,live_differs_from_snapshot_untracked,not_tracked_current_index,3461f4400d517eda77c428647ea15ca6825deb77,f761e96f8135e182ba084b04ed3db53c0a6c6202,False
P3_manual,review_script_then_track_or_archive,datasets/check_linear.py,datasets,source_or_script,P2_untracked_intake_review,445,445,live_differs_from_snapshot_untracked,not_tracked_current_index,380723d1360c99cd539144fa480181d9cddb2c43,a9dd7573ad2419a78ff26ff5c51a9e9fc0c67f47,False
P3_manual,review_script_then_track_or_archive,datasets/check_qwen_baseline.py,datasets,source_or_script,P2_untracked_intake_review,936,936,live_differs_from_snapshot_untracked,not_tracked_current_index,296dd0b2c23cc962c1a6007874d1fc625fe8a233,0b8636681e68e7d75381fcce08353236bcbf6f7a,False
P3_manual,review_script_then_track_or_archive,datasets/check_tamas.py,datasets,source_or_script,P2_untracked_intake_review,1582,1582,live_differs_from_snapshot_untracked,not_tracked_current_index,d944f6164f8e4c8c0ae4c087527300521ee3d7b9,a8bc8fa9951a9d20dd00b600211d35ec622b81b9,False
P3_manual,review_script_then_track_or_archive,datasets/check_tamas2.py,datasets,source_or_script,P2_untracked_intake_review,1132,1132,live_differs_from_snapshot_untracked,not_tracked_current_index,393adad5911d3a888c29b6e4b931ddd73c872f19,f86dd49a4bbf31ea930eff4ff1292da07efa7a5f,False
P3_manual,review_script_then_track_or_archive,datasets/check_v2.py,datasets,source_or_script,P2_untracked_intake_review,193,193,live_differs_from_snapshot_untracked,not_tracked_current_index,d366094b197290dfa9245b63f6166f4ff5cb2740,9d58ce659589a58547d8e5f3432ccc01f159045a,False
P3_manual,review_script_then_track_or_archive,datasets/combination_tests.py,datasets,source_or_script,P2_untracked_intake_review,11818,11818,live_differs_from_snapshot_untracked,not_tracked_current_index,452dcc81e03aa1fb4f917c3fb8f3ae969842323f,6b08e4b539cef57fe808e7c4f21f9a849434dd8f,False
P3_manual,review_script_then_track_or_archive,datasets/combination_tests_v2.py,datasets,source_or_script,P2_untracked_intake_review,9853,9853,live_differs_from_snapshot_untracked,not_tracked_current_index,0eefd2c2f9ac5f59c15e5fab87dcaf4a95716f70,a9089ceaed51bab6a6cb00bcb70e1b7d054734e5,False
P3_manual,review_script_then_track_or_archive,datasets/debug_all_models.py,datasets,source_or_script,P2_untracked_intake_review,2950,2950,live_differs_from_snapshot_untracked,not_tracked_current_index,134d422cd871568cfe0e1ec9ea75d4d7300d757c,5738a2958673c3c9e5197855aaa33cb9cf5ef15f,False
P3_manual,review_script_then_track_or_archive,datasets/debug_darwin.py,datasets,source_or_script,P2_untracked_intake_review,1467,1467,live_differs_from_snapshot_untracked,not_tracked_current_index,a38ecd752704d8a9efe94f463b61a7e02701fb91,81f74d72b75a5a7762226100a0cb3d0e43286442,False
P3_manual,review_script_then_track_or_archive,datasets/debug_model.py,datasets,source_or_script,P2_untracked_intake_review,977,977,live_differs_from_snapshot_untracked,not_tracked_current_index,7b824f166d6cd210fc3faad5a535e678daa08caf,4c57e824d9eab3953398b5e611fbc24e7e7ab380,False
P3_manual,review_script_then_track_or_archive,datasets/debug_prompt_formats.py,datasets,source_or_script,P2_untracked_intake_review,1719,1719,live_differs_from_snapshot_untracked,not_tracked_current_index,d7bdc72cc859570687e5384dd647c5bfef053ccc,42d7a33144ccebd3a6c31e8ee057a0254ab169b0,False
P3_manual,review_script_then_track_or_archive,datasets/debug_tamas.py,datasets,source_or_script,P2_untracked_intake_review,1809,1809,live_differs_from_snapshot_untracked,not_tracked_current_index,f4303d6341026768d5e6449e879109dbaf3d7dc7,ac623c8b94f53adb5b6e54bce5e06ca9c056aa3b,False
P3_manual,review_script_then_track_or_archive,datasets/deep_search_slm.py,datasets,source_or_script,P2_untracked_intake_review,8366,8366,live_differs_from_snapshot_untracked,not_tracked_current_index,5fea5f7540a36088b16b2bb609f49571b3006fb4,5122dfefec8f1ad22d59d38f1ac31950b116e223,False
P3_manual,review_script_then_track_or_archive,datasets/ernie/bench_ernie_1000.py,datasets,source_or_script,P2_untracked_intake_review,6006,6006,live_differs_from_snapshot_untracked,not_tracked_current_index,fe73396b10ce49e05f3a682e2f0750262529eb4a,fe9135e340dcfdec6789feeb85c6689fa2b451db,False
P3_manual,review_script_then_track_or_archive,datasets/ernie/bench_ernie_1000_local.py,datasets,source_or_script,P2_untracked_intake_review,9822,9822,live_differs_from_snapshot_untracked,not_tracked_current_index,afb7fc1563c1c7454c1cda2370fc5ebd3f80f757,7f6b8a21060c17224b05d908810d4464d414d19a,False
P3_manual,review_script_then_track_or_archive,datasets/ernie/code.py,datasets,source_or_script,P2_untracked_intake_review,2380,2380,live_differs_from_snapshot_untracked,not_tracked_current_index,f3b04f44d1c0d77b02acc53a6b76ae5993ed4800,f2239f9d161006a6f2da2f3728d851713b52e690,False
P3_manual,review_script_then_track_or_archive,datasets/ernie/cp1_ollama_probe.py,datasets,source_or_script,P2_untracked_intake_review,2239,2239,live_differs_from_snapshot_untracked,not_tracked_current_index,1b8601384c89f8d0effec8371e520cddb46736d4,d6cbcc91f6812de80101b8d642170213cd0f37fc,False
P3_manual,review_script_then_track_or_archive,datasets/ernie/cp2_guard_sweep.py,datasets,source_or_script,P2_untracked_intake_review,4228,4228,live_differs_from_snapshot_untracked,not_tracked_current_index,513f6c45137223ee55e9b5d70114c19195bef720,d29bc20e9b1298c3bff62ef175131c6c3ce4672e,False
P3_manual,review_script_then_track_or_archive,datasets/ernie/cp3_cross_model.py,datasets,source_or_script,P2_untracked_intake_review,4388,4388,live_differs_from_snapshot_untracked,not_tracked_current_index,00e6e61157ee8922f838b53c3c56c273206ef461,5eeaaef76bf6ebdbbd801e1c2cd43486efe12221,False
P3_manual,review_script_then_track_or_archive,datasets/ernie/cp4_final_report.py,datasets,source_or_script,P2_untracked_intake_review,6122,6122,live_differs_from_snapshot_untracked,not_tracked_current_index,08a583b0b11511f9a725caff3d92fdfc91643b69,29b7568101c946d9793d87ce1dffc668e2dac760,False
P3_manual,review_script_then_track_or_archive,datasets/ernie/verify_ernie.py,datasets,source_or_script,P2_untracked_intake_review,10378,10378,live_differs_from_snapshot_untracked,not_tracked_current_index,e048d46f6401375eaa9606e9674628d9d9bca18b,ae4dd4255f4e8b0bffdcb9ca33dd6e55238e13e8,False
P3_manual,review_script_then_track_or_archive,datasets/fix_merged_model.py,datasets,source_or_script,P2_untracked_intake_review,2971,2971,live_differs_from_snapshot_untracked,not_tracked_current_index,adea97fbd90cc602863e22f150613a1ba86a11fc,8e8697a8d667920b89d59297837423bb1df8d5c3,False
P3_manual,review_script_then_track_or_archive,datasets/gen_benign.py,datasets,source_or_script,P2_untracked_intake_review,6714,6714,live_differs_from_snapshot_untracked,not_tracked_current_index,28cce512f907fe334c2b734facc8183f4481c311,61e189cdddd4339107ee06529721f9b4b94e2b41,False
P3_manual,review_script_then_track_or_archive,datasets/gen_benign_100.py,datasets,source_or_script,P2_untracked_intake_review,13525,13525,live_differs_from_snapshot_untracked,not_tracked_current_index,271385fe2c601f0336b6d4555d755befdeedd9e3,0d0a3b3cc2a429b5caf1a3056a27ea04a25452a5,False
P3_manual,review_script_then_track_or_archive,datasets/gen_novel_adversarial.py,datasets,source_or_script,P2_untracked_intake_review,13217,13217,live_differs_from_snapshot_untracked,not_tracked_current_index,d791d441800c415207de9d9db461ea45cf3ea42f,e22a1623e26eaf38e643c897e2927b2b871505ac,False
P3_manual,review_script_then_track_or_archive,datasets/guard_diagnostic.py,datasets,source_or_script,P2_untracked_intake_review,5236,5236,live_differs_from_snapshot_untracked,not_tracked_current_index,d6693962f00de8560e4b0b0d7bff1933eed1bb54,d9a02e261b009c3cff4a03d93bb1b5f35a0c9300,False
P3_manual,review_script_then_track_or_archive,datasets/guard_ensemble.py,datasets,source_or_script,P2_untracked_intake_review,16131,16131,live_differs_from_snapshot_untracked,not_tracked_current_index,68e368474756477414d67e9a75cad6270d8dbdb9,801f1ecf735840050d27ed45d2981b662c4027ee,False
P3_manual,review_script_then_track_or_archive,datasets/guard_ensemble_special_virus.py,datasets,source_or_script,P2_untracked_intake_review,12366,12366,live_differs_from_snapshot_untracked,not_tracked_current_index,aef65bcea5b9e7db4e06ddb83e7a0d3ef7ec7c73,4879f70067364f638ed7b33d868f18e0dca31b22,False
P3_manual,review_script_then_track_or_archive,datasets/guard_plane.py,datasets,source_or_script,P2_untracked_intake_review,28867,28867,live_differs_from_snapshot_untracked,not_tracked_current_index,e7ed97c83d1acfb348f114023d10a8b52afaa41d,f05efed4dfc6271d195cb30ce4d021ed6a3521fc,False
P3_manual,review_script_then_track_or_archive,datasets/guard_slm_test.py,datasets,source_or_script,P2_untracked_intake_review,6377,6377,live_differs_from_snapshot_untracked,not_tracked_current_index,4fce0504889346c9080961d42d4905c55edf15e7,87086f142ce111ff8bc4a519e6a838a7127cd78c,False
P3_manual,review_script_then_track_or_archive,datasets/guard_train.py,datasets,source_or_script,P2_untracked_intake_review,5639,5639,live_differs_from_snapshot_untracked,not_tracked_current_index,f02289cdc99afb7950d5c4e645ac473c36c0b28c,bf5bb98e727d86e7ff3c3e8368be66f2876f7d7e,False
P3_manual,review_script_then_track_or_archive,datasets/manual_slerp.py,datasets,source_or_script,P2_untracked_intake_review,2422,2422,live_differs_from_snapshot_untracked,not_tracked_current_index,9bce51781a229cb59ab65c450ae8ebff67c5b738,a5a94ad5d06ca3d77454fbd1b0ab093488d9ce95,False
P3_manual,review_script_then_track_or_archive,datasets/nexus_bucket.py,datasets,source_or_script,P2_untracked_intake_review,5454,5454,live_differs_from_snapshot_untracked,not_tracked_current_index,66e36e794bc7ba48a7fd526e991315e645390464,d750b501404e6c95827f0748b363d70af70260e4,False
P3_manual,review_script_then_track_or_archive,datasets/probe_prompts.py,datasets,source_or_script,P2_untracked_intake_review,2896,2896,live_differs_from_snapshot_untracked,not_tracked_current_index,76a35eb221ae53fe528c0163bb60f2b3544a35ac,a3fd62a8ea7b7446d494794c9c7acf6923faeaa6,False
P3_manual,review_script_then_track_or_archive,datasets/quick_test.py,datasets,source_or_script,P2_untracked_intake_review,1153,1153,live_differs_from_snapshot_untracked,not_tracked_current_index,1fc279a1eb5be5959bf502da13b480a669bea519,6e63b3b2549a1aabbc1341d734a0ce66f6faa462,False
P3_manual,review_script_then_track_or_archive,datasets/retrain_classifier_v2.py,datasets,source_or_script,P2_untracked_intake_review,6622,6622,live_differs_from_snapshot_untracked,not_tracked_current_index,03b43edba5aba80c78ca9bf23065c928ec79ba40,febf8da0ceee4e84ad3c3b6bdcae935b1f82a7de,False
P3_manual,review_script_then_track_or_archive,datasets/retrain_classifier_v3.py,datasets,source_or_script,P2_untracked_intake_review,19025,19025,live_differs_from_snapshot_untracked,not_tracked_current_index,468bb677d1a456a0c8bee17e1a2a399231c924f7,b3d331c81354accb65ed3b7f53532b856614fdca,False
P3_manual,review_script_then_track_or_archive,datasets/sweep_models.py,datasets,source_or_script,P2_untracked_intake_review,13235,13235,live_differs_from_snapshot_untracked,not_tracked_current_index,a65c1ba60b2ad86f13f788557529ede4f25ea034,bfbc77373e483d1a652bfbb999582f903ec32633,False
P3_manual,review_script_then_track_or_archive,datasets/tamas_benchmark_v3.py,datasets,source_or_script,P2_untracked_intake_review,4464,4464,live_differs_from_snapshot_untracked,not_tracked_current_index,e46a2ebfcaec3f378f824e8b31af986853d40050,7c58b193fc64e6ddcadf00075210c1609ec9e5f6,False
P3_manual,review_script_then_track_or_archive,datasets/test_bonsai_quick.py,datasets,source_or_script,P2_untracked_intake_review,3295,3295,live_differs_from_snapshot_untracked,not_tracked_current_index,d0895e6c2b9f30eb9845125d80b3c4a82bca98c1,049a82a2b6a6509b729cf21fed8718a71fbf3ae8,False
P3_manual,review_script_then_track_or_archive,datasets/test_gemma_benign.py,datasets,source_or_script,P2_untracked_intake_review,2559,2559,live_differs_from_snapshot_untracked,not_tracked_current_index,6aa2c4292fd6a8959248a50565ca003d3365ef6b,f61e4225869213611832a75cb48abf14bb692bad,False
P3_manual,review_script_then_track_or_archive,datasets/test_v4_prompt.py,datasets,source_or_script,P2_untracked_intake_review,4565,4565,live_differs_from_snapshot_untracked,not_tracked_current_index,4e3e43ab0163939528072437ee506dad79a8e44a,dd7fefcc09a0abe7e852aafcf23b6b7129a4d5e8,False
P3_manual,review_script_then_track_or_archive,datasets/test_v5_prompt.py,datasets,source_or_script,P2_untracked_intake_review,5863,5863,live_differs_from_snapshot_untracked,not_tracked_current_index,9d7134679e843207562f5a5bb5383487cde67a5c,76b1ea14e86cd94a14be3abaade8fd5a12d4c14e,False
P3_manual,review_script_then_track_or_archive,datasets/train_guard.py,datasets,source_or_script,P2_untracked_intake_review,5072,5072,live_differs_from_snapshot_untracked,not_tracked_current_index,72c53e336e624c373fa65464e2f798923603b6fc,c5cdffa2a1c0fba6443e7a9e3221b43225189040,False
P3_manual,review_script_then_track_or_archive,datasets/v7_builder.py,datasets,source_or_script,P2_untracked_intake_review,25484,25484,live_differs_from_snapshot_untracked,not_tracked_current_index,bf3ade9410edbd1b15ef64655444d49ca710dc56,580aa3ca17cb6256c1a6e841ae127d3d8be1a4e8,False
P3_manual,review_script_then_track_or_archive,datasets/v7_schema.py,datasets,source_or_script,P2_untracked_intake_review,1643,1643,live_differs_from_snapshot_untracked,not_tracked_current_index,682500501394939aad7213bc9c3f88a564ad7df4,5fe6a158144a461ee28b7471e5eaf952b1c1597f,False
P3_manual,review_script_then_track_or_archive,models/convert_hf_to_gguf.py,models,source_or_script,P2_untracked_intake_review,172040,172040,live_differs_from_snapshot_untracked,not_tracked_current_index,6be6e45ebe19b890e7e6c73f35272228a7c35978,048c030c07b86b594ac5357db3c0ce35e29c24ae,False
P3_manual,review_script_then_track_or_archive,models/guards/dual_slm_router.py,models,source_or_script,P2_untracked_intake_review,9062,9062,live_differs_from_snapshot_untracked,not_tracked_current_index,43c5393f4335aa42f3c6f8ae831d62b2156225cd,2bd1a2d02c21acc72e1da2adeb844aa812914363,False
P3_manual,review_script_then_track_or_archive,research/check_tamas.py,research,source_or_script,P2_untracked_intake_review,342,342,live_differs_from_snapshot_untracked,not_tracked_current_index,cd8890b253801dd5f24e80f4cb3b59a1e31d6bb8,18093f2065fc8826ff3dedde4a8168b1a90db3db,False
P3_manual,review_script_then_track_or_archive,research/check_tamas2.py,research,source_or_script,P2_untracked_intake_review,703,703,live_differs_from_snapshot_untracked,not_tracked_current_index,0066dae446b9b75104a5f7adb2b0beeb391ff8d0,49350d541ce3e050a1fb34ee482d7e509efae2f2,False
P3_manual,review_script_then_track_or_archive,research/extract_docx.py,research,source_or_script,P2_untracked_intake_review,2204,2204,live_differs_from_snapshot_untracked,not_tracked_current_index,4cf34529726f4c08908606a04fe099fe45d5c9a5,7fe9fa78b67d4a944f46e4b37d55b2956967cf69,False
P3_manual,review_script_then_track_or_archive,research/hygiene/enforce_manifest.py,research,source_or_script,P2_untracked_intake_review,1698,1698,live_differs_from_snapshot_untracked,not_tracked_current_index,1202f758b8cd485c4049510d1467c5e119cfc090,1c01968cd53940ff05323be331d5c4007502f8c5,False
P3_manual,review_script_then_track_or_archive,research/intake/intake_processor.py,research,source_or_script,P2_untracked_intake_review,1740,1740,live_differs_from_snapshot_untracked,not_tracked_current_index,6a59e09791c0806004fa46850355acb3fd3e9e11,1e499563a6963c46b1316a4dfbbf9e70042a269d,False
P3_manual,review_script_then_track_or_archive,research/papers01/RED-BLUE-PURPLE/RED-BLUE-PURPLE/nexus_governance_score.py,research,source_or_script,P2_untracked_intake_review,2672,2672,live_differs_from_snapshot_untracked,not_tracked_current_index,8003d9231d6e0b3c9a0785eb60865bdda3ca6c3b,37353b8d4b6ff155afbf466dc6bb18d3d25b8885,False
P3_manual,review_script_then_track_or_archive,research/papers01/RED-BLUE-PURPLE/extract_papers.py,research,source_or_script,P2_untracked_intake_review,2335,2335,live_differs_from_snapshot_untracked,not_tracked_current_index,381da0a6071b3b8c9904a7e3e02debcc8c2a0b7a,d2bf4a31d181782ed5c3124d3577b356e083ced1,False
P3_manual,review_script_then_track_or_archive,research/papers01/RED-BLUE-PURPLE/nexus_governance_score.py,research,source_or_script,P2_untracked_intake_review,2658,2658,live_differs_from_snapshot_untracked,not_tracked_current_index,39945b656d663349f51995d7ad8a2479e271abea,8a4b503a61c8639fc949ed9e43fd8c77ba9d1d2f,False
P3_manual,review_script_then_track_or_archive,upload/# DoppelGround  ReviewGround — Curr.txt,upload,source_or_script,P2_untracked_intake_review,20206,20206,live_differs_from_snapshot_untracked,not_tracked_current_index,6fff1e1d2121861bbb7383a205fe2760fd56c658,d84daf77cef25997f84c86a8bc31429b28471b22,False
P3_manual,review_script_then_track_or_archive,upload/# KILOCLAW V3 MOVEABLE HEARTBEAT PR.txt,upload,source_or_script,P2_untracked_intake_review,3397,3397,live_differs_from_snapshot_untracked,not_tracked_current_index,c72ceb0023da666a10e5cf995cf99a9429c848ae,5629f0311fe2c996748eb2aa23094af35eda50cd,False
P3_manual,review_script_then_track_or_archive,upload/## 2. SESSION_LOG_002 — Final Repor.txt,upload,source_or_script,P2_untracked_intake_review,3120,3120,live_differs_from_snapshot_untracked,not_tracked_current_index,fa9b672838d579a3c2dd292652d42429cefbb879,73656cb17fa7f70e4537e984490c20f5222db377,False
P3_manual,review_script_then_track_or_archive,upload/Backend Team Package — Delivered ✅.txt,upload,source_or_script,P2_untracked_intake_review,156620,156620,live_differs_from_snapshot_untracked,not_tracked_current_index,e557d7989c81bbbd4adc1169bab64896d27d8e0d,07b5b5c6cd30d0a6e8cf4ac41dd72750fea72b21,False
P3_manual,review_script_then_track_or_archive,upload/CODEX TEAM INTEGRATION REPORTING.txt,upload,source_or_script,P2_untracked_intake_review,11773,11773,live_differs_from_snapshot_untracked,not_tracked_current_index,cc3e431caa7eef1e0ecc92cbd09330ca87b85e6a,bca1fd035306718e2bb3ab8585ea9a057436025f,False
P3_manual,review_script_then_track_or_archive,upload/Completed Local Model Benchmarking.txt,upload,source_or_script,P2_untracked_intake_review,5780,5780,live_differs_from_snapshot_untracked,not_tracked_current_index,75aab5d51a12a37824a6ff9d283745f073a01bdf,33291005cd7bb0d76a6b3130153899ad7718808c,False
P3_manual,review_script_then_track_or_archive,upload/DERDDRE-01.txt,upload,source_or_script,P2_untracked_intake_review,547412,547412,live_differs_from_snapshot_untracked,not_tracked_current_index,b4ec98c39c67b3ca49fd0f6f21c9f955c5d2ccdd,17890de316222d7ecd5b6e624f2fdcd3dc368c61,False
P3_manual,review_script_then_track_or_archive,upload/DISPOSSSEEE.txt,upload,source_or_script,P2_untracked_intake_review,13604,13604,live_differs_from_snapshot_untracked,not_tracked_current_index,dfa7e78e699ab81503ac0bc3f6f0062247cdacf0,28cdd1f37d7014cded332fb034b8c7b910998309,False
P3_manual,review_script_then_track_or_archive,upload/FOUNDRY_HERMES_OPENSHELL_COMBINED_PLAN.md,upload,source_or_script,P2_untracked_intake_review,16415,16415,live_differs_from_snapshot_untracked,not_tracked_current_index,2d25c3c7d64c9a30b74078deee6d46592801bfdf,9d1730958238bc45da38e48a5d27664b800508a1,False
P3_manual,review_script_then_track_or_archive,upload/GLM5-NEXUS_DASHBOARD_STRATEGIC_REPORT.md,upload,source_or_script,P2_untracked_intake_review,33896,33896,live_differs_from_snapshot_untracked,not_tracked_current_index,9f14429dabe19d5f9ba454daf275d919e786cea2,3e345b6b8d637f1d943a15593a88c3c709925a9d,False
P3_manual,review_script_then_track_or_archive,upload/GLM_FUSION_INTAKE_CHECKLIST.md,upload,source_or_script,P2_untracked_intake_review,8923,8923,live_differs_from_snapshot_untracked,not_tracked_current_index,cad6956761a0dc5b0b283e3c46a24987ad2165df,08e1abbd4c9e18e2b5eab65fecb0dbd17ea32e9d,False
P3_manual,review_script_then_track_or_archive,upload/GROK 4.3 AGENT TEAM LOG-002.txt,upload,source_or_script,P2_untracked_intake_review,124799,124799,live_differs_from_snapshot_untracked,not_tracked_current_index,76031d97a160b7b2f556c9a135e2d5d7f8889f8f,b03f5ef7c404c943352f61f88a1f0eac67a178e7,False
P3_manual,review_script_then_track_or_archive,upload/GROK RESEARCH REPO MASTER.txt,upload,source_or_script,P2_untracked_intake_review,90265,90265,live_differs_from_snapshot_untracked,not_tracked_current_index,80652981d72eeedf8c494be2f1b7f2e1a30ebfff,5b8d09338f3689e8ae4a74684c49e3cd5b290009,False
P3_manual,review_script_then_track_or_archive,upload/I'll help you integrate the complex.txt,upload,source_or_script,P2_untracked_intake_review,216545,216545,live_differs_from_snapshot_untracked,not_tracked_current_index,fe5aaabbb092ebb4e9cfcd4dcae60adf8d4361a2,3cae93f30d09dfe52c585659bda07b64439aba09,False
P3_manual,review_script_then_track_or_archive,upload/IMPLEMENTATION_REPORT.md,upload,source_or_script,P2_untracked_intake_review,14626,14626,live_differs_from_snapshot_untracked,not_tracked_current_index,cf63cf6a862d32ffba8a30ea5dfa9673eacd36da,1e084030b07aa86039027a18622cecbcb0cd4fe2,False
P3_manual,review_script_then_track_or_archive,upload/METAresearch_practice_template.md,upload,source_or_script,P2_untracked_intake_review,1572,1572,live_differs_from_snapshot_untracked,not_tracked_current_index,e5ec8bbc7174e57c56f0816ba21619c433446145,fe95cc950975cb626eaee844e8d1f81a4d45dcee,False
P3_manual,review_script_then_track_or_archive,upload/Mythos to NEXUS Mapping and DoppelGround Release Plan2.md,upload,source_or_script,P2_untracked_intake_review,35504,35504,live_differs_from_snapshot_untracked,not_tracked_current_index,6e83a67ffa047e6533c1eed2aa6682153b96df20,883d5a0749b2784e63a6a160eb14223255536fbe,False
P3_manual,review_script_then_track_or_archive,upload/NEXUS OS INTEGRATION ROADMAP.txt,upload,source_or_script,P2_untracked_intake_review,127808,127808,live_differs_from_snapshot_untracked,not_tracked_current_index,7ce55eb6a594c73fdc931c7d9c182367e96cb31e,b70c4d1e88adbda35f081c7df9a19dae165c4693,False
P3_manual,review_script_then_track_or_archive,upload/NEXUS-STATE.json,upload,source_or_script,P2_untracked_intake_review,2796,2796,live_differs_from_snapshot_untracked,not_tracked_current_index,cdb0dc2e48ffe608783e0c79b290272b88b34e92,272fc169f3712a414508e38bb831a84092e672f7,False
P3_manual,review_script_then_track_or_archive,upload/PROJECT_HANDOFF_SPEC.md,upload,source_or_script,P2_untracked_intake_review,9849,9849,live_differs_from_snapshot_untracked,not_tracked_current_index,e04a6e8330444322bf68b33b328f534665997fc4,c09b5e5e2897ce9e929c9d695098f5d322c7f33b,False
P3_manual,review_script_then_track_or_archive,upload/coldstart_install.py,upload,source_or_script,P2_untracked_intake_review,2339,2339,live_differs_from_snapshot_untracked,not_tracked_current_index,28256152dee7e03f2fefdbd3551425467ea26d53,9653a9347dfd6ba56d36b3443881c95c8f54818f,False
P3_manual,review_script_then_track_or_archive,upload/dg_to_gspp.py,upload,source_or_script,P2_untracked_intake_review,9206,9206,live_differs_from_snapshot_untracked,not_tracked_current_index,5fd1dc14b2356e0d583a18c2c0cc572333f7a2d6,5e1225b7e72c036ab07614a467e778ec34a0ad5a,False
P3_manual,review_script_then_track_or_archive,upload/foundry_agent_inventory.md,upload,source_or_script,P2_untracked_intake_review,7399,7399,live_differs_from_snapshot_untracked,not_tracked_current_index,1aafaeb0550b572472aa53567399a4a5c2f89c45,cc9ae7f9ed3fe4d017d6da5e37fc5ab9fc3adfb9,False
P3_manual,review_script_then_track_or_archive,upload/governor_skill_gate.py,upload,source_or_script,P2_untracked_intake_review,11030,11030,live_differs_from_snapshot_untracked,not_tracked_current_index,b146d5d4b2e4e3a0ac0dcf5bb31110843577dafb,634962aed0682f008a68a87648408cb9ebfa2bae,False
P3_manual,review_script_then_track_or_archive,upload/gspp_openapi.yaml,upload,source_or_script,P2_untracked_intake_review,5336,5336,live_differs_from_snapshot_untracked,not_tracked_current_index,ef41e31d99736ba3960e87d4faffef0eb562fdd7,7de7c8eb9752c9ce6983e5fa3f798938d491a309,False
P3_manual,review_script_then_track_or_archive,upload/mock_api_server.py,upload,source_or_script,P2_untracked_intake_review,12042,12042,live_differs_from_snapshot_untracked,not_tracked_current_index,932afa6699de13542c3283f04a7f6790a9e2bcc6,0ed77ac1653f5ccffda2b0ad470fdc488a2cfdd4,False
P3_manual,review_script_then_track_or_archive,upload/nexus-dashboard-report-2026-05-04T12-26-26.json,upload,source_or_script,P2_untracked_intake_review,3455,3455,live_differs_from_snapshot_untracked,not_tracked_current_index,f714eb0843db743983d84b6051914db81bd6c03c,3cd01fcb8a38e6aa738a3184a9ba6ec5c3f06309,False
P3_manual,review_script_then_track_or_archive,upload/nexus-dashboard-report-2026-05-04T12-27-14.csv,upload,source_or_script,P2_untracked_intake_review,411,411,live_differs_from_snapshot_untracked,not_tracked_current_index,0403e1c9a65fb55a918ecbac9010e325fda688c4,1c546202cbd3e6d37d2453f6c9e5187bcef86d86,False
P3_manual,review_script_then_track_or_archive,upload/nexus-dashboard-report-2026-05-04T12-27-34.csv,upload,source_or_script,P2_untracked_intake_review,411,411,live_differs_from_snapshot_untracked,not_tracked_current_index,0403e1c9a65fb55a918ecbac9010e325fda688c4,1c546202cbd3e6d37d2453f6c9e5187bcef86d86,False
P3_manual,review_script_then_track_or_archive,upload/nexus-overview-all-time-2026-05-04T12-26-37.json,upload,source_or_script,P2_untracked_intake_review,1097,1097,live_differs_from_snapshot_untracked,not_tracked_current_index,1d56956818874b201bc1fa3b59f6d9c967d807c3,5b864b2b9338b196d8b123c43787fb86b66255da,False
P3_manual,review_script_then_track_or_archive,upload/nexus-overview-all-time-2026-05-04T12-27-27.csv,upload,source_or_script,P2_untracked_intake_review,261,261,live_differs_from_snapshot_untracked,not_tracked_current_index,63ddbd62856667cc105e4b522317b743724b1c68,9e8cab8308eca554cd9e93d27c923231d4d749f8,False
P3_manual,review_script_then_track_or_archive,upload/nexus-stresslab-all-time-2026-05-04T12-26-45.json,upload,source_or_script,P2_untracked_intake_review,1130,1130,live_differs_from_snapshot_untracked,not_tracked_current_index,292033a9132898c27fd44fbbd5f55479a0191a9e,9e65fbc3c0ce2c140faa1f7b8dbd516e919e33ab,False
P3_manual,review_script_then_track_or_archive,upload/nexus-stresslab-all-time-2026-05-04T12-27-21.csv,upload,source_or_script,P2_untracked_intake_review,312,312,live_differs_from_snapshot_untracked,not_tracked_current_index,eb02f40e9aeff57d18948e5870aaa7ca4788573b,5357e1b34dab68e59d8b3bfa4e616046435feca1,False
P3_manual,review_script_then_track_or_archive,upload/papers_manifest_full_20.json,upload,source_or_script,P2_untracked_intake_review,12327,12327,live_differs_from_snapshot_untracked,not_tracked_current_index,53010cce4912bc8ac08729a8c292ea5ade231bb6,2f10871f3791e1e3a285da6997e05120f4638583,False
P3_manual,review_script_then_track_or_archive,upload/papers_manifest_test.json,upload,source_or_script,P2_untracked_intake_review,4361,4361,live_differs_from_snapshot_untracked,not_tracked_current_index,00b419893707f597e8407fd634a83cd774e706b5,0c48282125658900d6244903da352a0584aae719,False
P3_manual,review_script_then_track_or_archive,upload/priority_queue.json,upload,source_or_script,P2_untracked_intake_review,4232,4232,live_differs_from_snapshot_untracked,not_tracked_current_index,614650de0174dfe38606745453222b5828ed3fa1,4cd14714cf49edcb22d7ac1d1864c5dc174de6f5,False
P3_manual,review_script_then_track_or_archive,upload/uvicorn mock_api_server.txt,upload,source_or_script,P2_untracked_intake_review,331,331,live_differs_from_snapshot_untracked,not_tracked_current_index,9514d30d35fa6e06a24d6237463710b05d2a17c4,150169ea2228e71e12c0727a60f0ea06f8c74130,False
P3_manual,review_script_then_track_or_archive,upload/wiki_pipeline.py,upload,source_or_script,P2_untracked_intake_review,7593,7593,live_differs_from_snapshot_untracked,not_tracked_current_index,30f6d72b42ded6a0434a924dd1350e80c2dd25b6,040b5a92959e34a03be8808ee28ad24ba132c2a3,False
P4_generated,generated_cache_ignore_or_quarantine_after_review,datasets/bouncer_checkpoints/LFM2.5-1.2B-Instruct_BALANCED_Benign.json,datasets,generated_or_cache,P4_untracked_low_signal,846,846,live_differs_from_snapshot_untracked,not_tracked_current_index,4130c91dc70b5447dc2f809106f1bec32ca40e91,96d063873cbea5bed6bfb6c0da2191665e222261,False
P4_generated,generated_cache_ignore_or_quarantine_after_review,datasets/bouncer_checkpoints/LFM2.5-1.2B-Instruct_BALANCED_TAMAS.json,datasets,generated_or_cache,P4_untracked_low_signal,2482,2482,live_differs_from_snapshot_untracked,not_tracked_current_index,514105f977f1ea194135c78e47c7b416269deef8,a541d1cf0a05d713cb49a54a4ba03b01f2e9709e,False
P4_generated,generated_cache_ignore_or_quarantine_after_review,datasets/bouncer_checkpoints/LFM2.5-1.2B-Instruct_BALANCED_v7.json,datasets,generated_or_cache,P4_untracked_low_signal,15011,15011,live_differs_from_snapshot_untracked,not_tracked_current_index,9688188d9e3bfee88a7988445714edd414d075e4,51a3f558faa31c7887835f48896f0320728fd822,False
P4_generated,generated_cache_ignore_or_quarantine_after_review,datasets/bouncer_checkpoints/LFM2.5-1.2B-Instruct_BOUNCER_Benign.json,datasets,generated_or_cache,P4_untracked_low_signal,847,847,live_differs_from_snapshot_untracked,not_tracked_current_index,3e739b9d280eaa27edc24d9be436e86edf15a415,ab3d4c90916255e774698e76c025fdeb955a0cc6,False
P4_generated,generated_cache_ignore_or_quarantine_after_review,datasets/bouncer_checkpoints/LFM2.5-1.2B-Instruct_BOUNCER_TAMAS.json,datasets,generated_or_cache,P4_untracked_low_signal,2489,2489,live_differs_from_snapshot_untracked,not_tracked_current_index,f720b447385a4973e271c3a102c45b0b67778295,3992765e92a0074c362a9f564caa1af4ea1e3082,False
P4_generated,generated_cache_ignore_or_quarantine_after_review,datasets/bouncer_checkpoints/LFM2.5-1.2B-Instruct_BOUNCER_v7.json,datasets,generated_or_cache,P4_untracked_low_signal,14988,14988,live_differs_from_snapshot_untracked,not_tracked_current_index,95f0d582f97ab4d719cb10acddc05264bd198f9f,714ea7c6efda1d6e5e475f31431a266bc9fb507f,False
P4_generated,generated_cache_ignore_or_quarantine_after_review,datasets/bouncer_checkpoints/Neo_T-Virus-3.2-1B_BALANCED_Benign.json,datasets,generated_or_cache,P4_untracked_low_signal,859,859,live_differs_from_snapshot_untracked,not_tracked_current_index,c96c1b8479150c55be2c14ee15d8d81849e232a0,22efeb2253cf51b84eb0baeb5b9e3817d5dc7edb,False
P4_generated,generated_cache_ignore_or_quarantine_after_review,datasets/bouncer_checkpoints/Neo_T-Virus-3.2-1B_BALANCED_TAMAS.json,datasets,generated_or_cache,P4_untracked_low_signal,2486,2486,live_differs_from_snapshot_untracked,not_tracked_current_index,581ef41b1afea84d52e6698814c360c6f0139f25,f150ff71a353ed9089ca0862e02f922fa3c8f236,False
P4_generated,generated_cache_ignore_or_quarantine_after_review,datasets/bouncer_checkpoints/Neo_T-Virus-3.2-1B_BALANCED_v7.json,datasets,generated_or_cache,P4_untracked_low_signal,15030,15030,live_differs_from_snapshot_untracked,not_tracked_current_index,87e6679629a4aa67cff7706da8053abf62247249,c56e452dd13df44b5e147774c56dce3c1bfc567c,False
P4_generated,generated_cache_ignore_or_quarantine_after_review,datasets/bouncer_checkpoints/Neo_T-Virus-3.2-1B_BOUNCER_Benign.json,datasets,generated_or_cache,P4_untracked_low_signal,846,846,live_differs_from_snapshot_untracked,not_tracked_current_index,61c934ffa497936b7da8d0dac1c215a3e657bf84,ccfe5f9ee69070d03f744171cd6c0300f0a46ca9,False
P4_generated,generated_cache_ignore_or_quarantine_after_review,datasets/bouncer_checkpoints/Neo_T-Virus-3.2-1B_BOUNCER_TAMAS.json,datasets,generated_or_cache,P4_untracked_low_signal,2495,2495,live_differs_from_snapshot_untracked,not_tracked_current_index,e85cfee6cc6ec148b2a6c53734315428f687f9ee,017ab2e7e2921de183483d24566e7fdd050713fa,False
P4_generated,generated_cache_ignore_or_quarantine_after_review,datasets/bouncer_checkpoints/Neo_T-Virus-3.2-1B_BOUNCER_v7.json,datasets,generated_or_cache,P4_untracked_low_signal,15081,15081,live_differs_from_snapshot_untracked,not_tracked_current_index,7e3153f7ecb8e02135663363d92bc3b2596a2543,7f006961517c3424c17dd106c242c619acd88fd8,False
P4_generated,generated_cache_ignore_or_quarantine_after_review,datasets/bouncer_checkpoints/Special-Virus-3.2-1B_BALANCED_Benign.json,datasets,generated_or_cache,P4_untracked_low_signal,846,846,live_differs_from_snapshot_untracked,not_tracked_current_index,7102129d04d8490fe24910466d82fffc61e1cef7,c0f74268c57d5609288e386bf9860f7fd41ac702,False
P4_generated,generated_cache_ignore_or_quarantine_after_review,datasets/bouncer_checkpoints/Special-Virus-3.2-1B_BALANCED_TAMAS.json,datasets,generated_or_cache,P4_untracked_low_signal,2476,2476,live_differs_from_snapshot_untracked,not_tracked_current_index,88dff1c657d5469fb7963378f24d78a4aa77ca39,bc2a96e6367232615296a18bdf6f14e043f022ef,False
P4_generated,generated_cache_ignore_or_quarantine_after_review,datasets/bouncer_checkpoints/Special-Virus-3.2-1B_BALANCED_v7.json,datasets,generated_or_cache,P4_untracked_low_signal,14974,14974,live_differs_from_snapshot_untracked,not_tracked_current_index,b5358368da69aa13fadba81f4072aa53427c9645,e64fdf23d47519c78f3fbc58bb220f2fde4c3c6a,False
P4_generated,generated_cache_ignore_or_quarantine_after_review,datasets/bouncer_checkpoints/Special-Virus-3.2-1B_BOUNCER_Benign.json,datasets,generated_or_cache,P4_untracked_low_signal,848,848,live_differs_from_snapshot_untracked,not_tracked_current_index,f494d6ee8fb91da7eb66d5d29e593b45baa3fa77,c7e03b9dd65c51264a82b03ded629f58c0fdb01d,False
P4_generated,generated_cache_ignore_or_quarantine_after_review,datasets/bouncer_checkpoints/Special-Virus-3.2-1B_BOUNCER_TAMAS.json,datasets,generated_or_cache,P4_untracked_low_signal,2472,2472,live_differs_from_snapshot_untracked,not_tracked_current_index,b03e14406695e45f713e1a99897f97990ca2a401,dbc5652301965f09697050d97257ee773e0e8c19,False
P4_generated,generated_cache_ignore_or_quarantine_after_review,datasets/bouncer_checkpoints/Special-Virus-3.2-1B_BOUNCER_v7.json,datasets,generated_or_cache,P4_untracked_low_signal,15021,15021,live_differs_from_snapshot_untracked,not_tracked_current_index,763ce7b0e3df7c4766c19439420dc33fb92045e8,8901fa3cc0cfb6caaf4b7d348703ba8cfab938a4,False
P4_generated,generated_cache_ignore_or_quarantine_after_review,datasets/bouncer_checkpoints_v3/Special-Virus-3.2-1B_Benign.json,datasets,generated_or_cache,P4_untracked_low_signal,845,845,live_differs_from_snapshot_untracked,not_tracked_current_index,8b78582726cbda9915197fdb1b587ddf92a50007,ce42578d3e9bd7a816f13ff1f7c2224d4e19485a,False
P4_generated,generated_cache_ignore_or_quarantine_after_review,datasets/bouncer_checkpoints_v3/Special-Virus-3.2-1B_TAMAS.json,datasets,generated_or_cache,P4_untracked_low_signal,2486,2486,live_differs_from_snapshot_untracked,not_tracked_current_index,1b6d7aedda645de69acabe479f65a765e612ba02,3cae47f1cf43e260f0693c0a0b3c30ccb99e3b6e,False
P4_generated,generated_cache_ignore_or_quarantine_after_review,datasets/bouncer_checkpoints_v3/Special-Virus-3.2-1B_v7.json,datasets,generated_or_cache,P4_untracked_low_signal,15047,15047,live_differs_from_snapshot_untracked,not_tracked_current_index,990838b8d3eac708520916050eb57bc97fbcf2c9,b0a93692d72d39c7dc1eb7d9947855c7a4f181f2,False
P4_generated,generated_cache_ignore_or_quarantine_after_review,datasets/v7_lab_output/report_benign_corpus_100_chat_special-virus_latest.json,datasets,generated_or_cache,P4_untracked_low_signal,2490,2490,live_differs_from_snapshot_untracked,not_tracked_current_index,28233d5f1c6cb55ca0f1ab81528238cd7ddad4c5,dbf6e8838d53c4d13870816ce7145e250ac4b1c4,False
P4_generated,generated_cache_ignore_or_quarantine_after_review,datasets/v7_lab_output/report_benign_corpus_100_raw_hf.co_prism-ml_Ternary-Bonsai-1.7B-gguf_F16.json,datasets,generated_or_cache,P4_untracked_low_signal,669,669,live_differs_from_snapshot_untracked,not_tracked_current_index,c6414af9a7bc95e8b3c552d1f5d195c89e8c1c6f,59a88783491d63f2ea92cab6d705e44604da5a83,False
P4_generated,generated_cache_ignore_or_quarantine_after_review,datasets/v7_lab_output/report_benign_corpus_100_remediated_hf.co_prism-ml_Ternary-Bonsai-1.7B-gguf_F16.json,datasets,generated_or_cache,P4_untracked_low_signal,677,677,live_differs_from_snapshot_untracked,not_tracked_current_index,d3e20911d98ed8ba57c08c3a50222a214fc1791b,ecf6e220590a3f597e3ff6fd0ceeb518309094f9,False
P4_generated,generated_cache_ignore_or_quarantine_after_review,datasets/v7_lab_output/report_benign_corpus_100_remediated_special-virus_latest.json,datasets,generated_or_cache,P4_untracked_low_signal,2524,2524,live_differs_from_snapshot_untracked,not_tracked_current_index,1cfc9679c947131375b256168ce7fb1e7a127da1,016d335e78d8918b6dc75687d34e39c6afb7790f,False
P4_generated,generated_cache_ignore_or_quarantine_after_review,datasets/v7_lab_output/report_scenarios_001-1000_EN_chat_special-virus_latest.json,datasets,generated_or_cache,P4_untracked_low_signal,8141,8141,live_differs_from_snapshot_untracked,not_tracked_current_index,33610a0363039e4f56f9d7cab8fb9becf80baddf,9aef8057ec75d910dd7d3b01e64ba80f1d0e9d37,False
