path,prefix,kind,priority,byte_relation,tracked_relation,snapshot_blob,snapshot_blob_size,live_blob,live_bytes,current_index_blob,sensitive_path_redacted
.agents/skills/onboardingv2/README.md,.agents,docs_or_research,P2_untracked_intake_review,live_differs_from_snapshot_untracked,not_tracked_current_index,2197fbad4b29809999c068e354dd1d1c5457bf4c,5491,77134803486a83e7dd950b624dd25bcfb544d6d5,5491,,False
.agents/skills/onboardingv2/SKILL.md,.agents,docs_or_research,P2_untracked_intake_review,live_differs_from_snapshot_untracked,not_tracked_current_index,36478305ae9e72c215826037b9b014f0609eb1db,29362,d9630ed22adb5289e312c4cf93207224098f0941,29362,,False
.agents/skills/onboardingv2/mcp-configure/SKILL.md,.agents,docs_or_research,P2_untracked_intake_review,live_differs_from_snapshot_untracked,not_tracked_current_index,c4f6a8cb6fb94b9304c3d04417be7bd15fc7ee33,14809,e8c02935fc9e3a160cad03cd8913fa264f2e43d8,14809,,False
.agents/skills/onboardingv2/mcp-configure/references/mcp-config-templates.md,.agents,docs_or_research,P2_untracked_intake_review,live_differs_from_snapshot_untracked,not_tracked_current_index,dfe87436d9c0486521e772de8f1fd279eda6d166,8242,20d4ac9ecf5d381d772008c8f5d1763101dc712a,8242,,False
.agents/skills/onboardingv2/mcp-configure/references/mcp-ui-links.md,.agents,docs_or_research,P2_untracked_intake_review,live_differs_from_snapshot_untracked,not_tracked_current_index,5e059af7be0a6a6827942af587e64fbe9d0d49a8,3693,ae9084cd7cd2479dcd731db267f227c14aa7ba53,3693,,False
.agents/skills/onboardingv2/references/1.8-summary.md,.agents,docs_or_research,P2_untracked_intake_review,live_differs_from_snapshot_untracked,not_tracked_current_index,1ca75c3da7d3c84c2419d2ccf9ef77499157abb4,7750,0dde834703de9ec85a64a226d40f64005376132e,7750,,False
.agents/skills/onboardingv2/references/1.9-editor-rules.md,.agents,docs_or_research,P2_untracked_intake_review,live_differs_from_snapshot_untracked,not_tracked_current_index,feedccc16cc81b69139dc50d1121e37e0f51723c,10834,890c6de430a9b8731eb91584cb29e4e9e7b06247,10834,,False
.agents/skills/onboardingv2/references/sdk/recipes.md,.agents,docs_or_research,P2_untracked_intake_review,live_differs_from_snapshot_untracked,not_tracked_current_index,ff25a7993b876ecfebe2cf414698b79bc12a7832,24065,1996d31b1784cf84de04799acabee8a0061e8e64,24065,,False
.agents/skills/onboardingv2/references/sdk/snippets/android-client-sdk.md,.agents,docs_or_research,P2_untracked_intake_review,live_differs_from_snapshot_untracked,not_tracked_current_index,7434939fc0c4674afc16e5ef6dc09defa48bfdc2,4253,5a0ed3dd07e3fc3fb1861090158bab9105488fe4,4253,,False
.agents/skills/onboardingv2/references/sdk/snippets/apex-server-sdk.md,.agents,docs_or_research,P2_untracked_intake_review,live_differs_from_snapshot_untracked,not_tracked_current_index,3a5e4aa7ac4df4a2fc8857bde627a79c2bd88eba,750,87139a35205d55091087d1053ee480a6a5f9f1a1,750,,False
.agents/skills/onboardingv2/references/sdk/snippets/browser-frameworks-sdk.md,.agents,docs_or_research,P2_untracked_intake_review,live_differs_from_snapshot_untracked,not_tracked_current_index,ebc8f0159befebc6bdffa4d0c2f116de57c5bdff,1079,832e5998bd26985d36276d2eeab0cfc650bfbbf0,1079,,False
.agents/skills/onboardingv2/references/sdk/snippets/cpp-client-sdk.md,.agents,docs_or_research,P2_untracked_intake_review,live_differs_from_snapshot_untracked,not_tracked_current_index,41624d598b87870b6345162c3df8227985e75d80,969,9ee8740d918dae1ecd78f7dbaed8e8e2d068020c,969,,False
.agents/skills/onboardingv2/references/sdk/snippets/cpp-server-sdk.md,.agents,docs_or_research,P2_untracked_intake_review,live_differs_from_snapshot_untracked,not_tracked_current_index,1558c2999871ecd1e672f37da64912df89d93ccd,728,4ac5211fb9b97ee47cf3d8f210f949f49bdfe2a5,728,,False
.agents/skills/onboardingv2/references/sdk/snippets/dotnet-client-sdk.md,.agents,docs_or_research,P2_untracked_intake_review,live_differs_from_snapshot_untracked,not_tracked_current_index,baf3d5d277740120822b9b0f3aefbad2550ec9c3,1240,9b212dc582085edafad221ad6781f920bc76af08,1240,,False
.agents/skills/onboardingv2/references/sdk/snippets/dotnet-server-sdk.md,.agents,docs_or_research,P2_untracked_intake_review,live_differs_from_snapshot_untracked,not_tracked_current_index,57e50e73534a099bb07190a2c1b0dff1a24f51a8,3524,d1f9bfe2aa319164ec65b0801bc0c7cd9fd4f326,3524,,False
.agents/skills/onboardingv2/references/sdk/snippets/edge-sdks.md,.agents,docs_or_research,P2_untracked_intake_review,live_differs_from_snapshot_untracked,not_tracked_current_index,8f7ed44168602ab0acc8bed6d17f533027ac7d27,1943,4cc87680aacc9d482f846279e7ef5ede50bf375c,1943,,False
.agents/skills/onboardingv2/references/sdk/snippets/electron-client-sdk.md,.agents,docs_or_research,P2_untracked_intake_review,live_differs_from_snapshot_untracked,not_tracked_current_index,7f59a62433535f10bf5088e13be4434ec865ed6f,908,3f240e319ca647722eeb47444fd8643701cfc8a1,908,,False
.agents/skills/onboardingv2/references/sdk/snippets/erlang-server-sdk.md,.agents,docs_or_research,P2_untracked_intake_review,live_differs_from_snapshot_untracked,not_tracked_current_index,661e37691f29488184c57c7f0aabf4c092faaae8,889,b22b579df91688eb19416b4442733ec16447fd5f,889,,False
.agents/skills/onboardingv2/references/sdk/snippets/flutter-client-sdk.md,.agents,docs_or_research,P2_untracked_intake_review,live_differs_from_snapshot_untracked,not_tracked_current_index,d847a0db1c34057e4016969526bf68534e3c5888,1304,bd76d9190fe91911ef77a858e9c0abe671d1b29f,1304,,False
.agents/skills/onboardingv2/references/sdk/snippets/go-server-sdk.md,.agents,docs_or_research,P2_untracked_intake_review,live_differs_from_snapshot_untracked,not_tracked_current_index,26d47c4601ba57ed10f035a04696c1f699dc6610,2245,da6e99ad1857bf32cbae22bb44eaab8b3d5eddac,2245,,False
.agents/skills/onboardingv2/references/sdk/snippets/haskell-server-sdk.md,.agents,docs_or_research,P2_untracked_intake_review,live_differs_from_snapshot_untracked,not_tracked_current_index,df4db0accbe3b851b685a110c0a1bc862222cd1f,919,f9277e8783170279b9909af7dfa4e897e29f69b2,919,,False
.agents/skills/onboardingv2/references/sdk/snippets/ios-client-sdk.md,.agents,docs_or_research,P2_untracked_intake_review,live_differs_from_snapshot_untracked,not_tracked_current_index,c733289321a7bb92a2f3ffeba8f01008001bf063,4782,1f3fa75daebe91e7efe4620c0969c4504cd5f347,4782,,False
.agents/skills/onboardingv2/references/sdk/snippets/java-server-sdk.md,.agents,docs_or_research,P2_untracked_intake_review,live_differs_from_snapshot_untracked,not_tracked_current_index,c872acb630195bce0f33bc2c5fceeea250147f1e,3587,37cf5e049bf4974f4c13b8723b70ee5e94ee135b,3587,,False
.agents/skills/onboardingv2/references/sdk/snippets/javascript-browser-sdk.md,.agents,docs_or_research,P2_untracked_intake_review,live_differs_from_snapshot_untracked,not_tracked_current_index,1cb1750c626e230458d83b351b12de44e2fceba3,2747,477472e16a585ebe64add875776d7f9adbd51cda,2747,,False
.agents/skills/onboardingv2/references/sdk/snippets/lua-server-sdk.md,.agents,docs_or_research,P2_untracked_intake_review,live_differs_from_snapshot_untracked,not_tracked_current_index,eac2b9f11ced74bf2b320ec6880fc8bb4005bdd2,1054,cbbd3f568b1cc7ed2dfe02a843895cf1aa7eddbe,1054,,False
.agents/skills/onboardingv2/references/sdk/snippets/node-client-sdk.md,.agents,docs_or_research,P2_untracked_intake_review,live_differs_from_snapshot_untracked,not_tracked_current_index,e1144ed7accb061b397540109129e1f3e8148114,1017,3db82b0af4e8ca4d6eff2c3419cdb26ac9f28522,1017,,False
.agents/skills/onboardingv2/references/sdk/snippets/node-server-sdk.md,.agents,docs_or_research,P2_untracked_intake_review,live_differs_from_snapshot_untracked,not_tracked_current_index,505f96fe8790249515e4184f0ada6440dacf44e2,3008,64d98831fcb6d550a134a0a08e41c22d65ca721c,3008,,False
.agents/skills/onboardingv2/references/sdk/snippets/php-server-sdk.md,.agents,docs_or_research,P2_untracked_intake_review,live_differs_from_snapshot_untracked,not_tracked_current_index,52557cfa2c11a1cb90b07cb4376866e8b2b92ba7,847,d830f127fd2b65846a09949110ba8e08e7179a4f,847,,False
.agents/skills/onboardingv2/references/sdk/snippets/python-server-sdk.md,.agents,docs_or_research,P2_untracked_intake_review,live_differs_from_snapshot_untracked,not_tracked_current_index,a7d413f863a7913bffa3db14919a7f427f569ab8,2921,7940b06542de8558c1134aaefe0d03b8071c8bf7,2921,,False
.agents/skills/onboardingv2/references/sdk/snippets/react-native-sdk.md,.agents,docs_or_research,P2_untracked_intake_review,live_differs_from_snapshot_untracked,not_tracked_current_index,701bfbccbc98ea393d6f6520dcecee164886cd83,2916,76eace4e5e230c0685235d697d7a086042889aa0,2916,,False
.agents/skills/onboardingv2/references/sdk/snippets/react-web-sdk.md,.agents,docs_or_research,P2_untracked_intake_review,live_differs_from_snapshot_untracked,not_tracked_current_index,e6fd97267ce5411ee310d2800e243a48cd80827d,2911,01e5329ce30fcc38f947a3221019703327972e91,2911,,False
.agents/skills/onboardingv2/references/sdk/snippets/roku-client-sdk.md,.agents,docs_or_research,P2_untracked_intake_review,live_differs_from_snapshot_untracked,not_tracked_current_index,4ca5cbdbbd13aa48870da8ee066ee3c18e90493a,718,059c8f504c409e4509ad35d02377f36fa5d2985a,718,,False
.agents/skills/onboardingv2/references/sdk/snippets/ruby-server-sdk.md,.agents,docs_or_research,P2_untracked_intake_review,live_differs_from_snapshot_untracked,not_tracked_current_index,6f37807970a9b47adca5dbd797103e95f5027e07,934,dd9ba5e37ded03f403f4505eae06e0cd7d5116a8,934,,False
.agents/skills/onboardingv2/references/sdk/snippets/rust-server-sdk.md,.agents,docs_or_research,P2_untracked_intake_review,live_differs_from_snapshot_untracked,not_tracked_current_index,64a4c168c6ea3de92ffdd753e6082aace7f7d8e5,866,b95e3c230bec534bf6b7c68a2e743eb904ecd933,866,,False
.agents/skills/onboardingv2/references/sdk/snippets/vue-client-sdk.md,.agents,docs_or_research,P2_untracked_intake_review,live_differs_from_snapshot_untracked,not_tracked_current_index,cb85a8ace62009a3ce116c13812b46f076f2c16e,765,151777876742d6a2c21d01c5fb261e1d885eb9a6,765,,False
.agents/skills/onboardingv2/sdk-install/SKILL.md,.agents,docs_or_research,P2_untracked_intake_review,live_differs_from_snapshot_untracked,not_tracked_current_index,bf2fd7366d62989ccdcb9268e65e268b4f6be7cd,5148,f11c7c89aedde9679ab50e5f7ad58dd45a1128cb,5148,,False
.agents/skills/onboardingv2/sdk-install/apply/SKILL.md,.agents,docs_or_research,P2_untracked_intake_review,live_differs_from_snapshot_untracked,not_tracked_current_index,ef115a7c8dd66eba99df4e411d8981ac434b873b,14445,77249539afc49fc872789828cc9e10dc909cf063,14445,,False
.agents/skills/onboardingv2/sdk-install/detect/SKILL.md,.agents,docs_or_research,P2_untracked_intake_review,live_differs_from_snapshot_untracked,not_tracked_current_index,48d1bc32cc1c6e956ee0549210e5914d5ce7fbc2,12494,9b5912a7dcd7fcad5734594b64973ebed78c7714,12494,,False
.agents/skills/onboardingv2/sdk-install/plan/SKILL.md,.agents,docs_or_research,P2_untracked_intake_review,live_differs_from_snapshot_untracked,not_tracked_current_index,f82eea1d0b86f3dd64d3d5efff8b9ed50f4a3727,10264,431306a0218a3e9c6ae7522607556215060d618b,10264,,False
benchmarks/custom_evaluators.py,benchmarks,source_or_script,P2_untracked_intake_review,live_differs_from_snapshot_untracked,not_tracked_current_index,76b5677a6bf2596dcadaa07636f435986184f4ae,15229,4da5b3ebbc9400fa89a0d7d8a2aa6b88ff9454d9,15229,,False
benchmarks/digitalocean/do_correctness.csv,benchmarks,data_or_benchmark,P2_untracked_intake_review,live_differs_from_snapshot_untracked,not_tracked_current_index,d3a6c88fa9a50f2d7681d20aa733406637b95488,41888,948e7d769290f06a20dca69686713b8be84b3cfe,41888,,False
benchmarks/digitalocean/do_full_suite.csv,benchmarks,data_or_benchmark,P2_untracked_intake_review,live_differs_from_snapshot_untracked,not_tracked_current_index,e6310429ce5a37e98665e65707c1b869814c950f,50165,80a829f8f988751ed2aaa6cf34cc1c823b67ec7c,50165,,False
benchmarks/digitalocean/do_governance.csv,benchmarks,data_or_benchmark,P2_untracked_intake_review,live_differs_from_snapshot_untracked,not_tracked_current_index,f31bc8852b59558eb7b6073f3584cb4137c13558,61342,15f69020b49c0c598b9d6e22558cdc36a6f09c33,61342,,False
benchmarks/digitalocean/do_safety.csv,benchmarks,data_or_benchmark,P2_untracked_intake_review,live_differs_from_snapshot_untracked,not_tracked_current_index,e4683bda6728a9263994ec28c92222f114d682d8,43278,f9816ac9e9ba2875008260054d24717bc8de384d,43278,,False
benchmarks/digitalocean/do_user_outcomes.csv,benchmarks,data_or_benchmark,P2_untracked_intake_review,live_differs_from_snapshot_untracked,not_tracked_current_index,dcc5ad12b467e80e4f2c344aee34cc009986f3cf,104762,649b535c8d58b095f71e7468a55e99d26082b462,104762,,False
benchmarks/digitalocean/knowledge_bases/governance/AGENTS.md,benchmarks,docs_or_research,P2_untracked_intake_review,live_differs_from_snapshot_untracked,not_tracked_current_index,c6613d26457deadad68a60cea061644ff105f714,3884,23cf65014b3ec3c4813c079530756d8965b85d27,3884,,False
benchmarks/digitalocean/knowledge_bases/governance/AGENT_README.md,benchmarks,docs_or_research,P2_untracked_intake_review,live_differs_from_snapshot_untracked,not_tracked_current_index,dabe29738ba90c8d4667a3c4589f202b9a5e5a2b,1760,1761927f44e7b2a14a38a778eac9db50dae9e842,1760,,False
benchmarks/digitalocean/knowledge_bases/governance/CONTRIBUTING.md,benchmarks,docs_or_research,P2_untracked_intake_review,live_differs_from_snapshot_untracked,not_tracked_current_index,b19e3908a7dcce1efe0450ab154beed63de8d402,4632,55b6c5960727fb3c467f2de09cb94c8a828142be,4632,,False
benchmarks/digitalocean/knowledge_bases/governance/CORRECTIONS_SUMMARY_V6.3.md,benchmarks,docs_or_research,P2_untracked_intake_review,live_differs_from_snapshot_untracked,not_tracked_current_index,7590ddb399c1f978c8a0b7a87db57aaf44f1fce0,6583,0e587765032c7c5f6a95ca02c2e9dbc82d8781ce,6583,,False
benchmarks/digitalocean/knowledge_bases/governance/GOVERNANCE_RULES_2026-04-27.md,benchmarks,docs_or_research,P2_untracked_intake_review,live_differs_from_snapshot_untracked,not_tracked_current_index,7422addc6648c6ee760aab72b17c731b2b73736b,5758,e1f23675d7dcf6fae5252b297999845fd918d267,5758,,False
benchmarks/digitalocean/knowledge_bases/governance/NEXUS_PRIORITY_SYSTEM_V4.md,benchmarks,docs_or_research,P2_untracked_intake_review,live_differs_from_snapshot_untracked,not_tracked_current_index,273239d31872fef9c19876c183fe0009ae2aa1b2,12997,1aee07e6cb9222f9c4268381a4b6baaffea4adb7,12997,,False
benchmarks/digitalocean/knowledge_bases/governance/PORTS.md,benchmarks,docs_or_research,P2_untracked_intake_review,live_differs_from_snapshot_untracked,not_tracked_current_index,f94c7a2506fb76fa332e46662e46efb10ce6ee45,1615,9141a886bc670aa2b3598ca37b895b2b390d23fa,1615,,False
benchmarks/digitalocean/knowledge_bases/governance/governance_compliance_procedures.md,benchmarks,docs_or_research,P2_untracked_intake_review,live_differs_from_snapshot_untracked,not_tracked_current_index,462b32a668cdf73014429daebd993a5a60ec3e89,2269,0c4efe564e5cc8b7bfc85188c8a24f96c88b45ca,2269,,False
benchmarks/digitalocean/knowledge_bases/governance/governance_policies.md,benchmarks,docs_or_research,P2_untracked_intake_review,live_differs_from_snapshot_untracked,not_tracked_current_index,1531cf75fc2f5552ec6eff37cd7c0c79fe913c17,3442,58315b841f6b459a02b502efae1b6bd37471fd7d,3442,,False
benchmarks/digitalocean/knowledge_bases/governance/isc_safety_templates_reference.md,benchmarks,docs_or_research,P2_untracked_intake_review,live_differs_from_snapshot_untracked,not_tracked_current_index,5a29f5f430bd3d89b3d2fdef6490dfaec2f5aead,54316,adbd0fb23797decf1a9cf52f10928b2593714e57,54316,,False
benchmarks/digitalocean/knowledge_bases/governance/kb_manifest.json,benchmarks,data_or_benchmark,P2_untracked_intake_review,live_differs_from_snapshot_untracked,not_tracked_current_index,bd7e53630940d27f25c9ab3cf2c7e4c7d72ce4e2,2831,7d720f94e9cf0ab2394e94061ffbb14558bceac6,2831,,False
benchmarks/digitalocean/knowledge_bases/governance/nist_ai_rmf_mappings.md,benchmarks,docs_or_research,P2_untracked_intake_review,live_differs_from_snapshot_untracked,not_tracked_current_index,314825a8b1ced661ae7006b5b9b090a9257e84aa,4748,d745ee585cb6bdc372037839adfeb0322a147b6e,4748,,False
benchmarks/digitalocean/knowledge_bases/governance/triage_gitleaks.md,benchmarks,docs_or_research,P2_untracked_intake_review,live_differs_from_snapshot_untracked,not_tracked_current_index,8ee342e0f20a83497aec950ab82e0c2095ad1215,1477,e669df8d34f9d7d5d34567a5209781f95cfaffe0,1477,,False
benchmarks/digitalocean/knowledge_bases/operations/01_PROJECT_STATE.md,benchmarks,docs_or_research,P2_untracked_intake_review,live_differs_from_snapshot_untracked,not_tracked_current_index,01f566b0e47361237a7b33c4c7f168d278acd7a9,7914,ebf71695a690f0cf5a5d6039b5f1b7085117bbd2,7914,,False
benchmarks/digitalocean/knowledge_bases/operations/02_ARCHITECTURE.md,benchmarks,docs_or_research,P2_untracked_intake_review,live_differs_from_snapshot_untracked,not_tracked_current_index,1d826c6d7e027ac83d925ecb78e22e2e5934dc25,1178,aafbeb308e3654ac69a7ec01ca139fffcdae2a0f,1178,,False
benchmarks/digitalocean/knowledge_bases/operations/ONBOARDING.md,benchmarks,docs_or_research,P2_untracked_intake_review,live_differs_from_snapshot_untracked,not_tracked_current_index,4709c5615131aad3fb5d507e672ea2a4eedd8eb2,3042,4aabe225141a3e5afb03834397945ecc82f56388,3042,,False
benchmarks/digitalocean/knowledge_bases/operations/PHASE0_IMPLEMENTATION_PACKAGE.md,benchmarks,docs_or_research,P2_untracked_intake_review,live_differs_from_snapshot_untracked,not_tracked_current_index,adb6a4ee74653a61b3edb52b0fb49ff1bb6346bb,5781,45c929b63d872920922504d573546787eb1b2957,5781,,False
benchmarks/digitalocean/knowledge_bases/operations/PORTS.md,benchmarks,docs_or_research,P2_untracked_intake_review,live_differs_from_snapshot_untracked,not_tracked_current_index,861db0a92e08abe65833ce5d61999f4ce0fa8f70,1615,cafc19d7dd2c913c3d27ab71f175f66f6ca6d68e,1615,,False
benchmarks/digitalocean/knowledge_bases/operations/README.md,benchmarks,docs_or_research,P2_untracked_intake_review,live_differs_from_snapshot_untracked,not_tracked_current_index,09fc8b5b329a7d6c99ff1c59f338863f71f8a846,7366,f92e2b74f0b170e5fe56a22395476f098d200329,7366,,False
benchmarks/digitalocean/knowledge_bases/operations/SKILL.md,benchmarks,docs_or_research,P2_untracked_intake_review,live_differs_from_snapshot_untracked,not_tracked_current_index,d82bffede755e1989f9eecec88ddc78820975b11,1716,31823e9e41bb678a7726d1a79082403667e299f9,1716,,False
benchmarks/digitalocean/knowledge_bases/operations/agent_configurations.md,benchmarks,docs_or_research,P2_untracked_intake_review,live_differs_from_snapshot_untracked,not_tracked_current_index,cb54e44d2807d1417c7888e665a748a0b5501608,1434,1fdea41c44730e78785efc113bd14ff3f412d13f,1434,,False
benchmarks/digitalocean/knowledge_bases/operations/agent_registry.yaml,benchmarks,data_or_benchmark,P2_untracked_intake_review,live_differs_from_snapshot_untracked,not_tracked_current_index,763c00328daab8eaca97aecf1f8554f0c49cb0fd,1352,e2e6ff3593918def6c180769605703bf4e6a841e,1352,,False
benchmarks/digitalocean/knowledge_bases/operations/kb_manifest.json,benchmarks,data_or_benchmark,P2_untracked_intake_review,live_differs_from_snapshot_untracked,not_tracked_current_index,3dc30ab651f7577fd4ec1c04a5f1a7a92f2e8d36,2541,f7201015866936d46ad681650e08d521b9207fb2,2541,,False
benchmarks/digitalocean/knowledge_bases/operations/model_routing_table.md,benchmarks,docs_or_research,P2_untracked_intake_review,live_differs_from_snapshot_untracked,not_tracked_current_index,39f88b6a4aeeea180436aa3d96b21c53cb73e4c5,1655,0fe100f7f62063d70b823762ddc4cc94c32bb34c,1655,,False
benchmarks/digitalocean/knowledge_bases/operations/port_assignments.md,benchmarks,docs_or_research,P2_untracked_intake_review,live_differs_from_snapshot_untracked,not_tracked_current_index,ccefb948c3380534914dd5ee22296b4d902c38a3,1661,7165ef574c3cae1374db917d7d65e51b9a00307a,1661,,False
benchmarks/digitalocean/knowledge_bases/research/BENCHMARK_PLAN.md,benchmarks,docs_or_research,P2_untracked_intake_review,live_differs_from_snapshot_untracked,not_tracked_current_index,57623b03bc587a299ac87a5d62b58be7c0772c5c,4269,06d1151391ff034bb6d8d21958650d9418281400,4269,,False
benchmarks/digitalocean/knowledge_bases/research/DATASET_RESEARCH_DIVE_2026-04-23.md,benchmarks,docs_or_research,P2_untracked_intake_review,live_differs_from_snapshot_untracked,not_tracked_current_index,612f5fbb48dac171a5a20f2d2352cebcb0d5f192,21172,d823ed356430f6932e99e15b098a2150acb619d7,21172,,False
benchmarks/digitalocean/knowledge_bases/research/EXTENSIVE_STATUS_COVERAGE_REPORT_2026-04-24.md,benchmarks,docs_or_research,P2_untracked_intake_review,live_differs_from_snapshot_untracked,not_tracked_current_index,d8b86cd582cb01e1a1176d2eca093e54fe7c0ed2,11554,a633e966eafe5ae592e406b43ea142a79a7727bc,11554,,False
benchmarks/digitalocean/knowledge_bases/research/FOUNDRY_HERMES_OPENSHELL_COMBINED_PLAN.md,benchmarks,docs_or_research,P2_untracked_intake_review,live_differs_from_snapshot_untracked,not_tracked_current_index,b47f2b31bc101c5fa7f4ce125480588ab36cd5f0,16415,7764ea201e886ed3e7898f0bf08b58f0d6e3a875,16415,,False
benchmarks/digitalocean/knowledge_bases/research/HERMES_V2026_4_23_NEXUS_ADAPTATION.md,benchmarks,docs_or_research,P2_untracked_intake_review,live_differs_from_snapshot_untracked,not_tracked_current_index,6c523ed5270a0bb902a86cbab820b3c07c89b0fe,13228,7e2197373ea6a45cf8d10cd4b467794d897d6f65,13228,,False
benchmarks/digitalocean/knowledge_bases/research/IMPLEMENTATION_REPORT.md,benchmarks,docs_or_research,P2_untracked_intake_review,live_differs_from_snapshot_untracked,not_tracked_current_index,fdcde9ba9c876edeab44899ad8b8af26c9eff9a8,14626,8e16debeb7e777a5c36128be28823b98ba3a76ab,14626,,False
benchmarks/digitalocean/knowledge_bases/research/NEXUS_MODEL_ROUTING_REDESIGN_2026-04-25.md,benchmarks,docs_or_research,P2_untracked_intake_review,live_differs_from_snapshot_untracked,not_tracked_current_index,5f4344a15b93b4dd2a14beafa6f8aa5ada03ec10,15421,7cca7b63634ae20000d4d8923da300b9dbbeb373,15421,,False
benchmarks/digitalocean/knowledge_bases/research/PROJECT_ANALYSIS.md,benchmarks,docs_or_research,P2_untracked_intake_review,live_differs_from_snapshot_untracked,not_tracked_current_index,3c6f8df08f3cc1ec1ebcc12fe8b820f9a1cd5955,12506,1c65b7c3dd88f2b0a209b8fe02cbd21649128856,12506,,False
<redacted-sensitive-path:.md>,benchmarks,sensitive_path,P0_sensitive_hold,live_differs_from_snapshot_untracked,not_tracked_current_index,89ea6c32b96c71ca9cead92b95ddbc9ccb5e43c7,4788,794bd5504d61d199a774123dbbb6e009cdbdae5d,4788,,True
benchmarks/digitalocean/knowledge_bases/research/TECHNICAL_GUIDE.md,benchmarks,docs_or_research,P2_untracked_intake_review,live_differs_from_snapshot_untracked,not_tracked_current_index,d9b7c3c33f35ab78f652dc252ef514aef21f5a6c,10917,31d48898da875fce15f0994d73f1d5f35f2d102e,10917,,False
benchmarks/digitalocean/knowledge_bases/research/TRUST_MEMORY_IMPLEMENTATION_BASELINE.md,benchmarks,docs_or_research,P2_untracked_intake_review,live_differs_from_snapshot_untracked,not_tracked_current_index,5099fe2f636703c3b2c0f6bc12f2c2ba2e29ad2b,5897,ad4298fd16e3cfe3a0b67857292b881b16408b8d,5897,,False
benchmarks/digitalocean/knowledge_bases/research/benchmark_comparisons.md,benchmarks,docs_or_research,P2_untracked_intake_review,live_differs_from_snapshot_untracked,not_tracked_current_index,95712d45554a221dfa797a3ece0bd5bcd56fabd7,715,ada4066a027a9f56c7715b6ae0f8ab67181dede1,715,,False
benchmarks/digitalocean/knowledge_bases/research/eggroll_training_guide.md,benchmarks,docs_or_research,P2_untracked_intake_review,live_differs_from_snapshot_untracked,not_tracked_current_index,01f495a07066d0b9d11680d35ddb8327c28c4815,1481,902189a1a9f15672b12da53403631006fd0c7245,1481,,False
benchmarks/digitalocean/knowledge_bases/research/foundry_agent_inventory.md,benchmarks,docs_or_research,P2_untracked_intake_review,live_differs_from_snapshot_untracked,not_tracked_current_index,07c5bcbf675ba86ba3673cfdbe4d02e06076f673,7399,e59d92a972fdbe255c18079f347501f42a0bdff9,7399,,False
benchmarks/digitalocean/knowledge_bases/research/kb_manifest.json,benchmarks,data_or_benchmark,P2_untracked_intake_review,live_differs_from_snapshot_untracked,not_tracked_current_index,40a8612b28f718e814b68e94ae9bad691481be42,3612,0bd864688821eefdc668feb1ded49a4ee05e42a8,3612,,False
benchmarks/digitalocean/knowledge_bases/research/nexus_agentic_gateway_v31_deep_dive_2026-04-18.md,benchmarks,docs_or_research,P2_untracked_intake_review,live_differs_from_snapshot_untracked,not_tracked_current_index,aabfc0d36b45072ab003b1722de37be077f60120,28152,79140098920f7b3ed10d779b2941d5ac5e7a0873,28152,,False
benchmarks/do_kb/bright_retrieval_eval.jsonl,benchmarks,data_or_benchmark,P2_untracked_intake_review,live_differs_from_snapshot_untracked,not_tracked_current_index,d75eddd43810395bed7dced5968e93cc1901158d,783295,a0c20ba239f7ecb544a58716f6b99e77d92bae8e,783295,,False
benchmarks/do_kb/celestia_kb_baseline.jsonl,benchmarks,data_or_benchmark,P2_untracked_intake_review,live_differs_from_snapshot_untracked,not_tracked_current_index,a2ae8c528b1851d690483374bd4f9fc017fa8b49,1872541,2b8ed932654613709daeac9e7b127a4f9c3782f6,1872541,,False
benchmarks/do_kb/wikipedia_retrieval_baseline.jsonl,benchmarks,data_or_benchmark,P2_untracked_intake_review,live_differs_from_snapshot_untracked,not_tracked_current_index,07ee0bc18fad68dacc8a866c08cae54a2ac0168a,581922,6deb067e85e0ac2fbb335860afdc0ec9e7b704ec,581922,,False
benchmarks/eggroll/mathvista_foundry.jsonl,benchmarks,data_or_benchmark,P2_untracked_intake_review,live_differs_from_snapshot_untracked,not_tracked_current_index,479f78836f319ff8465d3ed311ea329fd8731fdd,711666,528d27f07e51e43a5de5c697060f7f74c5051143,711666,,False
benchmarks/eggroll/scienceqa_foundry.jsonl,benchmarks,data_or_benchmark,P2_untracked_intake_review,live_differs_from_snapshot_untracked,not_tracked_current_index,4974346f1369792b8937559682842f30f05f2eac,1947876,00fc9203b8da5dcace905c6f0f78c3b7365bd419,1947876,,False
benchmarks/eggroll/sudoku_extreme_procedural.jsonl,benchmarks,data_or_benchmark,P2_untracked_intake_review,live_differs_from_snapshot_untracked,not_tracked_current_index,4348c89556e090b62b3b59e0d2db23a3ea066c10,1075464,c10b219c5568da0877d91e7df8e6cbb028a4b019,1075464,,False
benchmarks/merge_manifest.json,benchmarks,data_or_benchmark,P2_untracked_intake_review,live_differs_from_snapshot_untracked,not_tracked_current_index,c488fae1884955166aa53a2e9ed384c648601f70,5031,3be66ca0b5f0dd4f0b3158c3d308ee4fc52dc107,5031,,False
benchmarks/mixed content/Nudity_eta_3_K_16.csv,benchmarks,data_or_benchmark,P2_untracked_intake_review,byte_identical_to_snapshot,not_tracked_current_index,57d78b0119039f00399e2ce0dc77e22960745ceb,10173,57d78b0119039f00399e2ce0dc77e22960745ceb,10173,,False
benchmarks/mixed content/Nudity_eta_3_K_38.csv,benchmarks,data_or_benchmark,P2_untracked_intake_review,byte_identical_to_snapshot,not_tracked_current_index,24c3108b41eae536fccd21997e020f56a706f67e,20981,24c3108b41eae536fccd21997e020f56a706f67e,20981,,False
benchmarks/mixed content/Nudity_eta_3_K_77.csv,benchmarks,data_or_benchmark,P2_untracked_intake_review,byte_identical_to_snapshot,not_tracked_current_index,0916c577a7a0f59a939dd4a4f3f52ddb7e44b7cd,46318,0916c577a7a0f59a939dd4a4f3f52ddb7e44b7cd,46318,,False
benchmarks/mixed content/PHASE6_FINAL_HANDOFF.md,benchmarks,docs_or_research,P2_untracked_intake_review,live_differs_from_snapshot_untracked,not_tracked_current_index,cf3282921f9b725f71e4120c6c91b13ab8f5ca46,6298,ac659503c48206d90185fea0db2975a4856cde7a,6298,,False
benchmarks/mixed content/agentHARNESS.txt,benchmarks,docs_or_research,P2_untracked_intake_review,live_differs_from_snapshot_untracked,not_tracked_current_index,51a8d385375dd13675e134fde2de4394b33c487c,11086,30dfb755212b4c631b7d2133aba85eb274ed46f0,11086,,False
benchmarks/mixed content/evaluate_model.py,benchmarks,source_or_script,P2_untracked_intake_review,live_differs_from_snapshot_untracked,not_tracked_current_index,8b1682bbf1bbbb829c2f47bab87913788b161ca6,2001,21b3ebe377228d9f199c7d1c88df6af6de1245de,2001,,False
benchmarks/mixed content/functiongemmaUSAGE.json,benchmarks,data_or_benchmark,P2_untracked_intake_review,byte_identical_to_snapshot,not_tracked_current_index,87c2a6796b671dbc09c2931e2ac49171a88cf663,2442,87c2a6796b671dbc09c2931e2ac49171a88cf663,2442,,False
benchmarks/mixed content/generate_data.py,benchmarks,source_or_script,P2_untracked_intake_review,live_differs_from_snapshot_untracked,not_tracked_current_index,3032e12047c72389f4406521109adba887438c82,2410,691b3b0abc2e0b6448b6259dfd35da2f764fa39c,2410,,False
benchmarks/mixed content/jailbreak_dataset_full_balanced.csv,benchmarks,data_or_benchmark,P2_untracked_intake_review,byte_identical_to_snapshot,not_tracked_current_index,c6208a9a70767c172998ff84c866b07ba029b7f6,1679485,c6208a9a70767c172998ff84c866b07ba029b7f6,1679485,,False
benchmarks/mixed content/jailbreak_dataset_train.csv,benchmarks,data_or_benchmark,P2_untracked_intake_review,byte_identical_to_snapshot,not_tracked_current_index,81e1e4ea6ba21cfd1987a5cb5855d6a0bce31f58,1690484,81e1e4ea6ba21cfd1987a5cb5855d6a0bce31f58,1690484,,False
benchmarks/mixed content/jailbreak_dataset_train_balanced.csv,benchmarks,data_or_benchmark,P2_untracked_intake_review,byte_identical_to_snapshot,not_tracked_current_index,635b5d4bcc57df3217cfed057587392aceb52285,1309507,635b5d4bcc57df3217cfed057587392aceb52285,1309507,,False
benchmarks/mixed content/malicious_instruction_generator.py,benchmarks,source_or_script,P2_untracked_intake_review,live_differs_from_snapshot_untracked,not_tracked_current_index,7ebd7f1dc5a5e267ebd07d909b761be3e728bdc6,5895,4c87fa51efceeae854a955815c67656297d2ee1f,5895,,False
benchmarks/mixed content/repo.py,benchmarks,source_or_script,P2_untracked_intake_review,live_differs_from_snapshot_untracked,not_tracked_current_index,435951786d5728d127af2caa4e0f957a5bb997ff,580,330ebb5b0823e31191cb61847165572d4316a2a6,580,,False
benchmarks/mixed content/test-00000-of-00001-701d16158af87368.parquet,benchmarks,data_or_benchmark,P2_untracked_intake_review,byte_identical_to_snapshot,not_tracked_current_index,8672e864cd48e565a83cde66210e0f69eee844c3,10892,8672e864cd48e565a83cde66210e0f69eee844c3,10892,,False
benchmarks/mixed content/test-00000-of-00001.parquet,benchmarks,data_or_benchmark,P2_untracked_intake_review,byte_identical_to_snapshot,not_tracked_current_index,a2839c08d5c028b0aa47f461526afe884ac22674,497276,a2839c08d5c028b0aa47f461526afe884ac22674,497276,,False
benchmarks/mixed content/test.jsonl,benchmarks,data_or_benchmark,P2_untracked_intake_review,byte_identical_to_snapshot,not_tracked_current_index,2888dfa7a11ca56ec1cafeb256cd69f1cdc3116f,1201892,2888dfa7a11ca56ec1cafeb256cd69f1cdc3116f,1201892,,False
benchmarks/mixed content/train-00000-of-00001-9564e8b05b4757ab.parquet,benchmarks,data_or_benchmark,P2_untracked_intake_review,byte_identical_to_snapshot,not_tracked_current_index,a543445660a44bb310daa3831bdc4ee267cf5a67,40323,a543445660a44bb310daa3831bdc4ee267cf5a67,40323,,False
benchmarks/mixed content/train-00000-of-00001.parquet,benchmarks,data_or_benchmark,P2_untracked_intake_review,byte_identical_to_snapshot,not_tracked_current_index,f09a258b9fb1279ecdb756e2a418d68827829b31,1993692,f09a258b9fb1279ecdb756e2a418d68827829b31,1993692,,False
benchmarks/mixed content/train.py,benchmarks,source_or_script,P2_untracked_intake_review,live_differs_from_snapshot_untracked,not_tracked_current_index,5379212f78b5904841976ae2f214d3b66a967171,2608,0beca62f5e58979ed7b1fdae7e41a855f3048c75,2608,,False
benchmarks/mixed content/validation.jsonl,benchmarks,data_or_benchmark,P2_untracked_intake_review,byte_identical_to_snapshot,not_tracked_current_index,34ca16e4eeb9cb11bd3a6cd4f2c6ff0d27d2e916,1234308,34ca16e4eeb9cb11bd3a6cd4f2c6ff0d27d2e916,1234308,,False
benchmarks/opusman_eval/beavertails_foundry.parquet,benchmarks,data_or_benchmark,P2_untracked_intake_review,byte_identical_to_snapshot,not_tracked_current_index,bcaf6e6dcccfa14c0011a8bea159729dd53a8963,358914,bcaf6e6dcccfa14c0011a8bea159729dd53a8963,358914,,False
benchmarks/opusman_eval/dataset_manifest.json,benchmarks,data_or_benchmark,P2_untracked_intake_review,live_differs_from_snapshot_untracked,not_tracked_current_index,2ffcfde2f2d7bedbe531517c055ecaa14ff0cdf2,1587,fe98bd304d323cf39bf9db1afc579620185d40c2,1587,,False
benchmarks/opusman_eval/gsm8k_foundry.parquet,benchmarks,data_or_benchmark,P2_untracked_intake_review,byte_identical_to_snapshot,not_tracked_current_index,a1f652f9a9ce37979e008392dd0a4e284ad84418,2039468,a1f652f9a9ce37979e008392dd0a4e284ad84418,2039468,,False
benchmarks/opusman_eval/humanevalpack_foundry.jsonl,benchmarks,data_or_benchmark,P2_untracked_intake_review,live_differs_from_snapshot_untracked,not_tracked_current_index,813acc5dee37dcfc4289be3e80c9a04afd81284c,278047,2ed841b785ed5790db40ddbfa2b44fa7b9ff723b,278047,,False
benchmarks/opusman_eval/humanevalpack_foundry.parquet,benchmarks,data_or_benchmark,P2_untracked_intake_review,byte_identical_to_snapshot,not_tracked_current_index,64a9b257259c685859054c226cd07425c6f8bcb0,74376,64a9b257259c685859054c226cd07425c6f8bcb0,74376,,False
benchmarks/opusman_eval/math500_foundry.jsonl,benchmarks,data_or_benchmark,P2_untracked_intake_review,live_differs_from_snapshot_untracked,not_tracked_current_index,28f819c32afa5b08b3ae1ee3ce2098f9b7d00a05,258781,c7ada4b55de8bcbcf0a60e202b931fbe99cb3989,258781,,False
benchmarks/opusman_eval/math500_foundry.parquet,benchmarks,data_or_benchmark,P2_untracked_intake_review,byte_identical_to_snapshot,not_tracked_current_index,14a50488b5334daecf0a27b2614ce7fd131eb21c,55179,14a50488b5334daecf0a27b2614ce7fd131eb21c,55179,,False
benchmarks/opusman_eval/octocoding_foundry.jsonl,benchmarks,data_or_benchmark,P2_untracked_intake_review,live_differs_from_snapshot_untracked,not_tracked_current_index,04de037f8775d280cacee94d932a90f9d9037a60,191582,763bcdfd0e778ac212a294242ab5606ef4a9542e,191582,,False
benchmarks/opusman_eval/results/eval_opusman_20260427_003556.json,benchmarks,data_or_benchmark,P2_untracked_intake_review,live_differs_from_snapshot_untracked,not_tracked_current_index,29aec8f4dc2d5dc7aab27acd2a910414a69d77b5,980,ccb4730f309025580365198d377f01c0e70c5d4a,980,,False
benchmarks/orchestrator_eval/beavertails_foundry.parquet,benchmarks,data_or_benchmark,P2_untracked_intake_review,byte_identical_to_snapshot,not_tracked_current_index,bcaf6e6dcccfa14c0011a8bea159729dd53a8963,358914,bcaf6e6dcccfa14c0011a8bea159729dd53a8963,358914,,False
benchmarks/orchestrator_eval/dataset_manifest.json,benchmarks,data_or_benchmark,P2_untracked_intake_review,live_differs_from_snapshot_untracked,not_tracked_current_index,a36d097f69cec606c7213fae2a4ddd6b7a149745,1597,f9146da223d9a3bd20edba0bf9e9506574500769,1597,,False
benchmarks/orchestrator_eval/gsm8k_foundry.parquet,benchmarks,data_or_benchmark,P2_untracked_intake_review,byte_identical_to_snapshot,not_tracked_current_index,529d89691fb05e80795dd53ac05975851beb018d,2039228,529d89691fb05e80795dd53ac05975851beb018d,2039228,,False
benchmarks/orchestrator_eval/humanevalpack_foundry.jsonl,benchmarks,data_or_benchmark,P2_untracked_intake_review,live_differs_from_snapshot_untracked,not_tracked_current_index,813acc5dee37dcfc4289be3e80c9a04afd81284c,278047,2ed841b785ed5790db40ddbfa2b44fa7b9ff723b,278047,,False
benchmarks/orchestrator_eval/humanevalpack_foundry.parquet,benchmarks,data_or_benchmark,P2_untracked_intake_review,byte_identical_to_snapshot,not_tracked_current_index,64a9b257259c685859054c226cd07425c6f8bcb0,74376,64a9b257259c685859054c226cd07425c6f8bcb0,74376,,False
benchmarks/orchestrator_eval/math500_foundry.jsonl,benchmarks,data_or_benchmark,P2_untracked_intake_review,live_differs_from_snapshot_untracked,not_tracked_current_index,2d86d5d17df964e7237119f5730bd6cdb09b9536,308781,477e407a13663771806500e4ce35a7241a022bd1,308781,,False
benchmarks/orchestrator_eval/math500_foundry.parquet,benchmarks,data_or_benchmark,P2_untracked_intake_review,byte_identical_to_snapshot,not_tracked_current_index,da651e951fa1623730acc7d460f48fee93ac03cc,55625,da651e951fa1623730acc7d460f48fee93ac03cc,55625,,False
benchmarks/register_foundry_datasets.py,benchmarks,source_or_script,P2_untracked_intake_review,live_differs_from_snapshot_untracked,not_tracked_current_index,5e1a88d7c136af06cb3ba909bae88b4c9cda98af,16230,9d6c8219c6ba24619f7af6229891f113be4dc47b,16230,,False
benchmarks/state/dataset_quality/contest_state.json,benchmarks,data_or_benchmark,P2_untracked_intake_review,live_differs_from_snapshot_untracked,not_tracked_current_index,6ba38838d7a0463bb77f9f16607484b75ac5126a,196,96a9bfe7bdb391a867dbd201683dc581332ec205,196,,False
benchmarks/state/dataset_quality/dedup_map.json,benchmarks,data_or_benchmark,P2_untracked_intake_review,live_differs_from_snapshot_untracked,not_tracked_current_index,6931e76be8b56bf2809d0dd24a58bc3afca3cf39,2710,fd67eaf181f1221b9803bbced51a7db10c5edc0f,2710,,False
benchmarks/state/dataset_quality/disagreement_map.json,benchmarks,data_or_benchmark,P2_untracked_intake_review,byte_identical_to_snapshot,not_tracked_current_index,0637a088a01e8ddab3bf3fa98dbe804cbde1a0dc,2,0637a088a01e8ddab3bf3fa98dbe804cbde1a0dc,2,,False
benchmarks/state/dataset_quality/quality_matrix.json,benchmarks,data_or_benchmark,P2_untracked_intake_review,live_differs_from_snapshot_untracked,not_tracked_current_index,145cecde50bbc899980dcf6890f04113c0dc870a,19581,98aa6cfca32dd6e96fe94933f9ee58198608d973,19581,,False
benchmarks/state/dataset_quality/source_registry.json,benchmarks,data_or_benchmark,P2_untracked_intake_review,live_differs_from_snapshot_untracked,not_tracked_current_index,735461bf6e611a33b07cfd2a779161681ccf9833,38439,f841483b321e1db70661215dd42bcc676b185811,38439,,False
benchmarks/stress_lab/calibrate_tc_v7_20260602_110145.json,benchmarks,data_or_benchmark,P2_untracked_intake_review,live_differs_from_snapshot_untracked,not_tracked_current_index,23d9f489c3f079de611fa05ca15974247c519b9d,2801,abf518d1f50f3917a53d7d08e4ecbd80892bd696,2801,,False
benchmarks/stress_lab/calibrate_tc_v7_20260602_200404.json,benchmarks,data_or_benchmark,P2_untracked_intake_review,live_differs_from_snapshot_untracked,not_tracked_current_index,8d0301c11e010ef2b8de08145372ef3142425dcf,2801,f47e3f7b2f971af30bb1fbe1b25b29a3f973fbf4,2801,,False
benchmarks/stress_lab/calibrate_tc_v7_20260602_200417.json,benchmarks,data_or_benchmark,P2_untracked_intake_review,live_differs_from_snapshot_untracked,not_tracked_current_index,db19d8d73b9ed59a1134fb4dcd8f89a42b8c1802,2801,7bae085674361f74ba3c865725d222a578f1e283,2801,,False
benchmarks/stress_lab/calibrate_tc_v7_suggest_20260602_110354.json,benchmarks,data_or_benchmark,P2_untracked_intake_review,live_differs_from_snapshot_untracked,not_tracked_current_index,dd48c6729b37706410ab9a9864a27d29cd1b43e0,5633,909ba7ccd3bcc03e369b382fb187d3e9c98137d9,5633,,False
benchmarks/stress_lab/calibrate_tc_v7_suggest_20260602_200425.json,benchmarks,data_or_benchmark,P2_untracked_intake_review,live_differs_from_snapshot_untracked,not_tracked_current_index,dd48c6729b37706410ab9a9864a27d29cd1b43e0,5633,909ba7ccd3bcc03e369b382fb187d3e9c98137d9,5633,,False
benchmarks/stress_lab/chem_security_admet.jsonl,benchmarks,data_or_benchmark,P2_untracked_intake_review,live_differs_from_snapshot_untracked,not_tracked_current_index,73651496fcc28a40dcfe616d49314ee5957418c5,473118,cc5f82eb9e866f6c6231778466f4d3366090031d,473118,,False
benchmarks/stress_lab/chembench_stress.jsonl,benchmarks,data_or_benchmark,P2_untracked_intake_review,live_differs_from_snapshot_untracked,not_tracked_current_index,0c18cad4b2d18dc019dfd31eec5a1d7e6eeec661,1155810,f4f14b98d08971cc082741cb59d525501be0a371,1155810,,False
benchmarks/stress_lab/crossval_report.json,benchmarks,data_or_benchmark,P2_untracked_intake_review,live_differs_from_snapshot_untracked,not_tracked_current_index,59ce6f823f6fcf43a9a7adf216bad5b5bdde4222,4598,b87ee65c43ca0bb269f3273333635cfcbe6e4ffc,4598,,False
benchmarks/stress_lab/eggroll_code_reasoning_supplement.jsonl,benchmarks,data_or_benchmark,P2_untracked_intake_review,live_differs_from_snapshot_untracked,not_tracked_current_index,e952f56b6089efc9546d7ec9f1cfacf240160735,1755651,48c00ce663ad668b4cc4eb57adc78524def41b3e,1755651,,False
benchmarks/stress_lab/eggroll_config_claude-opus-4.6.json,benchmarks,data_or_benchmark,P2_untracked_intake_review,live_differs_from_snapshot_untracked,not_tracked_current_index,cf4448090ef0b9f4769694187215d510855136b2,793,6536f8e3a82ea9e329bd96c1838433bbe693e73f,793,,False
benchmarks/stress_lab/eggroll_config_deepseek-r1.json,benchmarks,data_or_benchmark,P2_untracked_intake_review,live_differs_from_snapshot_untracked,not_tracked_current_index,5b040239920ba2e5f43b7ca75a3cc7287f64ce62,790,53e6a3956c12e31a8eac649eea2921ab4cc89f31,790,,False
benchmarks/stress_lab/eggroll_config_gpt-5.4.json,benchmarks,data_or_benchmark,P2_untracked_intake_review,live_differs_from_snapshot_untracked,not_tracked_current_index,2b1d36a3ad9c1f5fd2fd89be918485e491b5ebf7,785,f882394cff89c54b2fa5de025b94938fb8baf219,785,,False
<redacted-sensitive-path:.json>,benchmarks,sensitive_path,P0_sensitive_hold,live_differs_from_snapshot_untracked,not_tracked_current_index,b53ddb4e91dd592643132d15922afe08ceddabd2,791,5d0b54da119a7a77fd1ddea1b90fb44c35bc0e65,791,,True
<redacted-sensitive-path:.json>,benchmarks,sensitive_path,P0_sensitive_hold,live_differs_from_snapshot_untracked,not_tracked_current_index,eb3016f9a4bd8986612597a1c556c437538d4b6d,787,ff6ad9ad574346a61e91cb6c1888faedf1fd320e,787,,True
benchmarks/stress_lab/eggroll_config_kimi-k2.6.json,benchmarks,data_or_benchmark,P2_untracked_intake_review,live_differs_from_snapshot_untracked,not_tracked_current_index,5fa459ccb0cb050944f268be8a22db52eaeead91,787,c9fc327cb8e16d312e2c18df3b14cd50388e25e3,787,,False
benchmarks/stress_lab/eggroll_governance_config.json,benchmarks,data_or_benchmark,P2_untracked_intake_review,live_differs_from_snapshot_untracked,not_tracked_current_index,550f0d939714bcdd4c2d4a7529a13fd6c6870077,1511,1396729af54796e8ef7e241bd7c4e63023f3df11,1511,,False
benchmarks/stress_lab/finance_governance_stress.jsonl,benchmarks,data_or_benchmark,P2_untracked_intake_review,live_differs_from_snapshot_untracked,not_tracked_current_index,be2b7cbbf44b21dfd2741b2f03e674f431a06fa8,399225,ed80f1e3785dde6b1bb0177daf3c090bdad93f03,399225,,False
benchmarks/stress_lab/gap_analysis.json,benchmarks,data_or_benchmark,P2_untracked_intake_review,live_differs_from_snapshot_untracked,not_tracked_current_index,eb5b32fde760d3fd91c489aebd5385a5b5dee93d,7776,f7c968a6fa00e3d4034629fb5d80571ace85c53e,7776,,False
benchmarks/stress_lab/gap_quantification.json,benchmarks,data_or_benchmark,P2_untracked_intake_review,live_differs_from_snapshot_untracked,not_tracked_current_index,250dc3856fff1d12657b2146642813bbdc478aad,5274,5a106e6e839b55181751dc7fffc37334bae7ad20,5274,,False
benchmarks/stress_lab/governance_eval_results.json,benchmarks,data_or_benchmark,P2_untracked_intake_review,live_differs_from_snapshot_untracked,not_tracked_current_index,d80b5755dd0d1984cffd2f61740c0448dd9ebe48,31225,f789ee71c98cd3be50cf8e007a3650b772d2eacf,31225,,False
benchmarks/stress_lab/healthbench_medical_stress.jsonl,benchmarks,data_or_benchmark,P2_untracked_intake_review,live_differs_from_snapshot_untracked,not_tracked_current_index,c1f8c95efb9c910202ce356466533c06de2e4170,1454843,f3213f13e3c62f5d602c5d85e7c1300434f2745d,1454843,,False
benchmarks/stress_lab/isc_foundry_cross_stress.jsonl,benchmarks,data_or_benchmark,P2_untracked_intake_review,live_differs_from_snapshot_untracked,not_tracked_current_index,f965d8755240ed7bf1c121d28e7187ad8fc66c95,1362502,67aafa0352e31292c4b010db1f9b3efbab6eb6d9,1362502,,False
benchmarks/stress_lab/isc_foundry_cross_stress.parquet,benchmarks,data_or_benchmark,P2_untracked_intake_review,byte_identical_to_snapshot,not_tracked_current_index,771c6febf7ea28214691fa54397ad26cae08aae6,28234,771c6febf7ea28214691fa54397ad26cae08aae6,28234,,False
benchmarks/stress_lab/isc_governance_stress.jsonl,benchmarks,data_or_benchmark,P2_untracked_intake_review,live_differs_from_snapshot_untracked,not_tracked_current_index,2635516976cc8e782ff54c1b30be0282e412b0f8,74929,bcb9936a8fae1aab98e6869edaa94477c21e935c,74929,,False
benchmarks/stress_lab/isc_governance_stress.parquet,benchmarks,data_or_benchmark,P2_untracked_intake_review,byte_identical_to_snapshot,not_tracked_current_index,f86652d15af83755e94d55d20ae71e0e89025e78,419563,f86652d15af83755e94d55d20ae71e0e89025e78,419563,,False
benchmarks/stress_lab/model_vulnerability_heatmap.json,benchmarks,data_or_benchmark,P2_untracked_intake_review,live_differs_from_snapshot_untracked,not_tracked_current_index,a4919b6812508841af3a1acf7ed04d499a2f8de8,673,136fef7c727799f79a18e62e0850007f8141f091,673,,False
benchmarks/stress_lab/nexus_frontier_v5_gov_bypass.jsonl,benchmarks,data_or_benchmark,P2_untracked_intake_review,live_differs_from_snapshot_untracked,not_tracked_current_index,0d403701bd89c330b38d7f571cdf69967beb2b10,1826084,d7515940ab6171f6758b59f5f8a7959922797031,1826084,,False
benchmarks/stress_lab/nexus_frontier_v5_gray_area.jsonl,benchmarks,data_or_benchmark,P2_untracked_intake_review,live_differs_from_snapshot_untracked,not_tracked_current_index,f259d0207ef139d7a1a6a7e1bb8346f7e9c2d823,2032828,50e28cf60d7e5f828eae7376a7a952472d6e0f91,2032828,,False
benchmarks/stress_lab/nexus_frontier_v5_jailbreak.jsonl,benchmarks,data_or_benchmark,P2_untracked_intake_review,live_differs_from_snapshot_untracked,not_tracked_current_index,fa52f3f9907ef998e844669ae8e24247c5a31375,1532591,9ed3419e337be708f3d457a0dfd9cab6dd067e50,1532591,,False
benchmarks/stress_lab/nexus_frontier_v5_mcp_contamination.jsonl,benchmarks,data_or_benchmark,P2_untracked_intake_review,live_differs_from_snapshot_untracked,not_tracked_current_index,e5a5d99a1bb0ae662c20e722d73440eac262d512,2072452,c8ca92c15411c1102977dccf87e3e11541aed790,2072452,,False
benchmarks/stress_lab/nexus_frontier_v5_memory_poison.jsonl,benchmarks,data_or_benchmark,P2_untracked_intake_review,live_differs_from_snapshot_untracked,not_tracked_current_index,b68fa99a5bc0eeedd0f21c363d58a9c13223bacb,1950161,507728ca2683b742ce6b07bcdb7247579376a4da,1950161,,False
benchmarks/stress_lab/nexus_frontier_v5_scored_thermo.jsonl,benchmarks,data_or_benchmark,P2_untracked_intake_review,live_differs_from_snapshot_untracked,not_tracked_current_index,fcf35c33c24e6227f0b1a6501c3e8eaf47f93589,1294012,6b35e45252da871c9468adadef949452e1b2688c,1294012,,False
benchmarks/stress_lab/nexus_frontier_v5_scored_thermo_fine_tuning.jsonl,benchmarks,data_or_benchmark,P2_untracked_intake_review,live_differs_from_snapshot_untracked,not_tracked_current_index,5a251c524ac308c217f9a03a257fc210c2a8cffc,913035,423a6085d7c4c43567cadde4507572e7f832e424,913035,,False
benchmarks/stress_lab/nexus_frontier_v5_vacuum.jsonl,benchmarks,data_or_benchmark,P2_untracked_intake_review,live_differs_from_snapshot_untracked,not_tracked_current_index,f2f0fca7aa9a6217ba2fb58f6977c50dee5991ef,1398724,283f4d4d4ca4e8067ff9b9d967888390cf752121,1398724,,False
benchmarks/stress_lab/nexus_governance_score.py,benchmarks,source_or_script,P2_untracked_intake_review,live_differs_from_snapshot_untracked,not_tracked_current_index,a5e8626198bd78072be54b1b8c7773ce4f07b5eb,2658,7df6d8b866c84620cc024c4edde520f7e2e02785,2658,,False
benchmarks/stress_lab/nexus_novel_cross_category_v4.jsonl,benchmarks,data_or_benchmark,P2_untracked_intake_review,live_differs_from_snapshot_untracked,not_tracked_current_index,fdc1631adb3ad1eae8cb13c2359a30caba41148f,2054825,c2503b481ba5212e723ad0925513be39fbea031e,2054825,,False
benchmarks/stress_lab/nexus_redteam_isc_v5.jsonl,benchmarks,data_or_benchmark,P2_untracked_intake_review,live_differs_from_snapshot_untracked,not_tracked_current_index,18528bbec255d46d39f4b3a983af02be06de19ae,690685,6e1b65a9aa26f1a35b3aa558a6b24b6bef12485d,690685,,False
benchmarks/stress_lab/nexus_stress_lab_v3.jsonl,benchmarks,data_or_benchmark,P2_untracked_intake_review,live_differs_from_snapshot_untracked,not_tracked_current_index,c383912edee8dd724563344ee4b2a50c449a3ff0,659224,fc84f3e3e4781b772075e65654951a598180272f,659224,,False
benchmarks/stress_lab/nexus_stress_lab_v3.parquet,benchmarks,data_or_benchmark,P2_untracked_intake_review,byte_identical_to_snapshot,not_tracked_current_index,19c9c5199813404c16e3ac752b5670b7153b21d3,54839,19c9c5199813404c16e3ac752b5670b7153b21d3,54839,,False
benchmarks/stress_lab/nexus_stress_lab_v7_merged.jsonl,benchmarks,data_or_benchmark,P2_untracked_intake_review,byte_identical_to_snapshot,not_tracked_current_index,8ff1cb7bade428538ffbe58950eec34ceb4a12f1,1534706,8ff1cb7bade428538ffbe58950eec34ceb4a12f1,1534706,,False
benchmarks/stress_lab/nexus_stress_lab_v7_merged.summary.json,benchmarks,data_or_benchmark,P2_untracked_intake_review,byte_identical_to_snapshot,not_tracked_current_index,075f4b912d01adcc26bff29ec91b342924fbfce6,331,075f4b912d01adcc26bff29ec91b342924fbfce6,331,,False
benchmarks/stress_lab/nexus_stress_lab_v8_merged.jsonl,benchmarks,data_or_benchmark,P2_untracked_intake_review,byte_identical_to_snapshot,not_tracked_current_index,a8cefc6e8747552c59bf4b338b0434afa9307670,1615448,a8cefc6e8747552c59bf4b338b0434afa9307670,1615448,,False
benchmarks/stress_lab/nexus_stress_lab_v8_merged.summary.json,benchmarks,data_or_benchmark,P2_untracked_intake_review,byte_identical_to_snapshot,not_tracked_current_index,d2a7b23c1bf4ac038ead34a6a03ad943956b7c4e,484,d2a7b23c1bf4ac038ead34a6a03ad943956b7c4e,484,,False
benchmarks/stress_lab/nexus_stress_v10_fenrir_novel.jsonl,benchmarks,data_or_benchmark,P2_untracked_intake_review,live_differs_from_snapshot_untracked,not_tracked_current_index,7105be3e7d6ed63600392b8da02c9b607b455ebb,81335,e07f638b28515f06424011f70ed9879328c35426,81335,,False
benchmarks/stress_lab/nexus_stress_v11_adversarial.jsonl,benchmarks,data_or_benchmark,P2_untracked_intake_review,live_differs_from_snapshot_untracked,not_tracked_current_index,b94b77662427486043ba603df66eae4052e64179,72100,a02030b63721ca827bb9acddd98dc6905cfcd968,72100,,False
benchmarks/stress_lab/nexus_stress_v5_document_injection.jsonl,benchmarks,data_or_benchmark,P2_untracked_intake_review,live_differs_from_snapshot_untracked,not_tracked_current_index,4af4bb65a058150926ba249488180e8d4c05770d,231617,a10a19ffc7568c380dea582aa7e39791876f9fe1,231617,,False
benchmarks/stress_lab/nexus_stress_v5_mcp_surface.jsonl,benchmarks,data_or_benchmark,P2_untracked_intake_review,live_differs_from_snapshot_untracked,not_tracked_current_index,b734180dd56d698610ef17817046b07a2e9b3474,182756,e6306711f93384b610bb47af31eca17c2f886409,182756,,False
benchmarks/stress_lab/nexus_stress_v5_payload_conversion.jsonl,benchmarks,data_or_benchmark,P2_untracked_intake_review,live_differs_from_snapshot_untracked,not_tracked_current_index,62d22fa600a7952319cebe9bd176c49ce263ab99,643020,bc6d17c8f9f7ba9171c8ffbc2ca3e9b26cf608f6,643020,,False
benchmarks/stress_lab/nexus_stress_v5_payload_fine_tuning.jsonl,benchmarks,data_or_benchmark,P2_untracked_intake_review,live_differs_from_snapshot_untracked,not_tracked_current_index,455a9ce2ad55776c72330e383d2c19b5fe5fd123,971886,9e3d26bbf04331c7672676166b6c8965198a339e,971886,,False
benchmarks/stress_lab/nexus_stress_v6_tamas_base.jsonl,benchmarks,data_or_benchmark,P2_untracked_intake_review,live_differs_from_snapshot_untracked,not_tracked_current_index,cf7c92ad5ffb81f6a7ed66ed20045bbd89275d82,371627,625494d32d7284f8cb104f443760fa63fa1392e7,371627,,False
benchmarks/stress_lab/nexus_stress_v6_tamas_fine_tuning.jsonl,benchmarks,data_or_benchmark,P2_untracked_intake_review,live_differs_from_snapshot_untracked,not_tracked_current_index,0270fae2bc62d7f8b9c24af8cb9886d9863133b5,432290,f035f86a2e2be8746d4160b81179f3f527669785,432290,,False
benchmarks/stress_lab/nexus_stress_v6_tool_base.jsonl,benchmarks,data_or_benchmark,P2_untracked_intake_review,live_differs_from_snapshot_untracked,not_tracked_current_index,8645a158605a6a82a5fdb11c92ef11e0237ac39e,336642,a54537f8efac62cca8c23b0b8910cec8feefb941,336642,,False
benchmarks/stress_lab/nexus_stress_v6_tool_fine_tuning.jsonl,benchmarks,data_or_benchmark,P2_untracked_intake_review,live_differs_from_snapshot_untracked,not_tracked_current_index,451110f5d5c8f6a34bd673bc0a85dcf2fb6b3767,394242,b541d3bb3d6aef45db32a0863050e7f7f7a80c76,394242,,False
benchmarks/stress_lab/nexus_stress_v8_gross.jsonl,benchmarks,data_or_benchmark,P2_untracked_intake_review,live_differs_from_snapshot_untracked,not_tracked_current_index,a2b0d4b08b66744b5ed0ac8481127f04a0118184,76672,cd5405f01783cca33432f00a78522c5b2cc9cf48,76672,,False
benchmarks/stress_lab/nexus_stress_v9_papers.jsonl,benchmarks,data_or_benchmark,P2_untracked_intake_review,byte_identical_to_snapshot,not_tracked_current_index,41db1676736c860b375e8dd3fd9594e09a9f1d32,84528,41db1676736c860b375e8dd3fd9594e09a9f1d32,84528,,False
benchmarks/stress_lab/premium_provider_validation_20260602_105836.json,benchmarks,data_or_benchmark,P2_untracked_intake_review,live_differs_from_snapshot_untracked,not_tracked_current_index,4c2dff7a67ed089877b942e9e30d7661c3ca4ffd,1210,e47b968b2b6996a6c1a1d7fa993074809e907f10,1210,,False
benchmarks/stress_lab/stress_lab_manifest.json,benchmarks,data_or_benchmark,P2_untracked_intake_review,live_differs_from_snapshot_untracked,not_tracked_current_index,fc3e4c37f25a57db7df386f96d0248134071d818,658,f8256e5f158eae3bca4c1bb09e2d467bb13494e2,658,,False
benchmarks/stress_lab/stress_lab_manifest_v2.json,benchmarks,data_or_benchmark,P2_untracked_intake_review,live_differs_from_snapshot_untracked,not_tracked_current_index,d7909bd5746329a19d09f9f5a46747412e75fcc6,814,358048bfff02da00f5eae251e385df39f14a8396,814,,False
benchmarks/stress_lab/stress_lab_manifest_v3.json,benchmarks,data_or_benchmark,P2_untracked_intake_review,live_differs_from_snapshot_untracked,not_tracked_current_index,9e5ea56acc4fe5672eecd77f59c8b6a49ceaa594,3250,315e28a42a1b95c7d08405f174d3d18eb524bf80,3250,,False
benchmarks/stress_lab/stresslab_bouncer_v3_20260602_104602.json,benchmarks,data_or_benchmark,P2_untracked_intake_review,live_differs_from_snapshot_untracked,not_tracked_current_index,75b3841ff5fd5fdb9e0a721be0501ce363505e1b,51295,c2387b3f3e427c866ec7947c2cec69df66c592e2,51295,,False
benchmarks/stress_lab/stresslab_full_20260524.json,benchmarks,data_or_benchmark,P2_untracked_intake_review,live_differs_from_snapshot_untracked,not_tracked_current_index,ba3b8def50a3b93d4cbd34dfcca115072a4e8ee2,1096,4dbb162548b7d5aeb70197eb868d578b05254fe1,1096,,False
benchmarks/stress_lab/stresslab_guard_plane_200_20260524.json,benchmarks,data_or_benchmark,P2_untracked_intake_review,live_differs_from_snapshot_untracked,not_tracked_current_index,acd2097646a01a0e1e0894f15ac25e9cbb5604d1,834,0863c27dad91b0d5210636a24ede828c981c7909,834,,False
benchmarks/stress_lab/stresslab_guard_plane_20260524.json,benchmarks,data_or_benchmark,P2_untracked_intake_review,live_differs_from_snapshot_untracked,not_tracked_current_index,d711cb5dd1a25d2a757d44e2e13c4505daf4cd76,2424,fcc33818c66c9d62c5e376e182d7eddd7583a2de,2424,,False
benchmarks/stress_lab/tool_reasoning_stress.jsonl,benchmarks,data_or_benchmark,P2_untracked_intake_review,live_differs_from_snapshot_untracked,not_tracked_current_index,ad6d67144f141be97b185c02296c9f5d7d06d889,818684,ac3d70c54e78039ed4e64400307c92c0849f5f9e,818684,,False
benchmarks/stress_lab/unified_manifest.json,benchmarks,data_or_benchmark,P2_untracked_intake_review,live_differs_from_snapshot_untracked,not_tracked_current_index,1225b8adf3de4a3fe995522f10119dba1f7408d9,1207,8baf404cfc3def41fffa50bf410cd8fb3085c9b8,1207,,False
benchmarks/stress_lab/v4_manifest.json,benchmarks,data_or_benchmark,P2_untracked_intake_review,live_differs_from_snapshot_untracked,not_tracked_current_index,4f13eb979397fc1431d21fbb8052d75ee6c23662,1761,9c7c078e8e172f1fbcf9b20532c877628b4e4ad7,1761,,False
benchmarks/stress_lab/v5_frontier_manifest.json,benchmarks,data_or_benchmark,P2_untracked_intake_review,live_differs_from_snapshot_untracked,not_tracked_current_index,ae689720b0abc5be93005966984c3d955290fc44,1446,8c67f3e4bb54752355239cf77da36b3e9ecd38a8,1446,,False
benchmarks/stress_lab/v6_tamas_manifest.json,benchmarks,data_or_benchmark,P2_untracked_intake_review,live_differs_from_snapshot_untracked,not_tracked_current_index,7b0130a3cf7645c09175a110b0f1cea623f8b6c7,980,0165d14b0f967c4f0672a28903c851b695c4e1d2,980,,False
benchmarks/stress_lab/v6_tool_manifest.json,benchmarks,data_or_benchmark,P2_untracked_intake_review,live_differs_from_snapshot_untracked,not_tracked_current_index,bce86482e9acc10f02c18b7abb8e81ea1d5598ab,768,d2d6ee2b03bd7550c0734d7729572bdea97c941a,768,,False
benchmarks/stress_lab/v7_novel_scenarios.jsonl,benchmarks,data_or_benchmark,P2_untracked_intake_review,byte_identical_to_snapshot,not_tracked_current_index,667148936d70f4c81a9a7846880c116305d08146,103250,667148936d70f4c81a9a7846880c116305d08146,103250,,False
benchmarks/stress_lab/v8_gross_manifest.json,benchmarks,data_or_benchmark,P2_untracked_intake_review,byte_identical_to_snapshot,not_tracked_current_index,1ddf4acce7dfaa8161033c541f513a882b848630,2106,1ddf4acce7dfaa8161033c541f513a882b848630,2106,,False
benchmarks/stress_lab/v8_v9_merge_manifest.json,benchmarks,data_or_benchmark,P2_untracked_intake_review,byte_identical_to_snapshot,not_tracked_current_index,f317a30371991405bc4ee85b833405366e021958,3078,f317a30371991405bc4ee85b833405366e021958,3078,,False
benchmarks/stress_lab/v9_papers_manifest.json,benchmarks,data_or_benchmark,P2_untracked_intake_review,byte_identical_to_snapshot,not_tracked_current_index,f5b9ac14461bda03a0e792b3eaad2c37e5c0dd6c,2661,f5b9ac14461bda03a0e792b3eaad2c37e5c0dd6c,2661,,False
datasets/.classify_test.json,datasets,data_or_benchmark,P2_untracked_intake_review,live_differs_from_snapshot_untracked,not_tracked_current_index,c5d8fd4e9e30a8d30a8c4f060adce170af90b5cf,44,8c59bfc2cbbfbc51cba4e709a0aaa8986d00f83b,44,,False
datasets/.classify_test2.json,datasets,data_or_benchmark,P2_untracked_intake_review,live_differs_from_snapshot_untracked,not_tracked_current_index,aae33e2364b30615216104457ea1f46a91804c07,135,7d7aad8670e792dd868b045a9b2479fb40d873c3,135,,False
datasets/.classify_test3.json,datasets,data_or_benchmark,P2_untracked_intake_review,live_differs_from_snapshot_untracked,not_tracked_current_index,d027b450994935638ba4acc81ad19b920d66ea0d,181,e4d7ed49634b23cf34760b82e53f300020919e42,181,,False
datasets/.csv_test1.json,datasets,data_or_benchmark,P2_untracked_intake_review,live_differs_from_snapshot_untracked,not_tracked_current_index,ebbdd2b1ffe13a30defa1d72cf9a913de9dda3c1,92,e62c5d90171852c8122d4976c47333b14ac97cee,92,,False
datasets/.csv_test2.json,datasets,data_or_benchmark,P2_untracked_intake_review,live_differs_from_snapshot_untracked,not_tracked_current_index,31de419a71ab605488ebb0bb62e0b781b7143f93,60,16c7fd79574e77e8509b89ac77f172af8f12ddd2,60,,False
datasets/.csv_test3.json,datasets,data_or_benchmark,P2_untracked_intake_review,live_differs_from_snapshot_untracked,not_tracked_current_index,c5d8fd4e9e30a8d30a8c4f060adce170af90b5cf,44,8c59bfc2cbbfbc51cba4e709a0aaa8986d00f83b,44,,False
datasets/.guard_plane_pid.txt,datasets,docs_or_research,P2_untracked_intake_review,live_differs_from_snapshot_untracked,not_tracked_current_index,7fa6b2398c09882383cf9813bd5298d53fdb7c7e,7,c2551d4188a170a8480d0ea22cbbe44a187d2a28,7,,False
datasets/.t1.json,datasets,data_or_benchmark,P2_untracked_intake_review,live_differs_from_snapshot_untracked,not_tracked_current_index,c5d8fd4e9e30a8d30a8c4f060adce170af90b5cf,44,8c59bfc2cbbfbc51cba4e709a0aaa8986d00f83b,44,,False
datasets/.t2.json,datasets,data_or_benchmark,P2_untracked_intake_review,live_differs_from_snapshot_untracked,not_tracked_current_index,17f86e5046d5976417c9fce9065706fdc9de816b,100,316723c378af2d4958c6b5b502dda7d5a65bbbc5,100,,False
datasets/.t2_v2.json,datasets,data_or_benchmark,P2_untracked_intake_review,live_differs_from_snapshot_untracked,not_tracked_current_index,23a5cbcc9bf2a2c7f989fad33152f26b9d35a30f,95,63faca3f24ca82a7937d2809c121b83d79696355,95,,False
datasets/.t3.json,datasets,data_or_benchmark,P2_untracked_intake_review,live_differs_from_snapshot_untracked,not_tracked_current_index,ce884ee3d6091dc43fad2446c6cfd5d4edd9dfbd,87,999b3ee6cfe941b94171da4538f96b3d0f1b1cf3,87,,False
datasets/.t_csv.json,datasets,data_or_benchmark,P2_untracked_intake_review,live_differs_from_snapshot_untracked,not_tracked_current_index,7777c22f0953e007c79537245627ef203ebf9bac,74,42f2831de9e1acb6335928bd44bec68dc68f01ae,74,,False
datasets/.t_jb.json,datasets,data_or_benchmark,P2_untracked_intake_review,live_differs_from_snapshot_untracked,not_tracked_current_index,5537292f36e45a1c38ac1d357343215ed7acaa1b,67,732f499b6dff3bb4d9c1e5463a1766d6c94b0798,67,,False
datasets/.t_v7.json,datasets,data_or_benchmark,P2_untracked_intake_review,live_differs_from_snapshot_untracked,not_tracked_current_index,ce884ee3d6091dc43fad2446c6cfd5d4edd9dfbd,87,999b3ee6cfe941b94171da4538f96b3d0f1b1cf3,87,,False
datasets/_check_encoding.py,datasets,source_or_script,P2_untracked_intake_review,live_differs_from_snapshot_untracked,not_tracked_current_index,ba99bb7652db3c758c888bca4bf7eddc825eeb52,533,d48f1295b22ecac85d0287605cc95d26a3cf8af4,533,,False
datasets/abliterated_benchmark.json,datasets,data_or_benchmark,P2_untracked_intake_review,live_differs_from_snapshot_untracked,not_tracked_current_index,fbee844625553e1bea7e5d2c6c5c2e9416a1a7e9,190,e563533e3e886bc165dc7abd71b8e0cec56c31ef,190,,False
datasets/adversarial/ernie_v8_adversarial_1000.jsonl,datasets,data_or_benchmark,P2_untracked_intake_review,byte_identical_to_snapshot,not_tracked_current_index,a6a1359b3fd895cb74512565691aa4a46a0ad3e5,889868,a6a1359b3fd895cb74512565691aa4a46a0ad3e5,889868,,False
datasets/adversarial/ernie_v8_adversarial_200.jsonl,datasets,data_or_benchmark,P2_untracked_intake_review,byte_identical_to_snapshot,not_tracked_current_index,8b0112643437637529284f7bef21e32ec69e3e8f,151793,8b0112643437637529284f7bef21e32ec69e3e8f,151793,,False
datasets/adversarial/ernie_v8_validation.json,datasets,data_or_benchmark,P2_untracked_intake_review,byte_identical_to_snapshot,not_tracked_current_index,bcda82d8803efc6ed9cbf7a66105ceefcde920d3,5641,bcda82d8803efc6ed9cbf7a66105ceefcde920d3,5641,,False
datasets/adversarial/novel_styles_500.jsonl,datasets,data_or_benchmark,P2_untracked_intake_review,live_differs_from_snapshot_untracked,not_tracked_current_index,380ec3b849afec45d5459a691f88dd609615dfa2,14189,74b0bcf2c1bc23d9e1a96e4ede6af07b5d7ba4da,14189,,False
datasets/bench_mutated.py,datasets,source_or_script,P2_untracked_intake_review,live_differs_from_snapshot_untracked,not_tracked_current_index,8d936a96f7f4b92a7abe0d93813ccc88f98afc6f,3784,24d373b1703780ff8355358430a89d19dafbafaa,3784,,False
datasets/bench_mutated_v5.py,datasets,source_or_script,P2_untracked_intake_review,live_differs_from_snapshot_untracked,not_tracked_current_index,8c9a6956fbd6d5fa19dd0e26552b7ad560597e04,5463,9b3040b33b28582e2e2e929ebab53e851afe2402,5463,,False
datasets/bench_mutated_v5_results.json,datasets,data_or_benchmark,P2_untracked_intake_review,live_differs_from_snapshot_untracked,not_tracked_current_index,5a0bc99bac1b0970243bda909ba38468a6511478,2781,5904cf67227d122d9e616be887f60bb1a97ef10b,2781,,False
datasets/bench_new_models.py,datasets,source_or_script,P2_untracked_intake_review,live_differs_from_snapshot_untracked,not_tracked_current_index,4ecab2577c7d2c0bfa538877ae32e508a92a2b98,7168,a4a71152c66f2a4dba7cdf80858ef5187d1d42e4,7168,,False
datasets/bench_qwen3guard.py,datasets,source_or_script,P2_untracked_intake_review,live_differs_from_snapshot_untracked,not_tracked_current_index,6f04648068b9003be15bc0579eb5cbf3a841767d,3720,d092a22f151c0124a2211e9f14421dbc72e5b155,3720,,False
datasets/bench_qwen_mutated.py,datasets,source_or_script,P2_untracked_intake_review,live_differs_from_snapshot_untracked,not_tracked_current_index,99590ae4cf5406312428f932f30e86bb277c9f9a,2454,3687e3535bd873f0a763f02ff2d3a82542099c00,2454,,False
datasets/bench_v51.py,datasets,source_or_script,P2_untracked_intake_review,live_differs_from_snapshot_untracked,not_tracked_current_index,fa6e64c06927bac3962b96636b819f025d0ead10,5784,833f987bd26b288f3118544dff1ed00a359b085a,5784,,False
datasets/bench_v51_benign.py,datasets,source_or_script,P2_untracked_intake_review,live_differs_from_snapshot_untracked,not_tracked_current_index,32b79993f5c92f72a428abd541ddd736c9330efd,5288,7d32776315a4798c1dba30cfd48baff5c60563f9,5288,,False
datasets/benign/ernie_v8_benign_100.jsonl,datasets,data_or_benchmark,P2_untracked_intake_review,byte_identical_to_snapshot,not_tracked_current_index,ab3057aae35a954cfc921489763dfb2a9d68cb30,54480,ab3057aae35a954cfc921489763dfb2a9d68cb30,54480,,False
datasets/benign_corpus_100.jsonl,datasets,data_or_benchmark,P2_untracked_intake_review,byte_identical_to_snapshot,not_tracked_current_index,ab3057aae35a954cfc921489763dfb2a9d68cb30,54480,ab3057aae35a954cfc921489763dfb2a9d68cb30,54480,,False
datasets/benign_expanded.jsonl,datasets,data_or_benchmark,P2_untracked_intake_review,live_differs_from_snapshot_untracked,not_tracked_current_index,30fb2c043126e2982c15f759be3fe4097dec5b62,11535,bfa575d38f88533b237127a47875c447d27a1f2c,11535,,False
datasets/benign_from_cyber.jsonl,datasets,data_or_benchmark,P2_untracked_intake_review,live_differs_from_snapshot_untracked,not_tracked_current_index,c78be32da6cb39b08587639bc1e531eae6a6bad6,1680468,3ae336a5f56d427655cb7fae7276ff40982b4426,1680468,,False
datasets/bouncer_bench.py,datasets,source_or_script,P2_untracked_intake_review,live_differs_from_snapshot_untracked,not_tracked_current_index,48d21b9d3bcb0031198f555e53d475ba02921fc6,8595,cf234573d2d338b3ec61eed01a1ae980d39a64ab,8595,,False
datasets/bouncer_bench_robust.py,datasets,source_or_script,P2_untracked_intake_review,live_differs_from_snapshot_untracked,not_tracked_current_index,f227bdb18bf010ecab957f3b8e47f5f416890e46,10304,43024b5e026acb05d86fdea7847c450a3d187437,10304,,False
datasets/bouncer_bench_v3_fixed.py,datasets,source_or_script,P2_untracked_intake_review,live_differs_from_snapshot_untracked,not_tracked_current_index,20d137e5923bd477c5af001eb927bf6b546c5ae0,7521,b2be0f22a03cd00bfa858669d4ba6fc5904c5d8b,7521,,False
datasets/bouncer_checkpoints/LFM2.5-1.2B-Instruct_BALANCED_Benign.json,datasets,generated_or_cache,P4_untracked_low_signal,live_differs_from_snapshot_untracked,not_tracked_current_index,4130c91dc70b5447dc2f809106f1bec32ca40e91,846,96d063873cbea5bed6bfb6c0da2191665e222261,846,,False
datasets/bouncer_checkpoints/LFM2.5-1.2B-Instruct_BALANCED_TAMAS.json,datasets,generated_or_cache,P4_untracked_low_signal,live_differs_from_snapshot_untracked,not_tracked_current_index,514105f977f1ea194135c78e47c7b416269deef8,2482,a541d1cf0a05d713cb49a54a4ba03b01f2e9709e,2482,,False
datasets/bouncer_checkpoints/LFM2.5-1.2B-Instruct_BALANCED_v7.json,datasets,generated_or_cache,P4_untracked_low_signal,live_differs_from_snapshot_untracked,not_tracked_current_index,9688188d9e3bfee88a7988445714edd414d075e4,15011,51a3f558faa31c7887835f48896f0320728fd822,15011,,False
datasets/bouncer_checkpoints/LFM2.5-1.2B-Instruct_BOUNCER_Benign.json,datasets,generated_or_cache,P4_untracked_low_signal,live_differs_from_snapshot_untracked,not_tracked_current_index,3e739b9d280eaa27edc24d9be436e86edf15a415,847,ab3d4c90916255e774698e76c025fdeb955a0cc6,847,,False
datasets/bouncer_checkpoints/LFM2.5-1.2B-Instruct_BOUNCER_TAMAS.json,datasets,generated_or_cache,P4_untracked_low_signal,live_differs_from_snapshot_untracked,not_tracked_current_index,f720b447385a4973e271c3a102c45b0b67778295,2489,3992765e92a0074c362a9f564caa1af4ea1e3082,2489,,False
datasets/bouncer_checkpoints/LFM2.5-1.2B-Instruct_BOUNCER_v7.json,datasets,generated_or_cache,P4_untracked_low_signal,live_differs_from_snapshot_untracked,not_tracked_current_index,95f0d582f97ab4d719cb10acddc05264bd198f9f,14988,714ea7c6efda1d6e5e475f31431a266bc9fb507f,14988,,False
datasets/bouncer_checkpoints/Neo_T-Virus-3.2-1B_BALANCED_Benign.json,datasets,generated_or_cache,P4_untracked_low_signal,live_differs_from_snapshot_untracked,not_tracked_current_index,c96c1b8479150c55be2c14ee15d8d81849e232a0,859,22efeb2253cf51b84eb0baeb5b9e3817d5dc7edb,859,,False
datasets/bouncer_checkpoints/Neo_T-Virus-3.2-1B_BALANCED_TAMAS.json,datasets,generated_or_cache,P4_untracked_low_signal,live_differs_from_snapshot_untracked,not_tracked_current_index,581ef41b1afea84d52e6698814c360c6f0139f25,2486,f150ff71a353ed9089ca0862e02f922fa3c8f236,2486,,False
datasets/bouncer_checkpoints/Neo_T-Virus-3.2-1B_BALANCED_v7.json,datasets,generated_or_cache,P4_untracked_low_signal,live_differs_from_snapshot_untracked,not_tracked_current_index,87e6679629a4aa67cff7706da8053abf62247249,15030,c56e452dd13df44b5e147774c56dce3c1bfc567c,15030,,False
datasets/bouncer_checkpoints/Neo_T-Virus-3.2-1B_BOUNCER_Benign.json,datasets,generated_or_cache,P4_untracked_low_signal,live_differs_from_snapshot_untracked,not_tracked_current_index,61c934ffa497936b7da8d0dac1c215a3e657bf84,846,ccfe5f9ee69070d03f744171cd6c0300f0a46ca9,846,,False
datasets/bouncer_checkpoints/Neo_T-Virus-3.2-1B_BOUNCER_TAMAS.json,datasets,generated_or_cache,P4_untracked_low_signal,live_differs_from_snapshot_untracked,not_tracked_current_index,e85cfee6cc6ec148b2a6c53734315428f687f9ee,2495,017ab2e7e2921de183483d24566e7fdd050713fa,2495,,False
datasets/bouncer_checkpoints/Neo_T-Virus-3.2-1B_BOUNCER_v7.json,datasets,generated_or_cache,P4_untracked_low_signal,live_differs_from_snapshot_untracked,not_tracked_current_index,7e3153f7ecb8e02135663363d92bc3b2596a2543,15081,7f006961517c3424c17dd106c242c619acd88fd8,15081,,False
datasets/bouncer_checkpoints/Special-Virus-3.2-1B_BALANCED_Benign.json,datasets,generated_or_cache,P4_untracked_low_signal,live_differs_from_snapshot_untracked,not_tracked_current_index,7102129d04d8490fe24910466d82fffc61e1cef7,846,c0f74268c57d5609288e386bf9860f7fd41ac702,846,,False
datasets/bouncer_checkpoints/Special-Virus-3.2-1B_BALANCED_TAMAS.json,datasets,generated_or_cache,P4_untracked_low_signal,live_differs_from_snapshot_untracked,not_tracked_current_index,88dff1c657d5469fb7963378f24d78a4aa77ca39,2476,bc2a96e6367232615296a18bdf6f14e043f022ef,2476,,False
datasets/bouncer_checkpoints/Special-Virus-3.2-1B_BALANCED_v7.json,datasets,generated_or_cache,P4_untracked_low_signal,live_differs_from_snapshot_untracked,not_tracked_current_index,b5358368da69aa13fadba81f4072aa53427c9645,14974,e64fdf23d47519c78f3fbc58bb220f2fde4c3c6a,14974,,False
datasets/bouncer_checkpoints/Special-Virus-3.2-1B_BOUNCER_Benign.json,datasets,generated_or_cache,P4_untracked_low_signal,live_differs_from_snapshot_untracked,not_tracked_current_index,f494d6ee8fb91da7eb66d5d29e593b45baa3fa77,848,c7e03b9dd65c51264a82b03ded629f58c0fdb01d,848,,False
datasets/bouncer_checkpoints/Special-Virus-3.2-1B_BOUNCER_TAMAS.json,datasets,generated_or_cache,P4_untracked_low_signal,live_differs_from_snapshot_untracked,not_tracked_current_index,b03e14406695e45f713e1a99897f97990ca2a401,2472,dbc5652301965f09697050d97257ee773e0e8c19,2472,,False
datasets/bouncer_checkpoints/Special-Virus-3.2-1B_BOUNCER_v7.json,datasets,generated_or_cache,P4_untracked_low_signal,live_differs_from_snapshot_untracked,not_tracked_current_index,763ce7b0e3df7c4766c19439420dc33fb92045e8,15021,8901fa3cc0cfb6caaf4b7d348703ba8cfab938a4,15021,,False
datasets/bouncer_checkpoints_v3/Special-Virus-3.2-1B_Benign.json,datasets,generated_or_cache,P4_untracked_low_signal,live_differs_from_snapshot_untracked,not_tracked_current_index,8b78582726cbda9915197fdb1b587ddf92a50007,845,ce42578d3e9bd7a816f13ff1f7c2224d4e19485a,845,,False
datasets/bouncer_checkpoints_v3/Special-Virus-3.2-1B_TAMAS.json,datasets,generated_or_cache,P4_untracked_low_signal,live_differs_from_snapshot_untracked,not_tracked_current_index,1b6d7aedda645de69acabe479f65a765e612ba02,2486,3cae47f1cf43e260f0693c0a0b3c30ccb99e3b6e,2486,,False
datasets/bouncer_checkpoints_v3/Special-Virus-3.2-1B_v7.json,datasets,generated_or_cache,P4_untracked_low_signal,live_differs_from_snapshot_untracked,not_tracked_current_index,990838b8d3eac708520916050eb57bc97fbcf2c9,15047,b0a93692d72d39c7dc1eb7d9947855c7a4f181f2,15047,,False
datasets/build_classifier.py,datasets,source_or_script,P2_untracked_intake_review,live_differs_from_snapshot_untracked,not_tracked_current_index,36329c47345832fb858c3bf94cd52076dafee853,4543,88c7d41899ee8f43f7ee7f0e0c08540588676796,4543,,False
datasets/check_configs.py,datasets,source_or_script,P2_untracked_intake_review,live_differs_from_snapshot_untracked,not_tracked_current_index,3461f4400d517eda77c428647ea15ca6825deb77,555,f761e96f8135e182ba084b04ed3db53c0a6c6202,555,,False
datasets/check_linear.py,datasets,source_or_script,P2_untracked_intake_review,live_differs_from_snapshot_untracked,not_tracked_current_index,380723d1360c99cd539144fa480181d9cddb2c43,445,a9dd7573ad2419a78ff26ff5c51a9e9fc0c67f47,445,,False
datasets/check_qwen_baseline.py,datasets,source_or_script,P2_untracked_intake_review,live_differs_from_snapshot_untracked,not_tracked_current_index,296dd0b2c23cc962c1a6007874d1fc625fe8a233,936,0b8636681e68e7d75381fcce08353236bcbf6f7a,936,,False
datasets/check_tamas.py,datasets,source_or_script,P2_untracked_intake_review,live_differs_from_snapshot_untracked,not_tracked_current_index,d944f6164f8e4c8c0ae4c087527300521ee3d7b9,1582,a8bc8fa9951a9d20dd00b600211d35ec622b81b9,1582,,False
datasets/check_tamas2.py,datasets,source_or_script,P2_untracked_intake_review,live_differs_from_snapshot_untracked,not_tracked_current_index,393adad5911d3a888c29b6e4b931ddd73c872f19,1132,f86dd49a4bbf31ea930eff4ff1292da07efa7a5f,1132,,False
datasets/check_v2.py,datasets,source_or_script,P2_untracked_intake_review,live_differs_from_snapshot_untracked,not_tracked_current_index,d366094b197290dfa9245b63f6166f4ff5cb2740,193,9d58ce659589a58547d8e5f3432ccc01f159045a,193,,False
datasets/combination_results.json,datasets,data_or_benchmark,P2_untracked_intake_review,live_differs_from_snapshot_untracked,not_tracked_current_index,d3eb0054e96fbd305d51720b31c86340ab605434,2529,9ddb115adf5784c85dd9909d46d5c101a9f8ebf9,2529,,False
datasets/combination_tests.py,datasets,source_or_script,P2_untracked_intake_review,live_differs_from_snapshot_untracked,not_tracked_current_index,452dcc81e03aa1fb4f917c3fb8f3ae969842323f,11818,6b08e4b539cef57fe808e7c4f21f9a849434dd8f,11818,,False
datasets/combination_tests_v2.py,datasets,source_or_script,P2_untracked_intake_review,live_differs_from_snapshot_untracked,not_tracked_current_index,0eefd2c2f9ac5f59c15e5fab87dcaf4a95716f70,9853,a9089ceaed51bab6a6cb00bcb70e1b7d054734e5,9853,,False
datasets/debug_all_models.py,datasets,source_or_script,P2_untracked_intake_review,live_differs_from_snapshot_untracked,not_tracked_current_index,134d422cd871568cfe0e1ec9ea75d4d7300d757c,2950,5738a2958673c3c9e5197855aaa33cb9cf5ef15f,2950,,False
datasets/debug_darwin.py,datasets,source_or_script,P2_untracked_intake_review,live_differs_from_snapshot_untracked,not_tracked_current_index,a38ecd752704d8a9efe94f463b61a7e02701fb91,1467,81f74d72b75a5a7762226100a0cb3d0e43286442,1467,,False
datasets/debug_model.py,datasets,source_or_script,P2_untracked_intake_review,live_differs_from_snapshot_untracked,not_tracked_current_index,7b824f166d6cd210fc3faad5a535e678daa08caf,977,4c57e824d9eab3953398b5e611fbc24e7e7ab380,977,,False
datasets/debug_prompt_formats.py,datasets,source_or_script,P2_untracked_intake_review,live_differs_from_snapshot_untracked,not_tracked_current_index,d7bdc72cc859570687e5384dd647c5bfef053ccc,1719,42d7a33144ccebd3a6c31e8ee057a0254ab169b0,1719,,False
datasets/debug_tamas.py,datasets,source_or_script,P2_untracked_intake_review,live_differs_from_snapshot_untracked,not_tracked_current_index,f4303d6341026768d5e6449e879109dbaf3d7dc7,1809,ac623c8b94f53adb5b6e54bce5e06ca9c056aa3b,1809,,False
datasets/deep_search_results.json,datasets,data_or_benchmark,P2_untracked_intake_review,live_differs_from_snapshot_untracked,not_tracked_current_index,a7640b695154b9962c0e9ba66e6ffb69d4f801e9,24147,ddc5613386c459bd4dc8c2ae1becfbf529872b80,24147,,False
datasets/deep_search_slm.py,datasets,source_or_script,P2_untracked_intake_review,live_differs_from_snapshot_untracked,not_tracked_current_index,5fea5f7540a36088b16b2bb609f49571b3006fb4,8366,5122dfefec8f1ad22d59d38f1ac31950b116e223,8366,,False
datasets/ensemble_analysis_2026_06.json,datasets,data_or_benchmark,P2_untracked_intake_review,live_differs_from_snapshot_untracked,not_tracked_current_index,61b2633121d8d767d83582a6b170a143eebec0db,986,152d1a16e2bbc91f60a6cd71569ceb6b161733be,986,,False
datasets/ernie/ADVERSARIAL_CORPUS_v2.md,datasets,docs_or_research,P2_diff_evidence_review,live_differs_from_snapshot_and_index,same_as_current_index,d7ed5ffac2860e001c6d0a1cfb0fbc4e02658985,10826,041b00a29bc1d3a27187c17d19023c1f1d596f04,10826,d7ed5ffac2860e001c6d0a1cfb0fbc4e02658985,False
datasets/ernie/TAMAS_summary.docx,datasets,data_or_benchmark,P2_untracked_intake_review,byte_identical_to_snapshot,not_tracked_current_index,942cda3e148a4e1171d5138cc2b7b8932bcf07e9,16199,942cda3e148a4e1171d5138cc2b7b8932bcf07e9,16199,,False
datasets/ernie/arena_metrics.json,datasets,data_or_benchmark,P2_untracked_intake_review,live_differs_from_snapshot_untracked,not_tracked_current_index,a6973df9f29cf9011d18ae33691ad353e1ef4d62,1536,206e1c57b4b49fb6874facffde1cee5d6241b3ea,1536,,False
datasets/ernie/arena_metrics_live.json,datasets,data_or_benchmark,P2_diff_evidence_review,live_differs_from_snapshot_and_index,same_as_current_index,41add97ee5e3251effb6ad16c94e0229d85212c8,14003,ea3a5a3e2be7ed83d2a89ab571fa0d5d2d710b54,14003,41add97ee5e3251effb6ad16c94e0229d85212c8,False
datasets/ernie/attack_vectors_01-100_EN.docx,datasets,data_or_benchmark,P2_untracked_intake_review,byte_identical_to_snapshot,not_tracked_current_index,0d289c2690cd9e4694de61f8f670a4dd68002f5c,22183,0d289c2690cd9e4694de61f8f670a4dd68002f5c,22183,,False
datasets/ernie/attack_vectors_01-100_EN.md,datasets,docs_or_research,P2_untracked_intake_review,live_differs_from_snapshot_untracked,not_tracked_current_index,b858ae4071d73090f8a62c69c8520224c7930bbe,79184,e76c04ce1b9ce4055c24520deb7e4d7dbb5ea836,79184,,False
datasets/ernie/bench_ernie_1000.py,datasets,source_or_script,P2_untracked_intake_review,live_differs_from_snapshot_untracked,not_tracked_current_index,fe73396b10ce49e05f3a682e2f0750262529eb4a,6006,fe9135e340dcfdec6789feeb85c6689fa2b451db,6006,,False
datasets/ernie/bench_ernie_1000_local.py,datasets,source_or_script,P2_untracked_intake_review,live_differs_from_snapshot_untracked,not_tracked_current_index,afb7fc1563c1c7454c1cda2370fc5ebd3f80f757,9822,7f6b8a21060c17224b05d908810d4464d414d19a,9822,,False
datasets/ernie/benign_corpus_100.jsonl,datasets,data_or_benchmark,P2_untracked_intake_review,byte_identical_to_snapshot,not_tracked_current_index,ab3057aae35a954cfc921489763dfb2a9d68cb30,54480,ab3057aae35a954cfc921489763dfb2a9d68cb30,54480,,False
datasets/ernie/benign_corpus_100_EN.docx,datasets,data_or_benchmark,P2_untracked_intake_review,byte_identical_to_snapshot,not_tracked_current_index,eeb4735648a008e320f3e0f8f518ba7cc9457d24,26293,eeb4735648a008e320f3e0f8f518ba7cc9457d24,26293,,False
datasets/ernie/benign_corpus_100_EN.jsonl,datasets,data_or_benchmark,P2_untracked_intake_review,byte_identical_to_snapshot,not_tracked_current_index,c59146c60768077d996377f16586a3d4b17d9ef4,50791,c59146c60768077d996377f16586a3d4b17d9ef4,50791,,False
datasets/ernie/checkpoint_1.json,datasets,data_or_benchmark,P2_untracked_intake_review,live_differs_from_snapshot_untracked,not_tracked_current_index,80fb59eb01de0b852be4d4dd7b08a5b53fa21a6f,465,4ac7e164a575ea26d50c245b625c1d7d4bd4b06f,465,,False
datasets/ernie/checkpoint_2.json,datasets,data_or_benchmark,P2_untracked_intake_review,live_differs_from_snapshot_untracked,not_tracked_current_index,993b092b80d82439e311bc47baf314557ecfb968,386282,bdd45eefca399e207671033c77d7e9599d50b189,386282,,False
datasets/ernie/checkpoint_3.json,datasets,data_or_benchmark,P2_untracked_intake_review,live_differs_from_snapshot_untracked,not_tracked_current_index,37f4cec477909ae6bf3d2bf7d61b53bf3c0fcdd9,804382,49ec552afb5428974c7afbe5abe9bc8e1e8e1d09,804382,,False
datasets/ernie/checkpoint_3_partial.json,datasets,data_or_benchmark,P2_untracked_intake_review,live_differs_from_snapshot_untracked,not_tracked_current_index,34d281d9e5355412710f612a21ffc79800ea6d01,396096,1c60b7718c5cdf2dd1119dff37e89aee09e1fc25,396096,,False
datasets/ernie/checkpoint_4_final.json,datasets,data_or_benchmark,P2_untracked_intake_review,live_differs_from_snapshot_untracked,not_tracked_current_index,0c2a6b9e9b73e4cce4ff481471aa9b1e7eee846a,532,83a3a0070975b80eb7fb784c3181cec330827662,532,,False
datasets/ernie/cloud_swarm_checkpoint.jsonl,datasets,data_or_benchmark,P2_untracked_intake_review,byte_identical_to_snapshot,not_tracked_current_index,3cc03a5cbfe60dad599c0df1f3201f7724c1557f,24733,3cc03a5cbfe60dad599c0df1f3201f7724c1557f,24733,,False
datasets/ernie/cloud_swarm_report_20260526_082019.json,datasets,data_or_benchmark,P2_untracked_intake_review,byte_identical_to_snapshot,not_tracked_current_index,2827dd52277b8ce710c17416a538b85c16d6a531,727,2827dd52277b8ce710c17416a538b85c16d6a531,727,,False
datasets/ernie/cloud_swarm_report_20260526_082019.txt,datasets,docs_or_research,P2_untracked_intake_review,byte_identical_to_snapshot,not_tracked_current_index,c2c989a5173fe57754747927ba45d26307ede5e9,1666,c2c989a5173fe57754747927ba45d26307ede5e9,1666,,False
datasets/ernie/code.py,datasets,source_or_script,P2_untracked_intake_review,live_differs_from_snapshot_untracked,not_tracked_current_index,f3b04f44d1c0d77b02acc53a6b76ae5993ed4800,2380,f2239f9d161006a6f2da2f3728d851713b52e690,2380,,False
datasets/ernie/cp1_ollama_probe.py,datasets,source_or_script,P2_untracked_intake_review,live_differs_from_snapshot_untracked,not_tracked_current_index,1b8601384c89f8d0effec8371e520cddb46736d4,2239,d6cbcc91f6812de80101b8d642170213cd0f37fc,2239,,False
datasets/ernie/cp2_guard_sweep.py,datasets,source_or_script,P2_untracked_intake_review,live_differs_from_snapshot_untracked,not_tracked_current_index,513f6c45137223ee55e9b5d70114c19195bef720,4228,d29bc20e9b1298c3bff62ef175131c6c3ce4672e,4228,,False
datasets/ernie/cp3_cross_model.py,datasets,source_or_script,P2_untracked_intake_review,live_differs_from_snapshot_untracked,not_tracked_current_index,00e6e61157ee8922f838b53c3c56c273206ef461,4388,5eeaaef76bf6ebdbbd801e1c2cd43486efe12221,4388,,False
datasets/ernie/cp4_final_report.py,datasets,source_or_script,P2_untracked_intake_review,live_differs_from_snapshot_untracked,not_tracked_current_index,08a583b0b11511f9a725caff3d92fdfc91643b69,6122,29b7568101c946d9793d87ce1dffc668e2dac760,6122,,False
datasets/ernie/cp_enhanced_suite.py,datasets,source_or_script,P3_diff_low_signal,live_differs_from_snapshot_and_index,same_as_current_index,c0863b5f5483f01f35fe1ba0cd291d816194233b,22776,ffff37584f6d18af8b4c5446ca9d5932e3c59056,22776,c0863b5f5483f01f35fe1ba0cd291d816194233b,False
datasets/ernie/delivery_report.md,datasets,docs_or_research,P2_untracked_intake_review,live_differs_from_snapshot_untracked,not_tracked_current_index,812d7a173cb451ace5e9a800c0acac68265e1fbf,10742,733fe91b4643150e78a493d21fd78bd3799066dd,10742,,False
datasets/ernie/dice_probe_results.json,datasets,data_or_benchmark,P2_untracked_intake_review,live_differs_from_snapshot_untracked,not_tracked_current_index,a8f7dd4fefb7fed4d0de2362a14d0035fbc5ede6,4689,0e035db560c0b983acf38228eba701a3a2966fde,4689,,False
datasets/ernie/dpo_fp_calibration.json,datasets,data_or_benchmark,P2_untracked_intake_review,live_differs_from_snapshot_untracked,not_tracked_current_index,4dec5d76316ba1becb5fde11ecd94fdb37162565,6334,e1002e7be4d74e68a12b3df7c535bf6f79edbcb2,6334,,False
datasets/ernie/dpo_preference_dataset.array.json,datasets,data_or_benchmark,P4_low_signal,live_matches_current_index_not_snapshot,different_from_current_index,536688dd8390e798d4a06d45da2c06780e105d9b,662114,89d06d01ac5c5541981783b8b99d548df8c9ee34,662114,89d06d01ac5c5541981783b8b99d548df8c9ee34,False
datasets/ernie/dpo_preference_dataset.json,datasets,data_or_benchmark,P2_untracked_intake_review,live_differs_from_snapshot_untracked,not_tracked_current_index,a411e2dfe78bc97755b8158a3fdacdef4ee637f5,148249,501235dbf79cd0fd722c402c244de70c189faf2f,148249,,False
datasets/ernie/dpo_preference_dataset.jsonl,datasets,data_or_benchmark,P4_low_signal,live_matches_current_index_not_snapshot,different_from_current_index,5c7b3ae3b471cf8ee05675ac6526b47b21253082,615711,3c4d32bf6da09ec4c2ef18048ab8d4ff9497a24b,615711,3c4d32bf6da09ec4c2ef18048ab8d4ff9497a24b,False
datasets/ernie/dpo_preference_dataset.summary.json,datasets,data_or_benchmark,P4_low_signal,live_matches_current_index_not_snapshot,different_from_current_index,715a82b0b37d44df6ac4cf08cdf8dcb7762568d5,3402,c77cad707e55c986564bb9b5ce4819b2cbcd0046,3402,c77cad707e55c986564bb9b5ce4819b2cbcd0046,False
datasets/ernie/ernie_1000_guard_results.json,datasets,data_or_benchmark,P2_untracked_intake_review,live_differs_from_snapshot_untracked,not_tracked_current_index,bd41e6b6991bcaf5b5633e684a6a1e26be8627e4,347,0381531ea046d993eef24ceefec4746e96000e28,347,,False
datasets/ernie/ernie_deep_probe.py,datasets,source_or_script,P3_diff_low_signal,live_differs_from_snapshot_and_index,same_as_current_index,47e3c36a5e441437324276dbc54afc568dc0c21b,17615,2906b0f6f5f29f0da7dcba23c3116cefa8b0dd58,17615,47e3c36a5e441437324276dbc54afc568dc0c21b,False
datasets/ernie/ernie_forensic_analysis.py,datasets,source_or_script,P3_diff_low_signal,live_differs_from_snapshot_and_index,same_as_current_index,9dae4f9b428c3c863285d7a3e22ccda4582b59e3,15386,c1e8e4c91407e819d87d85a370cfba476af420b4,15386,9dae4f9b428c3c863285d7a3e22ccda4582b59e3,False
datasets/ernie/evasion_techniques_top25_EN.docx,datasets,data_or_benchmark,P2_untracked_intake_review,byte_identical_to_snapshot,not_tracked_current_index,ebf8b5adf0274aee0fdf42db684e51b0e9dd3c51,15617,ebf8b5adf0274aee0fdf42db684e51b0e9dd3c51,15617,,False
datasets/ernie/evasion_techniques_top25_EN.md,datasets,docs_or_research,P2_untracked_intake_review,live_differs_from_snapshot_untracked,not_tracked_current_index,1f9ad750e383f3e0028da986b5b1bf93a218f955,12723,41194bae2237e1750fa387d737990b083b76ae69,12723,,False
datasets/ernie/live_guard_plane_test_results.json,datasets,data_or_benchmark,P2_diff_evidence_review,live_differs_from_snapshot_and_index,same_as_current_index,42b897436eb3f3602d63237a9378ab8c4b6b46ba,4188,82f6a3f8821ebdea0c09043aa559aaf88883b8da,4188,42b897436eb3f3602d63237a9378ab8c4b6b46ba,False
datasets/ernie/ollama_cache.json,datasets,data_or_benchmark,P2_untracked_intake_review,live_differs_from_snapshot_untracked,not_tracked_current_index,9c48fe6213dad2c24dce801dde71efdba9326fe5,539430,f590bffe734019856b17fc112056b35b5c750ab4,539430,,False
datasets/ernie/scenarios_001-1000_EN.jsonl,datasets,data_or_benchmark,P2_untracked_intake_review,byte_identical_to_snapshot,not_tracked_current_index,a6a1359b3fd895cb74512565691aa4a46a0ad3e5,889868,a6a1359b3fd895cb74512565691aa4a46a0ad3e5,889868,,False
datasets/ernie/scenarios_001-1000_EN_FIXED.jsonl,datasets,data_or_benchmark,P2_untracked_intake_review,byte_identical_to_snapshot,not_tracked_current_index,10cd0e3bf4581468034f931bfb62b3a1cd66bd74,919237,10cd0e3bf4581468034f931bfb62b3a1cd66bd74,919237,,False
<redacted-sensitive-path:.md>,datasets,sensitive_path,P0_sensitive_hold,live_differs_from_snapshot_untracked,not_tracked_current_index,dbd2fa5195f384782279b9ee4b8fcb534856bbd5,4847,5a166a4c55ee0e09f6ae3a6dda135ddf05b361a1,4847,,True
datasets/ernie/swarm_consensus_report_EN.docx,datasets,data_or_benchmark,P2_untracked_intake_review,byte_identical_to_snapshot,not_tracked_current_index,16a721f79781eda7c2641d1059c33f8fdf50ff43,18655,16a721f79781eda7c2641d1059c33f8fdf50ff43,18655,,False
datasets/ernie/swarm_consensus_report_EN.md,datasets,docs_or_research,P2_untracked_intake_review,live_differs_from_snapshot_untracked,not_tracked_current_index,14f462c5959f99d4e79e204207ba7ff3bc416253,10667,4b9b88c4cbd8b06259f5cdb2e27d7b01f5ea9dd8,10667,,False
datasets/ernie/threat_actors_01-50_EN.docx,datasets,data_or_benchmark,P2_untracked_intake_review,byte_identical_to_snapshot,not_tracked_current_index,9b4c1140322cff4e74e24c78080c93d3381194e3,35681,9b4c1140322cff4e74e24c78080c93d3381194e3,35681,,False
datasets/ernie/threat_actors_01-50_EN.md,datasets,docs_or_research,P2_untracked_intake_review,live_differs_from_snapshot_untracked,not_tracked_current_index,d131fe9bd651fcd80e184e0de00069e0966066c8,230147,ec56bfc56c115bc17ca48e82638fb5242df533e1,230147,,False
datasets/ernie/validation_report_final_1000.json,datasets,data_or_benchmark,P2_untracked_intake_review,byte_identical_to_snapshot,not_tracked_current_index,959bf03a515cde341a3855e7233b485bed9d2981,1281,959bf03a515cde341a3855e7233b485bed9d2981,1281,,False
datasets/ernie/verify_ernie.py,datasets,source_or_script,P2_untracked_intake_review,live_differs_from_snapshot_untracked,not_tracked_current_index,e048d46f6401375eaa9606e9674628d9d9bca18b,10378,ae4dd4255f4e8b0bffdcb9ca33dd6e55238e13e8,10378,,False
datasets/fix_merged_model.py,datasets,source_or_script,P2_untracked_intake_review,live_differs_from_snapshot_untracked,not_tracked_current_index,adea97fbd90cc602863e22f150613a1ba86a11fc,2971,8e8697a8d667920b89d59297837423bb1df8d5c3,2971,,False
datasets/formaxxing_integration_summary.txt,datasets,docs_or_research,P2_untracked_intake_review,byte_identical_to_snapshot,not_tracked_current_index,537ac76130cf8ec3543be4e48f5d16bb356aa494,6336,537ac76130cf8ec3543be4e48f5d16bb356aa494,6336,,False
datasets/gen_benign.py,datasets,source_or_script,P2_untracked_intake_review,live_differs_from_snapshot_untracked,not_tracked_current_index,28cce512f907fe334c2b734facc8183f4481c311,6714,61e189cdddd4339107ee06529721f9b4b94e2b41,6714,,False
datasets/gen_benign_100.py,datasets,source_or_script,P2_untracked_intake_review,live_differs_from_snapshot_untracked,not_tracked_current_index,271385fe2c601f0336b6d4555d755befdeedd9e3,13525,0d0a3b3cc2a429b5caf1a3056a27ea04a25452a5,13525,,False
datasets/gen_novel_adversarial.py,datasets,source_or_script,P2_untracked_intake_review,live_differs_from_snapshot_untracked,not_tracked_current_index,d791d441800c415207de9d9db461ea45cf3ea42f,13217,e22a1623e26eaf38e643c897e2927b2b871505ac,13217,,False
datasets/guard_comparison_2026_06.json,datasets,data_or_benchmark,P2_untracked_intake_review,live_differs_from_snapshot_untracked,not_tracked_current_index,d427b3b56dc2935d1ec4c288e6205cfd0dcaffb0,1479,9cf66f8d023a54e01ddbe2a24362891f3d32d5bd,1479,,False
datasets/guard_diagnostic.py,datasets,source_or_script,P2_untracked_intake_review,live_differs_from_snapshot_untracked,not_tracked_current_index,d6693962f00de8560e4b0b0d7bff1933eed1bb54,5236,d9a02e261b009c3cff4a03d93bb1b5f35a0c9300,5236,,False
datasets/guard_ensemble.py,datasets,source_or_script,P2_untracked_intake_review,live_differs_from_snapshot_untracked,not_tracked_current_index,68e368474756477414d67e9a75cad6270d8dbdb9,16131,801f1ecf735840050d27ed45d2981b662c4027ee,16131,,False
datasets/guard_ensemble_special_virus.py,datasets,source_or_script,P2_untracked_intake_review,live_differs_from_snapshot_untracked,not_tracked_current_index,aef65bcea5b9e7db4e06ddb83e7a0d3ef7ec7c73,12366,4879f70067364f638ed7b33d868f18e0dca31b22,12366,,False
datasets/guard_plane.py,datasets,source_or_script,P2_untracked_intake_review,live_differs_from_snapshot_untracked,not_tracked_current_index,e7ed97c83d1acfb348f114023d10a8b52afaa41d,28867,f05efed4dfc6271d195cb30ce4d021ed6a3521fc,28867,,False
datasets/guard_plane_ensemble_test.json,datasets,data_or_benchmark,P2_untracked_intake_review,live_differs_from_snapshot_untracked,not_tracked_current_index,f24221a90696fd9284215ba780ae30b09ff90b3d,590,6488c5f6e30720656d57eccede7e31cd04dee46c,590,,False
datasets/guard_plane_results.json,datasets,data_or_benchmark,P2_untracked_intake_review,live_differs_from_snapshot_untracked,not_tracked_current_index,91b36cc96b66525229234bf580eead5e87ac80ee,29967,1a02ab6514ce1d1c5c1614d04211d23a90a2c2db,29967,,False
datasets/guard_slm_combination_report.md,datasets,docs_or_research,P2_untracked_intake_review,live_differs_from_snapshot_untracked,not_tracked_current_index,d7649e923ed1532837fb31f1777d62f1b71cd58c,2754,d2e8f4fe75446ebb13c683ac4216418df662a46e,2754,,False
datasets/guard_slm_merge_report.md,datasets,docs_or_research,P2_untracked_intake_review,live_differs_from_snapshot_untracked,not_tracked_current_index,df5c41ac7d78fed156f0f5421ce1ee2edf8c3504,9366,490643bdcc82330f59ac17397497b0e6f96a7b60,9366,,False
datasets/guard_slm_report_v3.md,datasets,docs_or_research,P2_untracked_intake_review,live_differs_from_snapshot_untracked,not_tracked_current_index,1f5662eecbb516c7e0ef6f0a74e8b4bd3e6f5763,14177,6e504bddf5e643dd2e3d87b335e1cd306deaf1a0,14177,,False
datasets/guard_slm_test.py,datasets,source_or_script,P2_untracked_intake_review,live_differs_from_snapshot_untracked,not_tracked_current_index,4fce0504889346c9080961d42d4905c55edf15e7,6377,87086f142ce111ff8bc4a519e6a838a7127cd78c,6377,,False
datasets/guard_train.py,datasets,source_or_script,P2_untracked_intake_review,live_differs_from_snapshot_untracked,not_tracked_current_index,f02289cdc99afb7950d5c4e645ac473c36c0b28c,5639,bf5bb98e727d86e7ff3c3e8368be66f2876f7d7e,5639,,False
datasets/guard_train_data.jsonl,datasets,data_or_benchmark,P2_untracked_intake_review,byte_identical_to_snapshot,not_tracked_current_index,90e0bfc0f355814d1004f37406e9e49fc4969925,18351,90e0bfc0f355814d1004f37406e9e49fc4969925,18351,,False
datasets/hf_cache/Abdennebi___shieldlm-prompt-injection/default/0.0.0/23330588198f0143120e93b7d7b31cc164cd5403/dataset_info.json,datasets,generated_or_cache,P4_untracked_low_signal,byte_identical_to_snapshot,not_tracked_current_index,2c81cf8e727bdd411a6df148bdf42979219c72d7,1163,2c81cf8e727bdd411a6df148bdf42979219c72d7,1163,,False
datasets/hf_cache/GuardrailsAI___detect-jailbreak/default/0.0.0/5f68a89245ce067ba4258c92198633dbebd02dac/dataset_info.json,datasets,generated_or_cache,P4_untracked_low_signal,byte_identical_to_snapshot,not_tracked_current_index,b8a455e9de95d28dbfe7154d8266d8fccc898211,672,b8a455e9de95d28dbfe7154d8266d8fccc898211,672,,False
datasets/hf_cache/SalKhan12___prompt-safety-dataset/default/0.0.0/ec6889cb618acc55269bc941b5a7c9f3328f7c1f/dataset_info.json,datasets,generated_or_cache,P4_untracked_low_signal,byte_identical_to_snapshot,not_tracked_current_index,972e6ca996aa053a1ec224e0944bbe299d9f86d5,843,972e6ca996aa053a1ec224e0944bbe299d9f86d5,843,,False
datasets/hf_cache/agentlans___prompt-safety-classification/default/0.0.0/16cb2e06d3deca5bdfe3cb02f21376766401d032/dataset_info.json,datasets,generated_or_cache,P4_untracked_low_signal,byte_identical_to_snapshot,not_tracked_current_index,7459ffe1ccd10c78ed3f490eec2bea7d5b0e8439,1058,7459ffe1ccd10c78ed3f490eec2bea7d5b0e8439,1058,,False
datasets/hf_cache/aradhye___agent-safety-bench/default/0.0.0/b7761ca4c4e7a5937f0b6ad11dd24ce19163c454/dataset_info.json,datasets,generated_or_cache,P4_untracked_low_signal,byte_identical_to_snapshot,not_tracked_current_index,14b55916aaaa8851ff6b922904c4696c230f32bd,1045,14b55916aaaa8851ff6b922904c4696c230f32bd,1045,,False
datasets/hf_cache/imoxto___prompt_injection_cleaned_dataset-v2/default/0.0.0/3a8590a413e66d218051d506124970b308810d48/dataset_info.json,datasets,generated_or_cache,P4_untracked_low_signal,byte_identical_to_snapshot,not_tracked_current_index,4deb21cd1fed1ebd47599d09b2b8c5e912126ced,663,4deb21cd1fed1ebd47599d09b2b8c5e912126ced,663,,False
datasets/hf_cache/issdandavis___prompt-injection-bit-signatures/default/0.0.0/9ff536aaafb492da105c5f151800ca124722bdfc/dataset_info.json,datasets,generated_or_cache,P4_untracked_low_signal,byte_identical_to_snapshot,not_tracked_current_index,a45fb7077e793944af7c36b0656a701124d44d8a,2423,a45fb7077e793944af7c36b0656a701124d44d8a,2423,,False
datasets/hf_cache/neuralchemy___prompt-injection-dataset/core/0.0.0/7d70432dfcf47a821612cbf9d34e9d9e3ad20e75/dataset_info.json,datasets,generated_or_cache,P4_untracked_low_signal,byte_identical_to_snapshot,not_tracked_current_index,b6440178c2af8a13782af2e22bbbcd0ea480954d,1110,b6440178c2af8a13782af2e22bbbcd0ea480954d,1110,,False
datasets/hf_cache/neuralchemy___prompt-injection-dataset/core/0.0.0/7d70432dfcf47a821612cbf9d34e9d9e3ad20e75/prompt-injection-dataset-test.arrow,datasets,generated_or_cache,P4_untracked_low_signal,byte_identical_to_snapshot,not_tracked_current_index,5a15a145be0b88a8d42200880f6dfdc740a316f2,227488,5a15a145be0b88a8d42200880f6dfdc740a316f2,227488,,False
datasets/hf_cache/neuralchemy___prompt-injection-dataset/core/0.0.0/7d70432dfcf47a821612cbf9d34e9d9e3ad20e75/prompt-injection-dataset-train.arrow,datasets,generated_or_cache,P4_untracked_low_signal,byte_identical_to_snapshot,not_tracked_current_index,2759370aa9adeb80672489e1703ddfe4a2e92cb6,1042584,2759370aa9adeb80672489e1703ddfe4a2e92cb6,1042584,,False
datasets/hf_cache/neuralchemy___prompt-injection-dataset/core/0.0.0/7d70432dfcf47a821612cbf9d34e9d9e3ad20e75/prompt-injection-dataset-validation.arrow,datasets,generated_or_cache,P4_untracked_low_signal,byte_identical_to_snapshot,not_tracked_current_index,6de533778ff15e6d2ae13114e67456c666958a8e,226000,6de533778ff15e6d2ae13114e67456c666958a8e,226000,,False
datasets/hf_cache/reshabhs___spml_chatbot_prompt_injection/default/0.0.0/02ce8084e979bc7d4c24ee35d22ecb7f2db96ff5/dataset_info.json,datasets,generated_or_cache,P4_untracked_low_signal,byte_identical_to_snapshot,not_tracked_current_index,9fcb7226cb975b4de4046c7a6fba216f050b29c4,921,9fcb7226cb975b4de4046c7a6fba216f050b29c4,921,,False
datasets/manual_slerp.py,datasets,source_or_script,P2_untracked_intake_review,live_differs_from_snapshot_untracked,not_tracked_current_index,9bce51781a229cb59ab65c450ae8ebff67c5b738,2422,a5a94ad5d06ca3d77454fbd1b0ab093488d9ce95,2422,,False
datasets/nexus_bucket.py,datasets,source_or_script,P2_untracked_intake_review,live_differs_from_snapshot_untracked,not_tracked_current_index,66e36e794bc7ba48a7fd526e991315e645390464,5454,d750b501404e6c95827f0748b363d70af70260e4,5454,,False
datasets/preservation.txt,datasets,docs_or_research,P2_untracked_intake_review,byte_identical_to_snapshot,not_tracked_current_index,73519d4ac333ae1f9d3d2040d99c066168daaf03,1089,73519d4ac333ae1f9d3d2040d99c066168daaf03,1089,,False
datasets/probe_prompts.py,datasets,source_or_script,P2_untracked_intake_review,live_differs_from_snapshot_untracked,not_tracked_current_index,76a35eb221ae53fe528c0163bb60f2b3544a35ac,2896,a3fd62a8ea7b7446d494794c9c7acf6923faeaa6,2896,,False
datasets/quick_test.py,datasets,source_or_script,P2_untracked_intake_review,live_differs_from_snapshot_untracked,not_tracked_current_index,1fc279a1eb5be5959bf502da13b480a669bea519,1153,6e63b3b2549a1aabbc1341d734a0ce66f6faa462,1153,,False
datasets/refusals.txt,datasets,docs_or_research,P2_untracked_intake_review,byte_identical_to_snapshot,not_tracked_current_index,958f81218cceb5d6494ee0194d75c5cd19e1aac9,1218,958f81218cceb5d6494ee0194d75c5cd19e1aac9,1218,,False
datasets/retrain_classifier_v2.py,datasets,source_or_script,P2_untracked_intake_review,live_differs_from_snapshot_untracked,not_tracked_current_index,03b43edba5aba80c78ca9bf23065c928ec79ba40,6622,febf8da0ceee4e84ad3c3b6bdcae935b1f82a7de,6622,,False
datasets/retrain_classifier_v3.py,datasets,source_or_script,P2_untracked_intake_review,live_differs_from_snapshot_untracked,not_tracked_current_index,468bb677d1a456a0c8bee17e1a2a399231c924f7,19025,b3d331c81354accb65ed3b7f53532b856614fdca,19025,,False
datasets/rp_benchmark_results/batch_benchmark_summary_v2.json,datasets,generated_or_cache,P4_untracked_low_signal,byte_identical_to_snapshot,not_tracked_current_index,74f17970a4dcc83430eeb8fce5e6a14fcf64dbdb,10970,74f17970a4dcc83430eeb8fce5e6a14fcf64dbdb,10970,,False
datasets/rp_benchmark_results/lfm25-bouncer_details.json,datasets,generated_or_cache,P4_untracked_low_signal,byte_identical_to_snapshot,not_tracked_current_index,6d83e5606fe11f931f2ac714e4ec82ce35aae72a,98660,6d83e5606fe11f931f2ac714e4ec82ce35aae72a,98660,,False
datasets/rp_benchmark_results/neo-t-virus_details.json,datasets,generated_or_cache,P4_untracked_low_signal,byte_identical_to_snapshot,not_tracked_current_index,63b0266749b3922a97631d0194b547dce9bb579e,98417,63b0266749b3922a97631d0194b547dce9bb579e,98417,,False
datasets/rp_benchmark_results/rp_benchmark_summary.json,datasets,generated_or_cache,P4_untracked_low_signal,byte_identical_to_snapshot,not_tracked_current_index,c37ad0f6bb3e79cb5154670d90f6dde603286a6e,954,c37ad0f6bb3e79cb5154670d90f6dde603286a6e,954,,False
datasets/rp_benchmark_results/special-virus_details.json,datasets,generated_or_cache,P4_untracked_low_signal,byte_identical_to_snapshot,not_tracked_current_index,7f7dac408d45ab1fb8dd4c52e96f31364033b1a8,98838,7f7dac408d45ab1fb8dd4c52e96f31364033b1a8,98838,,False
datasets/safety_merge/d_safety_mock.jsonl,datasets,data_or_benchmark,P4_low_signal,live_matches_current_index_not_snapshot,different_from_current_index,2b3a97945a0c4b2e5236a0ecb2f10a775f818c27,4733,abc24bb39711ccf7f07333e364d284e263da9d30,4733,abc24bb39711ccf7f07333e364d284e263da9d30,False
datasets/safety_merge/ernie_session06_threat_actors.jsonl,datasets,data_or_benchmark,P2_diff_evidence_review,live_differs_from_snapshot_and_index,same_as_current_index,5b1291bf2b454fdcdee8e495a90a724a9cd084d2,18877,b993c719806e951168cb7d44fd655abb1a25103d,18877,5b1291bf2b454fdcdee8e495a90a724a9cd084d2,False
datasets/safety_merge/harm_bench.jsonl,datasets,data_or_benchmark,P4_low_signal,live_matches_current_index_not_snapshot,different_from_current_index,16847c67a83089d35888ca7e65c02ca65a8f1588,466636,de91164081375f53fefc0c051eb988354f5d39a4,466636,de91164081375f53fefc0c051eb988354f5d39a4,False
datasets/scenarios_001-1000_EN.jsonl,datasets,data_or_benchmark,P2_untracked_intake_review,byte_identical_to_snapshot,not_tracked_current_index,a6a1359b3fd895cb74512565691aa4a46a0ad3e5,889868,a6a1359b3fd895cb74512565691aa4a46a0ad3e5,889868,,False
<redacted-sensitive-path:.txt>,datasets,sensitive_path,P0_sensitive_hold,live_differs_from_snapshot_untracked,not_tracked_current_index,6244cdb17e1639abac138b8ad569476316b43ff6,6503,37e6f75cf26a70c627a5559e8710505216cfa0d0,6503,,True
datasets/sweep_models.py,datasets,source_or_script,P2_untracked_intake_review,live_differs_from_snapshot_untracked,not_tracked_current_index,a65c1ba60b2ad86f13f788557529ede4f25ea034,13235,bfbc77373e483d1a652bfbb999582f903ec32633,13235,,False
datasets/sweep_results.json,datasets,data_or_benchmark,P2_untracked_intake_review,live_differs_from_snapshot_untracked,not_tracked_current_index,05b052d28829730ad02b38b85d2ccae0d36e8da7,71290,69319c33f89425f8b8bb789d2a32a9bace9e3463,71290,,False
datasets/synthetic_benign_free.jsonl,datasets,data_or_benchmark,P2_untracked_intake_review,live_differs_from_snapshot_untracked,not_tracked_current_index,7fc60ac977cb3a44cf2963c003fb532d81acd121,13610,fa5bcbbb6e86f4feb7f432a88c99ae52c9a06eb8,13610,,False
datasets/tamas_benchmark_v3.py,datasets,source_or_script,P2_untracked_intake_review,live_differs_from_snapshot_untracked,not_tracked_current_index,e46a2ebfcaec3f378f824e8b31af986853d40050,4464,7c58b193fc64e6ddcadf00075210c1609ec9e5f6,4464,,False
datasets/test_bonsai_quick.py,datasets,source_or_script,P2_untracked_intake_review,live_differs_from_snapshot_untracked,not_tracked_current_index,d0895e6c2b9f30eb9845125d80b3c4a82bca98c1,3295,049a82a2b6a6509b729cf21fed8718a71fbf3ae8,3295,,False
datasets/test_gemma_benign.py,datasets,source_or_script,P2_untracked_intake_review,live_differs_from_snapshot_untracked,not_tracked_current_index,6aa2c4292fd6a8959248a50565ca003d3365ef6b,2559,f61e4225869213611832a75cb48abf14bb692bad,2559,,False
datasets/test_v4_prompt.py,datasets,source_or_script,P2_untracked_intake_review,live_differs_from_snapshot_untracked,not_tracked_current_index,4e3e43ab0163939528072437ee506dad79a8e44a,4565,dd7fefcc09a0abe7e852aafcf23b6b7129a4d5e8,4565,,False
datasets/test_v5_prompt.py,datasets,source_or_script,P2_untracked_intake_review,live_differs_from_snapshot_untracked,not_tracked_current_index,9d7134679e843207562f5a5bb5383487cde67a5c,5863,76b1ea14e86cd94a14be3abaade8fd5a12d4c14e,5863,,False
datasets/thermo_sweep_results/e_cameron_sweep.json,datasets,generated_or_cache,P4_untracked_low_signal,byte_identical_to_snapshot,not_tracked_current_index,2cea71152c54dfffb954561660c31be5c5c95d03,3817,2cea71152c54dfffb954561660c31be5c5c95d03,3817,,False
datasets/train_guard.py,datasets,source_or_script,P2_untracked_intake_review,live_differs_from_snapshot_untracked,not_tracked_current_index,72c53e336e624c373fa65464e2f798923603b6fc,5072,c5cdffa2a1c0fba6443e7a9e3221b43225189040,5072,,False
datasets/v7/v7_manifest.json,datasets,data_or_benchmark,P2_untracked_intake_review,live_differs_from_snapshot_untracked,not_tracked_current_index,763890c70399856045e11546351c71af2ae68c88,1399,9b4900dacc2b1111b09d421d38788499e8a56e07,1399,,False
datasets/v7_builder.py,datasets,source_or_script,P2_untracked_intake_review,live_differs_from_snapshot_untracked,not_tracked_current_index,bf3ade9410edbd1b15ef64655444d49ca710dc56,25484,580aa3ca17cb6256c1a6e841ae127d3d8be1a4e8,25484,,False
datasets/v7_dpo_pairs.jsonl,datasets,data_or_benchmark,P2_untracked_intake_review,live_differs_from_snapshot_untracked,not_tracked_current_index,9a039b341994df163799a6bb16cdc6cfe13bec4d,595917,ace04b8e913968b6f2a2722db020702ba5f11899,595917,,False
datasets/v7_dpo_pairs.summary.json,datasets,data_or_benchmark,P2_untracked_intake_review,live_differs_from_snapshot_untracked,not_tracked_current_index,bec74205d66bac2200b26d732a7198af2893f7ba,178,7eb80e14fe1440a5a325f6003c369a5eb7fc90cc,178,,False
datasets/v7_dpo_pairs_fixed.jsonl,datasets,data_or_benchmark,P2_untracked_intake_review,byte_identical_to_snapshot,not_tracked_current_index,97ff374200effcf8a373166c21d5e81b1822da7b,466574,97ff374200effcf8a373166c21d5e81b1822da7b,466574,,False
datasets/v7_lab_output/report_benign_corpus_100_chat_special-virus_latest.json,datasets,generated_or_cache,P4_untracked_low_signal,live_differs_from_snapshot_untracked,not_tracked_current_index,28233d5f1c6cb55ca0f1ab81528238cd7ddad4c5,2490,dbf6e8838d53c4d13870816ce7145e250ac4b1c4,2490,,False
datasets/v7_lab_output/report_benign_corpus_100_raw_hf.co_prism-ml_Ternary-Bonsai-1.7B-gguf_F16.json,datasets,generated_or_cache,P4_untracked_low_signal,live_differs_from_snapshot_untracked,not_tracked_current_index,c6414af9a7bc95e8b3c552d1f5d195c89e8c1c6f,669,59a88783491d63f2ea92cab6d705e44604da5a83,669,,False
datasets/v7_lab_output/report_benign_corpus_100_remediated_hf.co_prism-ml_Ternary-Bonsai-1.7B-gguf_F16.json,datasets,generated_or_cache,P4_untracked_low_signal,live_differs_from_snapshot_untracked,not_tracked_current_index,d3e20911d98ed8ba57c08c3a50222a214fc1791b,677,ecf6e220590a3f597e3ff6fd0ceeb518309094f9,677,,False
datasets/v7_lab_output/report_benign_corpus_100_remediated_special-virus_latest.json,datasets,generated_or_cache,P4_untracked_low_signal,live_differs_from_snapshot_untracked,not_tracked_current_index,1cfc9679c947131375b256168ce7fb1e7a127da1,2524,016d335e78d8918b6dc75687d34e39c6afb7790f,2524,,False
datasets/v7_lab_output/report_scenarios_001-1000_EN_chat_special-virus_latest.json,datasets,generated_or_cache,P4_untracked_low_signal,live_differs_from_snapshot_untracked,not_tracked_current_index,33610a0363039e4f56f9d7cab8fb9becf80baddf,8141,9aef8057ec75d910dd7d3b01e64ba80f1d0e9d37,8141,,False
datasets/v7_lab_output/test_generation.jsonl,datasets,generated_or_cache,P4_untracked_low_signal,byte_identical_to_snapshot,not_tracked_current_index,416b63671046173bfa58d39267752b52fbcd0a58,51943,416b63671046173bfa58d39267752b52fbcd0a58,51943,,False
datasets/v7_novel_base.jsonl,datasets,data_or_benchmark,P2_untracked_intake_review,live_differs_from_snapshot_untracked,not_tracked_current_index,d2248966107cb46cc25e91ea51b2910cdac5fdbe,156146,20efe9ee6ea61eeed1f18a7d6091abbfaab51d7c,156146,,False
datasets/v7_novel_mutated.jsonl,datasets,data_or_benchmark,P2_untracked_intake_review,live_differs_from_snapshot_untracked,not_tracked_current_index,e9019b3fcfe093213ad35f9749bc366b82207919,184380,7c40ec8e8d2a25a32d63f7c2a93fe93a4857a600,184380,,False
datasets/v7_novel_mutated.summary.json,datasets,data_or_benchmark,P2_untracked_intake_review,live_differs_from_snapshot_untracked,not_tracked_current_index,01b79b8b3aefb61897f5d03d7b991df3b4875fe7,1297,01eb0c80364781f3db2b8143c77a15e92734d489,1297,,False
datasets/v7_novel_mutated_500.jsonl,datasets,data_or_benchmark,P2_untracked_intake_review,live_differs_from_snapshot_untracked,not_tracked_current_index,d15bc3483f14107b2fee2c4addce058a11684ca7,1117773,522d8fa01849e576eaf4bdf34f141ba4598687d9,1117773,,False
datasets/v7_novel_mutated_500.summary.json,datasets,data_or_benchmark,P2_untracked_intake_review,live_differs_from_snapshot_untracked,not_tracked_current_index,2527daf30432c59bebb355119aaff96bf8e50d9b,1301,e56fdd24abee0aab9bbb2529544879d76629f3ef,1301,,False
datasets/v7_novel_mutated_qwen.jsonl,datasets,data_or_benchmark,P2_untracked_intake_review,live_differs_from_snapshot_untracked,not_tracked_current_index,0beef8e1d039aa838fcf7f47e00b27f74ea492e7,386223,5bfd4a9e4dad409688e696574326bbbb78dd39b1,386223,,False
datasets/v7_novel_mutated_qwen.summary.json,datasets,data_or_benchmark,P2_untracked_intake_review,live_differs_from_snapshot_untracked,not_tracked_current_index,71c454d40dadd65acf661a5d98de1f8141e75e87,1302,4667f50ef5f54e923ce14bf7b8a09abef840496a,1302,,False
datasets/v7_schema.py,datasets,source_or_script,P2_untracked_intake_review,live_differs_from_snapshot_untracked,not_tracked_current_index,682500501394939aad7213bc9c3f88a564ad7df4,1643,5fe6a158144a461ee28b7471e5eaf952b1c1597f,1643,,False
docs/TRANSITION_MANIFEST.md,docs,docs_or_research,P2_untracked_intake_review,live_differs_from_snapshot_untracked,not_tracked_current_index,c8b5c846f477e3ad8b23d1a9f40c037f57285700,33891,b84d17dbf222054a8e6633d65e04fd3a9c21ea06,33891,,False
docs/archive/INVESTIGATION_REPORT_2026-05-20.md,docs,docs_or_research,P2_untracked_intake_review,live_differs_from_snapshot_untracked,not_tracked_current_index,34ffef7f28ecb8489a1a3a2174de0083f2ea4785,12225,1cc87ab1ff2e4548d6ac8fbf0b1ad28a8ccc2ede,12225,,False
docs/archive/SOURCE_ANALYSIS_FINDINGS_REPORT.md,docs,docs_or_research,P2_untracked_intake_review,live_differs_from_snapshot_untracked,not_tracked_current_index,24da851fd3f78635dd08f4ae06d86f1a85b34f4b,19799,dff7d4b75d75ac98e6f4217d3e76b7d96b881a0a,19799,,False
docs/archive/SOURCE_ANALYSIS_PLAN.md,docs,docs_or_research,P2_untracked_intake_review,live_differs_from_snapshot_untracked,not_tracked_current_index,08277f9d2bd744bdb98a6f4ac888624f76ffc57b,4421,fb04bade60741b3e8c01e80fb4d9bed217cc17e4,4421,,False
docs/archive/gross/DISK_CLEANUP_ANALYSIS_REPORT_2026-05-31.md,docs,docs_or_research,P2_untracked_intake_review,live_differs_from_snapshot_untracked,not_tracked_current_index,9e936789eab78d36e4fdb9500a98f584c8218e84,9009,8ee9ae6be01fd8b5317e7dbe5f54703c117f8dc0,9009,,False
docs/archive/gross/GROSS_PROJECT_GROUNDED_STATE_SYNTHESIS_2026-05-31.md,docs,docs_or_research,P2_untracked_intake_review,live_differs_from_snapshot_untracked,not_tracked_current_index,261db871d4e102dd92d285f059b2c2803ca76fbe,21999,eb9854d5563d0e06636b7632bc803153b66d0b78,21999,,False
docs/archive/gross/SMART_ELIMINATION_REPORT_2026-05-31.md,docs,docs_or_research,P2_untracked_intake_review,live_differs_from_snapshot_untracked,not_tracked_current_index,f04483a3bd5c61961a8d83b61830778931eb7258,12563,2cd969838ec95195ac46b2a8859eecbda60913c1,12563,,False
<redacted-sensitive-path:.md>,docs,sensitive_path,P0_sensitive_hold,live_differs_from_snapshot_untracked,not_tracked_current_index,ae7e1cf4129ae3135c176179b852df02761e2ee2,4936,fcfea19ed6513869738977605b9db6fab3fc2a34,4936,,True
docs/archive/handoff/2026-05-17-governance-endpoints.md,docs,docs_or_research,P2_untracked_intake_review,live_differs_from_snapshot_untracked,not_tracked_current_index,096bd85f251e4a7392ffc2fc1be156285db8c5e6,5450,598a06e81b3f29971255f50e30a72aa8fc9097c8,5450,,False
docs/archive/handoff/2026-05-20-nexusalpha-pr32-safe-push.md,docs,docs_or_research,P2_untracked_intake_review,live_differs_from_snapshot_untracked,not_tracked_current_index,f59fa0eff9f636322e55d035ec12ba74b3bf1dbc,3909,58dd2ddf4a38dcab1fe59059d8a1fd526dea6ea0,3909,,False
docs/archive/handoff/2026-05-20-pi-broken.md,docs,docs_or_research,P2_untracked_intake_review,live_differs_from_snapshot_untracked,not_tracked_current_index,81ca2f6a9a31c2d407ce6fc15c995a01873ca5bb,3990,64611738f2354e22839e8829ef2c4882e74aa18e,3990,,False
docs/archive/handoff/ANTIGRAVITY_IDE_BUG_REPORT_2026-05-23.md,docs,docs_or_research,P2_untracked_intake_review,live_differs_from_snapshot_untracked,not_tracked_current_index,374e1179dd10d83df51fa2fc96a9232084f4f07d,4923,b16d2412e9cebb486bc461e656f27afff1bfbb44,4923,,False
docs/archive/handoff/BEAST_MODE_DIRECTIVE_COMPLETION_REPORT_2026-05-26.md,docs,docs_or_research,P2_untracked_intake_review,live_differs_from_snapshot_untracked,not_tracked_current_index,b6271c6a2c9e9937c0a26c2e45ee671f1d4dafc7,10827,773d17461a8b0ada70f5fc0e00664793b544ab18,10827,,False
<redacted-sensitive-path:.md>,docs,sensitive_path,P0_sensitive_hold,live_differs_from_snapshot_untracked,not_tracked_current_index,54909ca1930a344f0ea7c5b228212f588ab7818d,9566,e89ace7b6848dce7d38c2c889b85e19afaad733f,9566,,True
docs/archive/handoff/BLIND_SPOT_V4_PROBE_RESULTS.json,docs,docs_or_research,P2_untracked_intake_review,live_differs_from_snapshot_untracked,not_tracked_current_index,09541a75ca73f7e2f6b84bbc243e3086610a6f77,9349,d625753a079e9c40d656c34cccd9f95aa257138e,9349,,False
docs/archive/handoff/DOPPELGROUND_GITLEAKS_FALSE_POSITIVE_LEDGER_FREEZE_2026-05-26.json,docs,docs_or_research,P2_untracked_intake_review,live_differs_from_snapshot_untracked,not_tracked_current_index,a026c7889eb6bf0e72776a2ca900eeeb0d2b4451,1283732,bb504915e8baeed0c7195a300a5df092da662265,1283732,,False
docs/archive/handoff/DOPPELGROUND_GITLEAKS_FALSE_POSITIVE_LEDGER_MAIN_2026-05-26.json,docs,docs_or_research,P2_untracked_intake_review,live_differs_from_snapshot_untracked,not_tracked_current_index,a1c870775a1112895a9284eb4bdf0154c1781705,1283727,919769884aed3132f5663b59ee62ece0d4b54d9e,1283727,,False
docs/archive/handoff/ERNIE_A2B_IMAGE_LONG_RUN_LAST_MESSAGE_2026-05-26.md,docs,docs_or_research,P2_untracked_intake_review,live_differs_from_snapshot_untracked,not_tracked_current_index,6227cb7365035b5fb5d13f568e92dc6957394510,7306,0c0166246afb736061763401bfd08d59675fa7bf,7306,,False
docs/archive/handoff/GROSS_PHASE2_EXECUTION_PLAN_2026-05-29.md,docs,docs_or_research,P2_untracked_intake_review,live_differs_from_snapshot_untracked,not_tracked_current_index,dca627004441847bb7337b7cb7158139942a3390,8656,f693d71e72ed64d6325b9aeab546428a567ed180,8656,,False
docs/archive/handoff/GUARD_PLANE_V13_VERIFICATION_REPORT_2026-05-24.md,docs,docs_or_research,P2_untracked_intake_review,live_differs_from_snapshot_untracked,not_tracked_current_index,2eb9ec545508bcc12c55aa6e0c38a41d3afccad6,7526,1e215e7c6cfb9f170166bd18d5865ed5e14375e9,7526,,False
docs/archive/handoff/LOCAL_RESOURCE_MONITOR_2026-05-27.md,docs,docs_or_research,P2_untracked_intake_review,live_differs_from_snapshot_untracked,not_tracked_current_index,30edd15d9f3c3520790b6e7fadff937d4d1683b3,13733,c089086d253e6821df86df52d811673e7c645680,13733,,False
docs/archive/handoff/MODEL_DEEP_DIVE_INTEL_DISTILLATION_2026-05-25.md,docs,docs_or_research,P2_untracked_intake_review,live_differs_from_snapshot_untracked,not_tracked_current_index,55086c5637babd121a9802c97e0ffbf124c35cf5,19207,69ebe7ab57674770a572be71a37b0aa2c9d2ac9a,19207,,False
docs/archive/handoff/MODEL_LAB_JOB_CARD_EXAMPLE_CHECK_2026-05-26.json,docs,docs_or_research,P2_untracked_intake_review,live_differs_from_snapshot_untracked,not_tracked_current_index,b26b74e7daf6bb824d1256c10f312f65f1036ede,324,ab95a020693d92d64b537f9d1d19be88c1db72a1,324,,False
docs/archive/handoff/NEXUS_DOCKER_WSL_USAGE_OPTIMIZATION_2026-05-18.md,docs,docs_or_research,P2_untracked_intake_review,live_differs_from_snapshot_untracked,not_tracked_current_index,58b0a9366d4c6d8e4c19c0aa56f32939de7957d6,17108,a7308a30069f58512dd048d6c9d5ad1559c56155,17108,,False
docs/archive/handoff/NEXUS_LOCAL_GROUNDING_REFRESH_2026-05-24.md,docs,docs_or_research,P2_untracked_intake_review,live_differs_from_snapshot_untracked,not_tracked_current_index,f341ad4e1894efaa377dcfd70f52943983313640,6508,05e79aec950df4a05e9ab365a35dfbbec3070433,6508,,False
docs/archive/handoff/NEXUS_LOCAL_RESTART_RECOVERY_2026-05-18.md,docs,docs_or_research,P2_untracked_intake_review,live_differs_from_snapshot_untracked,not_tracked_current_index,6ff588bc72e885fe8d8192f9d38b1d6c0b7c7ea2,12024,dfb4d556aedc8bff0746beb96752a59b35526554,12024,,False
docs/archive/handoff/NEXUS_VENDOR_AGENT_HYGIENE_2026-05-18.md,docs,docs_or_research,P2_untracked_intake_review,live_differs_from_snapshot_untracked,not_tracked_current_index,c0264a8b7879b06e7c903aaeeac40a65244ef3f4,9558,aa07f41de744dd110138823e90ea4d6565f2fa6b,9558,,False
docs/archive/handoff/OLLAMA_CLEANUP_RECOVERY_2026-05-25.md,docs,docs_or_research,P2_untracked_intake_review,live_differs_from_snapshot_untracked,not_tracked_current_index,1860c2975d8a7dac948c4e0c78866c2a92649e45,3145,868a0823e9c017025ca1fa15f5b8d22ab8346168,3145,,False
docs/archive/handoff/RP_MODEL_BOUNCER_BENCHMARK_2026-05-22.md,docs,docs_or_research,P2_untracked_intake_review,live_differs_from_snapshot_untracked,not_tracked_current_index,f140b4b0854873fb9f3ca7c976547bec4b068d55,8611,28b27a202a35db96df32a8546f438b085343aeaa,8611,,False
<redacted-sensitive-path:.md>,docs,sensitive_path,P0_sensitive_hold,live_differs_from_snapshot_untracked,not_tracked_current_index,5d69f633cafb590590295ab850ecf18b87966150,2356,8371a305fce441d5d7553fab1ad95cb6ca8d0016,2356,,True
docs/archive/handoff/STREAMLABS_OBS_CRASH_AND_BACKGROUND_WORKLOAD_INVESTIGATION_2026-05-26.md,docs,docs_or_research,P2_untracked_intake_review,live_differs_from_snapshot_untracked,not_tracked_current_index,f5e55b34e12863f894ad3ba87e6a67298f589183,7344,37beb427c67d94d11b3fe3987c37c36556168aab,7344,,False
docs/archive/handoff/STREAMLABS_OBS_CRASH_FOLLOWUP_2026-05-25.md,docs,docs_or_research,P2_untracked_intake_review,live_differs_from_snapshot_untracked,not_tracked_current_index,3b386a2f2bc39e4ef75fc234d2a64f22cf6d82c2,10395,d2c5db244c6f8dd86f4cdeb18f900cbdadc6b958,10395,,False
docs/archive/handoff/STREAMLABS_OBS_HEALTH_INVESTIGATION_2026-05-23.md,docs,docs_or_research,P2_untracked_intake_review,live_differs_from_snapshot_untracked,not_tracked_current_index,3c5424a4b1e4073e2b70b74ac5be81fc232116d5,7899,a1458d163f17fd2f54f26b637b25859f8d2ce63d,7899,,False
<redacted-sensitive-path:.json>,docs,sensitive_path,P0_sensitive_hold,byte_identical_to_snapshot,not_tracked_current_index,902ba13d534e3a5e601ecfff87f7eb1f5c49efcf,2012,902ba13d534e3a5e601ecfff87f7eb1f5c49efcf,2012,,True
<redacted-sensitive-path:.md>,docs,sensitive_path,P0_sensitive_hold,live_differs_from_snapshot_untracked,not_tracked_current_index,566d6b477646f7862e1ee047411f69d6e6005500,1562,67eaaf776aa0f8e62f5c417c2f4509fc60fb156d,1562,,True
<redacted-sensitive-path:.jsonl>,docs,sensitive_path,P0_sensitive_hold,byte_identical_to_snapshot,not_tracked_current_index,5db46c8cf9bccfe8d1d2a1ace24ec233871628f9,174,5db46c8cf9bccfe8d1d2a1ace24ec233871628f9,174,,True
docs/archive/handoff/model_lab_job_card.example.json,docs,docs_or_research,P2_untracked_intake_review,byte_identical_to_snapshot,not_tracked_current_index,ca20d27e95b5fa74af65106a4a1e0ac9a94a4fa0,1341,ca20d27e95b5fa74af65106a4a1e0ac9a94a4fa0,1341,,False
docs/archive/handoff/nexus-tidiness/CLASSIFICATION_MANIFEST.md,docs,docs_or_research,P2_untracked_intake_review,live_differs_from_snapshot_untracked,not_tracked_current_index,a8ece80a120e616e5eddbb8c6f79c8d8b8b6f154,21210,ecc9cbee7be81d38afdd7ecb80bcf0288639da7b,21210,,False
docs/archive/handoff/nexus-tidiness/README.md,docs,docs_or_research,P2_untracked_intake_review,live_differs_from_snapshot_untracked,not_tracked_current_index,c367c69971c6b71a56b1b4edad6333056c5b0900,4314,e9116f1b3cc028498e2b36ebf4390ff459594ae4,4314,,False
docs/archive/handoff/nexus-tidiness/c-tmp-important-file-candidates.csv,docs,docs_or_research,P2_untracked_intake_review,live_differs_from_snapshot_untracked,not_tracked_current_index,867e6f448177a56656841fc2b2ecc0d5c6312813,1802,b8ea4993a4727576931f43d3623ea0e083090696,1802,,False
docs/archive/handoff/nexus-tidiness/c-tmp-inventory.csv,docs,docs_or_research,P2_untracked_intake_review,live_differs_from_snapshot_untracked,not_tracked_current_index,4ca2914b7333f96076cbf308e52f130c782a56bc,2987,7a4d82e7a4b2adf85dcb5e561d877a6ac14d0c4b,2987,,False
docs/archive/handoff/nexus-tidiness/downloads-nexus-related-candidates.csv,docs,docs_or_research,P2_untracked_intake_review,live_differs_from_snapshot_untracked,not_tracked_current_index,25195415dc49840cd8b2272de4bf5f61673376a8,9533,f0690cd0af68e0a9440e584eb56b5815492a1d66,9533,,False
docs/archive/handoff/nexus-tidiness/downloads-papers-inventory.csv,docs,docs_or_research,P2_untracked_intake_review,live_differs_from_snapshot_untracked,not_tracked_current_index,e12139603a8177b4726a8c4e1cc89d2315f27ad1,19577,7cab0c86059c6baae0e0d90f71534dc1c0538f6c,19577,,False
docs/archive/handoff/nexus-tidiness/downloads-top-inventory.csv,docs,docs_or_research,P2_untracked_intake_review,live_differs_from_snapshot_untracked,not_tracked_current_index,69c383b4fa0affea1eeb3c2cde9a5730287c8d99,25064,6b0a27c6daab4d33d3516f998ec4993ce40d1e01,25064,,False
docs/archive/handoff/nexus-tidiness/git-status-before.txt,docs,docs_or_research,P2_untracked_intake_review,live_differs_from_snapshot_untracked,not_tracked_current_index,0406bf84be9e5be6167c64d0fa178106efda903e,1870,9a5531a79dafafbad71437a802fdd2021244fb12,1870,,False
docs/archive/handoff/nexus-tidiness/nexus-content-counts.csv,docs,docs_or_research,P2_untracked_intake_review,live_differs_from_snapshot_untracked,not_tracked_current_index,d6257c897549c52c3c01d62fc33e4bee0413ec0f,241,5281e9c0aa865c94fad5047c4ca030b888659c03,241,,False
docs/archive/handoff/nexus-tidiness/nexus-root-inventory.csv,docs,docs_or_research,P2_untracked_intake_review,live_differs_from_snapshot_untracked,not_tracked_current_index,88ab4e9cdf1efac1b3a11dea97681dc36e5e3e9a,11312,d6a607f8431ed0cb565e14d7f8133711a3c43c50,11312,,False
docs/archive/handoff/nexus-tidiness/rollback-point.txt,docs,docs_or_research,P2_untracked_intake_review,live_differs_from_snapshot_untracked,not_tracked_current_index,af36e4936ee4e5dfc8c73fa75ab2d250c3c5d032,213,7399a30415a9f0c802df2bfb9a0a21323e7af92f,213,,False
docs/archive/handoff/nexus-tidiness/source-location-counts.csv,docs,docs_or_research,P2_untracked_intake_review,live_differs_from_snapshot_untracked,not_tracked_current_index,aa13b439b6d33c713563122a9be0ffd652b21e22,242,28b5da3f510509bc27d32543e7a1451f740be7c6,242,,False
docs/archive/nexus_agentic_gateway_v31_deep_dive_2026-04-18.md,docs,docs_or_research,P2_untracked_intake_review,live_differs_from_snapshot_untracked,not_tracked_current_index,2db3208e984458903e089659651b7d9ce0e87058,28484,f1b27d9cda9756d1ff723e524bd605a105d9c221,28484,,False
docs/archive/research/GUARD_EVAL_REPORT_2026-05-20.md,docs,docs_or_research,P2_untracked_intake_review,live_differs_from_snapshot_untracked,not_tracked_current_index,df8c8e2edd33068a2cac030f9b6e1963db67018a,7018,18ce23275f02f84ee6535712e21154c33064e029,7018,,False
docs/archive/research/MEMORY_CHECKPOINT_CURRENT.md,docs,docs_or_research,P2_untracked_intake_review,live_differs_from_snapshot_untracked,not_tracked_current_index,e7a3fbff906eafc4bfe73676977b017fdfb0a0bc,5584,7e504b8157696eadf544b158275562efa93c54f8,5584,,False
docs/archive/research/ernie_remediation-remediation_report.md,docs,docs_or_research,P2_untracked_intake_review,live_differs_from_snapshot_untracked,not_tracked_current_index,d2c0cd37596ca1123603f12c798611759972bf69,11197,934e7ab1d5bb4d0b4a77d550247ae4a97a39554f,11197,,False
docs/archive/research/guard_eval_full_results.json,docs,docs_or_research,P2_untracked_intake_review,live_differs_from_snapshot_untracked,not_tracked_current_index,f3bf30043c8a0e60a9558ace8ab268db3e00c255,1836,6c76899995ff985c3984a8a8b6461c439f665a72,1836,,False
docs/archive/research/guard_eval_results.json,docs,docs_or_research,P2_untracked_intake_review,live_differs_from_snapshot_untracked,not_tracked_current_index,0d68ae8e1c91fa805a592fbdbcd3f945264e3251,2173,5a5872eb44aeeaf9c2dba56cf54fa1e85fe7a150,2173,,False
docs/archive/research/guard_eval_scored_results.json,docs,docs_or_research,P2_untracked_intake_review,live_differs_from_snapshot_untracked,not_tracked_current_index,cd6c38c06a646ba6be8862ecf8d05bc50da11502,1123,9a9229908120ead9d262accbe1e3471981eb5ce4,1123,,False
docs/archive/reviews/NEXUS_ASSET_INVENTORY_AND_INTEGRATION_2026-05-12.md,docs,docs_or_research,P2_untracked_intake_review,live_differs_from_snapshot_untracked,not_tracked_current_index,0901f59804fc0889c3d6cf79918117e288091b8e,21646,9e219199ab272a28a40d7e0d646608f13e58031b,21646,,False
docs/archive/root/2026-05-20-alpha-branch-comparison.md,docs,docs_or_research,P2_untracked_intake_review,live_differs_from_snapshot_untracked,not_tracked_current_index,8b821f7a78b7dba141d53aeb62d1bc12e100d2e0,2703,d0351659d0226cae59cf5b47f370170d7e50a35c,2703,,False
docs/archive/root/2026-05-20-pi-broken.md,docs,docs_or_research,P2_untracked_intake_review,live_differs_from_snapshot_untracked,not_tracked_current_index,2a5b98e5cddb692f7ca221eb6ea0110e2b22103a,4041,4857d4b769607921e8d95e6221e585bc8f441198,4041,,False
docs/archive/root/CURATED_RESEARCH_AND_AGENT_LOGS_SYNTHESIS.md,docs,docs_or_research,P2_untracked_intake_review,live_differs_from_snapshot_untracked,not_tracked_current_index,813bb15680a70901dc0aa02023ad9e1c9c5c45b7,11907,8f3916e2efa1e8a5630e8cf06463adc612895b8b,11907,,False
docs/archive/root/NEO_NEXUS_GROUNDING.md,docs,docs_or_research,P2_untracked_intake_review,live_differs_from_snapshot_untracked,not_tracked_current_index,f6d0af06efc788d80bd85be33b4291f5ca4a967e,16275,3e925186c05828dc39a6c41f2b170573169a073c,16275,,False
<redacted-sensitive-path:.md>,docs,sensitive_path,P0_sensitive_hold,live_differs_from_snapshot_untracked,not_tracked_current_index,05af104f800f5556e14ba8a4e265fae2e7295514,3219,f2ff0fdee6eb22fea8958b54aac087e86809b404,3219,,True
docs/archive/root/conversation_history_full_export_2026-05-27.md,docs,docs_or_research,P2_untracked_intake_review,live_differs_from_snapshot_untracked,not_tracked_current_index,6c89068c54eae133c453af8d3adeec467b91eef4,13222,9a12b77c5daf2429e7931d25d9f0bd86365c573e,13222,,False
docs/archive/root/nexus_grounding_report.md,docs,docs_or_research,P2_untracked_intake_review,live_differs_from_snapshot_untracked,not_tracked_current_index,6b15817638344306cc493c816133d91bc5f1b162,11815,0177fccbfcfec407dc2d117ebfe2841b829e4af0,11815,,False
<redacted-sensitive-path:.md>,docs,sensitive_path,P0_sensitive_hold,live_differs_from_snapshot_untracked,not_tracked_current_index,aefaa85208d581de5bcfcce5701768c5c06c00d5,594198,daeaaf926526db3decc5e5bd1fe7ceccdad9c4e5,594198,,True
docs/coordination/GENIUSTURTLE_NEXUS_ADAPTER_CONTRACT_2026-05-26.md,docs,docs_or_research,P2_untracked_intake_review,live_differs_from_snapshot_untracked,not_tracked_current_index,808e8e521362942ce176d552ff805533fc56f0f9,2752,a221028ab24b2e19f5f71080a96fb4f29700c78f,2752,,False
docs/coordination/NEXUS_STATE_DIGEST.json,docs,docs_or_research,P2_untracked_intake_review,live_differs_from_snapshot_untracked,not_tracked_current_index,54d117b73909a2bdd98455292fa8890f33d86923,9396,2cc29d896aaaf28479644b8c30af0a80abc24436,9396,,False
docs/coordination/NEXUS_TWAVE_QWAVE_DOPPELGROUND_GENIUSTURTLE_INTEGRATION_SCAN_2026-05-26.md,docs,docs_or_research,P2_untracked_intake_review,live_differs_from_snapshot_untracked,not_tracked_current_index,3fd6e8a1029beefc8079644078085f83fe9c0aa5,7866,d35f356244f9300854cd6f023a95746553703a8f,7866,,False
docs/coordination/NEXUS_VISIBLE_LAYERS_ACTIVE_INTEGRATION_BLUEPRINT_2026-05-26.md,docs,docs_or_research,P2_untracked_intake_review,live_differs_from_snapshot_untracked,not_tracked_current_index,3077b4392bc00aeee6bc099e9ddaec93fbb34f49,12443,fc3849b9daf07587dfd969fc7a508206dd00c082,12443,,False
docs/coordination/NEXUS_VISIBLE_LAYERS_EXECUTION_PROGRESS_2026-05-26.md,docs,docs_or_research,P2_untracked_intake_review,live_differs_from_snapshot_untracked,not_tracked_current_index,0cc95e086658438566307425316e271a26686c54,4531,1ac658a4e711c279ffc28111684bb74c52832765,4531,,False
docs/coordination/QWAVE_TWAVE_ARTIFACT_LEDGER_2026-05-26.json,docs,docs_or_research,P2_untracked_intake_review,live_differs_from_snapshot_untracked,not_tracked_current_index,28fed40631d84d3430e68fdd238f5adf40173545,58357,d516a4752beeffd7c73c817aa6a56d9b2327b113,58357,,False
docs/coordination/ZO_LONG_RUN_DIRECTIVE_2026-05-22.md,docs,docs_or_research,P2_untracked_intake_review,live_differs_from_snapshot_untracked,not_tracked_current_index,8ef731d6e0f920fca2f5572fd1a79c39f9193b13,4213,ac73b39b91695eba978b90fbff4378f8d3092ead,4213,,False
docs/coordination/ZO_OPENCLAW_CONFUSION_HELP_PROMPT_2026-05-26.md,docs,docs_or_research,P2_untracked_intake_review,live_differs_from_snapshot_untracked,not_tracked_current_index,21ff2ca47817344d1fdbf03a01635b37ccd51b11,7343,c6ff16904d97da5ea471f7e7e94e0a303d6eb638,7343,,False
docs/coordination/ZO_OPENCLAW_MODELRELAY_DIGEST_2026-05-24.md,docs,docs_or_research,P2_untracked_intake_review,live_differs_from_snapshot_untracked,not_tracked_current_index,94f654b7e8e4b37143eee1032095662d613b7b41,12457,05854c2b3c58416d51f2a6d21715c16f0a0d880e,12457,,False
docs/coordination/ZO_OPENCLAW_NEXT_SAFE_SLICE_2026-05-26.md,docs,docs_or_research,P2_untracked_intake_review,live_differs_from_snapshot_untracked,not_tracked_current_index,1bc841b933a801f8f3ce5086bb63ab08d937936d,4630,66b3e9813442628948f5dfa8614a4a7a88ea4925,4630,,False
docs/coordination/ZO_OPENCLAW_REACHABILITY_AND_SWARM_WORKLOGS_2026-05-26.md,docs,docs_or_research,P2_untracked_intake_review,live_differs_from_snapshot_untracked,not_tracked_current_index,0e6843165ac599941b5601eccee1515cbf059dca,6611,558ab05da08ce69b2c911295abc59078f2412ed9,6611,,False
docs/coordination/multi-agent-grounding-report.md,docs,docs_or_research,P2_untracked_intake_review,live_differs_from_snapshot_untracked,not_tracked_current_index,671c23c2d5f38790668aa064dec6a5fbc21a1005,5671,7a766b28c0de38b3bed3973e29c9b95247db2ccb,5671,,False
docs/coordination/multi-agent-sync-failure.md,docs,docs_or_research,P2_untracked_intake_review,live_differs_from_snapshot_untracked,not_tracked_current_index,a14aa0e3763ad7fb6b71ffc1c55c147afa39b27d,6953,865f9dcaaec81043bfe3eafb2a2e04a6ce779964,6953,,False
docs/coordination/zo-coordination-README.md,docs,docs_or_research,P2_untracked_intake_review,live_differs_from_snapshot_untracked,not_tracked_current_index,74e184ddb0acf2d9734c51e5f165aa7f89b39f3b,3702,a76381d90a09c4efb7c701705e60621e090263f4,3702,,False
docs/governance/ACTIVATION_LANES.md,docs,docs_or_research,P2_untracked_intake_review,live_differs_from_snapshot_untracked,not_tracked_current_index,1d551256f6f18743bf798122c25b131ed16c0283,2331,2e59a15e37c4488a0e925b605f6d83993bba5600,2331,,False
docs/governance/ENTERPRISE_GOVERNANCE_MODEL.md,docs,docs_or_research,P2_untracked_intake_review,live_differs_from_snapshot_untracked,not_tracked_current_index,534edd3e04182d5551e0ae7e4ec88a74e74de1e1,27510,18210f242d4af9a92c8a2ee7fb91d71cfc9a59d9,27510,,False
docs/governance/IMPROVEMENT_FRAMEWORK_V2.md,docs,docs_or_research,P2_untracked_intake_review,live_differs_from_snapshot_untracked,not_tracked_current_index,a98f10cff6e0e7ae890f1ceb502bbb695b0b9832,30180,e7943bb4544ab24548574cd6a09b62d8f9b57e95,30180,,False
docs/governance/NEXUS_AGENT_PROTOCOL.md,docs,docs_or_research,P2_untracked_intake_review,live_differs_from_snapshot_untracked,not_tracked_current_index,806761bd3ad7fad167f0041b9bc8918801cc9e18,3258,fc1c06e05014bc596e4a0eb416173e6a84806987,3258,,False
docs/governance/NEXUS_CONSTITUTION.md,docs,docs_or_research,P2_untracked_intake_review,live_differs_from_snapshot_untracked,not_tracked_current_index,9481a9f82147a85b58623123cddaa72fd5127834,4241,aa29863aa4cc33b8450be515b5ef64a299894c43,4241,,False
docs/governance/NEXUS_GOVERNANCE_RECONCILE_2026-05.md,docs,docs_or_research,P2_untracked_intake_review,live_differs_from_snapshot_untracked,not_tracked_current_index,fcfc568e4cb92dd1f9196591ff2ec62b7573e1b3,4303,c4f225dca127b3bf23cfdab502a07119d77af5de,4663,,False
docs/governance/NEXUS_MAIN_SOUL.md,docs,docs_or_research,P2_untracked_intake_review,live_differs_from_snapshot_untracked,not_tracked_current_index,974552607b4de7d73406cca4a092b72856599c91,6576,6c89b1149fc813bd04c55996d5d325f87c6281d9,6576,,False
docs/governance/NEXUS_OS_VISION_MANIFEST_2026.md,docs,docs_or_research,P2_untracked_intake_review,live_differs_from_snapshot_untracked,not_tracked_current_index,3b3d85566886adf0ee905de70bb8e3f26a4e1376,22544,ae79d336ae61d252114f617710c3d7f0df494231,22544,,False
docs/governance/NEXUS_TRUST_MEMORY_CORE_PLAN_2026-06-03.md,docs,docs_or_research,P2_untracked_intake_review,live_differs_from_snapshot_untracked,not_tracked_current_index,d774646a859dac311f0d3a6a73a59c65985bc019,2703,8e295e8683b9fc404d6fc73640fbc188d0709cd2,2703,,False
docs/handbook/NOT_DOING_LIST.md,docs,docs_or_research,P2_untracked_intake_review,live_differs_from_snapshot_untracked,not_tracked_current_index,9eb95697b840a6a56df391b6d77e32f83356e129,5762,7931b10713406299d8aed6bb94c04347564beab6,5762,,False
docs/handoff/ANTIGRAVITY_CLAIMS_VERIFICATION_2026-05-24.md,docs,docs_or_research,P2_diff_evidence_review,live_differs_from_snapshot_and_index,same_as_current_index,08d50068aa6150f3b208f9db45a90f36369ef22e,7862,95ba53b4993ef2a3a00eb687ce0e5904e2820595,7862,08d50068aa6150f3b208f9db45a90f36369ef22e,False
docs/handoff/BEAST_MODE_DIRECTIVE_COMPLETION_REPORT_2026-05-26.md,docs,docs_or_research,P2_diff_evidence_review,live_differs_from_snapshot_and_index,same_as_current_index,27576acae745c55501b34acef2e56e90e407c70e,10492,de90038972c76cf7db5fe8c8365dd4f415398a30,10492,27576acae745c55501b34acef2e56e90e407c70e,False
<redacted-sensitive-path:.md>,docs,sensitive_path,P0_sensitive_hold,live_matches_current_index_not_snapshot,different_from_current_index,6647e6c76bcbed6dc121ebb1ac6b8fe7440482b2,9240,b5e76192d62fc7ba40032907b051fd173a45b8a1,9240,b5e76192d62fc7ba40032907b051fd173a45b8a1,True
docs/handoff/BENCHMARK_TRUST_REGISTRY.md,docs,docs_or_research,P4_low_signal,live_matches_current_index_not_snapshot,different_from_current_index,2c30d4363d223ba78d490dda14e0b15a4aea4a0b,7223,aaa3ac2ebe55b4f054fa17d2dcc20826e7e05098,7223,aaa3ac2ebe55b4f054fa17d2dcc20826e7e05098,False
docs/handoff/BLIND_SPOT_V4_PROBE_RESULTS.json,docs,docs_or_research,P4_low_signal,live_matches_current_index_not_snapshot,different_from_current_index,09541a75ca73f7e2f6b84bbc243e3086610a6f77,9349,d625753a079e9c40d656c34cccd9f95aa257138e,9349,d625753a079e9c40d656c34cccd9f95aa257138e,False
docs/handoff/BOUNCER_MODEL_MATRIX_2026-05-24.md,docs,docs_or_research,P2_diff_evidence_review,live_differs_from_snapshot_and_index,same_as_current_index,6c8a118079850340cb81f367a70d1cd0f3ee86b3,11025,1a514689995c790bc0be4a05e58e352b0717af7f,11025,6c8a118079850340cb81f367a70d1cd0f3ee86b3,False
docs/handoff/CONTAMINATION_DETECTION_UNIFIED_2026-05-26.md,docs,docs_or_research,P2_diff_evidence_review,live_differs_from_snapshot_and_index,same_as_current_index,ae47f0fa89efcc5674af1057d835beb4f596fadd,10763,ed2574ebbaaca90c5b59f143abf3f55a82fc653a,10763,ae47f0fa89efcc5674af1057d835beb4f596fadd,False
docs/handoff/ERNIE_SESSION05_NEXUS_FRONTIER_V4_SYNTHESIS_2026-05-25.md,docs,docs_or_research,P2_diff_evidence_review,live_differs_from_snapshot_and_index,same_as_current_index,51d798ca3525ca97b3e39398c34cf124ef98924f,11691,53171e0f0ebcae4c45becffe2f99a4b673ffe8a2,11691,51d798ca3525ca97b3e39398c34cf124ef98924f,False
docs/handoff/ERNIE_SESSION06_NEXUS_STRATEGY_SYNTHESIS_2026-05-25.md,docs,docs_or_research,P2_diff_evidence_review,live_differs_from_snapshot_and_index,same_as_current_index,d92dd1d30937df0b58be86d927433e195db30ef0,15378,e11ccd547d0f41c81690f66126d926beda699a3c,15378,d92dd1d30937df0b58be86d927433e195db30ef0,False
<redacted-sensitive-path:.md>,docs,sensitive_path,P0_sensitive_hold,live_matches_current_index_not_snapshot,different_from_current_index,8ae4f943fdac03818fa9c3a1df8fdc8b591a0c37,4414,35183c5bc5f0cb27a5c571bd08265eaf99aaee8e,4414,35183c5bc5f0cb27a5c571bd08265eaf99aaee8e,True
docs/handoff/GUARD_PLANE_V13_VERIFICATION_REPORT_2026-05-24.md,docs,docs_or_research,P2_diff_evidence_review,live_differs_from_snapshot_and_index,same_as_current_index,c1444adf04b6eeb97d5035e07b51a26cb6601396,7194,4c9412691cad99eb4be629dcc98aaf7476d63a70,7194,c1444adf04b6eeb97d5035e07b51a26cb6601396,False
docs/handoff/META_ATTACK_DETECTOR_V3_GAPS_2026-05-24.md,docs,docs_or_research,P2_diff_evidence_review,live_differs_from_snapshot_and_index,same_as_current_index,3f7c02c0a60ab6670dcfd3cc805b1a2226c7aca4,5284,59288beafbe6d31cea32ec013e54d0599c7e9646,5284,3f7c02c0a60ab6670dcfd3cc805b1a2226c7aca4,False
docs/handoff/MODEL_DEEP_DIVE_INTEL_DISTILLATION_2026-05-25.md,docs,docs_or_research,P2_diff_evidence_review,live_differs_from_snapshot_and_index,same_as_current_index,dc0f017e4dd23c547896ae90b5b122c6c95bc97c,18876,407c6ca997fddf1d06cd7d415099e8ec09670935,18876,dc0f017e4dd23c547896ae90b5b122c6c95bc97c,False
docs/handoff/OLLAMA_CLEANUP_RECOVERY_2026-05-25.md,docs,docs_or_research,P2_diff_evidence_review,live_differs_from_snapshot_and_index,same_as_current_index,262496f77d30968bac58946a88cf874738696f38,2825,58c9fa826002d321d45221f9a21c5af2e38cc01a,2825,262496f77d30968bac58946a88cf874738696f38,False
docs/handoff/P0_PHASE_COMPLETION.txt,docs,docs_or_research,P2_untracked_intake_review,byte_identical_to_snapshot,not_tracked_current_index,2eca35482f4f82cc1c9106ffc804939837c2efb9,7397,2eca35482f4f82cc1c9106ffc804939837c2efb9,7397,,False
docs/handoff/PAPERS02_SYNTHESIS_AND_ACTIONABLE_INSIGHTS_2026-05-26.md,docs,docs_or_research,P4_low_signal,live_matches_current_index_not_snapshot,different_from_current_index,35a6367430825b2b529bea138e741064f0a75eff,11831,57286387f7c6e4859614e69f5e9a0d0842c8be4a,11831,57286387f7c6e4859614e69f5e9a0d0842c8be4a,False
docs/handoff/RECOVERY_INTAKE_2026-06-05.md,docs,docs_or_research,P2_untracked_intake_review,byte_identical_to_snapshot,not_tracked_current_index,ea9f7148e4dc7c70675955b1bfd3adcd446ef502,6302,ea9f7148e4dc7c70675955b1bfd3adcd446ef502,6302,,False
docs/handoff/cline-agent-review.md,docs,docs_or_research,P2_untracked_intake_review,live_differs_from_snapshot_untracked,not_tracked_current_index,84abbd2ea69542512438c5d75414e560f3594736,9842,f41ae232666e6c13039b372e6efcd57ba982f412,9842,,False
docs/handoff/pdf_extracts/contamination_benchmark.txt,docs,docs_or_research,P4_low_signal,live_matches_current_index_not_snapshot,different_from_current_index,2b603b27025992a5cc431b0adbb6d2d8595d1d56,84561,e82b1cbda77e9efba015ae168a49076ab5eab815,84561,e82b1cbda77e9efba015ae168a49076ab5eab815,False
docs/handoff/pdf_extracts/contamination_generative.txt,docs,docs_or_research,P4_low_signal,live_matches_current_index_not_snapshot,different_from_current_index,bd2de5f21f2b36adcb088e63439d795838f0e49b,139375,b3416cb2705bf52871da5314c73240f65f1d2f7e,139375,b3416cb2705bf52871da5314c73240f65f1d2f7e,False
docs/handoff/pdf_extracts/dice.txt,docs,docs_or_research,P2_diff_evidence_review,live_differs_from_snapshot_and_index,same_as_current_index,717a3336e08ba46468f378dc1a9e93a065e6018c,39283,61deb121748d59ca62d8253b451ada6059cba1c4,39283,717a3336e08ba46468f378dc1a9e93a065e6018c,False
docs/handoff/pdf_extracts/merging.txt,docs,docs_or_research,P2_diff_evidence_review,live_differs_from_snapshot_and_index,same_as_current_index,5cc70d90174152d5382f249c3cf5535f0d4a3403,53496,5d843bcac1efb50fd04ba2d0f93ce0da79ec6027,53496,5cc70d90174152d5382f249c3cf5535f0d4a3403,False
docs/handoff/pdf_extracts/metasecalign.txt,docs,docs_or_research,P4_low_signal,live_matches_current_index_not_snapshot,different_from_current_index,f49c3fdfcc2349bc40633378b4b69f92fd75edc7,74865,be7930478f5e9185b41b639626e28fcf439e5c8f,74865,be7930478f5e9185b41b639626e28fcf439e5c8f,False
docs/handoff/pdf_extracts/multiturn_safety.txt,docs,docs_or_research,P4_low_signal,live_matches_current_index_not_snapshot,different_from_current_index,773b7c6797e4145830d51c872f96282dc251dce0,137003,2d82e103382fe981d76965ae8ff1bb6a302f0edb,137003,2d82e103382fe981d76965ae8ff1bb6a302f0edb,False
docs/handoff/pdf_extracts/redbench.txt,docs,docs_or_research,P4_low_signal,live_matches_current_index_not_snapshot,different_from_current_index,ac2a8d788f19415841a75c25d6aa4ec65e7e4925,109747,a6a9a4a6e0e28d58990b34b48b608886f760e11f,109747,a6a9a4a6e0e28d58990b34b48b608886f760e11f,False
docs/handoff/pdf_extracts/redteam_rewards.txt,docs,docs_or_research,P4_low_signal,live_matches_current_index_not_snapshot,different_from_current_index,5e1ed4ff0e553b46b891b21dc01c1a36f1440b84,84575,ee02a8775cc1dba7423e3b2472ef7d49cccadd01,84575,ee02a8775cc1dba7423e3b2472ef7d49cccadd01,False
docs/handoff/pdf_extracts/safety_at_scale.txt,docs,docs_or_research,P4_low_signal,live_matches_current_index_not_snapshot,different_from_current_index,ffee6b3a47cbf7a10a05bf192875108556bc495c,412781,d3570be132016a94b248161beec8465a0580a827,412781,d3570be132016a94b248161beec8465a0580a827,False
docs/handoff/pdf_extracts/shortcut_neuron.txt,docs,docs_or_research,P4_low_signal,live_matches_current_index_not_snapshot,different_from_current_index,fa402327fcc533a1629f73144402149940816774,50458,ff590e1c63c9e3efe147289589d2b1a24f95eea4,50458,ff590e1c63c9e3efe147289589d2b1a24f95eea4,False
docs/handoff/pdf_extracts/survey.txt,docs,docs_or_research,P2_diff_evidence_review,live_differs_from_snapshot_and_index,same_as_current_index,d8d3680a92a51f76a683ae826989c0186ff0ad4c,107667,79891c7b2a824632bcd66878b9a9a5cb903b2047,107667,d8d3680a92a51f76a683ae826989c0186ff0ad4c,False
docs/handoff/pdf_extracts/tree_of_attacks.txt,docs,docs_or_research,P4_low_signal,live_matches_current_index_not_snapshot,different_from_current_index,0f2d74862378570d6796e60de585b3f6c5a2e327,119840,79966d4311b33df5e12a75680dd213eea128ddec,119840,79966d4311b33df5e12a75680dd213eea128ddec,False
docs/handoff/pdf_extracts/trust_benchmarks.txt,docs,docs_or_research,P4_low_signal,live_matches_current_index_not_snapshot,different_from_current_index,6b1e54f21e9d649a1bc280be2ec1119033dffbdd,95513,0575c6c9d70fa8f9548a720ac460f760d8af52ea,95513,0575c6c9d70fa8f9548a720ac460f760d8af52ea,False
docs/handoff/recovery-intake-2026-06-05/SANITIZED_RAW_LOG_SUMMARIES.md,docs,docs_or_research,P2_untracked_intake_review,byte_identical_to_snapshot,not_tracked_current_index,de367d66df084d692f5dfe4b818ecfdc33f3cc6c,4822,de367d66df084d692f5dfe4b818ecfdc33f3cc6c,4822,,False
docs/handoff/recovery-intake-2026-06-05/curated/NEXUSCLAW_CORE_V0_EVIDENCE_MATRIX_2026-06-03.md,docs,docs_or_research,P2_untracked_intake_review,byte_identical_to_snapshot,not_tracked_current_index,c45c13dfde26b5268b54cd4a051df8c9147ad551,5690,c45c13dfde26b5268b54cd4a051df8c9147ad551,5690,,False
docs/handoff/recovery-intake-2026-06-05/curated/PLANcodex030626.md,docs,docs_or_research,P2_untracked_intake_review,byte_identical_to_snapshot,not_tracked_current_index,b3412b80a1355108ba551506955f7f16cea754c8,3842,b3412b80a1355108ba551506955f7f16cea754c8,3842,,False
docs/handoff/recovery-intake-2026-06-05/curated/Release_Notes_MetaSpark_Integration.md,docs,docs_or_research,P2_untracked_intake_review,byte_identical_to_snapshot,not_tracked_current_index,50aba705708b8cc1f09572bc2ead75aad29d988d,5680,50aba705708b8cc1f09572bc2ead75aad29d988d,5680,,False
docs/handoff/recovery-intake-2026-06-05/curated/implementation_plan15.md,docs,docs_or_research,P2_untracked_intake_review,live_differs_from_snapshot_untracked,not_tracked_current_index,97abd725d58241bab184a249dac3154bb99e5aca,3878,e23bc86c1ee0f09dc5fb212fcc6a5d4e01395440,3878,,False
docs/handoff/recovery-intake-2026-06-05/curated/implementation_plan16.md,docs,docs_or_research,P2_untracked_intake_review,byte_identical_to_snapshot,not_tracked_current_index,7fe5662278edfb9299d74d96b375fd0999a89279,4850,7fe5662278edfb9299d74d96b375fd0999a89279,4850,,False
docs/handoff/recovery-intake-2026-06-05/curated/nexus_os_architecture_upgrades_synthesis.md,docs,docs_or_research,P2_untracked_intake_review,byte_identical_to_snapshot,not_tracked_current_index,96e46d6536a265111cd00ca9574955023788fc98,8507,96e46d6536a265111cd00ca9574955023788fc98,8507,,False
docs/handoff/recovery-intake-2026-06-05/curated/supervisorJStext.txt,docs,docs_or_research,P2_untracked_intake_review,live_differs_from_snapshot_untracked,not_tracked_current_index,c8160c6d038a8bc1fe38eb44b591114b4d32d5c0,1532,e0086f06d54a5bf81a4b8ab308ec20b0e5ba67fa,1532,,False
docs/handoff/recovery-intake-2026-06-05/curated/test_archivist_integrity-metaPYtext.txt,docs,docs_or_research,P2_untracked_intake_review,live_differs_from_snapshot_untracked,not_tracked_current_index,337104dc0e76cb502c03bb2f2463f4b2596b5239,9681,b1c09e676393f06df42a3a6705023a2f44c87d35,9681,,False
docs/handoff/recovery-intake-2026-06-05/curated/walkthrough08.md,docs,docs_or_research,P2_untracked_intake_review,byte_identical_to_snapshot,not_tracked_current_index,413ba7abd3178d67fa6c98eae9cdf91875901730,5482,413ba7abd3178d67fa6c98eae9cdf91875901730,5482,,False
docs/operations/A2A_ZAPIER_MCP_INTEGRATION_ARCHITECTURE.md,docs,docs_or_research,P2_untracked_intake_review,live_differs_from_snapshot_untracked,not_tracked_current_index,81cbd1d532a85e6c8fde51386efd8304c50b2ad0,34240,087147bf9f90dc2c569a13d60c00979140022fee,34240,,False
docs/operations/AUTOMATION_AUDIT_2026-05-23.md,docs,docs_or_research,P2_untracked_intake_review,live_differs_from_snapshot_untracked,not_tracked_current_index,decfd39096717417d6cbb81950b1f45f80891069,6002,edd33dc0e093c2c5cf08c4a57f41dd8e388ca3dc,6002,,False
docs/operations/DEPLOYMENT_RUNBOOKS.md,docs,docs_or_research,P2_untracked_intake_review,live_differs_from_snapshot_untracked,not_tracked_current_index,44a000c94cb6f83b94580a48e194177a7ee5f60e,21656,0338b06806b8fec9a32c234924200d65b8facfee,21656,,False
docs/operations/FUSION_REALITY_CHECK.md,docs,docs_or_research,P2_untracked_intake_review,live_differs_from_snapshot_untracked,not_tracked_current_index,06fe9458f24a3916379f6f69f0026ebfaffa67fd,5839,a0f2a696a24b8db1adc9b346a06a7da85209207b,5839,,False
docs/operations/INTERN_AI_PROVIDER_BOOT_2026-06-03.md,docs,docs_or_research,P2_untracked_intake_review,live_differs_from_snapshot_untracked,not_tracked_current_index,7adc34143db91f3943a176c6d27336290540c7aa,6526,dde2b0902635a9a283e67ec7af5fcb3410a29c27,6526,,False
docs/operations/MCP_SETUP_GUIDE.md,docs,docs_or_research,P2_untracked_intake_review,live_differs_from_snapshot_untracked,not_tracked_current_index,4364f121e5e01e75fd07a443254fe977b582cefb,11444,2983d089cb7baf2bdebe840a3c8f8a0f7f2434aa,11444,,False
docs/operations/MIGRATION_STRATEGY_AZURE_TO_HYBRID.md,docs,docs_or_research,P2_untracked_intake_review,live_differs_from_snapshot_untracked,not_tracked_current_index,e632ad05d572bc41b669ca198b88d63e88a9633a,19755,a21cbd6ab9c7218e938014111f60c17508ff2de8,19755,,False
docs/operations/NEXUS_DOCKER_MCP_SET1_ROADMAP.md,docs,docs_or_research,P2_untracked_intake_review,live_differs_from_snapshot_untracked,not_tracked_current_index,9185b31e03131f9a712a1dbb595569777156ba92,5321,3b87ffe8323f9deacf837971f7dad7d4b0607954,5321,,False
docs/operations/NEXUS_TIDINESS_PROTOCOL.md,docs,docs_or_research,P2_untracked_intake_review,live_differs_from_snapshot_untracked,not_tracked_current_index,87ecec3f9350fa8084bf4b6772f7ecf6d9903d81,9251,ee571ab744062ddff59c731602fbbe0e13494b58,9251,,False
docs/operations/NEXUS_ZO_CLAW_INTEGRATION_PLAN.md,docs,docs_or_research,P2_untracked_intake_review,live_differs_from_snapshot_untracked,not_tracked_current_index,0cbcd21219d97de89c209b3b0da51d54a839d1a1,17334,bee06b0cc9f10c8db8675138e6dd379c0e1043f6,17334,,False
<redacted-sensitive-path:.md>,docs,sensitive_path,P0_sensitive_hold,live_differs_from_snapshot_untracked,not_tracked_current_index,6001fefb72c8a2e24b293fa85eac3c35fcd53fb0,10714,17078482b8a0f5e5b526d0221e0faf5ac088ee19,10714,,True
<redacted-sensitive-path:.md>,docs,sensitive_path,P0_sensitive_hold,live_differs_from_snapshot_untracked,not_tracked_current_index,e2c591ebd946a263e04322cafad27d683641b8b6,12537,260e8513ae566c3fc5ff9f1bac3477f911e5b665,12537,,True
docs/operations/PREMIUM_PROVIDER_LIVE_VALIDATION_2026-06-02.md,docs,docs_or_research,P2_untracked_intake_review,live_differs_from_snapshot_untracked,not_tracked_current_index,0d1a3353da5062d071b2875845acc291666738b9,4930,9d850a0689d813178318477855b6c1702236ba67,4930,,False
docs/operations/SLACK_BOT_SETUP.md,docs,docs_or_research,P2_untracked_intake_review,live_differs_from_snapshot_untracked,not_tracked_current_index,082f276df084a27e227dbce31696be0bbc33c0b6,8243,b3b5cdcea0bbc2186049e702a0345cdaf86962b2,8243,,False
docs/operations/ZO_24_7_PROVIDER_BACKUP_PLAN_2026-05-24.md,docs,docs_or_research,P2_untracked_intake_review,live_differs_from_snapshot_untracked,not_tracked_current_index,ff900c0d46aeac2c7f63d712d0acbc64cf3adb85,7547,a7957b42018b2005b30e448b0f50d6eea132f832,7547,,False
docs/operations/ZO_AUTOMATION_REGISTRY.md,docs,docs_or_research,P2_untracked_intake_review,live_differs_from_snapshot_untracked,not_tracked_current_index,901a1602dfd9b0d7d11a57dadbbd1ed794f9766a,3903,99df550440a5140eb6e937700e1b2e751655eeaf,3903,,False
<redacted-sensitive-path:.md>,docs,sensitive_path,P0_sensitive_hold,live_differs_from_snapshot_untracked,not_tracked_current_index,576e0e5efda7eadd318d82a2f07380a510449bc5,2171,fbeacb958e1c9a4ac57b96edc49b8f3df71100bf,2171,,True
docs/research/ANCHORED_SUMMARY_2026-06-03.md,docs,docs_or_research,P2_untracked_intake_review,live_differs_from_snapshot_untracked,not_tracked_current_index,cc6864b63253d102b3895935786ac301af8dff14,8914,36f254d997714fe84b380fb04adec7f3a92203bb,8914,,False
docs/research/BENCHMARK_TRUST_REGISTRY.md,docs,docs_or_research,P2_untracked_intake_review,live_differs_from_snapshot_untracked,not_tracked_current_index,2c9c7e010f3aded8343195bb864b788bd040d76a,7533,51384550748c6ef711d85691540753fd9d1e0ab9,7533,,False
docs/research/BOUNCER_MODEL_MATRIX_2026-05-24.md,docs,docs_or_research,P2_untracked_intake_review,live_differs_from_snapshot_untracked,not_tracked_current_index,a465261a32f3d961db45adc0eb46c65dc6dcd668,11342,ae13b726ac3cd3550f92d890837e37803dec73fa,11342,,False
docs/research/BOUNCER_RP_MODEL_ANALYSIS_2026-05-22.md,docs,docs_or_research,P2_untracked_intake_review,live_differs_from_snapshot_untracked,not_tracked_current_index,6dd9c95a993e6690baa8fde86b7adcc7f9b1bf96,6694,25fee62698cb9fbbed1b02a1c4ead46332251387,6694,,False
docs/research/CONTAMINATION_DETECTION_UNIFIED_2026-05-26.md,docs,docs_or_research,P2_untracked_intake_review,live_differs_from_snapshot_untracked,not_tracked_current_index,120f4ed7095a14d8b5b3b9ea14ecbb4d9a8dfa53,11091,60bee7f9b67bd623f47f8fa3f7ed6ac184664f01,11091,,False
docs/research/DELETED_MODELS_THEORETICAL_INVENTORY.md,docs,docs_or_research,P2_untracked_intake_review,live_differs_from_snapshot_untracked,not_tracked_current_index,fd7e832bd1612d16fe4f88c3e81f99844f621528,11593,52e4b26bde3f97b65bd1b83432f064d992caf93b,11593,,False
docs/research/ERNIE_SESSION02_DEEP_ANALYSIS_2026-05-23.md,docs,docs_or_research,P2_untracked_intake_review,live_differs_from_snapshot_untracked,not_tracked_current_index,fc26f734986c31e5f9c6f4815d90e633bc7e1930,19163,30c24472e1a62405b76c6e2df02f87baa83674f4,19163,,False
docs/research/ERNIE_SESSION05_NEXUS_FRONTIER_V4_SYNTHESIS_2026-05-25.md,docs,docs_or_research,P2_untracked_intake_review,live_differs_from_snapshot_untracked,not_tracked_current_index,77532846e3b207f6d24c02a65b4d205af25fa284,12031,c6f8dd38ba19c23fd5443b8b40f00d8481053e39,12031,,False
docs/research/ERNIE_SESSION06_NEXUS_STRATEGY_SYNTHESIS_2026-05-25.md,docs,docs_or_research,P2_untracked_intake_review,live_differs_from_snapshot_untracked,not_tracked_current_index,c88404288409ef8aee5d4fdfe7ab150583718b32,15715,ee32663e23c99910d15d14101cc5fa42dd7ecf59,15715,,False
<redacted-sensitive-path:.md>,docs,sensitive_path,P0_sensitive_hold,live_differs_from_snapshot_untracked,not_tracked_current_index,dbe03b66be530790ad9e786350015218c1d67789,13382,56635b88bb11b71a0ef01a01e14b00134d02e748,13382,,True
docs/research/GROUNDING_SYNTHESIS_2026-06-02.md,docs,docs_or_research,P2_untracked_intake_review,live_differs_from_snapshot_untracked,not_tracked_current_index,71c4898d4960af673731b6ec85736bf2213ca57e,28179,14de42dc6a4c3cf1246c88980d041535e18a8ce8,28179,,False
docs/research/GUARD_MODEL_COMBINATION_REPORT_2026-05-24.md,docs,docs_or_research,P2_untracked_intake_review,live_differs_from_snapshot_untracked,not_tracked_current_index,c6ff84f6b119b11ef8f31b98a1cd4c7a030a1591,4975,5b38d28d90b7487aea2d45437155e48543922e43,4975,,False
docs/research/IMPLEMENTATION_UPGRADE_RECOMMENDATIONS.md,docs,docs_or_research,P2_untracked_intake_review,live_differs_from_snapshot_untracked,not_tracked_current_index,90394de541e0e89f61db8d36be82128b49d1a778,26851,b9f1eb416477beb21741caed940a965e52f4e03a,26851,,False
docs/research/INSPIRATION.md,docs,docs_or_research,P2_untracked_intake_review,live_differs_from_snapshot_untracked,not_tracked_current_index,a2226f9072fe0414050a8174f5a4c7ef6716b7a8,5059,058ca114c4e68ce0d7f9c8944436eb7be507171f,5059,,False
docs/research/MCP_SECURITY_PAPERS_2026-05-20.md,docs,docs_or_research,P2_untracked_intake_review,live_differs_from_snapshot_untracked,not_tracked_current_index,915287a6e3610448ed7fc98fab84c1344f2cb89e,12361,70c1fe0ab98b69916e3dc6d46edafcd711a04877,12361,,False
docs/research/MERGE_STRATEGY_DEEP_DIVE_2026-05-22.md,docs,docs_or_research,P2_untracked_intake_review,live_differs_from_snapshot_untracked,not_tracked_current_index,4734590fc93e745c093846e3110c73af011f141a,20229,afe5782e01f8daf5b437fbd9d553be3ffe2982f4,20229,,False
docs/research/MODEL_DEEP_DIVE_DISTILLATION_2026-05-25.md,docs,docs_or_research,P2_untracked_intake_review,live_differs_from_snapshot_untracked,not_tracked_current_index,4550ecb8900e2fa0f24c7067b4e68972ba8c4ac7,14198,5cacd1e211cf7d233bb6692349a7639380943bb6,14198,,False
docs/research/MODEL_SWEEP_REPORT_2026-05-24.md,docs,docs_or_research,P2_untracked_intake_review,live_differs_from_snapshot_untracked,not_tracked_current_index,30bceedbdadccdf23707b30f49040732a100cd76,6140,51ac3f6020e85de97779c5830b922f19f2ee0cc7,6140,,False
docs/research/NEXUSCLAW_CORE_V0_EVIDENCE_MATRIX_2026-06-03.md,docs,docs_or_research,P2_untracked_intake_review,live_differs_from_snapshot_untracked,not_tracked_current_index,128f88dfd5680cea849fdb15072e2bd94d66f5d1,6064,b34a805220136b4705e986fd802c8cedd5fbd095,6064,,False
docs/research/NEXUSCLAW_DESIGN.md,docs,docs_or_research,P2_untracked_intake_review,live_differs_from_snapshot_untracked,not_tracked_current_index,c9c6731a35ae3a9a1b69d71e96eae20d4a3b7a30,20837,0a7af9fafc48d1696b64a46bdff712a91e07dccc,20837,,False
docs/research/NEXUS_CONNECTIVITY_REPORT.md,docs,docs_or_research,P2_untracked_intake_review,live_differs_from_snapshot_untracked,not_tracked_current_index,cd0c4d2380534a2207fafabe82760e6cc202e733,4536,9a5495cf263214d04f091236e21d5fc41e706274,4536,,False
docs/research/NEXUS_DOCKER_MCP_SET1_ANALYSIS.md,docs,docs_or_research,P2_untracked_intake_review,live_differs_from_snapshot_untracked,not_tracked_current_index,34a85112122aa45d97afb3cd166b91fad56d5d84,13003,b6d064d8fe613be81b4dad0ea76e91a1c40e69bc,13003,,False
docs/research/NEXUS_SET2_TESTED_INTEGRATION_TESTS.md,docs,docs_or_research,P2_untracked_intake_review,live_differs_from_snapshot_untracked,not_tracked_current_index,ad2d4f097fde88ec1f6a74493912027312025827,17368,6b62359b70c8fe0f730f6c16e74d4e58e2eae415,17368,,False
docs/research/NEXUS_SET2_TESTED_MCP_SELECTION.md,docs,docs_or_research,P2_untracked_intake_review,live_differs_from_snapshot_untracked,not_tracked_current_index,8afcde9baf9910ce2d42bb9e71ed8244504a6ac6,24542,5fbc701be103b14a37c9d005f9f8ac62fc5b56ed,24542,,False
docs/research/OPTIMAL_LOCAL_MULTI_MODEL_SERVING_2026-05-26.md,docs,docs_or_research,P4_low_signal,live_matches_current_index_not_snapshot,different_from_current_index,078e6449e8aa900cf609cff54f376b9ce0e0cad1,8931,0d8a338a1f2bcfe504457a26d49c2e88c0885dbf,8931,0d8a338a1f2bcfe504457a26d49c2e88c0885dbf,False
docs/research/PAPERS02_SYNTHESIS_AND_ACTIONABLE_INSIGHTS_2026-05-26.md,docs,docs_or_research,P2_untracked_intake_review,live_differs_from_snapshot_untracked,not_tracked_current_index,ec977c69fabe3d99b99caa478965ab29dae70bf9,12170,6d925607c7333b8d0656068afd625f31f5e6dc20,12170,,False
docs/research/RP_MODEL_BOUNCER_BENCHMARK_V2_2026-05-23.md,docs,docs_or_research,P2_untracked_intake_review,live_differs_from_snapshot_untracked,not_tracked_current_index,1bb4566b6f1c988792f8218e7ae0fdc8ae6b87f8,11511,32d11f634a6f928160387a28561688761a11105d,11511,,False
docs/research/SOURCE_ANALYSIS_FINAL_SUMMARY.md,docs,docs_or_research,P2_untracked_intake_review,live_differs_from_snapshot_untracked,not_tracked_current_index,a28edb350945b6d2662c3712811f99367b3ed11d,9816,70a7a48299cc552d1281b42f7fc210c0ea35496a,9816,,False
docs/research/STRESS_LAB_DATASET_ROADMAP_2026-05-22.md,docs,docs_or_research,P2_untracked_intake_review,live_differs_from_snapshot_untracked,not_tracked_current_index,ad46bb181545307252473a7914e3655a2879119a,16537,2947399fb92ed0bbfeae51031791bc4fbc53de0b,16537,,False
docs/research/cline-agent-analysis.md,docs,docs_or_research,P2_untracked_intake_review,live_differs_from_snapshot_untracked,not_tracked_current_index,317a5e8118ac959fd0e42db05a2d15a6f1cc1def,6599,3e4fcabe374674b4419640570b7048b45f60c15e,6599,,False
docs/research/codex-agent-patterns.md,docs,docs_or_research,P2_untracked_intake_review,live_differs_from_snapshot_untracked,not_tracked_current_index,62c35d346b66f85327ebdd745f9005bad82e3d70,8376,136361e870b6c4f330b69b31990178e99dfbca7b,8376,,False
docs/research/compression_merge_ft_approaches.md,docs,docs_or_research,P2_untracked_intake_review,live_differs_from_snapshot_untracked,not_tracked_current_index,f274a9787f07d57d30834576c65159a89b12b6e5,27443,77205d97fde8415fe63df3e6dac40ee95024d3ab,27443,,False
docs/research/model_analysis_and_guarding_strategies.md,docs,docs_or_research,P2_untracked_intake_review,live_differs_from_snapshot_untracked,not_tracked_current_index,247615e946078169f517bdd621b60a851f5bb253,17697,68f69445abcfb7ee9837e3685c1a2136a1023ce8,17697,,False
docs/research/paper_extracts/contamination_benchmark.txt,docs,docs_or_research,P2_untracked_intake_review,live_differs_from_snapshot_untracked,not_tracked_current_index,2b603b27025992a5cc431b0adbb6d2d8595d1d56,84561,e82b1cbda77e9efba015ae168a49076ab5eab815,84561,,False
docs/research/paper_extracts/contamination_generative.txt,docs,docs_or_research,P2_untracked_intake_review,live_differs_from_snapshot_untracked,not_tracked_current_index,bd2de5f21f2b36adcb088e63439d795838f0e49b,139375,b3416cb2705bf52871da5314c73240f65f1d2f7e,139375,,False
docs/research/paper_extracts/dice.txt,docs,docs_or_research,P2_untracked_intake_review,live_differs_from_snapshot_untracked,not_tracked_current_index,717a3336e08ba46468f378dc1a9e93a065e6018c,39283,61deb121748d59ca62d8253b451ada6059cba1c4,39283,,False
docs/research/paper_extracts/merging.txt,docs,docs_or_research,P2_untracked_intake_review,live_differs_from_snapshot_untracked,not_tracked_current_index,5cc70d90174152d5382f249c3cf5535f0d4a3403,53496,5d843bcac1efb50fd04ba2d0f93ce0da79ec6027,53496,,False
docs/research/paper_extracts/metasecalign.txt,docs,docs_or_research,P2_untracked_intake_review,live_differs_from_snapshot_untracked,not_tracked_current_index,f49c3fdfcc2349bc40633378b4b69f92fd75edc7,74865,be7930478f5e9185b41b639626e28fcf439e5c8f,74865,,False
docs/research/paper_extracts/multiturn_safety.txt,docs,docs_or_research,P2_untracked_intake_review,live_differs_from_snapshot_untracked,not_tracked_current_index,773b7c6797e4145830d51c872f96282dc251dce0,137003,2d82e103382fe981d76965ae8ff1bb6a302f0edb,137003,,False
docs/research/paper_extracts/redbench.txt,docs,docs_or_research,P2_untracked_intake_review,live_differs_from_snapshot_untracked,not_tracked_current_index,ac2a8d788f19415841a75c25d6aa4ec65e7e4925,109747,a6a9a4a6e0e28d58990b34b48b608886f760e11f,109747,,False
docs/research/paper_extracts/redteam_rewards.txt,docs,docs_or_research,P2_untracked_intake_review,live_differs_from_snapshot_untracked,not_tracked_current_index,5e1ed4ff0e553b46b891b21dc01c1a36f1440b84,84575,ee02a8775cc1dba7423e3b2472ef7d49cccadd01,84575,,False
docs/research/paper_extracts/safety_at_scale.txt,docs,docs_or_research,P2_untracked_intake_review,live_differs_from_snapshot_untracked,not_tracked_current_index,ffee6b3a47cbf7a10a05bf192875108556bc495c,412781,d3570be132016a94b248161beec8465a0580a827,412781,,False
docs/research/paper_extracts/shortcut_neuron.txt,docs,docs_or_research,P2_untracked_intake_review,live_differs_from_snapshot_untracked,not_tracked_current_index,fa402327fcc533a1629f73144402149940816774,50458,ff590e1c63c9e3efe147289589d2b1a24f95eea4,50458,,False
docs/research/paper_extracts/survey.txt,docs,docs_or_research,P2_untracked_intake_review,live_differs_from_snapshot_untracked,not_tracked_current_index,d8d3680a92a51f76a683ae826989c0186ff0ad4c,107667,79891c7b2a824632bcd66878b9a9a5cb903b2047,107667,,False
docs/research/paper_extracts/tree_of_attacks.txt,docs,docs_or_research,P2_untracked_intake_review,live_differs_from_snapshot_untracked,not_tracked_current_index,0f2d74862378570d6796e60de585b3f6c5a2e327,119840,79966d4311b33df5e12a75680dd213eea128ddec,119840,,False
docs/research/paper_extracts/trust_benchmarks.txt,docs,docs_or_research,P2_untracked_intake_review,live_differs_from_snapshot_untracked,not_tracked_current_index,6b1e54f21e9d649a1bc280be2ec1119033dffbdd,95513,0575c6c9d70fa8f9548a720ac460f760d8af52ea,95513,,False
docs/reviews/DATASET_EXPANSION_COMPLETION_REPORT.md,docs,docs_or_research,P2_untracked_intake_review,live_differs_from_snapshot_untracked,not_tracked_current_index,0f60680445b830312b7eb803f8e5733df48281b8,11035,993cccc383ea409f5acf7b9b771ddb57a9918a74,11035,,False
docs/reviews/NEXUS_OS_STATUS_REPORT.md,docs,docs_or_research,P2_untracked_intake_review,live_differs_from_snapshot_untracked,not_tracked_current_index,092962401238091351ee8877bcb93e7ac5555f4c,44253,d712b2b377b51b147f9027bc8bd15262b6bea860,44253,,False
docs/reviews/SYSTEM_AUDIT_REPORT_2026-05-29.md,docs,docs_or_research,P2_untracked_intake_review,live_differs_from_snapshot_untracked,not_tracked_current_index,349d9edb3cef19dbb59f8a3e19431a7610e54697,9470,ccc407d70f56ad4cb6b904f268ea2d92b256084e,9470,,False
docs/security/ANTIGRAVITY_CLAIMS_VERIFICATION_2026-05-24.md,docs,docs_or_research,P2_untracked_intake_review,live_differs_from_snapshot_untracked,not_tracked_current_index,04fb6d789e300197cc52fb85982e76621768f083,8190,dbdffb89d6730411d4edbbc42a1ea752e7b2ffe3,8190,,False
<redacted-sensitive-path:.md>,docs,sensitive_path,P0_sensitive_hold,live_differs_from_snapshot_untracked,not_tracked_current_index,2023dd2e84090e5a732b427aec11c5a6974f2287,10737,cbdda8f3c24ce3ca5e1a6d1c2aaaae7751117a98,10737,,True
docs/security/DOPPELGROUND_GITLEAKS_FALSE_POSITIVE_TRIAGE_2026-05-26.md,docs,docs_or_research,P2_untracked_intake_review,live_differs_from_snapshot_untracked,not_tracked_current_index,7f0a6d8e048be210019e3f086c1aca3a85a1ae66,3024,7c88f11449feb88f8e2a53a3d903c9ad7570093c,3024,,False
docs/security/ERNIE_FORENSIC_COMPUTATIONAL_AUDIT.md,docs,docs_or_research,P2_untracked_intake_review,live_differs_from_snapshot_untracked,not_tracked_current_index,b4eddd6387246e8c7329c9e2028e9b15e9ffe938,6909,1588613e9879f5350ca6cb6cc0ce02522d211a26,6909,,False
docs/security/ERNIE_SECURITY_REMEDIATION_REPORT_2026-05-23.md,docs,docs_or_research,P2_untracked_intake_review,live_differs_from_snapshot_untracked,not_tracked_current_index,14614a8c73ba32a4879f192ba47790cd955e096e,11205,5ab5adc207786a103df2d84fd1c92df211a69e70,11205,,False
docs/security/ERNIE_SUPREMACY_INVESTIGATION_REPORT_2026-05-22.md,docs,docs_or_research,P2_untracked_intake_review,live_differs_from_snapshot_untracked,not_tracked_current_index,16e2a2a35274f4f2467c38ec1b63470c543036c7,11404,d4c647f42ae89a5b93b4d319edd7632c93f32108,11404,,False
<redacted-sensitive-path:.md>,docs,sensitive_path,P0_sensitive_hold,live_differs_from_snapshot_untracked,not_tracked_current_index,682b775281fa7223b91dd5e781a8fb5ca2eb81de,10911,28f70987d957ea91aa32ebb388ead911c352a244,10911,,True
<redacted-sensitive-path:.md>,docs,sensitive_path,P0_sensitive_hold,live_differs_from_snapshot_untracked,not_tracked_current_index,26bb25241dd5366dada84a24415e226ce5d9342f,4752,995561ae58ddba1d9954146d81e56167997963ff,4752,,True
docs/security/GUARD_PLANE_V7_VERIFICATION_REPORT_2026-06-02.md,docs,docs_or_research,P2_untracked_intake_review,live_differs_from_snapshot_untracked,not_tracked_current_index,b3da6ca00aeb436d3d0957d5ae7926c4e36586f8,6446,9f7c5b7524d1061366520b3ff3b522537b34f3e4,6446,,False
docs/security/META_ATTACK_DETECTOR_V3_GAPS_2026-05-24.md,docs,docs_or_research,P2_untracked_intake_review,live_differs_from_snapshot_untracked,not_tracked_current_index,4e598937be48b4636b848240dd4b20568ca540d4,5609,92b73c687a4bda3940659ff1b72b91e70004447c,5609,,False
<redacted-sensitive-path:.md>,docs,sensitive_path,P0_sensitive_hold,live_differs_from_snapshot_untracked,not_tracked_current_index,2e19c3dd528278a14a8a4f8d5d32f2311a66902c,3168,d889b8cb4d1736cbba8922f901ef4d14628528b6,3168,,True
docs/security/SHAREGPT_FORMAXXING_INTEGRATION_COMPLETE.md,docs,docs_or_research,P2_untracked_intake_review,byte_identical_to_snapshot,not_tracked_current_index,39f28a0f7aebf1c111c5892246085b65b2a4cb19,15940,39f28a0f7aebf1c111c5892246085b65b2a4cb19,15940,,False
docs/security/UPGRADED_INTELLIGENCE_PLAN_2026-05-23.md,docs,docs_or_research,P2_untracked_intake_review,live_differs_from_snapshot_untracked,not_tracked_current_index,fea6a0b93971ba6554b1bbebc61be978c26421ee,4904,78cc26f0c7920568ec094158bcb9fdc7f0cb50e2,4904,,False
docs/wiki/README.md,docs,docs_or_research,P2_untracked_intake_review,live_differs_from_snapshot_untracked,not_tracked_current_index,e47c4712e93928ce8df58d45870b5acd59afbfca,1419,10f4b2820796cf02d921d9e5fbf358732b9ce11d,1419,,False
docs/wiki/briefs/.gitkeep,docs,docs_or_research,P2_untracked_intake_review,byte_identical_to_snapshot,not_tracked_current_index,8b137891791fe96927ad78e64b0aad7bded08bdc,1,8b137891791fe96927ad78e64b0aad7bded08bdc,1,,False
docs/wiki/briefs/ASMRtempLLM_brief.md,docs,docs_or_research,P2_untracked_intake_review,byte_identical_to_snapshot,not_tracked_current_index,909b54c76efcfd5544222f7612809da1ed1d4a8d,2096,909b54c76efcfd5544222f7612809da1ed1d4a8d,2096,,False
docs/wiki/briefs/DARWINflow_brief.md,docs,docs_or_research,P2_untracked_intake_review,byte_identical_to_snapshot,not_tracked_current_index,36236f7cf9fa2c9bae07924a6028d001119eec44,2096,36236f7cf9fa2c9bae07924a6028d001119eec44,2096,,False
docs/wiki/briefs/DIGITALTWINAI_HUMAN_brief.md,docs,docs_or_research,P2_untracked_intake_review,byte_identical_to_snapshot,not_tracked_current_index,e23a1f0a70cdf954dae71a0129636fff306ac104,4185,e23a1f0a70cdf954dae71a0129636fff306ac104,4185,,False
docs/wiki/briefs/DigitalTwinAI-human_brief.md,docs,docs_or_research,P2_untracked_intake_review,live_differs_from_snapshot_untracked,not_tracked_current_index,c12e9eb55b23dd4c2c8d51e12b9778a778e8704f,11158,eb20151e7c57c6196845e679eeb42eb7122aa0fe,11158,,False
docs/wiki/briefs/Distribution_brief.md,docs,docs_or_research,P2_untracked_intake_review,live_differs_from_snapshot_untracked,not_tracked_current_index,fc2d3c1cb7a581ac78964c65f05bef766881c34d,11082,512e4127f0061f8b676c196ec149b85b54fa8971,11082,,False
docs/wiki/briefs/Framework_brief.md,docs,docs_or_research,P2_untracked_intake_review,live_differs_from_snapshot_untracked,not_tracked_current_index,fafd3c0e92169d964cb7a23a0564b4fbd9716ca1,8873,47a879c709fc70773c1c1531ffe8ff76f07fe2c0,8873,,False
docs/wiki/briefs/HERMESnewSTORE_brief.md,docs,docs_or_research,P2_untracked_intake_review,live_differs_from_snapshot_untracked,not_tracked_current_index,775120a2dae172bb631f939c863f8fe2f6e66833,794,c016c59385df298682c6e9b551ff50b4a537c3e1,794,,False
docs/wiki/briefs/LLMdevHallicReasons_brief.md,docs,docs_or_research,P2_untracked_intake_review,byte_identical_to_snapshot,not_tracked_current_index,05608c93a1c9f53d027c3575e61ea9ab7069d3f8,2096,05608c93a1c9f53d027c3575e61ea9ab7069d3f8,2096,,False
docs/wiki/briefs/PFMbasicschema_brief.md,docs,docs_or_research,P2_untracked_intake_review,live_differs_from_snapshot_untracked,not_tracked_current_index,146fe84b63198faab9ce4c95571ba0b6dec1d897,8899,46933b1681450a28f9da1ba044141d8f43a54c69,8899,,False
docs/wiki/briefs/QUixOScompetitorschemeflow_brief.md,docs,docs_or_research,P2_untracked_intake_review,live_differs_from_snapshot_untracked,not_tracked_current_index,5a4e25f4638be228191a2b8f2aea6299c3e08b03,10062,abcad8c939eb9be571358c1b368c7bdcabd738d8,10062,,False
docs/wiki/briefs/SCIflow_brief.md,docs,docs_or_research,P2_untracked_intake_review,byte_identical_to_snapshot,not_tracked_current_index,af0fd0a2bf8c03b49f3171a6cb1d986466a36306,2096,af0fd0a2bf8c03b49f3171a6cb1d986466a36306,2096,,False
docs/wiki/briefs/SLMworkflow_brief.md,docs,docs_or_research,P2_untracked_intake_review,live_differs_from_snapshot_untracked,not_tracked_current_index,4b6525a08374b4fcc3d919df3cee3f476a7d385c,9485,2f33292900d8259514fe05084e8042a31902d129,9485,,False
docs/wiki/briefs/SLMworkflowinference_brief.md,docs,docs_or_research,P2_untracked_intake_review,live_differs_from_snapshot_untracked,not_tracked_current_index,d7a4f7dcdcb59805205e42933cc804e811ca5905,9262,1fef25ac367f2e588a49bb98953116d5de5ef3ce,9262,,False
docs/wiki/briefs/Visual ID workflow_brief.md,docs,docs_or_research,P2_untracked_intake_review,live_differs_from_snapshot_untracked,not_tracked_current_index,cab47a5c2e1bcc3fb704adb765e0f90b98ceaa02,818,aa925f4bb48f8e63b0697199a5327d2b080a4cf3,818,,False
docs/wiki/briefs/agentHARNESS_brief.md,docs,docs_or_research,P2_untracked_intake_review,byte_identical_to_snapshot,not_tracked_current_index,63a24a57e1c8b5a6a1cd92ba7d40316862fade23,4182,63a24a57e1c8b5a6a1cd92ba7d40316862fade23,4182,,False
docs/wiki/briefs/data_analysis_survey_v2_brief.md,docs,docs_or_research,P2_untracked_intake_review,live_differs_from_snapshot_untracked,not_tracked_current_index,90f44e89cfbd1748ce57cc67cd7f24dde799f7bc,9912,d87a0ab92f01776e01a653930cecdaeb40725640,9912,,False
docs/wiki/briefs/evoDivAgenticWorkflow_brief.md,docs,docs_or_research,P2_untracked_intake_review,live_differs_from_snapshot_untracked,not_tracked_current_index,44a22e1b517f16b374f0bf754b7c503d87d945b9,10608,390bd09654c2d00a34da07a87151749799b95d14,10608,,False
docs/wiki/briefs/iaas_overview_v2_brief.md,docs,docs_or_research,P2_untracked_intake_review,live_differs_from_snapshot_untracked,not_tracked_current_index,cc5f9c43fa3fe91c4522b8c92a172cac87bc1cdc,9747,ce6127cc23c702d70ba6a52b9a9330d756b07139,9747,,False
docs/wiki/briefs/llm_data_preparation_survey_overview_brief.md,docs,docs_or_research,P2_untracked_intake_review,live_differs_from_snapshot_untracked,not_tracked_current_index,ff59934feb38713008f5da3877d9aaca7c3f5fbd,926,8c639e29f5704bb65aec751825832a47ebfdb296,926,,False
docs/wiki/briefs/method_pic_brief.md,docs,docs_or_research,P2_untracked_intake_review,live_differs_from_snapshot_untracked,not_tracked_current_index,c2bcc5991becb54042b3f14192c6ee870c43e967,9539,2d39744f239d00132a5cdd0e7299583c55633214,9539,,False
docs/wiki/briefs/oldSLMexampletable_brief.md,docs,docs_or_research,P2_untracked_intake_review,live_differs_from_snapshot_untracked,not_tracked_current_index,145025d636f2c602c596cacb07e15e3eb2c15ad9,9316,1f852d51edac13a77d49e5eda963dee9dc55fd74,9316,,False
docs/wiki/briefs/recurring-LLM_MAS_brief.md,docs,docs_or_research,P2_untracked_intake_review,byte_identical_to_snapshot,not_tracked_current_index,92199c6fd12bddc5a2bdadf15387916cf7c3e41e,2096,92199c6fd12bddc5a2bdadf15387916cf7c3e41e,2096,,False
docs/wiki/briefs/workflowIMGtest1_brief.md,docs,docs_or_research,P2_untracked_intake_review,byte_identical_to_snapshot,not_tracked_current_index,18a9b3e84263742e371b570be04603304c384229,1305,18a9b3e84263742e371b570be04603304c384229,1305,,False
docs/wiki/briefs/{id_str}_brief.md,docs,docs_or_research,P2_untracked_intake_review,live_differs_from_snapshot_untracked,not_tracked_current_index,a711298a8bfd970e626335b1c548c90c58f0090f,4235,7e18a517ab7d5bba1552babc49272edc19de7e37,4235,,False
"docs/wiki/briefs/{stem.upper().replace('-',_brief.md",docs,docs_or_research,P2_untracked_intake_review,live_differs_from_snapshot_untracked,not_tracked_current_index,ba38641c502ba67cbdc56ce73015fc3dfa6982b9,2095,8f22c5d0bd5ab2897e3f5829faa3ec4f87050664,2095,,False
docs/wiki/drafts/.gitkeep,docs,docs_or_research,P2_untracked_intake_review,byte_identical_to_snapshot,not_tracked_current_index,8b137891791fe96927ad78e64b0aad7bded08bdc,1,8b137891791fe96927ad78e64b0aad7bded08bdc,1,,False
docs/wiki/graph/.gitkeep,docs,docs_or_research,P2_untracked_intake_review,byte_identical_to_snapshot,not_tracked_current_index,8b137891791fe96927ad78e64b0aad7bded08bdc,1,8b137891791fe96927ad78e64b0aad7bded08bdc,1,,False
docs/wiki/graph/archivist_audit.json,docs,docs_or_research,P2_untracked_intake_review,byte_identical_to_snapshot,not_tracked_current_index,790474bdd03ac6303899f3a4f65c246b8f8765de,88351,790474bdd03ac6303899f3a4f65c246b8f8765de,88351,,False
docs/wiki/graph/nexusctl_wiki_check_2026-05-26.json,docs,docs_or_research,P2_untracked_intake_review,live_differs_from_snapshot_untracked,not_tracked_current_index,e48b50e569b3d2de7ba463b9955741675db9d63a,281,b04d413430a8fa3231f4355bc547ce4ec639182c,281,,False
docs/wiki/graph/reviewground_wiki_check_2026-05-26.json,docs,docs_or_research,P2_untracked_intake_review,live_differs_from_snapshot_untracked,not_tracked_current_index,509e356bfbd1a7fa49c817ed351f27f1d0a57fae,194,06578799ca974f3971a132724a2293cd79cd1e87,194,,False
docs/wiki/obsidian/.gitkeep,docs,docs_or_research,P2_untracked_intake_review,byte_identical_to_snapshot,not_tracked_current_index,8b137891791fe96927ad78e64b0aad7bded08bdc,1,8b137891791fe96927ad78e64b0aad7bded08bdc,1,,False
docs/wiki/published/.gitkeep,docs,docs_or_research,P2_untracked_intake_review,byte_identical_to_snapshot,not_tracked_current_index,8b137891791fe96927ad78e64b0aad7bded08bdc,1,8b137891791fe96927ad78e64b0aad7bded08bdc,1,,False
docs/wiki/raw/.gitkeep,docs,docs_or_research,P2_untracked_intake_review,byte_identical_to_snapshot,not_tracked_current_index,8b137891791fe96927ad78e64b0aad7bded08bdc,1,8b137891791fe96927ad78e64b0aad7bded08bdc,1,,False
evidence/gross_live_29456/20260528_001054/CODEX_CROSS_STREAM_INTEL.md,evidence,docs_or_research,P2_untracked_intake_review,live_differs_from_snapshot_untracked,not_tracked_current_index,5ea3e268737aa838dcd6512ff44053ecc44f5b0e,3790,e657f2976649abd27c67d316835dc41f41c2f9e1,3790,,False
evidence/gross_live_29456/20260528_001054/LIVE_OBSERVATION_SUMMARY.md,evidence,docs_or_research,P2_untracked_intake_review,live_differs_from_snapshot_untracked,not_tracked_current_index,305f7dcf033790e5fc7f931c08c13ccb4699698e,2810,916ff4d092fe4f26ed5f15f52dbb450b9996ec84,2810,,False
evidence/gross_live_29456/20260528_001054/chain.jsonl,evidence,data_or_benchmark,P2_untracked_intake_review,live_differs_from_snapshot_untracked,not_tracked_current_index,9fe784946f802c0569bf97c75c0078ed05fb03ad,232,3ee91fa472677936d2ead2b296fda36d94540114,232,,False
evidence/gross_live_29456/20260528_001054/layer1_parent_details.json,evidence,data_or_benchmark,P2_untracked_intake_review,live_differs_from_snapshot_untracked,not_tracked_current_index,67696af5149c3f95d457d1146c72a0ad54be0a81,189,fce88a9eefca3cd72d66d1d2d9eb247d88df24ae,189,,False
evidence/gross_live_29456/20260528_001054/layer1_process_wmi.json,evidence,data_or_benchmark,P2_untracked_intake_review,live_differs_from_snapshot_untracked,not_tracked_current_index,9ca2867c9478ad44d0566e3d7b9a354bd228c1f0,351,5013413b598b2c25ababf8a35b5cf0109e6aecfc,351,,False
evidence/gross_live_29456/20260528_001054/layer2_network_tcp.json,evidence,data_or_benchmark,P2_untracked_intake_review,live_differs_from_snapshot_untracked,not_tracked_current_index,c838e4c4cb6e763a6548201c92d72a1816f8ac5f,5355,da1d5078529aec689deef59841e6076c00d3b228,5355,,False
evidence/gross_live_29456/20260528_001054/layer3_proctree.json,evidence,data_or_benchmark,P2_untracked_intake_review,live_differs_from_snapshot_untracked,not_tracked_current_index,f95f3621d6ce9a05f8fe892042623cfb3ea52e74,829,c5e98b36b7fa18ef1dfdf2cc8cec6752b5293dc9,829,,False
<redacted-sensitive-path:.json>,evidence,sensitive_path,P0_sensitive_hold,live_differs_from_snapshot_untracked,not_tracked_current_index,6ddf178ce6e7d7454859126d7c71a02202b13c43,133165,52e763c1d8560a73fc6f73a833fd404271c157c6,133165,,True
evidence/gross_live_29456/20260528_001054/layer4_modules.json,evidence,data_or_benchmark,P2_untracked_intake_review,live_differs_from_snapshot_untracked,not_tracked_current_index,f7e9ac1f19d3a31cbe6f536c3ffe245fec9df644,5490,57522daaec78bdf934a7edbf8cca2658023868a7,5490,,False
evidence/gross_live_29456/20260528_001054/layer4_upload_queue_state.json,evidence,data_or_benchmark,P2_untracked_intake_review,live_differs_from_snapshot_untracked,not_tracked_current_index,38fc7f74e130a645ada0447e50b72c0cf02e0c86,108021,d80c1e3942b4be7c21073cb8bbf467cbc203af72,108021,,False
evidence/gross_live_29456/20260528_001054/layer5_owner.json,evidence,data_or_benchmark,P2_untracked_intake_review,live_differs_from_snapshot_untracked,not_tracked_current_index,499533dc44963218dad8875ff9cf250622d2b575,23,91a54e4786ab25824a13b8f0a97c108fa9bd46ca,23,,False
<redacted-sensitive-path:.txt>,logs,sensitive_path,P0_sensitive_hold,live_differs_from_snapshot_untracked,not_tracked_current_index,381bb91eaa9d57e2e7e92030e4daf08a3b45d188,190,336b568f86ba5c75f2bc18c8bc83fd4c7975007b,190,,True
<redacted-sensitive-path:.csv>,logs,sensitive_path,P0_sensitive_hold,live_differs_from_snapshot_untracked,not_tracked_current_index,6fc1523ad322bc2d7a4ba0b56bfaae0a72410320,68248,ab4ec76ffc8fcdca509e60d077462664aad6ffed,68248,,True
<redacted-sensitive-path:.txt>,logs,sensitive_path,P0_sensitive_hold,live_differs_from_snapshot_untracked,not_tracked_current_index,5dff19dd622954e80945814f62657127009b6364,1117,3c28a6f8594e55397b82a4a9363fbf216880dc0a,1117,,True
<redacted-sensitive-path:.txt>,logs,sensitive_path,P0_sensitive_hold,live_differs_from_snapshot_untracked,not_tracked_current_index,0c4452fa31435f4bb6becc02be532848ad7261ba,17615,e31b0d787610f8947cceb8eb859ebf0c4a3b2bbc,17615,,True
<redacted-sensitive-path:.txt>,logs,sensitive_path,P0_sensitive_hold,live_differs_from_snapshot_untracked,not_tracked_current_index,20f96b077106b11faa6e6b4e2ba0eee8b17c0073,2605,6c89ac197145d45edfaaec66e9972c849ead43ab,2605,,True
<redacted-sensitive-path:.txt>,logs,sensitive_path,P0_sensitive_hold,live_differs_from_snapshot_untracked,not_tracked_current_index,7d3572eaac8cd6983f94afee74b8a1082a68d861,26240,50f8ccd534d96f8feda4a8d63f6023ff973e4394,26240,,True
<redacted-sensitive-path:.txt>,logs,sensitive_path,P0_sensitive_hold,live_differs_from_snapshot_untracked,not_tracked_current_index,ac6ef5d6b2e68ffd24f048449f1d8d2938d343f0,2218,d22cc677979fa52703cd630cf2869c90010581e2,2218,,True
<redacted-sensitive-path:.txt>,logs,sensitive_path,P0_sensitive_hold,live_differs_from_snapshot_untracked,not_tracked_current_index,dbc553c83cea8a55981cb51eed1d13dab7934d1b,3334,925bc4015b632df3c81ebe8db2d9d0e383e29406,3334,,True
<redacted-sensitive-path:.txt>,logs,sensitive_path,P0_sensitive_hold,live_differs_from_snapshot_untracked,not_tracked_current_index,25e4f422ab40a3c027a67c90e57d20bf29f1f884,24134,f7941da27d376109f00b804a41bf4887df4f97e7,24134,,True
<redacted-sensitive-path:.txt>,logs,sensitive_path,P0_sensitive_hold,live_differs_from_snapshot_untracked,not_tracked_current_index,6b70cb45edbf1e11efb59158ea4070cd8f9d2bdd,706,9bc206ef073cd5aa41fbe4ce1206a20d1f24dca5,706,,True
<redacted-sensitive-path:.txt>,logs,sensitive_path,P0_sensitive_hold,live_differs_from_snapshot_untracked,not_tracked_current_index,4e98e42ba50ac746c9f2429ca7460bbea996919a,26931,83ff53d8730d9d9219a6d5507e881de4e22c1c56,26931,,True
<redacted-sensitive-path:.txt>,logs,sensitive_path,P0_sensitive_hold,live_differs_from_snapshot_untracked,not_tracked_current_index,494ae23bc82f92a2f2cf513676e9aff9c836f17e,2770,a74193f806a47f7300677777f3e657f7c7e8d1d7,2770,,True
<redacted-sensitive-path:.txt>,logs,sensitive_path,P0_sensitive_hold,live_differs_from_snapshot_untracked,not_tracked_current_index,b03e197bdc15098642477681e3a62f8613dba144,40232,bfc10720c372767625427e0a2faff41240460621,40232,,True
<redacted-sensitive-path:.csv>,logs,sensitive_path,P0_sensitive_hold,live_differs_from_snapshot_untracked,not_tracked_current_index,becb51ec0ec9151c72fa0c902f894ffea3f6c824,1020,1f06ad47ed36332204d3031b3edfb8a376fbdfa5,1020,,True
<redacted-sensitive-path:.csv>,logs,sensitive_path,P0_sensitive_hold,live_differs_from_snapshot_untracked,not_tracked_current_index,ae27e8e5124fa1c6e0543edd47ec4927743a3358,211038,b16912c8d8ef2ce1e56bee14c199e58408d79e73,211038,,True
<redacted-sensitive-path:.csv>,logs,sensitive_path,P0_sensitive_hold,live_differs_from_snapshot_untracked,not_tracked_current_index,16a7b082d0e364f29de97382f83778f80da84f85,4102,d9d00080c12d3e95f69aa9b2d2accb0b358b283b,4102,,True
<redacted-sensitive-path:.json>,logs,sensitive_path,P0_sensitive_hold,live_differs_from_snapshot_untracked,not_tracked_current_index,f47264cc817d589027503d47a49cdbae4b493def,1393,b90f39ddf6b7c3a4c6bbe2d4ec1e198906dba9a4,1393,,True
<redacted-sensitive-path:.csv>,logs,sensitive_path,P0_sensitive_hold,live_differs_from_snapshot_untracked,not_tracked_current_index,8d9f5827c6f8f6fabd43383c12e4887d76fc7a84,14582,299325de67e375de913914b578f725d54fa4517f,14582,,True
logs/resource-monitor/20260527_072757/metadata.json,logs,data_or_benchmark,P2_untracked_intake_review,live_differs_from_snapshot_untracked,not_tracked_current_index,30488785392d5737b6bcf0876c8481029e605bc9,3672,e3eec368437b89517d48d820794f5998474ad239,3672,,False
logs/resource-monitor/20260527_072757/ollama_churn.csv,logs,data_or_benchmark,P2_untracked_intake_review,live_differs_from_snapshot_untracked,not_tracked_current_index,3223db23b48f351c13360224141384f4f4812f1c,68,77332727715e8cca13c0969ed0dd213579b6b9a4,68,,False
logs/resource-monitor/20260527_072757/process_top.csv,logs,data_or_benchmark,P2_untracked_intake_review,live_differs_from_snapshot_untracked,not_tracked_current_index,01b84c4122a57f6624f2bf26db38a434f013f064,65,812aeea6de1e6b168c6eb5799cb57267c9fe8f9e,65,,False
logs/resource-monitor/20260527_072757/samples.csv,logs,data_or_benchmark,P2_untracked_intake_review,live_differs_from_snapshot_untracked,not_tracked_current_index,2833fd99d20615b04eab9406fd36b14e2c846fbc,286,4af45ec90f658c8d2adb4c8f983b397b3018c338,286,,False
logs/resource-monitor/20260527_072757/summary.json,logs,data_or_benchmark,P2_untracked_intake_review,live_differs_from_snapshot_untracked,not_tracked_current_index,b88c79c46429c51efc95baa778c93bc187357d7c,1196,e320d9b4a11fc36f02798f1eb52fb2e2a99d8fbe,1196,,False
logs/resource-monitor/20260527_072820/metadata.json,logs,data_or_benchmark,P2_untracked_intake_review,live_differs_from_snapshot_untracked,not_tracked_current_index,f047bdacf8c5f440de2edcb4fa9f7885f5f756c0,3148,106624578d4c0794c72101417e60b4f7bdc6828a,3148,,False
logs/resource-monitor/20260527_072820/ollama_churn.csv,logs,data_or_benchmark,P2_untracked_intake_review,live_differs_from_snapshot_untracked,not_tracked_current_index,3223db23b48f351c13360224141384f4f4812f1c,68,77332727715e8cca13c0969ed0dd213579b6b9a4,68,,False
logs/resource-monitor/20260527_072820/process_top.csv,logs,data_or_benchmark,P2_untracked_intake_review,live_differs_from_snapshot_untracked,not_tracked_current_index,bf7e43cb350803773574be770f2d91fc7ba30242,502686,43dd4e9eeaff49045c87183b27e679ee90c6473d,502686,,False
logs/resource-monitor/20260527_072820/samples.csv,logs,data_or_benchmark,P2_untracked_intake_review,live_differs_from_snapshot_untracked,not_tracked_current_index,007dc02ac6749358350431a779d23e90526b6be8,25441,fd6ad6c0762bb6ea68bdeaa8cb2be172c395f28b,25441,,False
logs/resource-monitor/20260527_072820/summary.json,logs,data_or_benchmark,P2_untracked_intake_review,live_differs_from_snapshot_untracked,not_tracked_current_index,94fe0d75023f3537d636ee60941ab4329acad8d3,1213,017486fd2f173b7f329edf6f79e2cb1e1cef214b,1213,,False
logs/resource-monitor/20260527_075214/metadata.json,logs,data_or_benchmark,P2_untracked_intake_review,live_differs_from_snapshot_untracked,not_tracked_current_index,a5b0e664ea1d38e782ede713ca37bb753085bc0e,4092,d30909ce6b9804d4e4e5c49f119130bd7218b6fe,4092,,False
logs/resource-monitor/20260527_075214/ollama_churn.csv,logs,data_or_benchmark,P2_untracked_intake_review,live_differs_from_snapshot_untracked,not_tracked_current_index,3223db23b48f351c13360224141384f4f4812f1c,68,77332727715e8cca13c0969ed0dd213579b6b9a4,68,,False
logs/resource-monitor/20260527_075214/process_top.csv,logs,data_or_benchmark,P2_untracked_intake_review,live_differs_from_snapshot_untracked,not_tracked_current_index,01b84c4122a57f6624f2bf26db38a434f013f064,65,812aeea6de1e6b168c6eb5799cb57267c9fe8f9e,65,,False
logs/resource-monitor/20260527_075214/samples.csv,logs,data_or_benchmark,P2_untracked_intake_review,live_differs_from_snapshot_untracked,not_tracked_current_index,2833fd99d20615b04eab9406fd36b14e2c846fbc,286,4af45ec90f658c8d2adb4c8f983b397b3018c338,286,,False
logs/resource-monitor/20260527_075214/summary.json,logs,data_or_benchmark,P2_untracked_intake_review,live_differs_from_snapshot_untracked,not_tracked_current_index,2d1b3c7240d0f88157c899632f7695652d2106e2,1196,6e78c667415cb1d94c59e4a6e10cfbbe93026fd4,1196,,False
logs/resource-monitor/20260527_075713/metadata.json,logs,data_or_benchmark,P2_untracked_intake_review,live_differs_from_snapshot_untracked,not_tracked_current_index,8d75757e458882754c733969b00a7b878f3b017c,4302,44d1625be05e30acc7f6727a323b2a5e7f16cc94,4302,,False
logs/resource-monitor/20260527_075713/ollama_churn.csv,logs,data_or_benchmark,P2_untracked_intake_review,live_differs_from_snapshot_untracked,not_tracked_current_index,3223db23b48f351c13360224141384f4f4812f1c,68,77332727715e8cca13c0969ed0dd213579b6b9a4,68,,False
logs/resource-monitor/20260527_075713/process_top.csv,logs,data_or_benchmark,P2_untracked_intake_review,live_differs_from_snapshot_untracked,not_tracked_current_index,01b84c4122a57f6624f2bf26db38a434f013f064,65,812aeea6de1e6b168c6eb5799cb57267c9fe8f9e,65,,False
logs/resource-monitor/20260527_075713/samples.csv,logs,data_or_benchmark,P2_untracked_intake_review,live_differs_from_snapshot_untracked,not_tracked_current_index,451b900404f44b2d03d4fc18b77c8884d04b698f,304,ca56e4525fc7afa311e6be066d9b7a17ca534852,304,,False
logs/resource-monitor/20260527_075713/summary.json,logs,data_or_benchmark,P2_untracked_intake_review,live_differs_from_snapshot_untracked,not_tracked_current_index,745dd6fce214201cb8394acff892d278dfd48731,1374,c40d6085c3eea20c7290a14ec22b91ef3527ca30,1374,,False
logs/resource-monitor/20260527_075713/tcp_connections.csv,logs,data_or_benchmark,P2_untracked_intake_review,live_differs_from_snapshot_untracked,not_tracked_current_index,d20f1416e1e1e42af1137018b7624c38ffed17f1,81,0a398f985de7c6778635ab16e0db2d9e8cd4ba42,81,,False
<redacted-sensitive-path:.jsonl>,logs,sensitive_path,P0_sensitive_hold,live_differs_from_snapshot_untracked,not_tracked_current_index,11e588a781725c1a4071e355d5c091301aa325e0,48047,0a7fafc6a0336db98ea8b207aa5340af66ab8f4c,48047,,True
<redacted-sensitive-path:.json>,logs,sensitive_path,P0_sensitive_hold,live_differs_from_snapshot_untracked,not_tracked_current_index,35cc5980b82d1d213ec599567639c89ed8ab9f93,2205,ce694a1b162d65fe44986a4291157d890d21e89f,2205,,True
<redacted-sensitive-path:.csv>,logs,sensitive_path,P0_sensitive_hold,live_differs_from_snapshot_untracked,not_tracked_current_index,ecee632ed68d4a7331a87ea2250790119a2334c1,232996,15ed85d7bb3230c0ecfefb91079d659050867461,232996,,True
<redacted-sensitive-path:.csv>,logs,sensitive_path,P0_sensitive_hold,live_differs_from_snapshot_untracked,not_tracked_current_index,459bbeaa01262b83eac3775f676e2b4f88607683,161355,c11e0f420209db48ce3ab37769a9348380469074,161355,,True
<redacted-sensitive-path:.json>,logs,sensitive_path,P0_sensitive_hold,live_differs_from_snapshot_untracked,not_tracked_current_index,0e33cc98f58afd94abc5aa22688b245a5b074b1c,1391,234b1f36111670b3ab842f544bf0ad86f946df7c,1391,,True
<redacted-sensitive-path:.csv>,logs,sensitive_path,P0_sensitive_hold,live_differs_from_snapshot_untracked,not_tracked_current_index,71ab0851c858c689256c0cf1fc775bbd8b71b76c,78,0ffdb0ba0cbcd15350cc7b22190021c15831bab6,78,,True
<redacted-sensitive-path:.json>,logs,sensitive_path,P0_sensitive_hold,live_differs_from_snapshot_untracked,not_tracked_current_index,fda83d4894c7335ecf935a2014ec76d51f833fb7,466,c374b714eb66bd9587bdab3a6380648d44ec6cfe,466,,True
models/Modelfile.lfm25,models,model_or_weight,P3_untracked_preserve_or_ignore,live_differs_from_snapshot_untracked,not_tracked_current_index,2909be20dba6cee7114164fe8ccd287474445b4e,714,810145f5c084ff097763de5db11dcf5c655b7a29,714,,False
models/Modelfile.neo-t-virus,models,model_or_weight,P3_untracked_preserve_or_ignore,live_differs_from_snapshot_untracked,not_tracked_current_index,e7a8aea9295540ffdcbc4ac5bf85442024819575,710,a347715c14739ac033a7f111cf06367382e5ef5c,710,,False
models/Modelfile.qwen25-guard,models,model_or_weight,P3_untracked_preserve_or_ignore,byte_identical_to_snapshot,not_tracked_current_index,7a54f0c7096fe6a0896fbb42e110cfc75dfffe64,642,7a54f0c7096fe6a0896fbb42e110cfc75dfffe64,642,,False
models/Modelfile.special-virus,models,model_or_weight,P3_untracked_preserve_or_ignore,live_differs_from_snapshot_untracked,not_tracked_current_index,9b180b9cdf6ad8198d7570318a3f60fc214ff2ed,724,5ab5af2fcc574c9291eded761980b0161ac4df88,724,,False
models/adapter_config.json,models,data_or_benchmark,P2_untracked_intake_review,live_differs_from_snapshot_untracked,not_tracked_current_index,1a91a7d2690def27b88c0146a0d8ff02c7db8fe6,1254,9ba887d316dd0e38bb81950ba21dd613181d8656,1254,,False
models/chat_template.jinja,models,model_or_weight,P3_untracked_preserve_or_ignore,live_differs_from_snapshot_untracked,not_tracked_current_index,9840d40f49842423ad9d3c92bbedac488564c088,2561,bdf7919a96cfe43d50914a007b9c0877bd0ec27e,2561,,False
models/config.json,models,data_or_benchmark,P2_untracked_intake_review,live_differs_from_snapshot_untracked,not_tracked_current_index,e20e120fe46edc9d8420d3bfeda870697cf0c353,1644,2d9808e8bb929906ca877cb96486cb13aaeb9e81,1644,,False
models/convert_hf_to_gguf.py,models,source_or_script,P2_untracked_intake_review,live_differs_from_snapshot_untracked,not_tracked_current_index,6be6e45ebe19b890e7e6c73f35272228a7c35978,172040,048c030c07b86b594ac5357db3c0ce35e29c24ae,172040,,False
models/gemma-4-e2b/Modelfile,models,model_or_weight,P3_untracked_preserve_or_ignore,byte_identical_to_snapshot,not_tracked_current_index,e1af579fe462d03c00253201a437f8af305bc6d9,879,e1af579fe462d03c00253201a437f8af305bc6d9,879,,False
models/gemma2-2b-abliterated/behaviormancer_config.json,models,data_or_benchmark,P2_untracked_intake_review,live_differs_from_snapshot_untracked,not_tracked_current_index,0b83545a8b6aa561f1a5058295646abba55c4a05,549,74108c7bd668f22e7922811c48c22a02e886b0ee,549,,False
models/gemma2-2b-abliterated/chat_template.jinja,models,model_or_weight,P3_untracked_preserve_or_ignore,live_differs_from_snapshot_untracked,not_tracked_current_index,6c1ca11617e15a7ea298a50011b93fabe68883f9,594,923ec253c8dbefbb41cf084db7251df41d000f6d,594,,False
models/gemma2-2b-abliterated/config.json,models,data_or_benchmark,P2_untracked_intake_review,live_differs_from_snapshot_untracked,not_tracked_current_index,cd403e3ee81f0440e12ee040a08573b87492afe7,1664,91e0ed7ab85551e40f6cbfa9d736016a565743fe,1664,,False
models/gemma2-2b-abliterated/generation_config.json,models,data_or_benchmark,P2_untracked_intake_review,live_differs_from_snapshot_untracked,not_tracked_current_index,163420bff7085eb4cc3fac251451a1093dbcea14,202,9fda25667a7c4f159c6a2b0adf226413600d3f4c,202,,False
models/gemma2-2b-abliterated/tokenizer_config.json,models,data_or_benchmark,P2_untracked_intake_review,live_differs_from_snapshot_untracked,not_tracked_current_index,329fd7da1673300b9e6c7b5b84622224a030e168,508,eabc4ed8ab34751069a1970d61e616ce93e53880,508,,False
models/gemma2-2b-abliterated_tokenizer/chat_template.jinja,models,model_or_weight,P3_untracked_preserve_or_ignore,live_differs_from_snapshot_untracked,not_tracked_current_index,6c1ca11617e15a7ea298a50011b93fabe68883f9,594,923ec253c8dbefbb41cf084db7251df41d000f6d,594,,False
models/gemma2-2b-abliterated_tokenizer/tokenizer_config.json,models,data_or_benchmark,P2_untracked_intake_review,live_differs_from_snapshot_untracked,not_tracked_current_index,6a75fdee73fd784b475df6078c8a6a9a1203b9f8,704,68bb399799d4cb61719b3b3b9d88bd08f334c284,704,,False
models/generation_config.json,models,data_or_benchmark,P2_untracked_intake_review,live_differs_from_snapshot_untracked,not_tracked_current_index,6696600a4f3ed5811556541ec3c284de4a65af06,284,db0acddb88c0b0b3f23e5fbf694bea26f4b8d04a,284,,False
models/guards/dual_slm_router.py,models,source_or_script,P2_untracked_intake_review,live_differs_from_snapshot_untracked,not_tracked_current_index,43c5393f4335aa42f3c6f8ae831d62b2156225cd,9062,2bd1a2d02c21acc72e1da2adeb844aa812914363,9062,,False
models/guards/guard_collusion/README.md,models,docs_or_research,P2_untracked_intake_review,live_differs_from_snapshot_untracked,not_tracked_current_index,4207f0b05deded4373ac84f07dff8068edffe7ff,5414,43827833bd71a8a78eeb1af4e701f4e4d261e809,5414,,False
models/guards/guard_collusion/adapter_config.json,models,data_or_benchmark,P2_untracked_intake_review,live_differs_from_snapshot_untracked,not_tracked_current_index,97b5b74ad20c7e6af90e49e349252c40ecc5ade1,1065,223a8823145bf08d2e3ce0a2601ea36684ed5750,1065,,False
models/guards/guard_collusion/checkpoint-1506/README.md,models,docs_or_research,P2_untracked_intake_review,live_differs_from_snapshot_untracked,not_tracked_current_index,cd0ec75683402113400bcf18bcd06a322c5a39d0,5414,5eb133df5883618f431aabb25a66cc723edc436c,5414,,False
models/guards/guard_collusion/checkpoint-1506/adapter_config.json,models,data_or_benchmark,P2_untracked_intake_review,live_differs_from_snapshot_untracked,not_tracked_current_index,97b5b74ad20c7e6af90e49e349252c40ecc5ade1,1065,223a8823145bf08d2e3ce0a2601ea36684ed5750,1065,,False
models/guards/guard_collusion/checkpoint-1506/rng_state.pth,models,model_or_weight,P3_untracked_preserve_or_ignore,byte_identical_to_snapshot,not_tracked_current_index,02834a493cb8760ee0440651e3e3d5f0f05ce9fa,14645,02834a493cb8760ee0440651e3e3d5f0f05ce9fa,14645,,False
models/guards/guard_collusion/checkpoint-1506/scaler.pt,models,model_or_weight,P3_untracked_preserve_or_ignore,byte_identical_to_snapshot,not_tracked_current_index,8b60d610e9c063a18defb46f2e07861462fa5ff0,1383,8b60d610e9c063a18defb46f2e07861462fa5ff0,1383,,False
models/guards/guard_collusion/checkpoint-1506/scheduler.pt,models,model_or_weight,P3_untracked_preserve_or_ignore,byte_identical_to_snapshot,not_tracked_current_index,66970aaaf0fa4b57d6459119a6208864c733f49a,1465,66970aaaf0fa4b57d6459119a6208864c733f49a,1465,,False
models/guards/guard_collusion/checkpoint-1506/trainer_state.json,models,data_or_benchmark,P2_untracked_intake_review,live_differs_from_snapshot_untracked,not_tracked_current_index,74db3f6d009c1faac31343cf52b2bb584c40a6d0,13067,bf1c71b63ebb5ae17bb2dc191d7510d242aacc46,13067,,False
models/guards/guard_collusion/checkpoint-1506/training_args.bin,models,model_or_weight,P3_untracked_preserve_or_ignore,byte_identical_to_snapshot,not_tracked_current_index,1ef1236b79e967a2817f2e5b65475ee05201c97c,5201,1ef1236b79e967a2817f2e5b65475ee05201c97c,5201,,False
models/guards/guard_collusion/checkpoint-754/README.md,models,docs_or_research,P2_untracked_intake_review,live_differs_from_snapshot_untracked,not_tracked_current_index,139c5732cb5ac07d476801d61ba0591b14dfd810,5414,063e7a16a0c006ea0c0a78bb3d32ff49bf8d8f25,5414,,False
models/guards/guard_collusion/checkpoint-754/adapter_config.json,models,data_or_benchmark,P2_untracked_intake_review,live_differs_from_snapshot_untracked,not_tracked_current_index,70092afff184f4404a0d7cd5f3c6fe844ffbf7f7,1065,b552935ed82b7804e6185d5a15f1c2c9d69b0fb6,1065,,False
models/guards/guard_collusion/checkpoint-754/rng_state.pth,models,model_or_weight,P3_untracked_preserve_or_ignore,byte_identical_to_snapshot,not_tracked_current_index,ec432b122006ab5afaaa0cd30105a1183253966d,14645,ec432b122006ab5afaaa0cd30105a1183253966d,14645,,False
models/guards/guard_collusion/checkpoint-754/scaler.pt,models,model_or_weight,P3_untracked_preserve_or_ignore,byte_identical_to_snapshot,not_tracked_current_index,748bd185728cf6074a4ecaf6ae208f8dbc8aa66e,1383,748bd185728cf6074a4ecaf6ae208f8dbc8aa66e,1383,,False
models/guards/guard_collusion/checkpoint-754/scheduler.pt,models,model_or_weight,P3_untracked_preserve_or_ignore,byte_identical_to_snapshot,not_tracked_current_index,737bc0acd527f9af038b5dd000a1d88e16651182,1465,737bc0acd527f9af038b5dd000a1d88e16651182,1465,,False
models/guards/guard_collusion/checkpoint-754/trainer_state.json,models,data_or_benchmark,P2_untracked_intake_review,live_differs_from_snapshot_untracked,not_tracked_current_index,05aa1c71670bc37ea5d9c5bba69cc63861bea83b,7069,85ecc603fc8f9e9711f816326368f49d0115d4b7,7069,,False
models/guards/guard_collusion/checkpoint-754/training_args.bin,models,model_or_weight,P3_untracked_preserve_or_ignore,byte_identical_to_snapshot,not_tracked_current_index,1ef1236b79e967a2817f2e5b65475ee05201c97c,5201,1ef1236b79e967a2817f2e5b65475ee05201c97c,5201,,False
models/guards/guard_collusion/tokenizer.json,models,data_or_benchmark,P2_untracked_intake_review,byte_identical_to_snapshot,not_tracked_current_index,8f778e7d950e055b18b53222c75d2c54c3732df5,711661,8f778e7d950e055b18b53222c75d2c54c3732df5,711661,,False
models/guards/guard_collusion/tokenizer_config.json,models,data_or_benchmark,P2_untracked_intake_review,live_differs_from_snapshot_untracked,not_tracked_current_index,a0d563e339ee5ed6b6e903e0339d75fa5a271e80,336,769291071a8712e4ad20cac2debfa911f5e52be5,336,,False
models/guards/guard_collusion/training_args.bin,models,model_or_weight,P3_untracked_preserve_or_ignore,byte_identical_to_snapshot,not_tracked_current_index,1ef1236b79e967a2817f2e5b65475ee05201c97c,5201,1ef1236b79e967a2817f2e5b65475ee05201c97c,5201,,False
models/guards/guard_content/README.md,models,docs_or_research,P2_untracked_intake_review,live_differs_from_snapshot_untracked,not_tracked_current_index,a9003cf4ca24736da77168b3a8c167904aad8856,5414,798ef63e708ea81e70898afcc027b817a3ca98fa,5414,,False
models/guards/guard_content/adapter_config.json,models,data_or_benchmark,P2_untracked_intake_review,live_differs_from_snapshot_untracked,not_tracked_current_index,97b5b74ad20c7e6af90e49e349252c40ecc5ade1,1065,223a8823145bf08d2e3ce0a2601ea36684ed5750,1065,,False
models/guards/guard_content/checkpoint-1494/README.md,models,docs_or_research,P2_untracked_intake_review,live_differs_from_snapshot_untracked,not_tracked_current_index,2f799d2863a4e9f4d337a879e45a8f8a5f124104,5414,ebb8ecdf0193f517d6d6c1e753cb1dadf3adeeca,5414,,False
models/guards/guard_content/checkpoint-1494/adapter_config.json,models,data_or_benchmark,P2_untracked_intake_review,live_differs_from_snapshot_untracked,not_tracked_current_index,97b5b74ad20c7e6af90e49e349252c40ecc5ade1,1065,223a8823145bf08d2e3ce0a2601ea36684ed5750,1065,,False
models/guards/guard_content/checkpoint-1494/rng_state.pth,models,model_or_weight,P3_untracked_preserve_or_ignore,byte_identical_to_snapshot,not_tracked_current_index,3c3e9172aa97799d2e278c4acfc54e110763db01,14645,3c3e9172aa97799d2e278c4acfc54e110763db01,14645,,False
models/guards/guard_content/checkpoint-1494/scaler.pt,models,model_or_weight,P3_untracked_preserve_or_ignore,byte_identical_to_snapshot,not_tracked_current_index,6dce16077655efeb536ed41bd7654f4f41d99a15,1383,6dce16077655efeb536ed41bd7654f4f41d99a15,1383,,False
models/guards/guard_content/checkpoint-1494/scheduler.pt,models,model_or_weight,P3_untracked_preserve_or_ignore,byte_identical_to_snapshot,not_tracked_current_index,fda7147cc380117d49fc46a2c69b6583ca8865bf,1465,fda7147cc380117d49fc46a2c69b6583ca8865bf,1465,,False
models/guards/guard_content/checkpoint-1494/trainer_state.json,models,data_or_benchmark,P2_untracked_intake_review,live_differs_from_snapshot_untracked,not_tracked_current_index,cd6ba9617869ebedc6aaf6fae7a06acd6a4c5eeb,12870,a2e55610dae094594a3847babdca1c3b7093e305,12870,,False
models/guards/guard_content/checkpoint-1494/training_args.bin,models,model_or_weight,P3_untracked_preserve_or_ignore,byte_identical_to_snapshot,not_tracked_current_index,ba1dd88011e647d3653035c5a9464d298da6d537,5201,ba1dd88011e647d3653035c5a9464d298da6d537,5201,,False
models/guards/guard_content/checkpoint-747/README.md,models,docs_or_research,P2_untracked_intake_review,live_differs_from_snapshot_untracked,not_tracked_current_index,4cdad97e59946e173ebb4475e56911ef626d54a1,5414,c03e8305d25125ab7c9fee01919e1a87b8d48f49,5414,,False
models/guards/guard_content/checkpoint-747/adapter_config.json,models,data_or_benchmark,P2_untracked_intake_review,live_differs_from_snapshot_untracked,not_tracked_current_index,97b5b74ad20c7e6af90e49e349252c40ecc5ade1,1065,223a8823145bf08d2e3ce0a2601ea36684ed5750,1065,,False
models/guards/guard_content/checkpoint-747/rng_state.pth,models,model_or_weight,P3_untracked_preserve_or_ignore,byte_identical_to_snapshot,not_tracked_current_index,7282b06c5bed61027ef6c38ed6e41547afd85427,14645,7282b06c5bed61027ef6c38ed6e41547afd85427,14645,,False
models/guards/guard_content/checkpoint-747/scaler.pt,models,model_or_weight,P3_untracked_preserve_or_ignore,byte_identical_to_snapshot,not_tracked_current_index,b666d55618dc6236d14a6722c5ecdc2e739e2208,1383,b666d55618dc6236d14a6722c5ecdc2e739e2208,1383,,False
models/guards/guard_content/checkpoint-747/scheduler.pt,models,model_or_weight,P3_untracked_preserve_or_ignore,byte_identical_to_snapshot,not_tracked_current_index,1c99bc3b4fac98bce0456bd65fa7a1734dfe9fad,1465,1c99bc3b4fac98bce0456bd65fa7a1734dfe9fad,1465,,False
models/guards/guard_content/checkpoint-747/trainer_state.json,models,data_or_benchmark,P2_untracked_intake_review,live_differs_from_snapshot_untracked,not_tracked_current_index,5b842fc7331440577c01612880163765ce74d148,6884,8c5670b504b4985e55a9e47f1c13f1b73ca19109,6884,,False
models/guards/guard_content/checkpoint-747/training_args.bin,models,model_or_weight,P3_untracked_preserve_or_ignore,byte_identical_to_snapshot,not_tracked_current_index,ba1dd88011e647d3653035c5a9464d298da6d537,5201,ba1dd88011e647d3653035c5a9464d298da6d537,5201,,False
models/guards/guard_content/tokenizer.json,models,data_or_benchmark,P2_untracked_intake_review,byte_identical_to_snapshot,not_tracked_current_index,8f778e7d950e055b18b53222c75d2c54c3732df5,711661,8f778e7d950e055b18b53222c75d2c54c3732df5,711661,,False
models/guards/guard_content/tokenizer_config.json,models,data_or_benchmark,P2_untracked_intake_review,live_differs_from_snapshot_untracked,not_tracked_current_index,a0d563e339ee5ed6b6e903e0339d75fa5a271e80,336,769291071a8712e4ad20cac2debfa911f5e52be5,336,,False
models/guards/guard_content/training_args.bin,models,model_or_weight,P3_untracked_preserve_or_ignore,byte_identical_to_snapshot,not_tracked_current_index,ba1dd88011e647d3653035c5a9464d298da6d537,5201,ba1dd88011e647d3653035c5a9464d298da6d537,5201,,False
models/guards/guard_ensemble_report.json,models,data_or_benchmark,P2_untracked_intake_review,live_differs_from_snapshot_untracked,not_tracked_current_index,5c5d50a69687e3c6ccb49de3e4946e32aad5910d,3589,2f60f8e5546f3450cfe8152aae64ab521f3beacc,3589,,False
models/guards/guard_ensemble_report_fast.json,models,data_or_benchmark,P2_untracked_intake_review,live_differs_from_snapshot_untracked,not_tracked_current_index,53187c1ed201d6d0069268e3049cf4bd2bf0b2c1,536,cc20671ee72dbcf4984aa819a4ee2da25045144f,536,,False
models/guards/guard_ensemble_report_special_virus.json,models,data_or_benchmark,P2_untracked_intake_review,live_differs_from_snapshot_untracked,not_tracked_current_index,611b1339f25949e45a2bd99f04227e4d266e1452,3302,bade2cceef7cc2fb0be63948266fd77711174033,3302,,False
models/guards/guard_ensemble_report_v2.json,models,data_or_benchmark,P2_untracked_intake_review,live_differs_from_snapshot_untracked,not_tracked_current_index,168a426412d66b062661fa42731d626639ebd249,1327,1a9d24bdca85b9e98efde27dbd833e051ed02de9,1327,,False
models/guards/guard_jailbreak/README.md,models,docs_or_research,P2_untracked_intake_review,live_differs_from_snapshot_untracked,not_tracked_current_index,0bfde4b94e48e7fc32cddc94c3eb4e417ce5fc3f,5414,49658b7fb5f045a947a053945e150a0a3382bd3f,5414,,False
models/guards/guard_jailbreak/adapter_config.json,models,data_or_benchmark,P2_untracked_intake_review,live_differs_from_snapshot_untracked,not_tracked_current_index,97b5b74ad20c7e6af90e49e349252c40ecc5ade1,1065,223a8823145bf08d2e3ce0a2601ea36684ed5750,1065,,False
models/guards/guard_jailbreak/checkpoint-1496/README.md,models,docs_or_research,P2_untracked_intake_review,live_differs_from_snapshot_untracked,not_tracked_current_index,3e71e0a3c8d5919a5727bc7d105dce4d395bb6d1,5414,24939d42f6823cba8d5681f157a4b5e1812031d0,5414,,False
models/guards/guard_jailbreak/checkpoint-1496/adapter_config.json,models,data_or_benchmark,P2_untracked_intake_review,live_differs_from_snapshot_untracked,not_tracked_current_index,97b5b74ad20c7e6af90e49e349252c40ecc5ade1,1065,223a8823145bf08d2e3ce0a2601ea36684ed5750,1065,,False
models/guards/guard_jailbreak/checkpoint-1496/rng_state.pth,models,model_or_weight,P3_untracked_preserve_or_ignore,byte_identical_to_snapshot,not_tracked_current_index,096d8c316b003aa2e0aab3fd291293f77670bf09,14645,096d8c316b003aa2e0aab3fd291293f77670bf09,14645,,False
models/guards/guard_jailbreak/checkpoint-1496/scaler.pt,models,model_or_weight,P3_untracked_preserve_or_ignore,byte_identical_to_snapshot,not_tracked_current_index,0610aecb266d56641755daf61d9db7cb86b2cb13,1383,0610aecb266d56641755daf61d9db7cb86b2cb13,1383,,False
models/guards/guard_jailbreak/checkpoint-1496/scheduler.pt,models,model_or_weight,P3_untracked_preserve_or_ignore,byte_identical_to_snapshot,not_tracked_current_index,8620417a4d26fa630b391424171ca63566a6d1ce,1465,8620417a4d26fa630b391424171ca63566a6d1ce,1465,,False
models/guards/guard_jailbreak/checkpoint-1496/trainer_state.json,models,data_or_benchmark,P2_untracked_intake_review,live_differs_from_snapshot_untracked,not_tracked_current_index,f9fa8e1e13cf80ea5b12f2c1787d9a4b930d18da,12842,2c9983c56aff5286328c9d99ec7b8776d58efa5b,12842,,False
models/guards/guard_jailbreak/checkpoint-1496/training_args.bin,models,model_or_weight,P3_untracked_preserve_or_ignore,byte_identical_to_snapshot,not_tracked_current_index,490dcf0ad3237ff4a870d5aff969a1246f571097,5201,490dcf0ad3237ff4a870d5aff969a1246f571097,5201,,False
models/guards/guard_jailbreak/checkpoint-748/README.md,models,docs_or_research,P2_untracked_intake_review,live_differs_from_snapshot_untracked,not_tracked_current_index,302f88157741f1fe57d516d6f77093410a66e364,5414,0619bde9dae8ce5a1a902c04c550709ca6e5dce9,5414,,False
models/guards/guard_jailbreak/checkpoint-748/adapter_config.json,models,data_or_benchmark,P2_untracked_intake_review,live_differs_from_snapshot_untracked,not_tracked_current_index,97b5b74ad20c7e6af90e49e349252c40ecc5ade1,1065,223a8823145bf08d2e3ce0a2601ea36684ed5750,1065,,False
models/guards/guard_jailbreak/checkpoint-748/rng_state.pth,models,model_or_weight,P3_untracked_preserve_or_ignore,byte_identical_to_snapshot,not_tracked_current_index,b41550ec43e18d37212f1490425b6b9fbee9d70c,14645,b41550ec43e18d37212f1490425b6b9fbee9d70c,14645,,False
models/guards/guard_jailbreak/checkpoint-748/scaler.pt,models,model_or_weight,P3_untracked_preserve_or_ignore,byte_identical_to_snapshot,not_tracked_current_index,1b0a0ef849c6154b15281af97da13a922704279f,1383,1b0a0ef849c6154b15281af97da13a922704279f,1383,,False
models/guards/guard_jailbreak/checkpoint-748/scheduler.pt,models,model_or_weight,P3_untracked_preserve_or_ignore,byte_identical_to_snapshot,not_tracked_current_index,7451bad958a92a1b4593e0667f3d487edebc9fe3,1465,7451bad958a92a1b4593e0667f3d487edebc9fe3,1465,,False
models/guards/guard_jailbreak/checkpoint-748/trainer_state.json,models,data_or_benchmark,P2_untracked_intake_review,live_differs_from_snapshot_untracked,not_tracked_current_index,22f616f241c553b3161c64c919b133162a24fc22,6870,4efc86d59ac911f0b6300d7840d3ea7296dd8755,6870,,False
models/guards/guard_jailbreak/checkpoint-748/training_args.bin,models,model_or_weight,P3_untracked_preserve_or_ignore,byte_identical_to_snapshot,not_tracked_current_index,490dcf0ad3237ff4a870d5aff969a1246f571097,5201,490dcf0ad3237ff4a870d5aff969a1246f571097,5201,,False
models/guards/guard_jailbreak/tokenizer.json,models,data_or_benchmark,P2_untracked_intake_review,byte_identical_to_snapshot,not_tracked_current_index,8f778e7d950e055b18b53222c75d2c54c3732df5,711661,8f778e7d950e055b18b53222c75d2c54c3732df5,711661,,False
models/guards/guard_jailbreak/tokenizer_config.json,models,data_or_benchmark,P2_untracked_intake_review,live_differs_from_snapshot_untracked,not_tracked_current_index,a0d563e339ee5ed6b6e903e0339d75fa5a271e80,336,769291071a8712e4ad20cac2debfa911f5e52be5,336,,False
models/guards/guard_jailbreak/training_args.bin,models,model_or_weight,P3_untracked_preserve_or_ignore,byte_identical_to_snapshot,not_tracked_current_index,490dcf0ad3237ff4a870d5aff969a1246f571097,5201,490dcf0ad3237ff4a870d5aff969a1246f571097,5201,,False
models/guards/guard_manifest.json,models,data_or_benchmark,P2_untracked_intake_review,live_differs_from_snapshot_untracked,not_tracked_current_index,3bcbd0dfe94cbf2fe2ce9f36328c8eb0bc2d7e78,493,15d69b240fc059341990efa849d4996052246767,493,,False
models/guards/guard_mcp/README.md,models,docs_or_research,P2_untracked_intake_review,live_differs_from_snapshot_untracked,not_tracked_current_index,c85e79e249395c29e7def30ed7fb30c4ea77738f,5414,054dd3712d8a28b0016b4f0cee5211faf0703e7a,5414,,False
models/guards/guard_mcp/adapter_config.json,models,data_or_benchmark,P2_untracked_intake_review,live_differs_from_snapshot_untracked,not_tracked_current_index,70092afff184f4404a0d7cd5f3c6fe844ffbf7f7,1065,b552935ed82b7804e6185d5a15f1c2c9d69b0fb6,1065,,False
models/guards/guard_mcp/checkpoint-1498/README.md,models,docs_or_research,P2_untracked_intake_review,live_differs_from_snapshot_untracked,not_tracked_current_index,e346db63ce59299afba1289b7a9a6368bb79c44a,5414,3b585cf82f08ed947a838c36d96b7358664e0036,5414,,False
models/guards/guard_mcp/checkpoint-1498/adapter_config.json,models,data_or_benchmark,P2_untracked_intake_review,live_differs_from_snapshot_untracked,not_tracked_current_index,70092afff184f4404a0d7cd5f3c6fe844ffbf7f7,1065,b552935ed82b7804e6185d5a15f1c2c9d69b0fb6,1065,,False
models/guards/guard_mcp/checkpoint-1498/rng_state.pth,models,model_or_weight,P3_untracked_preserve_or_ignore,byte_identical_to_snapshot,not_tracked_current_index,8ecb2976a72d6ce608d66486ac10d9a45ef2fbaa,14645,8ecb2976a72d6ce608d66486ac10d9a45ef2fbaa,14645,,False
models/guards/guard_mcp/checkpoint-1498/scaler.pt,models,model_or_weight,P3_untracked_preserve_or_ignore,byte_identical_to_snapshot,not_tracked_current_index,566261ccee521ae618b68cf910c271e13f29f963,1383,566261ccee521ae618b68cf910c271e13f29f963,1383,,False
models/guards/guard_mcp/checkpoint-1498/scheduler.pt,models,model_or_weight,P3_untracked_preserve_or_ignore,byte_identical_to_snapshot,not_tracked_current_index,49ec014575ee6822d813ae62abcca21236a80213,1465,49ec014575ee6822d813ae62abcca21236a80213,1465,,False
models/guards/guard_mcp/checkpoint-1498/trainer_state.json,models,data_or_benchmark,P2_untracked_intake_review,live_differs_from_snapshot_untracked,not_tracked_current_index,1086b9e38fcef00f1186cbd590473b994d69a4f7,12819,0e7b5e7535d0c2c606dd72c17576bf91e2f20d2d,12819,,False
models/guards/guard_mcp/checkpoint-1498/training_args.bin,models,model_or_weight,P3_untracked_preserve_or_ignore,byte_identical_to_snapshot,not_tracked_current_index,1edb3cbf71bb13f09e5fef536fcacf458233a415,5201,1edb3cbf71bb13f09e5fef536fcacf458233a415,5201,,False
models/guards/guard_mcp/checkpoint-749/README.md,models,docs_or_research,P2_untracked_intake_review,live_differs_from_snapshot_untracked,not_tracked_current_index,4acb2c9b47ce2c2f201bbfcc61153512aeddeed5,5414,c3c9a3249342ef22ce5596d7351bff1fdbaa30c8,5414,,False
models/guards/guard_mcp/checkpoint-749/adapter_config.json,models,data_or_benchmark,P2_untracked_intake_review,live_differs_from_snapshot_untracked,not_tracked_current_index,70092afff184f4404a0d7cd5f3c6fe844ffbf7f7,1065,b552935ed82b7804e6185d5a15f1c2c9d69b0fb6,1065,,False
models/guards/guard_mcp/checkpoint-749/rng_state.pth,models,model_or_weight,P3_untracked_preserve_or_ignore,byte_identical_to_snapshot,not_tracked_current_index,ecd93038af4153a50160d7f99f1162033a80043b,14645,ecd93038af4153a50160d7f99f1162033a80043b,14645,,False
models/guards/guard_mcp/checkpoint-749/scaler.pt,models,model_or_weight,P3_untracked_preserve_or_ignore,byte_identical_to_snapshot,not_tracked_current_index,9a32eb0898e4a7621cb966cdbe3c56c52ab269b7,1383,9a32eb0898e4a7621cb966cdbe3c56c52ab269b7,1383,,False
models/guards/guard_mcp/checkpoint-749/scheduler.pt,models,model_or_weight,P3_untracked_preserve_or_ignore,byte_identical_to_snapshot,not_tracked_current_index,89ae07477609979e1de51fdd06dee5d5fb68163c,1465,89ae07477609979e1de51fdd06dee5d5fb68163c,1465,,False
models/guards/guard_mcp/checkpoint-749/trainer_state.json,models,data_or_benchmark,P2_untracked_intake_review,live_differs_from_snapshot_untracked,not_tracked_current_index,793f47e8803ad4c2406b12ef99b33dfe8df2dcdb,6850,663f7b3fb39789516c81f88bcc1a815bf32c3d65,6850,,False
models/guards/guard_mcp/checkpoint-749/training_args.bin,models,model_or_weight,P3_untracked_preserve_or_ignore,byte_identical_to_snapshot,not_tracked_current_index,1edb3cbf71bb13f09e5fef536fcacf458233a415,5201,1edb3cbf71bb13f09e5fef536fcacf458233a415,5201,,False
models/guards/guard_mcp/tokenizer.json,models,data_or_benchmark,P2_untracked_intake_review,byte_identical_to_snapshot,not_tracked_current_index,8f778e7d950e055b18b53222c75d2c54c3732df5,711661,8f778e7d950e055b18b53222c75d2c54c3732df5,711661,,False
models/guards/guard_mcp/tokenizer_config.json,models,data_or_benchmark,P2_untracked_intake_review,live_differs_from_snapshot_untracked,not_tracked_current_index,a0d563e339ee5ed6b6e903e0339d75fa5a271e80,336,769291071a8712e4ad20cac2debfa911f5e52be5,336,,False
models/guards/guard_mcp/training_args.bin,models,model_or_weight,P3_untracked_preserve_or_ignore,byte_identical_to_snapshot,not_tracked_current_index,1edb3cbf71bb13f09e5fef536fcacf458233a415,5201,1edb3cbf71bb13f09e5fef536fcacf458233a415,5201,,False
models/guards/guard_plane_service.py,models,source_or_script,P4_low_signal,live_matches_current_index_not_snapshot,different_from_current_index,95e357ceab010c2f14ace0ac9f89485534d0608e,40050,67c306084cea67aa3630dc0e76d506cdce97f39f,40050,67c306084cea67aa3630dc0e76d506cdce97f39f,False
models/guards/query_classifier.manifest.json,models,data_or_benchmark,P2_diff_evidence_review,live_differs_from_snapshot_and_index,same_as_current_index,169bb273c5fa0af59214309b94f7c5e246ba25b9,937,a54ee7ca4e200e293d8905e27e31a3cade094e03,937,169bb273c5fa0af59214309b94f7c5e246ba25b9,False
models/guards/query_classifier.pkl,models,model_or_weight,P4_low_signal,byte_identical_to_snapshot,same_as_current_index,12ab19aaabe3fa5d67676c0b455212fee4a0383c,1718203,12ab19aaabe3fa5d67676c0b455212fee4a0383c,1718203,12ab19aaabe3fa5d67676c0b455212fee4a0383c,False
models/guards/slm_test_results.json,models,data_or_benchmark,P2_untracked_intake_review,live_differs_from_snapshot_untracked,not_tracked_current_index,2608da04eda52adac2a05de23716a041ab175604,11547,8982b006454e14b4999418bb1f2144464f49f5b1,11492,,False
models/hf_inventory_umbrellainc.json,models,data_or_benchmark,P2_untracked_intake_review,live_differs_from_snapshot_untracked,not_tracked_current_index,f1b467528c96b4ebfc162ceb514eef103a62e18b,12031,5cc56a096b2f47dca35cbc76b1de798f08500df7,12031,,False
models/qwen-abliterated-simple/behaviormancer_config.json,models,data_or_benchmark,P2_untracked_intake_review,live_differs_from_snapshot_untracked,not_tracked_current_index,47fe50703ea003cd15df6b8c724b4bd677d0a991,546,100b771b1e6d586ffdf9f29bb230f892bf1b28ac,546,,False
models/qwen-abliterated-simple/chat_template.jinja,models,model_or_weight,P3_untracked_preserve_or_ignore,live_differs_from_snapshot_untracked,not_tracked_current_index,10d8a98f0d9520b3a28d8dea97bc102854c98d21,2481,28028c056af412405debd878cdda0171e35fa5d1,2481,,False
models/qwen-abliterated-simple/config.json,models,data_or_benchmark,P2_untracked_intake_review,live_differs_from_snapshot_untracked,not_tracked_current_index,929d20b4f24daba17ffd650cabcf41fe70e465f5,1461,b3870ffefa8028d65f6ba03d3b61793ea62fda86,1461,,False
models/qwen-abliterated-simple/generation_config.json,models,data_or_benchmark,P2_untracked_intake_review,live_differs_from_snapshot_untracked,not_tracked_current_index,572a3c09031673eefae47c3ca16a5cddd5af3848,150,60d58dc607047a127773a5c10aff497399567c5a,150,,False
models/qwen-abliterated-simple/tokenizer_config.json,models,data_or_benchmark,P2_untracked_intake_review,live_differs_from_snapshot_untracked,not_tracked_current_index,98ed9ac3c577aeb23418178db7c3d6877721e770,697,c960ecf0d33fd7b8c99d12680c0e74a82b36d446,697,,False
models/qwen2.5-1.5b-base/.gitattributes,models,model_or_weight,P3_untracked_preserve_or_ignore,byte_identical_to_snapshot,not_tracked_current_index,a6344aac8c09253b3b630fb776ae94478aa0275b,1519,a6344aac8c09253b3b630fb776ae94478aa0275b,1519,,False
models/qwen2.5-1.5b-base/LICENSE,models,model_or_weight,P3_untracked_preserve_or_ignore,byte_identical_to_snapshot,not_tracked_current_index,6634c8cc3133b3848ec74b9f275acaaa1ea618ab,11343,6634c8cc3133b3848ec74b9f275acaaa1ea618ab,11343,,False
models/qwen2.5-1.5b-base/README.md,models,docs_or_research,P2_untracked_intake_review,live_differs_from_snapshot_untracked,not_tracked_current_index,cec1a378776295817681f6ace8cb9e6bbc022ba9,3969,4da09ac2dbfee85161776a3ccbc8141571e61c6a,3969,,False
models/qwen2.5-1.5b-base/config.json,models,data_or_benchmark,P2_untracked_intake_review,byte_identical_to_snapshot,not_tracked_current_index,169d606d5cf502a5628a52381586679a6d0caaab,684,169d606d5cf502a5628a52381586679a6d0caaab,684,,False
models/qwen2.5-1.5b-base/generation_config.json,models,data_or_benchmark,P2_untracked_intake_review,byte_identical_to_snapshot,not_tracked_current_index,cbbb3133034e192527e5321b4c679154e4819ab8,138,cbbb3133034e192527e5321b4c679154e4819ab8,138,,False
models/qwen2.5-1.5b-base/merges.txt,models,docs_or_research,P2_untracked_intake_review,byte_identical_to_snapshot,not_tracked_current_index,20024bfe7c83998e9aeaf98a0cd6a2ce6306c2f0,1671839,20024bfe7c83998e9aeaf98a0cd6a2ce6306c2f0,1671839,,False
models/qwen2.5-1.5b-base/tokenizer_config.json,models,data_or_benchmark,P2_untracked_intake_review,byte_identical_to_snapshot,not_tracked_current_index,ba7e4c5637b9732dadcd66286ce48334e8b31e9e,7228,ba7e4c5637b9732dadcd66286ce48334e8b31e9e,7228,,False
models/qwen2.5-1.5b-guard-lora/README.md,models,docs_or_research,P2_untracked_intake_review,live_differs_from_snapshot_untracked,not_tracked_current_index,5a24ac4ce819bc687246af9cd4446d55d65987ca,1729,79b55d8bd0d53961b0eb2a97438bb33e3b77a94f,1729,,False
models/qwen2.5-1.5b-guard-lora/adapter_config.json,models,data_or_benchmark,P2_untracked_intake_review,live_differs_from_snapshot_untracked,not_tracked_current_index,556ae9da07471916a55cf78910d1df1e7be0dd7b,1254,ee9338e94653a3427d07edd55b8502cb012b88e1,1254,,False
models/qwen2.5-1.5b-guard-lora/chat_template.jinja,models,model_or_weight,P3_untracked_preserve_or_ignore,live_differs_from_snapshot_untracked,not_tracked_current_index,9840d40f49842423ad9d3c92bbedac488564c088,2561,bdf7919a96cfe43d50914a007b9c0877bd0ec27e,2561,,False
models/qwen2.5-1.5b-guard-lora/checkpoint-100/README.md,models,docs_or_research,P2_untracked_intake_review,live_differs_from_snapshot_untracked,not_tracked_current_index,657fe35a8286bc57f9d4f94fdff6072ef2bdbbf6,5512,2c7f63948c4bb476b1f4b95d596d8f3556658e10,5512,,False
models/qwen2.5-1.5b-guard-lora/checkpoint-100/adapter_config.json,models,data_or_benchmark,P2_untracked_intake_review,live_differs_from_snapshot_untracked,not_tracked_current_index,556ae9da07471916a55cf78910d1df1e7be0dd7b,1254,ee9338e94653a3427d07edd55b8502cb012b88e1,1254,,False
models/qwen2.5-1.5b-guard-lora/checkpoint-100/chat_template.jinja,models,model_or_weight,P3_untracked_preserve_or_ignore,live_differs_from_snapshot_untracked,not_tracked_current_index,9840d40f49842423ad9d3c92bbedac488564c088,2561,bdf7919a96cfe43d50914a007b9c0877bd0ec27e,2561,,False
models/qwen2.5-1.5b-guard-lora/checkpoint-100/rng_state.pth,models,model_or_weight,P3_untracked_preserve_or_ignore,byte_identical_to_snapshot,not_tracked_current_index,7a7d6b8512778441cc13b3ff4e0de597ac45678a,14645,7a7d6b8512778441cc13b3ff4e0de597ac45678a,14645,,False
models/qwen2.5-1.5b-guard-lora/checkpoint-100/scheduler.pt,models,model_or_weight,P3_untracked_preserve_or_ignore,byte_identical_to_snapshot,not_tracked_current_index,d3ded9abeea0454b9c8161336ecd170797cdd9ad,1465,d3ded9abeea0454b9c8161336ecd170797cdd9ad,1465,,False
models/qwen2.5-1.5b-guard-lora/checkpoint-100/tokenizer_config.json,models,data_or_benchmark,P2_untracked_intake_review,live_differs_from_snapshot_untracked,not_tracked_current_index,54edcb0ce075142fb161a224f32dfb5724637a35,390,895045ea04ef5f2447c84d9c3cd491760ab5a058,390,,False
models/qwen2.5-1.5b-guard-lora/checkpoint-100/trainer_state.json,models,data_or_benchmark,P2_untracked_intake_review,live_differs_from_snapshot_untracked,not_tracked_current_index,ee49e395a602d2e1d949cd5ff0c7e1c7a69d8565,2690,aa16709fccf081f283bbec7a51c1e230b8b43c38,2690,,False
models/qwen2.5-1.5b-guard-lora/checkpoint-100/training_args.bin,models,model_or_weight,P3_untracked_preserve_or_ignore,byte_identical_to_snapshot,not_tracked_current_index,eac529bef9498e97531689b23179aa9db841c54d,5777,eac529bef9498e97531689b23179aa9db841c54d,5777,,False
models/qwen2.5-1.5b-guard-lora/checkpoint-200/README.md,models,docs_or_research,P2_untracked_intake_review,live_differs_from_snapshot_untracked,not_tracked_current_index,2b442fabf00a7f91ee776b747403bff0ce82f3e8,5512,af8fefe5d1b008cdc881341e483f7c6ae96774aa,5512,,False
models/qwen2.5-1.5b-guard-lora/checkpoint-200/adapter_config.json,models,data_or_benchmark,P2_untracked_intake_review,live_differs_from_snapshot_untracked,not_tracked_current_index,556ae9da07471916a55cf78910d1df1e7be0dd7b,1254,ee9338e94653a3427d07edd55b8502cb012b88e1,1254,,False
models/qwen2.5-1.5b-guard-lora/checkpoint-200/chat_template.jinja,models,model_or_weight,P3_untracked_preserve_or_ignore,live_differs_from_snapshot_untracked,not_tracked_current_index,9840d40f49842423ad9d3c92bbedac488564c088,2561,bdf7919a96cfe43d50914a007b9c0877bd0ec27e,2561,,False
models/qwen2.5-1.5b-guard-lora/checkpoint-200/rng_state.pth,models,model_or_weight,P3_untracked_preserve_or_ignore,byte_identical_to_snapshot,not_tracked_current_index,27db089a8c3fd3c35fee21e3c955d940cb0e08fc,14645,27db089a8c3fd3c35fee21e3c955d940cb0e08fc,14645,,False
models/qwen2.5-1.5b-guard-lora/checkpoint-200/scheduler.pt,models,model_or_weight,P3_untracked_preserve_or_ignore,byte_identical_to_snapshot,not_tracked_current_index,28fb9d2618cac9fac126388763c37c85ca90b0e1,1465,28fb9d2618cac9fac126388763c37c85ca90b0e1,1465,,False
models/qwen2.5-1.5b-guard-lora/checkpoint-200/tokenizer_config.json,models,data_or_benchmark,P2_untracked_intake_review,live_differs_from_snapshot_untracked,not_tracked_current_index,54edcb0ce075142fb161a224f32dfb5724637a35,390,895045ea04ef5f2447c84d9c3cd491760ab5a058,390,,False
models/qwen2.5-1.5b-guard-lora/checkpoint-200/trainer_state.json,models,data_or_benchmark,P2_untracked_intake_review,live_differs_from_snapshot_untracked,not_tracked_current_index,3015a8473476e59c4eb4e2a435453e3015734999,4596,d4aea128f335199707abade1f4e957830a31e487,4596,,False
models/qwen2.5-1.5b-guard-lora/checkpoint-200/training_args.bin,models,model_or_weight,P3_untracked_preserve_or_ignore,byte_identical_to_snapshot,not_tracked_current_index,eac529bef9498e97531689b23179aa9db841c54d,5777,eac529bef9498e97531689b23179aa9db841c54d,5777,,False
models/qwen2.5-1.5b-guard-lora/tokenizer_config.json,models,data_or_benchmark,P2_untracked_intake_review,live_differs_from_snapshot_untracked,not_tracked_current_index,d8a0290b99fef5961da185c4fa317b63e6cef745,389,d9744b79efc9efb2b6f87f79e2e8006e076155f2,389,,False
models/qwen2.5-1.5b-guard-merged/Modelfile,models,model_or_weight,P3_untracked_preserve_or_ignore,byte_identical_to_snapshot,not_tracked_current_index,387ab726cd3406a415791a69fc303b4249a66aa8,611,387ab726cd3406a415791a69fc303b4249a66aa8,611,,False
models/qwen2.5-1.5b-guard-merged/Modelfile-q4,models,model_or_weight,P3_untracked_preserve_or_ignore,byte_identical_to_snapshot,not_tracked_current_index,e794c8a86f7fbaf2afe31123dce95d6508fa433c,654,e794c8a86f7fbaf2afe31123dce95d6508fa433c,654,,False
models/qwen2.5-1.5b-guard-merged/chat_template.jinja,models,model_or_weight,P3_untracked_preserve_or_ignore,live_differs_from_snapshot_untracked,not_tracked_current_index,9840d40f49842423ad9d3c92bbedac488564c088,2561,bdf7919a96cfe43d50914a007b9c0877bd0ec27e,2561,,False
models/qwen2.5-1.5b-guard-merged/config.json,models,data_or_benchmark,P2_untracked_intake_review,live_differs_from_snapshot_untracked,not_tracked_current_index,e20e120fe46edc9d8420d3bfeda870697cf0c353,1644,2d9808e8bb929906ca877cb96486cb13aaeb9e81,1644,,False
models/qwen2.5-1.5b-guard-merged/tokenizer_config.json,models,data_or_benchmark,P2_untracked_intake_review,live_differs_from_snapshot_untracked,not_tracked_current_index,141359510b33fec56375c2edb9aeab5065be8231,3038,59da75452124a24476a536601eccdc3733daefcf,3038,,False
models/qwen2.5-1.5b-linear-merge.yml,models,data_or_benchmark,P2_untracked_intake_review,live_differs_from_snapshot_untracked,not_tracked_current_index,7f14741acadfcd0134234caf4ee7f38804007f14,373,4e59d876e574be94bb0596cb4f963c9e13e46aa1,373,,False
models/qwen2.5-1.5b-slerp-merge-v2.yml,models,data_or_benchmark,P2_untracked_intake_review,live_differs_from_snapshot_untracked,not_tracked_current_index,b105858499cba166d8c764a36c2e10d5aa136973,476,242abe029c9109e6f3e8f6e77315a089001ad4f6,476,,False
models/qwen2.5-1.5b-slerp-merge-v3.yml,models,data_or_benchmark,P4_low_signal,live_matches_current_index_not_snapshot,different_from_current_index,bb43633710e50ceb3effb9dc877d693c12322f0e,535,93f6fb1edd661a800e7dbf4f6be7da1038583a29,535,93f6fb1edd661a800e7dbf4f6be7da1038583a29,False
models/qwen2.5-1.5b-slerp-merge.yml,models,data_or_benchmark,P2_untracked_intake_review,live_differs_from_snapshot_untracked,not_tracked_current_index,85b68a2e7ddffea9c693213c10a343d02d6cb904,299,63735e1f5d12526daaec801387e4597604c390a0,299,,False
models/qwen2.5-1.5b-ties-merge-v2.yml,models,data_or_benchmark,P2_untracked_intake_review,live_differs_from_snapshot_untracked,not_tracked_current_index,c6617376cb9fc428ac37a2a6f0c37840c30f758f,600,64f3ae2af8c6010a5f7883292552d592d85f6def,600,,False
models/qwen2.5-1.5b-ties-merge-v3.yml,models,data_or_benchmark,P4_low_signal,live_matches_current_index_not_snapshot,different_from_current_index,6aacb0b842e83000474d7eb7d92aeffa9d7c0244,555,0b676d8d77a82c5dfd59769dc3b2341eef384a4a,555,0b676d8d77a82c5dfd59769dc3b2341eef384a4a,False
models/qwen2.5-1.5b-ties-merge.yml,models,data_or_benchmark,P2_untracked_intake_review,live_differs_from_snapshot_untracked,not_tracked_current_index,b7a70d9379e3484f54b81845088d9983dfcbd7d2,510,e4e26c4184b601667b95d3d3352d81da1ec25183,510,,False
models/tokenizer_config.json,models,data_or_benchmark,P2_untracked_intake_review,live_differs_from_snapshot_untracked,not_tracked_current_index,d8a0290b99fef5961da185c4fa317b63e6cef745,389,d9744b79efc9efb2b6f87f79e2e8006e076155f2,389,,False
nexus_os/CANONICAL_STRUCTURE.txt,nexus_os,source_or_script,P1_diff_code_review,live_differs_from_snapshot_and_index,same_as_current_index,add658096a66d47037c92099cf9a9a24c1a88d0b,3244,d4321256865890cddce83ee04b72cac753028a27,3244,add658096a66d47037c92099cf9a9a24c1a88d0b,False
nexus_os/__init__.py,nexus_os,source_or_script,P1_diff_code_review,live_differs_from_snapshot_and_index,different_from_current_index,440bc1c990479215e74410dedfa2cc1eff4eafc3,4429,bf987094d3d5b7441c6a6420691477824aba95c4,4487,8d37f2d2cf8b5a740161f67c899208a8b0ee2040,False
nexus_os/__main__.py,nexus_os,source_or_script,P2_untracked_intake_review,live_differs_from_snapshot_untracked,not_tracked_current_index,bcf63c23ce03719d99ec7758ddcbc30ae60c6e5c,2293,cbfa80ebe46ac3d07cc38aa06542727f2009c420,2293,,False
nexus_os/bridge/__init__.py,nexus_os,source_or_script,P4_low_signal,live_matches_current_index_not_snapshot,different_from_current_index,720570a38d8480a59915b6daacc71199cf77b5fd,385,96bfb3d11b7a665e8c5ac600b598419a7d45bad7,385,96bfb3d11b7a665e8c5ac600b598419a7d45bad7,False
nexus_os/bridge/cloudflare_bypass.py,nexus_os,source_or_script,P4_low_signal,live_matches_current_index_not_snapshot,different_from_current_index,fc7fedea0e478165b88d0acd92ea785759b6d89d,18818,9b372dacb63ecb4ae3ceb8f8046462ae33aa8657,18818,9b372dacb63ecb4ae3ceb8f8046462ae33aa8657,False
nexus_os/bridge/mcpaauth.py,nexus_os,source_or_script,P4_low_signal,live_matches_current_index_not_snapshot,different_from_current_index,b2d738eef35f9008cfcad7fb180ce314d5a7caad,7527,e88737940948d2c841b43588afe642b7fb507e07,7527,e88737940948d2c841b43588afe642b7fb507e07,False
nexus_os/bridge/sdk.py,nexus_os,source_or_script,P4_low_signal,live_matches_current_index_not_snapshot,different_from_current_index,5084398bba6f52e23fb2b7589dc8d3e150225a9a,16874,c143162bd463f9f4fbcc9dfb373d20d1c9d63849,16874,c143162bd463f9f4fbcc9dfb373d20d1c9d63849,False
<redacted-sensitive-path:.py>,nexus_os,sensitive_path,P0_sensitive_hold,live_differs_from_snapshot_and_index,different_from_current_index,78107fe1be0894d705aad21664d44930474c7da4,12382,bba95da381127d96ccee2da5a31e69fce2fd2f08,12872,75ae9f4414442a5d0f4dc56ba54f4efc1383c6f9,True
nexus_os/bridge/server.py,nexus_os,source_or_script,P1_diff_code_review,live_differs_from_snapshot_and_index,different_from_current_index,d93ec33cc6240f129d9ff9a52642b524c7127297,30714,bd18c895147304a62ffa9e59ec86582da6b3cb2d,43915,2335f0496a1ff6143c1198e56ea46a4651df9787,False
<redacted-sensitive-path:.py>,nexus_os,sensitive_path,P0_sensitive_hold,live_matches_current_index_not_snapshot,different_from_current_index,4146b2fb03bdcffa50f83d03d738e6786b2473ba,8496,9153183587077a2a1893b29a962242dde9afe065,8496,9153183587077a2a1893b29a962242dde9afe065,True
nexus_os/chimera_router_v2.py,nexus_os,source_or_script,P4_low_signal,live_matches_current_index_not_snapshot,different_from_current_index,9347f19bea847e75a325e2b05127bb09e54ff44e,20646,3233556ab0c7112fdf019bc9307f1d1fc949c1e8,20646,3233556ab0c7112fdf019bc9307f1d1fc949c1e8,False
nexus_os/claw/__init__.py,nexus_os,source_or_script,P2_untracked_intake_review,byte_identical_to_snapshot,not_tracked_current_index,32466a911c703e6a64168fedb497b9ec57dd8219,117,32466a911c703e6a64168fedb497b9ec57dd8219,117,,False
nexus_os/claw/elicitation.py,nexus_os,source_or_script,P2_untracked_intake_review,byte_identical_to_snapshot,not_tracked_current_index,1e4052ce0ed4a88c295f88c212321d11fc5d15db,4331,1e4052ce0ed4a88c295f88c212321d11fc5d15db,4331,,False
nexus_os/claw/exceptions.py,nexus_os,source_or_script,P2_untracked_intake_review,byte_identical_to_snapshot,not_tracked_current_index,8084bace67cdd2c9e56afb7b2c1e0d776d2a143a,2893,8084bace67cdd2c9e56afb7b2c1e0d776d2a143a,2893,,False
nexus_os/claw/locks.py,nexus_os,source_or_script,P2_untracked_intake_review,byte_identical_to_snapshot,not_tracked_current_index,a4670e7ab7fccfd14dd7b7781591ab3c198a6050,4635,a4670e7ab7fccfd14dd7b7781591ab3c198a6050,4635,,False
nexus_os/claw/policies/__init__.py,nexus_os,source_or_script,P2_untracked_intake_review,byte_identical_to_snapshot,not_tracked_current_index,608b006f3b022a800f404e191643cf751fd39bfc,249,608b006f3b022a800f404e191643cf751fd39bfc,249,,False
nexus_os/claw/policies/presets/__init__.py,nexus_os,source_or_script,P2_untracked_intake_review,byte_identical_to_snapshot,not_tracked_current_index,77bb62a79d451d4ba02bb34946983a4dc34a3ec5,1632,77bb62a79d451d4ba02bb34946983a4dc34a3ec5,1632,,False
nexus_os/claw/policies/presets/discord.json,nexus_os,source_or_script,P2_untracked_intake_review,byte_identical_to_snapshot,not_tracked_current_index,ff3a5fe6144f83e19955d392e5d483956a311654,717,ff3a5fe6144f83e19955d392e5d483956a311654,717,,False
nexus_os/claw/policies/presets/github.json,nexus_os,source_or_script,P2_untracked_intake_review,byte_identical_to_snapshot,not_tracked_current_index,f6cadb30d1938f8a6f92b7a496aed1acc05835ea,783,f6cadb30d1938f8a6f92b7a496aed1acc05835ea,783,,False
nexus_os/claw/policies/presets/huggingface.json,nexus_os,source_or_script,P2_untracked_intake_review,byte_identical_to_snapshot,not_tracked_current_index,1db62054eba92510000d564a9d1d255507bde780,470,1db62054eba92510000d564a9d1d255507bde780,470,,False
nexus_os/claw/policies/presets/npm.json,nexus_os,source_or_script,P2_untracked_intake_review,byte_identical_to_snapshot,not_tracked_current_index,26da5de7ca6e852372a469583a5e07059a406c7d,470,26da5de7ca6e852372a469583a5e07059a406c7d,470,,False
nexus_os/claw/policies/presets/pypi.json,nexus_os,source_or_script,P2_untracked_intake_review,byte_identical_to_snapshot,not_tracked_current_index,0c8b7b81c9bc52827b19269d1e6d1826bacfe7b7,559,0c8b7b81c9bc52827b19269d1e6d1826bacfe7b7,559,,False
nexus_os/claw/policies/presets/sandbox.json,nexus_os,source_or_script,P2_untracked_intake_review,byte_identical_to_snapshot,not_tracked_current_index,b35c37c3d19fb5079c33590eede32590c9dad05c,482,b35c37c3d19fb5079c33590eede32590c9dad05c,482,,False
nexus_os/claw/policies/presets/slack.json,nexus_os,source_or_script,P2_untracked_intake_review,byte_identical_to_snapshot,not_tracked_current_index,3d8094d3925f087009a59d7f44d021a590338fbc,524,3d8094d3925f087009a59d7f44d021a590338fbc,524,,False
nexus_os/claw/policies/presets/telegram.json,nexus_os,source_or_script,P2_untracked_intake_review,byte_identical_to_snapshot,not_tracked_current_index,51ded2139195e91de18a9b1dc07bdc598a253db6,478,51ded2139195e91de18a9b1dc07bdc598a253db6,478,,False
nexus_os/claw/policies/validator.py,nexus_os,source_or_script,P2_untracked_intake_review,byte_identical_to_snapshot,not_tracked_current_index,49cea3f5015088d3ce9fee5275c6af94b03378b3,3961,49cea3f5015088d3ce9fee5275c6af94b03378b3,3961,,False
nexus_os/claw/runners/__init__.py,nexus_os,source_or_script,P2_untracked_intake_review,byte_identical_to_snapshot,not_tracked_current_index,be258ae40aa1829099c6586c0e2c395b10d8a49c,65,be258ae40aa1829099c6586c0e2c395b10d8a49c,65,,False
nexus_os/claw/runners/retry.py,nexus_os,source_or_script,P2_untracked_intake_review,byte_identical_to_snapshot,not_tracked_current_index,2157aaa436c9e462b4889c8632d945884d27d03d,3743,2157aaa436c9e462b4889c8632d945884d27d03d,3743,,False
nexus_os/claw/runners/runner.py,nexus_os,source_or_script,P2_untracked_intake_review,byte_identical_to_snapshot,not_tracked_current_index,09707e1925e69ac1641f9b9a809843819b1b0422,3528,09707e1925e69ac1641f9b9a809843819b1b0422,3528,,False
nexus_os/claw/security/__init__.py,nexus_os,source_or_script,P2_untracked_intake_review,byte_identical_to_snapshot,not_tracked_current_index,a18094c918a13aa3cee02972e4b5016b9c6d488b,67,a18094c918a13aa3cee02972e4b5016b9c6d488b,67,,False
nexus_os/claw/security/config_integrity.py,nexus_os,source_or_script,P2_untracked_intake_review,byte_identical_to_snapshot,not_tracked_current_index,8376c8d5c9c7ed5f1fc962bc86974163313a002b,4870,8376c8d5c9c7ed5f1fc962bc86974163313a002b,4870,,False
<redacted-sensitive-path:.py>,nexus_os,sensitive_path,P0_sensitive_hold,byte_identical_to_snapshot,not_tracked_current_index,3a099b0c4ab8cb32793e8b51a02654414a4494b2,3757,3a099b0c4ab8cb32793e8b51a02654414a4494b2,3757,,True
nexus_os/claw/store.py,nexus_os,source_or_script,P2_untracked_intake_review,byte_identical_to_snapshot,not_tracked_current_index,4743e3077250861292078ab8f4591575b7352390,5209,4743e3077250861292078ab8f4591575b7352390,5209,,False
nexus_os/claw/tiers.py,nexus_os,source_or_script,P2_untracked_intake_review,byte_identical_to_snapshot,not_tracked_current_index,9354327e4b714c59e6d7c5823a7aead301de18c3,4611,9354327e4b714c59e6d7c5823a7aead301de18c3,4611,,False
nexus_os/cli.py,nexus_os,source_or_script,P2_untracked_intake_review,live_differs_from_snapshot_untracked,not_tracked_current_index,f9f8d3a40a3cf75c1a41ebcc7f9fa3d4e8a2ae9d,4869,1753f0032eca06acdcc1d2955a09f60bcc2a2409,4869,,False
nexus_os/cron/__init__.py,nexus_os,source_or_script,P1_diff_code_review,live_differs_from_snapshot_and_index,different_from_current_index,b60d2c072bf10396007948ff119228edf1db42e3,205,d4514c47a92caebe470c81f556eb92c6554f8c22,205,91418ea0ce8bfb6e16d2d6539c658a10ff9e27c0,False
nexus_os/cron/agent_cycle.py,nexus_os,source_or_script,P1_diff_code_review,live_differs_from_snapshot_and_index,same_as_current_index,c07f21e27202c2bf755edd97e65cf345a3605066,9841,86a439da22acb0bce8ec24e1672ef88c8c4e7e68,9841,c07f21e27202c2bf755edd97e65cf345a3605066,False
nexus_os/db/__init__.py,nexus_os,source_or_script,P1_diff_code_review,live_differs_from_snapshot_and_index,different_from_current_index,a413adf135047811284e36d5818051561f7b6bbb,292,b1070a51f4f2313230712629cdaf293daa906ee6,292,e69de29bb2d1d6434b8b29ae775ad8c2e48c5391,False
nexus_os/db/manager.py,nexus_os,source_or_script,P1_diff_code_review,live_differs_from_snapshot_and_index,same_as_current_index,d94c6c05c774328efbfec99ce82a166649ed128c,11305,a1ce2664df465de9c9edc7a97c96bd4287d52ea1,11305,d94c6c05c774328efbfec99ce82a166649ed128c,False
nexus_os/engine/__init__.py,nexus_os,source_or_script,P1_diff_code_review,live_differs_from_snapshot_and_index,different_from_current_index,2b2d7bfad7722b59913726008cf27040ac91de31,1518,a6abc1d832b46175ec8ed08076a41b00ae3496c1,1564,e69de29bb2d1d6434b8b29ae775ad8c2e48c5391,False
nexus_os/engine/executor.py,nexus_os,source_or_script,P4_low_signal,live_matches_current_index_not_snapshot,different_from_current_index,5bb255acfc0ca5de5108b113cd1804f06253e3bc,9482,b95b1d02e019ad5d544fd2a3b7309a3d3b769378,9482,b95b1d02e019ad5d544fd2a3b7309a3d3b769378,False
nexus_os/engine/forge.py,nexus_os,source_or_script,P4_low_signal,live_matches_current_index_not_snapshot,different_from_current_index,d0b8c96685f5256309e5ff1d5d81907af9513a10,7270,1ff39af23bd2d760822d986005f8d73a2a78acaa,7270,1ff39af23bd2d760822d986005f8d73a2a78acaa,False
nexus_os/engine/heartbeat.py,nexus_os,source_or_script,P4_low_signal,live_matches_current_index_not_snapshot,different_from_current_index,10371b79c6b5b3762a2c1a304476475a2c890798,8658,be9225362b2f38166dca2f9d2396605dcdce40bb,8658,be9225362b2f38166dca2f9d2396605dcdce40bb,False
nexus_os/engine/hermes.py,nexus_os,source_or_script,P1_diff_code_review,live_differs_from_snapshot_and_index,same_as_current_index,77fc099d90c6207f96ea0311dde73d86a3cb0a44,17818,45204a172d7964d4b788d3c4084b65a4cec63277,17818,77fc099d90c6207f96ea0311dde73d86a3cb0a44,False
nexus_os/engine/hermes_experience.py,nexus_os,source_or_script,P1_diff_code_review,live_differs_from_snapshot_and_index,same_as_current_index,5248ef5c757e2617d10ad704b7893fe121f36306,16401,1cfcfabc5f9adfb35bff97909a29938feb1614f3,16401,5248ef5c757e2617d10ad704b7893fe121f36306,False
nexus_os/engine/router.py,nexus_os,source_or_script,P4_low_signal,live_matches_current_index_not_snapshot,different_from_current_index,34faee732a53c05cc9690af9246b6dc5aaa095b7,12794,8f349b6fe0cfc92736a00980962eb6a022f65f33,12794,8f349b6fe0cfc92736a00980962eb6a022f65f33,False
nexus_os/engine/skill_adapter.py,nexus_os,source_or_script,P4_low_signal,live_matches_current_index_not_snapshot,different_from_current_index,08164ba639bac0db58f173d98a91c41ac4f38c87,48785,c3a5798bf0583661a37f5fa6c62baa9365a1291e,48785,c3a5798bf0583661a37f5fa6c62baa9365a1291e,False
nexus_os/engine/skill_smith.py,nexus_os,source_or_script,P1_diff_code_review,live_differs_from_snapshot_and_index,same_as_current_index,c961b12d385aad70d6a85bffc4a1b4385fea83b2,12725,204d1c4194bf4ff80650c00c93ea1cbb8b1b6393,12725,c961b12d385aad70d6a85bffc4a1b4385fea83b2,False
nexus_os/engine/skillsmith.py,nexus_os,source_or_script,P4_low_signal,live_matches_current_index_not_snapshot,different_from_current_index,abe279fbb5e92cf3fd95e8a43537a6e22008b113,3138,d71394430aebf2d22c88af8f295f286ec1558231,3138,d71394430aebf2d22c88af8f295f286ec1558231,False
nexus_os/engine/tool_discipline.py,nexus_os,source_or_script,P4_low_signal,live_matches_current_index_not_snapshot,different_from_current_index,8e1c90db3dedad55ce343a3760317d5d49c0d4a9,6359,e0d08a4a483338214dfd62464b827c2593b42cbf,6359,e0d08a4a483338214dfd62464b827c2593b42cbf,False
nexus_os/execution_paths.py,nexus_os,source_or_script,P4_low_signal,live_matches_current_index_not_snapshot,different_from_current_index,f82012a2f1b2e3e775988184a3e108bc30ce9060,10860,a99512b16e70fe91994c7550251057575340f210,10860,a99512b16e70fe91994c7550251057575340f210,False
nexus_os/gmr/__init__.py,nexus_os,source_or_script,P1_diff_code_review,live_differs_from_snapshot_and_index,same_as_current_index,2ced2e1a16ac39ea382e0f1088a724ba2212c458,335,58dace1332647569fb5339fe149dc6bd349eddd9,335,2ced2e1a16ac39ea382e0f1088a724ba2212c458,False
nexus_os/gmr/circuit_breaker.py,nexus_os,source_or_script,P1_diff_code_review,live_differs_from_snapshot_and_index,same_as_current_index,c039aeeef35c38af2cc07efbcf446ba5c753dffa,2442,692ad23ab67e0a09a3bf8a25376dd702edc4d983,2442,c039aeeef35c38af2cc07efbcf446ba5c753dffa,False
nexus_os/gmr/context_packet.py,nexus_os,source_or_script,P1_diff_code_review,live_differs_from_snapshot_and_index,same_as_current_index,e917f575ea416d6124991d1f92209967a0c8960f,1503,99c3a17fc68aa78310af029883908bc99f0f9cb5,1503,e917f575ea416d6124991d1f92209967a0c8960f,False
nexus_os/gmr/domain_mapping.py,nexus_os,source_or_script,P1_diff_code_review,live_differs_from_snapshot_and_index,same_as_current_index,ff1a4dd88985d1e9f1fa5e1e835f6ed72bdb3bdf,3555,79f56e0704998a2f1e9c6c31c142e4a228dc6a51,3845,ff1a4dd88985d1e9f1fa5e1e835f6ed72bdb3bdf,False
nexus_os/gmr/latency_monitor.py,nexus_os,source_or_script,P4_low_signal,live_matches_current_index_not_snapshot,different_from_current_index,b2ef88605ce01c90c1d2184d2977a103ea84eaaa,4319,d97415ccc7391eb917b20b709b9ef3ecdafb1166,4319,d97415ccc7391eb917b20b709b9ef3ecdafb1166,False
nexus_os/gmr/rotator.py,nexus_os,source_or_script,P1_diff_code_review,live_differs_from_snapshot_and_index,same_as_current_index,cf7a33606bca8ad0286c0a2c63eae6cdba6f5a68,19119,9a2ee0e0fdeba5ebe565805befd950e831480b01,19130,cf7a33606bca8ad0286c0a2c63eae6cdba6f5a68,False
nexus_os/gmr/savings.py,nexus_os,source_or_script,P1_diff_code_review,live_differs_from_snapshot_and_index,same_as_current_index,c89e9af29e6cbb4ca36afc7051f2d8d0fb39598b,2441,44a4c6c1ab0a763bc8d5ec1a930791757ad0c026,2441,c89e9af29e6cbb4ca36afc7051f2d8d0fb39598b,False
nexus_os/gmr/scheduler.py,nexus_os,source_or_script,P1_diff_code_review,live_differs_from_snapshot_and_index,same_as_current_index,0d83fea8dcb775fa5d9c217956ece48d8861ad52,1988,efa6f822775a7f05d75a9602ed8452e43fb1e1fc,1988,0d83fea8dcb775fa5d9c217956ece48d8861ad52,False
nexus_os/gmr/telemetry.py,nexus_os,source_or_script,P1_diff_code_review,live_differs_from_snapshot_and_index,same_as_current_index,12d9e242a00c58f3804471d435115b9e8e65be03,2083,1fab29415c534f5e0141529702c2fb71fef047f0,2083,12d9e242a00c58f3804471d435115b9e8e65be03,False
nexus_os/gmr/trust_adapter.py,nexus_os,source_or_script,P1_diff_code_review,live_differs_from_snapshot_and_index,same_as_current_index,6aed374d8f164ac4bff94f2c0318860b0fd3a47b,713,ddb0d3cf25185b97fa66c4045d399f190b2aad04,713,6aed374d8f164ac4bff94f2c0318860b0fd3a47b,False
nexus_os/governor/__init__.py,nexus_os,source_or_script,P4_low_signal,live_matches_current_index_not_snapshot,different_from_current_index,4dc2e75b8700a1c0712d83931b9eddde9e648a48,377,e2cf93c3f71f10461be1185a693e36003c8cad06,377,e2cf93c3f71f10461be1185a693e36003c8cad06,False
nexus_os/governor/autoharness.py,nexus_os,source_or_script,P1_diff_code_review,live_differs_from_snapshot_and_index,same_as_current_index,47a77e3ce56165281825878e01dda31ea122acb1,16038,88efeeb79d0a6200101d91ef4690ea721d603ae2,16042,47a77e3ce56165281825878e01dda31ea122acb1,False
nexus_os/governor/base.py,nexus_os,source_or_script,P1_diff_code_review,live_differs_from_snapshot_and_index,different_from_current_index,afe6a5ed176a5965728aa5b91ec1061d6d011dcd,14476,47746e715363fb16843fa66d80c93bc665535b85,16266,9ae3834d855c48d117c8933181d47a99964f651e,False
nexus_os/governor/cascade_router.py,nexus_os,source_or_script,P4_low_signal,live_matches_current_index_not_snapshot,different_from_current_index,af72416d795d5e4e40b8d9ace8146378d76e90b9,12186,caaa94bec82fc890d41f30a0e785012b06cabcbe,12186,caaa94bec82fc890d41f30a0e785012b06cabcbe,False
nexus_os/governor/compliance.py,nexus_os,source_or_script,P1_diff_code_review,live_differs_from_snapshot_and_index,same_as_current_index,a25ba509b434183fdd69874fc0ecf371efb56d4c,25769,f367f88e917bac2594742335535c246cbd0661df,25769,a25ba509b434183fdd69874fc0ecf371efb56d4c,False
nexus_os/governor/constitution.yaml,nexus_os,source_or_script,P1_diff_code_review,live_differs_from_snapshot_and_index,same_as_current_index,1dd02e1439595c9597a6dfe5f02c9fdf5cac55a2,2992,3ed40ad398e1f9f8f6ed1633ef446c38b7cb7592,2992,1dd02e1439595c9597a6dfe5f02c9fdf5cac55a2,False
<redacted-sensitive-path:.py>,nexus_os,sensitive_path,P0_sensitive_hold,live_matches_current_index_not_snapshot,different_from_current_index,099c2d88444691dd4afcc75ff5271068535bb593,10703,41e76bbc8502ea8ca5edfdb8535bf82a8b509c19,10703,41e76bbc8502ea8ca5edfdb8535bf82a8b509c19,True
nexus_os/governor/proof_chain.py,nexus_os,source_or_script,P1_diff_code_review,live_differs_from_snapshot_and_index,same_as_current_index,ea2ab111a9cbe1e9c5916662be2e939de2203908,2815,138b2b9c6216a27ae4936aa8f2799c940ee28727,2815,ea2ab111a9cbe1e9c5916662be2e939de2203908,False
nexus_os/governor/trust_engine_v2.py,nexus_os,source_or_script,P4_low_signal,live_matches_current_index_not_snapshot,different_from_current_index,a9964f56ebfd9a1ef79632c16e8f8e851730f39e,21314,d48f2bcc85485a96e225daf22cb590e2fe067ecc,21314,d48f2bcc85485a96e225daf22cb590e2fe067ecc,False
nexus_os/governor/trust_kernel.py,nexus_os,source_or_script,P1_diff_code_review,live_differs_from_snapshot_and_index,different_from_current_index,eedef9335c3cd949460de6336342e3f88f6f0cbf,24635,923897efa40c784cabc40fd3930040419f6357a0,29077,f8e6710da24f856ad4ddb349a026fc0031a9183d,False
nexus_os/governor/trust_scoring.py,nexus_os,source_or_script,P1_diff_code_review,live_differs_from_snapshot_and_index,same_as_current_index,953eff2d12de13bbd931e0535b3869f4744d1219,13511,3c959c306c4a82488da089424225b888415e1c01,13511,953eff2d12de13bbd931e0535b3869f4744d1219,False
nexus_os/mcp/__init__.py,nexus_os,source_or_script,P4_low_signal,live_matches_current_index_not_snapshot,different_from_current_index,601bf6e8d9c08ef23b9f74cbacf0dc5de7440aa6,359,3ea933b857c097baeee953a09e5d35c13a019883,359,3ea933b857c097baeee953a09e5d35c13a019883,False
nexus_os/mcp/nexus_mcp.db,nexus_os,source_or_script,P2_untracked_intake_review,byte_identical_to_snapshot,not_tracked_current_index,ee628b96b30878713e18c15d6d3fcbf06243bc98,45056,ee628b96b30878713e18c15d6d3fcbf06243bc98,45056,,False
nexus_os/mcp/server.py,nexus_os,source_or_script,P1_diff_code_review,live_differs_from_snapshot_and_index,different_from_current_index,9a53743970d35b1e33e67a099dbabb106587d21d,18757,f41ab59c4bf94c49549c5ba48a873418ad9b8806,21873,238ee342a769b0de03514c44eae25f715d434c69,False
nexus_os/monitoring/INTEGRATION.md,nexus_os,source_or_script,P1_diff_code_review,live_differs_from_snapshot_and_index,same_as_current_index,56d4a83d6585eadc64900ab30fe8f17fef2269ed,4580,ee65e12bfd4033eda41c93dcc4c1f6731015ce07,4580,56d4a83d6585eadc64900ab30fe8f17fef2269ed,False
nexus_os/monitoring/__init__.py,nexus_os,source_or_script,P1_diff_code_review,live_differs_from_snapshot_and_index,same_as_current_index,5ec5fbe4d9655f2ff019ecc1a29d1014281517c5,114,5a49e2f860378935acc0f0d975bf1acf5019da43,114,5ec5fbe4d9655f2ff019ecc1a29d1014281517c5,False
nexus_os/monitoring/counters.py,nexus_os,source_or_script,P1_diff_code_review,live_differs_from_snapshot_and_index,same_as_current_index,d3ee66c280aa567ae1816fb1e832663c0b8b83d7,2500,68f189c32113d0caa9b0b5e62719b50fdd7b340d,2500,d3ee66c280aa567ae1816fb1e832663c0b8b83d7,False
nexus_os/monitoring/semantic_drift_monitor.py,nexus_os,source_or_script,P1_diff_code_review,live_differs_from_snapshot_and_index,same_as_current_index,cd3b44b39b86e1fa76f3fbcbe29d5e9b9ea4025a,6177,8770a138ae686d63512752bd674fe61511e26875,6177,cd3b44b39b86e1fa76f3fbcbe29d5e9b9ea4025a,False
nexus_os/monitoring/strategies.py,nexus_os,source_or_script,P1_diff_code_review,live_differs_from_snapshot_and_index,same_as_current_index,48fdc0476023ddc66c432482b5809e0b579a4291,2227,922874dcd70b1e924f9a592285f104038518a92c,2227,48fdc0476023ddc66c432482b5809e0b579a4291,False
<redacted-sensitive-path:.py>,nexus_os,sensitive_path,P0_sensitive_hold,live_differs_from_snapshot_and_index,same_as_current_index,1b814ed245199fd134da92fb4115e12995bc7f68,18594,369eaceff56e7e6997513aefe443046eae5537d0,26176,1b814ed245199fd134da92fb4115e12995bc7f68,True
nexus_os/monitoring/trust_scorer.py,nexus_os,source_or_script,P4_low_signal,live_matches_current_index_not_snapshot,different_from_current_index,3030de2e947d1a198bfa538d7ca2b7e508c9f255,5057,7d7a3496295f3a735ac3c817cce1c50f86d19144,5057,7d7a3496295f3a735ac3c817cce1c50f86d19144,False
nexus_os/observability/__init__.py,nexus_os,source_or_script,P4_low_signal,live_matches_current_index_not_snapshot,different_from_current_index,10fd7ee50214d5a57cedf11637c789ed746151b3,210,0bcefdb572e594e8f679242cf24e9d5a2aaaf824,210,0bcefdb572e594e8f679242cf24e9d5a2aaaf824,False
nexus_os/observability/squeez.py,nexus_os,source_or_script,P4_low_signal,live_matches_current_index_not_snapshot,different_from_current_index,4a28dfdf8927e285174c18527ace04469090f274,11163,ea1b643137ef9f88dc80cf7a002f913e51d463cd,11163,ea1b643137ef9f88dc80cf7a002f913e51d463cd,False
nexus_os/observability/tracing.py,nexus_os,source_or_script,P4_low_signal,live_matches_current_index_not_snapshot,different_from_current_index,44f779622997f9a3fa4a13d6c6d9d21ba5478e11,3152,f501358e9822c82e6c23a612baaef8c57cb486a1,3152,f501358e9822c82e6c23a612baaef8c57cb486a1,False
nexus_os/relay/model_relay.py,nexus_os,source_or_script,P1_diff_code_review,live_differs_from_snapshot_and_index,different_from_current_index,54b630fd35ae0037612efc61ea548dc23cb9bbeb,1466,db5e8f719e069c9c5526a33c0cef8b74f3764aa2,42408,e31cb8b3f955266a0293085c3104d2d3e5e23fb9,False
nexus_os/security/__init__.py,nexus_os,source_or_script,P1_diff_code_review,live_differs_from_snapshot_and_index,same_as_current_index,b891be0937234b0d098a2d9a0af8757e1ffcbb93,289,cc1a401b09eb6378c70cad2fc49674a7adbdb4b7,289,b891be0937234b0d098a2d9a0af8757e1ffcbb93,False
nexus_os/security/contamination_detector.py,nexus_os,source_or_script,P4_low_signal,live_matches_current_index_not_snapshot,different_from_current_index,a481c717063256b582508e90cb5f7742850299f2,35702,979d09fcfbd6e76c1342a1518e09dda7922ce23e,35702,979d09fcfbd6e76c1342a1518e09dda7922ce23e,False
nexus_os/security/meta_attack_detector.py,nexus_os,source_or_script,P1_diff_code_review,live_differs_from_snapshot_and_index,different_from_current_index,cbdd2b50225c9413213a154488e20a7dd0c23bc1,41782,9e0d7aca6dd7596ab39edbfb0318fa4bfdfb49de,59744,c093737f2c943dc3de5c13fb4828098094eea78b,False
nexus_os/security/sanitizer.py,nexus_os,source_or_script,P4_low_signal,live_matches_current_index_not_snapshot,different_from_current_index,90b6177c195a396953ba450a10c727a9111038ae,206,b716c16a120c17e840f4b578ba89748238e5e8f9,206,b716c16a120c17e840f4b578ba89748238e5e8f9,False
nexus_os/security/shortcut_neuron_detector.py,nexus_os,source_or_script,P4_low_signal,live_matches_current_index_not_snapshot,different_from_current_index,72bbd0728f60f3a9d5c55135192d6bf7fed73ff1,16114,cb3bead2101312a622ea5f3a60d3910d40d7c26b,16114,cb3bead2101312a622ea5f3a60d3910d40d7c26b,False
nexus_os/stresslab/__init__.py,nexus_os,source_or_script,P2_untracked_intake_review,live_differs_from_snapshot_untracked,not_tracked_current_index,f079ef382e5d54616e75c57983ed8b98d942192c,212,e70b9291a129ec9a2e16a6ceef3d2e036433f943,212,,False
nexus_os/stresslab/isc_runner.py,nexus_os,source_or_script,P1_diff_code_review,live_differs_from_snapshot_and_index,same_as_current_index,241b67d4404f321296053bbf3184a614823e8fa5,6813,f918e25430fdc1e8787e763f405ab128de24cb53,6813,241b67d4404f321296053bbf3184a614823e8fa5,False
nexus_os/stresslab/templates/cyber_test/template_001.json,nexus_os,source_or_script,P1_diff_code_review,live_differs_from_snapshot_and_index,same_as_current_index,6b185ec39ecbda08fd55509f504d5531a8b320f7,447,655eb87a3ac5bbe6695cc4c8b2e5310298c15789,447,6b185ec39ecbda08fd55509f504d5531a8b320f7,False
nexus_os/swarm/__init__.py,nexus_os,source_or_script,P4_low_signal,live_matches_current_index_not_snapshot,different_from_current_index,1fae58171160c665f76e36c87e68c43f9bcea9a5,285,b2e53b843d3e98c4fdc193cdc42f6631fc8d2118,285,b2e53b843d3e98c4fdc193cdc42f6631fc8d2118,False
nexus_os/swarm/auction.py,nexus_os,source_or_script,P4_low_signal,live_matches_current_index_not_snapshot,different_from_current_index,bae58b58f2a99e1dba687726279b589cafcbfc32,6475,a59f1d168d1f830bff46a5e87eeb723c9c3d3ee8,6475,a59f1d168d1f830bff46a5e87eeb723c9c3d3ee8,False
nexus_os/swarm/foreman.py,nexus_os,source_or_script,P4_low_signal,live_matches_current_index_not_snapshot,different_from_current_index,d81c46be12bc6e56616af844ad92aa1f15f152b4,17033,521742e19223b6d57a5cd8f75c6e9d43000231f9,17033,521742e19223b6d57a5cd8f75c6e9d43000231f9,False
nexus_os/swarm/openclaw_spawner.py,nexus_os,source_or_script,P1_diff_code_review,live_differs_from_snapshot_and_index,same_as_current_index,8fb0646b3a3923726734f850cba5221d0595dac2,11219,27b321c1cc401be6fe79294d66f5a05717997c1e,11219,8fb0646b3a3923726734f850cba5221d0595dac2,False
nexus_os/swarm/worker.py,nexus_os,source_or_script,P1_diff_code_review,live_differs_from_snapshot_and_index,same_as_current_index,248bce7d70a707ddc30b852312eab00ee33f4c1f,10294,113a255111cd452fd87386f7309f51991684438d,10294,248bce7d70a707ddc30b852312eab00ee33f4c1f,False
nexus_os/team/__init__.py,nexus_os,source_or_script,P4_low_signal,live_matches_current_index_not_snapshot,different_from_current_index,2168c24dbb55eca6c7894f267a1d82fdac2b49f8,536,c44348f3c7470c4c6b4a7702bac43ac3c320560b,536,c44348f3c7470c4c6b4a7702bac43ac3c320560b,False
nexus_os/team/coordinator.py,nexus_os,source_or_script,P1_diff_code_review,live_differs_from_snapshot_and_index,same_as_current_index,d42209c5bd98d387555a3ffd3b9c1c143d6347d1,45705,e4254217db6a7674345cb4b46a93443917038c72,45705,d42209c5bd98d387555a3ffd3b9c1c143d6347d1,False
nexus_os/twave/__init__.py,nexus_os,source_or_script,P4_low_signal,live_matches_current_index_not_snapshot,different_from_current_index,543ea2793da3aa631d51ad508ab41d73fefa37cb,538,65e81103943560fd6816f378075e8c0373cf8dbc,538,65e81103943560fd6816f378075e8c0373cf8dbc,False
nexus_os/twave/chimera_router_v2.py,nexus_os,source_or_script,P4_low_signal,live_matches_current_index_not_snapshot,different_from_current_index,9347f19bea847e75a325e2b05127bb09e54ff44e,20646,3233556ab0c7112fdf019bc9307f1d1fc949c1e8,20646,3233556ab0c7112fdf019bc9307f1d1fc949c1e8,False
nexus_os/twave/landau_ginzburg_tracker_v2.py,nexus_os,source_or_script,P4_low_signal,live_matches_current_index_not_snapshot,different_from_current_index,27eb65a7d4c7ad65545500407fa26d083be6060a,31557,23dba8a9ea57c4d7e0db577c7bf76753cf3f0efb,31557,23dba8a9ea57c4d7e0db577c7bf76753cf3f0efb,False
<redacted-sensitive-path:.py>,nexus_os,sensitive_path,P0_sensitive_hold,live_matches_current_index_not_snapshot,different_from_current_index,0af604755d71f5edeb9c98bab04a0209fb245944,342,a053365458eba5d2635474eae812ca581004dd95,342,a053365458eba5d2635474eae812ca581004dd95,True
<redacted-sensitive-path:.py>,nexus_os,sensitive_path,P0_sensitive_hold,live_matches_current_index_not_snapshot,different_from_current_index,9cedc03d5a495a02a39683ecd4028b24370d0213,5692,9953aa18a1810b8374ef98bf00d34184be0c32fa,5692,9953aa18a1810b8374ef98bf00d34184be0c32fa,True
<redacted-sensitive-path:.py>,nexus_os,sensitive_path,P0_sensitive_hold,live_differs_from_snapshot_and_index,same_as_current_index,fb562e72b68a53cac72b86b7f09add7114bcf6d1,1904,fe89cabbd99dfff0d2ce5ea4380b79bfc71681d3,1904,fb562e72b68a53cac72b86b7f09add7114bcf6d1,True
<redacted-sensitive-path:.py>,nexus_os,sensitive_path,P0_sensitive_hold,live_differs_from_snapshot_and_index,same_as_current_index,5869128050fa466ba5fa1ff60392e156d1f6d7ff,3401,c292032c159fe5e1bc49be3d26f138681feb580f,3401,5869128050fa466ba5fa1ff60392e156d1f6d7ff,True
<redacted-sensitive-path:.py>,nexus_os,sensitive_path,P0_sensitive_hold,live_matches_current_index_not_snapshot,different_from_current_index,7ac1c0cd1567d59c8d2945109ca22c9a3581d2cf,5816,4e9374542db944475a3c37977eb2951f4089c2ce,5816,4e9374542db944475a3c37977eb2951f4089c2ce,True
<redacted-sensitive-path:.py>,nexus_os,sensitive_path,P0_sensitive_hold,live_differs_from_snapshot_and_index,different_from_current_index,907c657c1d6c24ef96f1192f7eda972d35b4287e,32501,4701aa4af8ae370138126968707199beeb51212b,35599,42c5dcaedfa1e439c23634ffcc4a564e962e833c,True
<redacted-sensitive-path:.py>,nexus_os,sensitive_path,P0_sensitive_hold,live_matches_current_index_not_snapshot,different_from_current_index,12b74a173df33d391ca6f66fd241e3ea3a9545c0,14317,fde36555eb50593772548e90c48f4ca9da566003,14317,fde36555eb50593772548e90c48f4ca9da566003,True
<redacted-sensitive-path:.py>,nexus_os,sensitive_path,P0_sensitive_hold,live_matches_current_index_not_snapshot,different_from_current_index,de6fda93dae0c6b208f92e3bed4ef3d962870ea7,10856,f5d6c049656743008702cc76d4ce2efc0142b0b3,10856,f5d6c049656743008702cc76d4ce2efc0142b0b3,True
<redacted-sensitive-path:.py>,nexus_os,sensitive_path,P0_sensitive_hold,live_matches_current_index_not_snapshot,different_from_current_index,28ce4613a47486c893801d0c873b00d07fc710df,6569,156cc28d5f108e09a15f8c0adfd5dfb24c9280be,6569,156cc28d5f108e09a15f8c0adfd5dfb24c9280be,True
<redacted-sensitive-path:.py>,nexus_os,sensitive_path,P0_sensitive_hold,live_differs_from_snapshot_and_index,same_as_current_index,d6115afea105d95860947aa4492343bef1f0c4f9,1383,435e30656f472cb013515d60dc6c8ebd752964e9,1383,d6115afea105d95860947aa4492343bef1f0c4f9,True
research/archive/README.md,research,docs_or_research,P2_untracked_intake_review,live_differs_from_snapshot_untracked,not_tracked_current_index,94400df74cf3787cacb63bf8b41d3a0c86950e75,378,944d81208e53f5e128b1f2653ff3d637062c84dd,378,,False
research/check_tamas.py,research,source_or_script,P2_untracked_intake_review,live_differs_from_snapshot_untracked,not_tracked_current_index,cd8890b253801dd5f24e80f4cb3b59a1e31d6bb8,342,18093f2065fc8826ff3dedde4a8168b1a90db3db,342,,False
research/check_tamas2.py,research,source_or_script,P2_untracked_intake_review,live_differs_from_snapshot_untracked,not_tracked_current_index,0066dae446b9b75104a5f7adb2b0beeb391ff8d0,703,49350d541ce3e050a1fb34ee482d7e509efae2f2,703,,False
research/chinese_summary.txt,research,docs_or_research,P2_untracked_intake_review,live_differs_from_snapshot_untracked,not_tracked_current_index,fde9ba2822abc8780b2bf7a98c5fd68c86f51727,5541,3997b5dfd5fe50174a721b58d356cc57612a015e,5541,,False
research/ernie_FINAL_REPORT_v5_unlimited.txt,research,docs_or_research,P2_untracked_intake_review,live_differs_from_snapshot_untracked,not_tracked_current_index,2be82dc518d6a881bfd569099f6b3e6ccbee5e6f,13618,e98904c2d1eaf5f5bcc8b2a4075112047403a1e0,13618,,False
research/ernie_FINAL_REPORT_v6_unlimited_english.txt,research,docs_or_research,P2_untracked_intake_review,live_differs_from_snapshot_untracked,not_tracked_current_index,bd261b10fd89969f3a811739d1d08908e8b4ad7d,10432,a463725d0db96aacaf84e0b831e584977c3520dc,10432,,False
research/ernie_FINAL_REPORT_v7_unlimited_english.txt,research,docs_or_research,P2_untracked_intake_review,byte_identical_to_snapshot,not_tracked_current_index,62a18dc895b8ff9141de6685714fb9af723ed448,32122,62a18dc895b8ff9141de6685714fb9af723ed448,32122,,False
research/ernie_FINAL_REPORT_v8_english.txt,research,docs_or_research,P2_untracked_intake_review,byte_identical_to_snapshot,not_tracked_current_index,e831389d7cee1ed65639a5cc378477578c26e56f,27991,e831389d7cee1ed65639a5cc378477578c26e56f,27991,,False
research/ernie_IBM_1B_fallback_matrix.txt,research,docs_or_research,P2_untracked_intake_review,live_differs_from_snapshot_untracked,not_tracked_current_index,bf536b586448633c0faf15e42956fdd2e237e321,23039,bf6602f51ddea6e401a8f61af6105ccbd11009a8,23039,,False
research/ernie_NEXUS_v3_final_swarm_analysis.txt,research,docs_or_research,P2_untracked_intake_review,live_differs_from_snapshot_untracked,not_tracked_current_index,201977c330ce0fdb9416f8058079fafab1471dd6,30839,fe00228a0be6868f442f34e567738e757ff94684,30839,,False
research/ernie_TAMAS基准测试内容总结.txt,research,docs_or_research,P2_untracked_intake_review,live_differs_from_snapshot_untracked,not_tracked_current_index,59de78601154908b7de1f7d2f97b379994340a54,5988,755a14fdd7c5373be49059a9c90c9ad6a86dadfe,5988,,False
research/ernie_cross_validation_final_v10.txt,research,docs_or_research,P2_untracked_intake_review,live_differs_from_snapshot_untracked,not_tracked_current_index,16fc4a52d036c65a94a11ab4fca49f0468104fe7,11085,65ac3baac25d8ba26e80366ec5f8003f5ff0ea25,11085,,False
research/ernie_cross_validation_report.txt,research,docs_or_research,P2_untracked_intake_review,live_differs_from_snapshot_untracked,not_tracked_current_index,b07747b57903bb571d08a57cb15168e159fa0fd1,8634,89542ecc3721acf581bf6e51353989c4d8df9ad2,8634,,False
research/ernie_failure_mode_analysis.txt,research,docs_or_research,P2_untracked_intake_review,live_differs_from_snapshot_untracked,not_tracked_current_index,6f9513a3d16a71dc974ff7432743947c9fefd23f,15576,c4cc656902d05ba202382270b2e7e53ac7411e5f,15576,,False
research/ernie_root_cause_analysis.txt,research,docs_or_research,P2_untracked_intake_review,live_differs_from_snapshot_untracked,not_tracked_current_index,4b85e22918ff8ffa81860767a0707026a2836558,14235,2f40d3ca07aca601dc249a187ded4b07e674f26e,14235,,False
research/ernie_root_cause_analysis_v2.txt,research,docs_or_research,P2_untracked_intake_review,live_differs_from_snapshot_untracked,not_tracked_current_index,8ba7b5c25b318f6bc4eef1c53afd79132973c104,15914,9389cea21a16e07c4392cd15d0f723298731fdad,15914,,False
research/ernie_swarm_analysis_V10_V11_V12_unlimited.txt,research,docs_or_research,P2_untracked_intake_review,live_differs_from_snapshot_untracked,not_tracked_current_index,7da2dc16da0716e37ebdae85f6d3734f46a14c33,20165,a343ca5ff6fa88e3f011a7e4123390fc3b8ac391,20165,,False
research/ernie_swarm_analysis_V4_V5_V6_unlimited.txt,research,docs_or_research,P2_untracked_intake_review,live_differs_from_snapshot_untracked,not_tracked_current_index,e39563bfb214b67551cf3f93f8dd51702224ef01,19355,ec9d9a86ec0747c9bd00fac7e7ce6d1c817da07d,19355,,False
research/ernie_swarm_analysis_V7_V8_V9_unlimited.txt,research,docs_or_research,P2_untracked_intake_review,byte_identical_to_snapshot,not_tracked_current_index,26adbb2a26b4ff9cac896353bc0802ab347af850,30067,26adbb2a26b4ff9cac896353bc0802ab347af850,30067,,False
research/ernie_swarm_variant_analysis_v4.txt,research,docs_or_research,P2_untracked_intake_review,live_differs_from_snapshot_untracked,not_tracked_current_index,ad61ce7377e74eb29000f0b68d9a703d309de185,27549,75a1dc6e840cf1549b45b85ea26544c1762e1ce1,27549,,False
research/ernie_swarm_variant_analysis_v5.txt,research,docs_or_research,P2_untracked_intake_review,live_differs_from_snapshot_untracked,not_tracked_current_index,f28e28c20336ccea5b7895d8863255f082f02576,30739,7ebf7eec197390a29c5e2371cb712acc3ca42700,30739,,False
research/evidence/README.md,research,docs_or_research,P2_untracked_intake_review,live_differs_from_snapshot_untracked,not_tracked_current_index,a3f25adaf12ac29d24cd7d857604309127e1d11e,829,c9acf75728835ddd9c4e610686b019c003a151ce,829,,False
research/evidence/briefs/ernie-adversarial-corpus-v2.md,research,docs_or_research,P2_untracked_intake_review,live_differs_from_snapshot_untracked,not_tracked_current_index,010ffcb45bcf5d35438cde128f9ee48464264f49,1538,3c5740410bad97d528ce4462ef698bc3a5203225,1538,,False
research/evidence/briefs/ernie-cross-validation-v10.md,research,docs_or_research,P2_untracked_intake_review,live_differs_from_snapshot_untracked,not_tracked_current_index,41fdedda022c00fbf7263abc3a66a495061bfc2c,640,adfd05ec62467792c3449387d1e15c84a083f9f0,640,,False
research/evidence/briefs/ernie-swarm-analysis-v10.md,research,docs_or_research,P2_untracked_intake_review,live_differs_from_snapshot_untracked,not_tracked_current_index,0d168c335a7e7e892f59636ea302706ec2d2e7cf,796,24f34b164a568af09dc86382e55c967b1d91e220,796,,False
research/evidence/briefs/ernie-swarm-v4-v6.md,research,docs_or_research,P2_untracked_intake_review,live_differs_from_snapshot_untracked,not_tracked_current_index,731930c811ac3b38aa07023ad24096314918511f,773,623f16d6db75d2ae05399cd560475b539492677f,773,,False
research/evidence/briefs/guard-slm-reports.md,research,docs_or_research,P2_untracked_intake_review,live_differs_from_snapshot_untracked,not_tracked_current_index,927e8fa70aaee514a220f02ad0c90e09f3eb9d30,585,7689ae6dcc430bbeda450fc7aef2e83ddf1a3b67,585,,False
research/evidence/briefs/nexus-frontier-v5.md,research,docs_or_research,P2_untracked_intake_review,live_differs_from_snapshot_untracked,not_tracked_current_index,036bbdcab9f52cad3acfbb0a91576d0a66a3235f,1366,cb6e1b32a14d2b538bcc6e582dc65c17205dd1d8,1366,,False
research/evidence/briefs/nexus-stess-lab-v7-merged.md,research,docs_or_research,P2_untracked_intake_review,live_differs_from_snapshot_untracked,not_tracked_current_index,33f65d293e5e6ad2a721834f3e0bbafc3964a396,615,19488139660527bbbd9e2189c3975adec1871e64,615,,False
research/evidence/briefs/nexus-tamas-v6.md,research,docs_or_research,P2_untracked_intake_review,live_differs_from_snapshot_untracked,not_tracked_current_index,eff0b1019901ae0c9b0ddb3339bcf9b5627552e6,750,5e280db8edfdc24856b74b8a7926c0bbc357f430,750,,False
research/evidence/briefs/phase6-trustkernel-integration.md,research,docs_or_research,P2_untracked_intake_review,live_differs_from_snapshot_untracked,not_tracked_current_index,f8e79368bf8b1c32515f4cfeab970bcc8b28d408,767,16856332f0a92d828116be035327ae7ac2090b91,767,,False
research/evidence/briefs/red-blue-purple-trustkernel-research.md,research,docs_or_research,P2_untracked_intake_review,live_differs_from_snapshot_untracked,not_tracked_current_index,183c7309444409b798468f5e9c1eacac7d175c09,728,1d07a4961b08fb658a1b5fc8392ba6a3f7581354,728,,False
research/evidence/briefs/stress-lab-v4-high-quality.md,research,docs_or_research,P2_untracked_intake_review,live_differs_from_snapshot_untracked,not_tracked_current_index,b89cc981a15624aac33913d72cd535691398dceb,621,6b969c04336ff8ff3d68ad0f80fec51aaf1d7546,621,,False
research/evidence/drafts/ernie-v2-to-guard-plane-update.md,research,docs_or_research,P2_untracked_intake_review,live_differs_from_snapshot_untracked,not_tracked_current_index,185a850893391cee0fee31de0727829de34bd219,937,82cb65edc35fa74c4c95198e28c6098da78153a1,937,,False
research/evidence/raw/ADVERSARIAL_CORPUS_v2.md,research,docs_or_research,P2_untracked_intake_review,live_differs_from_snapshot_untracked,not_tracked_current_index,ee8c8e2d02d6f758a06c074e0ea5d7a8193bc328,456,0e31d1be1f80d4e76d2b734cf0c19b7ecb9dfa7d,456,,False
research/evidence_manifest.json,research,docs_or_research,P2_untracked_intake_review,byte_identical_to_snapshot,not_tracked_current_index,9715c74bfb1722dbf12f3ca54780304279a2be74,3135,9715c74bfb1722dbf12f3ca54780304279a2be74,3135,,False
research/extract_docx.py,research,source_or_script,P2_untracked_intake_review,live_differs_from_snapshot_untracked,not_tracked_current_index,4cf34529726f4c08908606a04fe099fe45d5c9a5,2204,7fe9fa78b67d4a944f46e4b37d55b2956967cf69,2204,,False
research/hygiene/2026-05-27-research-tidiness-rules.md,research,docs_or_research,P2_untracked_intake_review,live_differs_from_snapshot_untracked,not_tracked_current_index,5651ef69d7a60f9f35202d7469d2d12c0eb09455,1066,4fabfad4fd31f1426669b71b63eae52878fbe7f0,1066,,False
research/hygiene/archive-policy.md,research,docs_or_research,P2_untracked_intake_review,live_differs_from_snapshot_untracked,not_tracked_current_index,beeee35e40c252189a37ee0ecd169e47d9416548,540,9ae124f54b502e7fb8d621f7c4df1d206f27a1c5,540,,False
research/hygiene/enforce_manifest.py,research,source_or_script,P2_untracked_intake_review,live_differs_from_snapshot_untracked,not_tracked_current_index,1202f758b8cd485c4049510d1467c5e119cfc090,1698,1c01968cd53940ff05323be331d5c4007502f8c5,1698,,False
research/intake/2026-05-27-first-batch-lane-a-reconcile.md,research,docs_or_research,P2_untracked_intake_review,live_differs_from_snapshot_untracked,not_tracked_current_index,9ac73807aca96bef2cc77df86fb1d81e132be531,4218,8bd49f9dcc48781a86c7b62ffd814216afaa863d,4218,,False
research/intake/2026-05-27-first-batch-lane-b-diagnosis.md,research,docs_or_research,P2_untracked_intake_review,live_differs_from_snapshot_untracked,not_tracked_current_index,4b61284e5a7594193f49c31ba79596ed883eb102,6231,a5293861429ccca0f16a3a973f75ef56904c235b,6231,,False
research/intake/2026-05-27-first-batch-vap-records.jsonl,research,docs_or_research,P2_untracked_intake_review,live_differs_from_snapshot_untracked,not_tracked_current_index,1b6e98eeeb41f0df434d23b0063d47ca38d66027,6489,c27592d35655efe17aab40e2a794dafe4da87281,6489,,False
research/intake/2026-05-27-memory-reconciliation.md,research,docs_or_research,P2_untracked_intake_review,live_differs_from_snapshot_untracked,not_tracked_current_index,392e9d6dbeadd8557a2b175f831274b150c84809,5744,b62a1a4caa17d7961cc43fab570c993093d4dffa,5342,,False
research/intake/2026-05-27-memory-systems-comparison.md,research,docs_or_research,P2_untracked_intake_review,live_differs_from_snapshot_untracked,not_tracked_current_index,705b4bb01fd325fde641e2674acc20b43a774937,2442,27b12be61c2ebc29be52606b3d6a5f95f2afdee5,2442,,False
research/intake/2026-06-02-nemoclaw-wsl2-feasibility.md,research,docs_or_research,P2_untracked_intake_review,byte_identical_to_snapshot,not_tracked_current_index,4ffc84fc582f4d1d9b445f79f4375d9f33d4d727,5330,4ffc84fc582f4d1d9b445f79f4375d9f33d4d727,5330,,False
research/intake/2026-06-03-nexusclaw-architectural-decision.md,research,docs_or_research,P2_untracked_intake_review,byte_identical_to_snapshot,not_tracked_current_index,938aa5dfda86b9549c62ee032a22a7f34eaac427,15268,938aa5dfda86b9549c62ee032a22a7f34eaac427,15268,,False
research/intake/2026-06-03-trust-memory-resource-reconcile.md,research,docs_or_research,P2_untracked_intake_review,byte_identical_to_snapshot,not_tracked_current_index,154b3aa5bee2a48babc5451978b55eb6937cc1dc,2875,154b3aa5bee2a48babc5451978b55eb6937cc1dc,2875,,False
research/intake/2026-06-nvidia-spark-nemoclaw-nexus-decision.md,research,docs_or_research,P2_untracked_intake_review,byte_identical_to_snapshot,not_tracked_current_index,57ce9df91b8b166a8beed11ffb1839d3f4bd17f0,15040,57ce9df91b8b166a8beed11ffb1839d3f4bd17f0,15040,,False
research/intake/intake_processor.py,research,source_or_script,P2_untracked_intake_review,live_differs_from_snapshot_untracked,not_tracked_current_index,6a59e09791c0806004fa46850355acb3fd3e9e11,1740,1e499563a6963c46b1316a4dfbbf9e70042a269d,1740,,False
research/mcp_security_synthesis.md,research,docs_or_research,P2_untracked_intake_review,live_differs_from_snapshot_untracked,not_tracked_current_index,a740794bcf6b61e2ae35f06dc58ff564189c0110,12289,ff6acf929dffab2934a81f43aac04280cf2a4103,12289,,False
research/nexus_agentic_gateway_v31_deep_dive_2026-04-18.md,research,docs_or_research,P4_low_signal,live_matches_current_index_not_snapshot,different_from_current_index,8d58a4a1b5d0c491faac4727b528f038eb94051c,28101,e7735c3aac661dfddf93e1c34fcd980442599e4f,28101,e7735c3aac661dfddf93e1c34fcd980442599e4f,False
research/papers01/A Cookbook of Self-Supervised Learning.pdf,research,docs_or_research,P2_untracked_intake_review,byte_identical_to_snapshot,not_tracked_current_index,44e1e7a83624136b2c56495c348667b0ea3a1d69,1877344,44e1e7a83624136b2c56495c348667b0ea3a1d69,1877344,,False
research/papers01/A proposal to localising urban AI a conceptual shift from generalist LLMs to task-specific SLMs.pdf,research,docs_or_research,P2_untracked_intake_review,byte_identical_to_snapshot,not_tracked_current_index,4bb452ec8246994311a6cb30b89987521f4d8fb6,1056356,4bb452ec8246994311a6cb30b89987521f4d8fb6,1056356,,False
research/papers01/A-Multi-agent-LLM-System-for-Automated-Requirements-Analysis-A-Study-on-User-Story-Generation.pdf,research,docs_or_research,P2_untracked_intake_review,byte_identical_to_snapshot,not_tracked_current_index,f76e3d6e3f0ddca8c179e3bbff9c915719a0612f,936388,f76e3d6e3f0ddca8c179e3bbff9c915719a0612f,936388,,False
research/papers01/A-comprehensive-evaluation-framework-for-deep-model-robustness.pdf,research,docs_or_research,P2_untracked_intake_review,byte_identical_to_snapshot,not_tracked_current_index,c03d55f0de40cf38c0d07e96a89916f6e30ae438,1559474,c03d55f0de40cf38c0d07e96a89916f6e30ae438,1559474,,False
research/papers01/Assessing Small Language Models for Code Generation An Empirical Study with Benchmarks.pdf,research,docs_or_research,P2_untracked_intake_review,byte_identical_to_snapshot,not_tracked_current_index,be7941d3ec1ad8fe8d4f61f7ebd515ca06a38b3c,1213807,be7941d3ec1ad8fe8d4f61f7ebd515ca06a38b3c,1213807,,False
research/papers01/Designing to Forget Deep Semi-parametric Models for Unlearning.pdf,research,docs_or_research,P2_untracked_intake_review,byte_identical_to_snapshot,not_tracked_current_index,8f64b5c869b183fbd1f8666520eac698ce1fe1b0,1897170,8f64b5c869b183fbd1f8666520eac698ce1fe1b0,1897170,,False
research/papers01/FROM LAZY AGENTS TO DELIBERATION.pdf,research,docs_or_research,P2_untracked_intake_review,byte_identical_to_snapshot,not_tracked_current_index,48c8065adaff54e714ba2c36e500ba1dd19bfcb6,877404,48c8065adaff54e714ba2c36e500ba1dd19bfcb6,877404,,False
research/papers01/Fast Byte Latent Transformer.pdf,research,docs_or_research,P2_untracked_intake_review,byte_identical_to_snapshot,not_tracked_current_index,9af5136a540a94c2fe523761345cd7ac4e627915,1492748,9af5136a540a94c2fe523761345cd7ac4e627915,1492748,,False
research/papers01/Hackers easily fool artificial intelligences.pdf,research,docs_or_research,P2_untracked_intake_review,byte_identical_to_snapshot,not_tracked_current_index,ea023d94eca49f3b78f0273fdf8cc31af03cc9d0,231640,ea023d94eca49f3b78f0273fdf8cc31af03cc9d0,231640,,False
research/papers01/It’s Not Just Size That Matters Small Language Models Are Also Few-Shot Learners.pdf,research,docs_or_research,P2_untracked_intake_review,byte_identical_to_snapshot,not_tracked_current_index,bc975258bd75b83cd991df371953c2ee209ad759,475407,bc975258bd75b83cd991df371953c2ee209ad759,475407,,False
research/papers01/Large Language Models Hallucination.pdf,research,docs_or_research,P2_untracked_intake_review,byte_identical_to_snapshot,not_tracked_current_index,7bc69622ffc0155ea362f7d5f8c4c055867781a7,1496209,7bc69622ffc0155ea362f7d5f8c4c055867781a7,1496209,,False
research/papers01/Large-language-models-and-the-perils-of-their-hallucinations.pdf,research,docs_or_research,P2_untracked_intake_review,byte_identical_to_snapshot,not_tracked_current_index,701fac092971b4d027d688ede9023097d7597b5b,775145,701fac092971b4d027d688ede9023097d7597b5b,775145,,False
research/papers01/Large-language-models-in-medicine.pdf,research,docs_or_research,P2_untracked_intake_review,byte_identical_to_snapshot,not_tracked_current_index,b3b113fb5a13741b24d2852059abedda50046a4f,1050814,b3b113fb5a13741b24d2852059abedda50046a4f,1050814,,False
research/papers01/PROBABILISTIC DISTANCES-BASED HALLUCINATION DETECTION IN LLMS WITH RAG.pdf,research,docs_or_research,P2_untracked_intake_review,byte_identical_to_snapshot,not_tracked_current_index,6533c231eb76e5c777e45c70555e7db5e8587307,603386,6533c231eb76e5c777e45c70555e7db5e8587307,603386,,False
research/papers01/Phase Transitions in Artificial.pdf,research,docs_or_research,P2_untracked_intake_review,byte_identical_to_snapshot,not_tracked_current_index,4305ed1ced401d8711235a097259ff4aed06099c,937436,4305ed1ced401d8711235a097259ff4aed06099c,937436,,False
research/papers01/Phase Transitions in the Output Distribution of Large Language Models.pdf,research,docs_or_research,P2_untracked_intake_review,byte_identical_to_snapshot,not_tracked_current_index,61263ecd8923c89f4f3a3e7e97dba43ee61f37f4,726001,61263ecd8923c89f4f3a3e7e97dba43ee61f37f4,726001,,False
research/papers01/Phase transitions and the search problem .pdf,research,docs_or_research,P2_untracked_intake_review,byte_identical_to_snapshot,not_tracked_current_index,8bd7e07949f79b3da7ae3cfbeaec0d6f30bcf69d,1177564,8bd7e07949f79b3da7ae3cfbeaec0d6f30bcf69d,1177564,,False
research/papers01/RED-BLUE-PURPLE/A taxonomy and survey of attacks against machine learning.pdf,research,docs_or_research,P2_untracked_intake_review,byte_identical_to_snapshot,not_tracked_current_index,a7dfd0b960dbb36a190c208ffc8c2b1d80493a7c,962920,a7dfd0b960dbb36a190c208ffc8c2b1d80493a7c,962920,,False
research/papers01/RED-BLUE-PURPLE/A-principled-governance-for-emerging-AI-regimes-lessons-from-China-the-European-Union-and.pdf,research,docs_or_research,P2_untracked_intake_review,byte_identical_to_snapshot,not_tracked_current_index,cd6657b46af759c097322fa60d7f2d22b22afab8,760808,cd6657b46af759c097322fa60d7f2d22b22afab8,760808,,False
research/papers01/RED-BLUE-PURPLE/AEGIS Online Adaptive AI Content Safety Moderation with.pdf,research,docs_or_research,P2_untracked_intake_review,byte_identical_to_snapshot,not_tracked_current_index,a8d7c57354a25bc0cef782c7fe69d8f7d8caed9e,1223582,a8d7c57354a25bc0cef782c7fe69d8f7d8caed9e,1223582,,False
research/papers01/RED-BLUE-PURPLE/AI for Scientific Discovery is a Social Problem.pdf,research,docs_or_research,P2_untracked_intake_review,byte_identical_to_snapshot,not_tracked_current_index,1268c2ad7644fe94fb3fb4862f252d5b822f51ea,2049390,1268c2ad7644fe94fb3fb4862f252d5b822f51ea,2049390,,False
research/papers01/RED-BLUE-PURPLE/Advancing-Trustworthy-AI-A-Comparative-Evaluation-of-AI-Robustness-Toolboxes.pdf,research,docs_or_research,P2_untracked_intake_review,byte_identical_to_snapshot,not_tracked_current_index,9b7f6daa68e3c16001eec5094cdf0d5c0ac9f9cb,1843514,9b7f6daa68e3c16001eec5094cdf0d5c0ac9f9cb,1843514,,False
research/papers01/RED-BLUE-PURPLE/Aikido AI Pentest Example Report.pdf,research,docs_or_research,P2_untracked_intake_review,byte_identical_to_snapshot,not_tracked_current_index,7204fab3a87842bbca7308799e1dea3b4fb25de7,1181604,7204fab3a87842bbca7308799e1dea3b4fb25de7,1181604,,False
research/papers01/RED-BLUE-PURPLE/Algorithmic-Accountability.pdf,research,docs_or_research,P2_untracked_intake_review,byte_identical_to_snapshot,not_tracked_current_index,a231c36a6a2b2072605876d159358db440716e01,248559,a231c36a6a2b2072605876d159358db440716e01,248559,,False
research/papers01/RED-BLUE-PURPLE/Asleep-at-the-Keyboard-Assessing-the-Security-of-GitHub-Copilot-s-Code-Contributions.pdf,research,docs_or_research,P2_untracked_intake_review,byte_identical_to_snapshot,not_tracked_current_index,77ac25d169e94b2af028080b0dd85a3e99266b03,574282,77ac25d169e94b2af028080b0dd85a3e99266b03,574282,,False
research/papers01/RED-BLUE-PURPLE/Atacking ML systems-schneier2020.pdf,research,docs_or_research,P2_untracked_intake_review,byte_identical_to_snapshot,not_tracked_current_index,feac8b3a6e2f59389b04473a63917ba9b96b5389,768418,feac8b3a6e2f59389b04473a63917ba9b96b5389,768418,,False
research/papers01/RED-BLUE-PURPLE/Automated TAttack Model for Red Teams (2005).pdf,research,docs_or_research,P2_untracked_intake_review,byte_identical_to_snapshot,not_tracked_current_index,151bc5c744faba7341b701b231feb4c50b2bebf8,422017,151bc5c744faba7341b701b231feb4c50b2bebf8,422017,,False
research/papers01/RED-BLUE-PURPLE/Beyond-transparency-and-explainability-on-the-need-for-adequate-and-contextualized-user-guidelines.pdf,research,docs_or_research,P2_untracked_intake_review,byte_identical_to_snapshot,not_tracked_current_index,7dfa7f3af5137e85d5dc4ea05b096f835fc93b07,711661,7dfa7f3af5137e85d5dc4ea05b096f835fc93b07,711661,,False
research/papers01/RED-BLUE-PURPLE/CTF DOJO TRAINING LANGUAGE MODEL AGENTS TO FIND vulnarabilities.pdf,research,docs_or_research,P2_untracked_intake_review,byte_identical_to_snapshot,not_tracked_current_index,0da6d75ec2c3eff4e690e641af5f1a25bfa8a6d5,1023290,0da6d75ec2c3eff4e690e641af5f1a25bfa8a6d5,1023290,,False
research/papers01/RED-BLUE-PURPLE/Differential-privacy-in-deep-learning-Privacy-and-beyond.pdf,research,docs_or_research,P2_untracked_intake_review,byte_identical_to_snapshot,not_tracked_current_index,5c8a0205ee0cec9a0c290e98efd99bf24bd55ffc,1583208,5c8a0205ee0cec9a0c290e98efd99bf24bd55ffc,1583208,,False
research/papers01/RED-BLUE-PURPLE/Efficient Black-box Adversarial Attacks via Bayesian Optimization.pdf,research,docs_or_research,P2_untracked_intake_review,byte_identical_to_snapshot,not_tracked_current_index,9247a01fc1f4c3ca8bbf0e69489e94ed377bce61,1936516,9247a01fc1f4c3ca8bbf0e69489e94ed377bce61,1936516,,False
research/papers01/RED-BLUE-PURPLE/Enabling-collaborative-governance-of-medical-AI.pdf,research,docs_or_research,P2_untracked_intake_review,byte_identical_to_snapshot,not_tracked_current_index,a557f79786447046c645f02bd072c4a3caf7db4f,834387,a557f79786447046c645f02bd072c4a3caf7db4f,834387,,False
research/papers01/RED-BLUE-PURPLE/Enhancing-user-prompt-confidentiality-in-Large-Language-Models-through-advanced-differential.pdf,research,docs_or_research,P2_untracked_intake_review,byte_identical_to_snapshot,not_tracked_current_index,c2d2a047893741186c70819bb1be882c657ccdbe,1265933,c2d2a047893741186c70819bb1be882c657ccdbe,1265933,,False
research/papers01/RED-BLUE-PURPLE/Enterprise-Grade Security for the Model Context.pdf,research,docs_or_research,P2_untracked_intake_review,byte_identical_to_snapshot,not_tracked_current_index,0520ddd4b33d9a96e0bdcf1e78d813d4b334ddb4,585566,0520ddd4b33d9a96e0bdcf1e78d813d4b334ddb4,585566,,False
research/papers01/RED-BLUE-PURPLE/From_Texts_to_Shields_Convergence_of_Large_Languag.pdf,research,docs_or_research,P2_untracked_intake_review,byte_identical_to_snapshot,not_tracked_current_index,cf1237a63e2b931c1afe5bd4f60118ae17b0fc4d,264734,cf1237a63e2b931c1afe5bd4f60118ae17b0fc4d,264734,,False
research/papers01/RED-BLUE-PURPLE/Governing-Framework-for-the-Responsible-Democratization-of-Large-Language-Models-in-Banking.pdf,research,docs_or_research,P2_untracked_intake_review,byte_identical_to_snapshot,not_tracked_current_index,ec67f7c8e8f676af83857bddcdbf8ba76143dbf9,943632,ec67f7c8e8f676af83857bddcdbf8ba76143dbf9,943632,,False
research/papers01/RED-BLUE-PURPLE/Governing-ir-responsibilities-for-future-military-AI-systems.pdf,research,docs_or_research,P2_untracked_intake_review,byte_identical_to_snapshot,not_tracked_current_index,686da640385366d2ff6556195771a78605e792d3,581516,686da640385366d2ff6556195771a78605e792d3,581516,,False
research/papers01/RED-BLUE-PURPLE/How-and-why-governments-are-regulating-AI-a-comparison-of-legislative-frameworks.pdf,research,docs_or_research,P2_untracked_intake_review,byte_identical_to_snapshot,not_tracked_current_index,5d1754bf0592662bfbe2e094f3ced0a3ba9a4824,750122,5d1754bf0592662bfbe2e094f3ced0a3ba9a4824,750122,,False
research/papers01/RED-BLUE-PURPLE/Is your algorithm unlearning or untraining.pdf,research,docs_or_research,P2_untracked_intake_review,byte_identical_to_snapshot,not_tracked_current_index,e1d72ebdad48dfff12d6f89a8341581b60d76802,497406,e1d72ebdad48dfff12d6f89a8341581b60d76802,497406,,False
"research/papers01/RED-BLUE-PURPLE/JailbreakZoo Survey, Landscapes, and Horizons in Jailbreaking.pdf",research,docs_or_research,P2_untracked_intake_review,byte_identical_to_snapshot,not_tracked_current_index,1d17b811699438374568df5efa595d1bd2379a47,2087161,1d17b811699438374568df5efa595d1bd2379a47,2087161,,False
<redacted-sensitive-path:.pdf>,research,sensitive_path,P0_sensitive_hold,byte_identical_to_snapshot,not_tracked_current_index,a61b6fc11be99e76865c49c0bc2e3587947c685f,1275045,a61b6fc11be99e76865c49c0bc2e3587947c685f,1275045,,True
research/papers01/RED-BLUE-PURPLE/MODEL-AGNOSTIC META-ATTACK.pdf,research,docs_or_research,P2_untracked_intake_review,byte_identical_to_snapshot,not_tracked_current_index,7fda771af99c9e4ef1592e995701123bccddec65,710028,7fda771af99c9e4ef1592e995701123bccddec65,710028,,False
research/papers01/RED-BLUE-PURPLE/Making Them Ask and Answer Jailbreaking Large Language Models.pdf,research,docs_or_research,P2_untracked_intake_review,byte_identical_to_snapshot,not_tracked_current_index,626742c55a074b0bd2820d1527117740a6d8761d,1846648,626742c55a074b0bd2820d1527117740a6d8761d,1846648,,False
research/papers01/RED-BLUE-PURPLE/MirrorShield Towards Universal Defense Against Jailbreaks via.pdf,research,docs_or_research,P2_untracked_intake_review,byte_identical_to_snapshot,not_tracked_current_index,56e6bdd3d829687816eb1b169e51c74f5a688fa8,1926152,56e6bdd3d829687816eb1b169e51c74f5a688fa8,1926152,,False
"research/papers01/RED-BLUE-PURPLE/Model Context Protocol (MCP) Landscape, Security Threats.pdf",research,docs_or_research,P2_untracked_intake_review,byte_identical_to_snapshot,not_tracked_current_index,d16233189662fe74a094377eb485f0dc5714b4bd,1939128,d16233189662fe74a094377eb485f0dc5714b4bd,1939128,,False
research/papers01/RED-BLUE-PURPLE/Model Tampering Attacks Enable More.pdf,research,docs_or_research,P2_untracked_intake_review,byte_identical_to_snapshot,not_tracked_current_index,c11150fddad95f181c9c3c8232abbf77695bb16a,1817217,c11150fddad95f181c9c3c8232abbf77695bb16a,1817217,,False
research/papers01/RED-BLUE-PURPLE/PR-Attack Coordinated Prompt-RAG Attacks .pdf,research,docs_or_research,P2_untracked_intake_review,byte_identical_to_snapshot,not_tracked_current_index,54f7cbcecea81ecd48d112e2b5cae1521450f291,1213985,54f7cbcecea81ecd48d112e2b5cae1521450f291,1213985,,False
research/papers01/RED-BLUE-PURPLE/README.md,research,docs_or_research,P2_untracked_intake_review,live_differs_from_snapshot_untracked,not_tracked_current_index,2408e9fcda098d69aa6e8b1697f148050d6a095b,2224,dbee66e95e82e1a3ab58d146080e9ed8dae55f48,2224,,False
research/papers01/RED-BLUE-PURPLE/RED-BLUE-PURPLE/A taxonomy and survey of attacks against machine learning.pdf,research,docs_or_research,P2_untracked_intake_review,byte_identical_to_snapshot,not_tracked_current_index,a7dfd0b960dbb36a190c208ffc8c2b1d80493a7c,962920,a7dfd0b960dbb36a190c208ffc8c2b1d80493a7c,962920,,False
research/papers01/RED-BLUE-PURPLE/RED-BLUE-PURPLE/A-principled-governance-for-emerging-AI-regimes-lessons-from-China-the-European-Union-and.pdf,research,docs_or_research,P2_untracked_intake_review,byte_identical_to_snapshot,not_tracked_current_index,cd6657b46af759c097322fa60d7f2d22b22afab8,760808,cd6657b46af759c097322fa60d7f2d22b22afab8,760808,,False
research/papers01/RED-BLUE-PURPLE/RED-BLUE-PURPLE/AI for Scientific Discovery is a Social Problem.pdf,research,docs_or_research,P2_untracked_intake_review,byte_identical_to_snapshot,not_tracked_current_index,1268c2ad7644fe94fb3fb4862f252d5b822f51ea,2049390,1268c2ad7644fe94fb3fb4862f252d5b822f51ea,2049390,,False
research/papers01/RED-BLUE-PURPLE/RED-BLUE-PURPLE/Advancing-Trustworthy-AI-A-Comparative-Evaluation-of-AI-Robustness-Toolboxes.pdf,research,docs_or_research,P2_untracked_intake_review,byte_identical_to_snapshot,not_tracked_current_index,9b7f6daa68e3c16001eec5094cdf0d5c0ac9f9cb,1843514,9b7f6daa68e3c16001eec5094cdf0d5c0ac9f9cb,1843514,,False
research/papers01/RED-BLUE-PURPLE/RED-BLUE-PURPLE/Aikido AI Pentest Example Report.pdf,research,docs_or_research,P2_untracked_intake_review,byte_identical_to_snapshot,not_tracked_current_index,7204fab3a87842bbca7308799e1dea3b4fb25de7,1181604,7204fab3a87842bbca7308799e1dea3b4fb25de7,1181604,,False
research/papers01/RED-BLUE-PURPLE/RED-BLUE-PURPLE/Algorithmic-Accountability.pdf,research,docs_or_research,P2_untracked_intake_review,byte_identical_to_snapshot,not_tracked_current_index,a231c36a6a2b2072605876d159358db440716e01,248559,a231c36a6a2b2072605876d159358db440716e01,248559,,False
research/papers01/RED-BLUE-PURPLE/RED-BLUE-PURPLE/Asleep-at-the-Keyboard-Assessing-the-Security-of-GitHub-Copilot-s-Code-Contributions.pdf,research,docs_or_research,P2_untracked_intake_review,byte_identical_to_snapshot,not_tracked_current_index,77ac25d169e94b2af028080b0dd85a3e99266b03,574282,77ac25d169e94b2af028080b0dd85a3e99266b03,574282,,False
research/papers01/RED-BLUE-PURPLE/RED-BLUE-PURPLE/Atacking ML systems-schneier2020.pdf,research,docs_or_research,P2_untracked_intake_review,byte_identical_to_snapshot,not_tracked_current_index,feac8b3a6e2f59389b04473a63917ba9b96b5389,768418,feac8b3a6e2f59389b04473a63917ba9b96b5389,768418,,False
research/papers01/RED-BLUE-PURPLE/RED-BLUE-PURPLE/Automated Attack Model for Red Teams (2005).pdf,research,docs_or_research,P2_untracked_intake_review,byte_identical_to_snapshot,not_tracked_current_index,151bc5c744faba7341b701b231feb4c50b2bebf8,422017,151bc5c744faba7341b701b231feb4c50b2bebf8,422017,,False
research/papers01/RED-BLUE-PURPLE/RED-BLUE-PURPLE/Beyond-transparency-and-explainability-on-the-need-for-adequate-and-contextualized-user-guidelines.pdf,research,docs_or_research,P2_untracked_intake_review,byte_identical_to_snapshot,not_tracked_current_index,7dfa7f3af5137e85d5dc4ea05b096f835fc93b07,711661,7dfa7f3af5137e85d5dc4ea05b096f835fc93b07,711661,,False
research/papers01/RED-BLUE-PURPLE/RED-BLUE-PURPLE/CTF DOJO TRAINING LANGUAGE MODEL AGENTS TO FIND vulnarabilities.pdf,research,docs_or_research,P2_untracked_intake_review,byte_identical_to_snapshot,not_tracked_current_index,0da6d75ec2c3eff4e690e641af5f1a25bfa8a6d5,1023290,0da6d75ec2c3eff4e690e641af5f1a25bfa8a6d5,1023290,,False
research/papers01/RED-BLUE-PURPLE/RED-BLUE-PURPLE/Differential-privacy-in-deep-learning-Privacy-and-beyond.pdf,research,docs_or_research,P2_untracked_intake_review,byte_identical_to_snapshot,not_tracked_current_index,5c8a0205ee0cec9a0c290e98efd99bf24bd55ffc,1583208,5c8a0205ee0cec9a0c290e98efd99bf24bd55ffc,1583208,,False
research/papers01/RED-BLUE-PURPLE/RED-BLUE-PURPLE/Efficient Black-box Adversarial Attacks via Bayesian Optimization.pdf,research,docs_or_research,P2_untracked_intake_review,byte_identical_to_snapshot,not_tracked_current_index,9247a01fc1f4c3ca8bbf0e69489e94ed377bce61,1936516,9247a01fc1f4c3ca8bbf0e69489e94ed377bce61,1936516,,False
research/papers01/RED-BLUE-PURPLE/RED-BLUE-PURPLE/Enabling-collaborative-governance-of-medical-AI.pdf,research,docs_or_research,P2_untracked_intake_review,byte_identical_to_snapshot,not_tracked_current_index,a557f79786447046c645f02bd072c4a3caf7db4f,834387,a557f79786447046c645f02bd072c4a3caf7db4f,834387,,False
research/papers01/RED-BLUE-PURPLE/RED-BLUE-PURPLE/Enhancing-user-prompt-confidentiality-in-Large-Language-Models-through-advanced-differential.pdf,research,docs_or_research,P2_untracked_intake_review,byte_identical_to_snapshot,not_tracked_current_index,c2d2a047893741186c70819bb1be882c657ccdbe,1265933,c2d2a047893741186c70819bb1be882c657ccdbe,1265933,,False
research/papers01/RED-BLUE-PURPLE/RED-BLUE-PURPLE/From_Texts_to_Shields_Convergence_of_Large_Languag.pdf,research,docs_or_research,P2_untracked_intake_review,byte_identical_to_snapshot,not_tracked_current_index,cf1237a63e2b931c1afe5bd4f60118ae17b0fc4d,264734,cf1237a63e2b931c1afe5bd4f60118ae17b0fc4d,264734,,False
research/papers01/RED-BLUE-PURPLE/RED-BLUE-PURPLE/Governing-Framework-for-the-Responsible-Democratization-of-Large-Language-Models-in-Banking.pdf,research,docs_or_research,P2_untracked_intake_review,byte_identical_to_snapshot,not_tracked_current_index,ec67f7c8e8f676af83857bddcdbf8ba76143dbf9,943632,ec67f7c8e8f676af83857bddcdbf8ba76143dbf9,943632,,False
research/papers01/RED-BLUE-PURPLE/RED-BLUE-PURPLE/Governing-ir-responsibilities-for-future-military-AI-systems.pdf,research,docs_or_research,P2_untracked_intake_review,byte_identical_to_snapshot,not_tracked_current_index,686da640385366d2ff6556195771a78605e792d3,581516,686da640385366d2ff6556195771a78605e792d3,581516,,False
research/papers01/RED-BLUE-PURPLE/RED-BLUE-PURPLE/How-and-why-governments-are-regulating-AI-a-comparison-of-legislative-frameworks.pdf,research,docs_or_research,P2_untracked_intake_review,byte_identical_to_snapshot,not_tracked_current_index,5d1754bf0592662bfbe2e094f3ced0a3ba9a4824,750122,5d1754bf0592662bfbe2e094f3ced0a3ba9a4824,750122,,False
research/papers01/RED-BLUE-PURPLE/RED-BLUE-PURPLE/Is your algorithm unlearning or untraining.pdf,research,docs_or_research,P2_untracked_intake_review,byte_identical_to_snapshot,not_tracked_current_index,e1d72ebdad48dfff12d6f89a8341581b60d76802,497406,e1d72ebdad48dfff12d6f89a8341581b60d76802,497406,,False
"research/papers01/RED-BLUE-PURPLE/RED-BLUE-PURPLE/JailbreakZoo Survey, Landscapes, and Horizons in Jailbreaking.pdf",research,docs_or_research,P2_untracked_intake_review,byte_identical_to_snapshot,not_tracked_current_index,1d17b811699438374568df5efa595d1bd2379a47,2087161,1d17b811699438374568df5efa595d1bd2379a47,2087161,,False
<redacted-sensitive-path:.pdf>,research,sensitive_path,P0_sensitive_hold,byte_identical_to_snapshot,not_tracked_current_index,a61b6fc11be99e76865c49c0bc2e3587947c685f,1275045,a61b6fc11be99e76865c49c0bc2e3587947c685f,1275045,,True
research/papers01/RED-BLUE-PURPLE/RED-BLUE-PURPLE/MODEL-AGNOSTIC META-ATTACK.pdf,research,docs_or_research,P2_untracked_intake_review,byte_identical_to_snapshot,not_tracked_current_index,7fda771af99c9e4ef1592e995701123bccddec65,710028,7fda771af99c9e4ef1592e995701123bccddec65,710028,,False
research/papers01/RED-BLUE-PURPLE/RED-BLUE-PURPLE/Making Them Ask and Answer Jailbreaking Large Language Models.pdf,research,docs_or_research,P2_untracked_intake_review,byte_identical_to_snapshot,not_tracked_current_index,626742c55a074b0bd2820d1527117740a6d8761d,1846648,626742c55a074b0bd2820d1527117740a6d8761d,1846648,,False
research/papers01/RED-BLUE-PURPLE/RED-BLUE-PURPLE/MirrorShield Towards Universal Defense Against Jailbreaks via.pdf,research,docs_or_research,P2_untracked_intake_review,byte_identical_to_snapshot,not_tracked_current_index,56e6bdd3d829687816eb1b169e51c74f5a688fa8,1926152,56e6bdd3d829687816eb1b169e51c74f5a688fa8,1926152,,False
research/papers01/RED-BLUE-PURPLE/RED-BLUE-PURPLE/Model Tampering Attacks Enable More.pdf,research,docs_or_research,P2_untracked_intake_review,byte_identical_to_snapshot,not_tracked_current_index,c11150fddad95f181c9c3c8232abbf77695bb16a,1817217,c11150fddad95f181c9c3c8232abbf77695bb16a,1817217,,False
research/papers01/RED-BLUE-PURPLE/RED-BLUE-PURPLE/PR-Attack Coordinated Prompt-RAG Attacks .pdf,research,docs_or_research,P2_untracked_intake_review,byte_identical_to_snapshot,not_tracked_current_index,54f7cbcecea81ecd48d112e2b5cae1521450f291,1213985,54f7cbcecea81ecd48d112e2b5cae1521450f291,1213985,,False
research/papers01/RED-BLUE-PURPLE/RED-BLUE-PURPLE/Red Teaming Large Reasoning Models.pdf,research,docs_or_research,P2_untracked_intake_review,byte_identical_to_snapshot,not_tracked_current_index,ba365cddf014fb4871a1e9e8d9f55f3e571e500a,1560173,ba365cddf014fb4871a1e9e8d9f55f3e571e500a,1560173,,False
research/papers01/RED-BLUE-PURPLE/RED-BLUE-PURPLE/Research Advances in Automated Red Teaming.pdf,research,docs_or_research,P2_untracked_intake_review,byte_identical_to_snapshot,not_tracked_current_index,8560543cbf0c3bad35c6f87feb409b17787b1f17,839296,8560543cbf0c3bad35c6f87feb409b17787b1f17,839296,,False
research/papers01/RED-BLUE-PURPLE/RED-BLUE-PURPLE/SKILL-I ECTMeasuring Agent Vulnerability to Skill File Attacks.pdf,research,docs_or_research,P2_untracked_intake_review,byte_identical_to_snapshot,not_tracked_current_index,aca763f44aebca125ab81fdbf8987a4e84b148f8,1117609,aca763f44aebca125ab81fdbf8987a4e84b148f8,1117609,,False
research/papers01/RED-BLUE-PURPLE/RED-BLUE-PURPLE/TeleAI-Safety A comprehensive LLM.pdf,research,docs_or_research,P2_untracked_intake_review,byte_identical_to_snapshot,not_tracked_current_index,c1a43eb90ec8079423fe7772053ab29b40d93cfe,1952956,c1a43eb90ec8079423fe7772053ab29b40d93cfe,1952956,,False
research/papers01/RED-BLUE-PURPLE/RED-BLUE-PURPLE/Understanding-the-Adversarial-Landscape-of-Large-Language-Models-Through-the-Lens-of-Attack.pdf,research,docs_or_research,P2_untracked_intake_review,byte_identical_to_snapshot,not_tracked_current_index,996ace40c87ed81066f923def6afad2640bfe2f2,858913,996ace40c87ed81066f923def6afad2640bfe2f2,858913,,False
research/papers01/RED-BLUE-PURPLE/RED-BLUE-PURPLE/extracted_texts/A-Red-Teaming-Framework-for-Securing-AI-in-Maritime-Autonomous-Systems.txt,research,docs_or_research,P2_untracked_intake_review,live_differs_from_snapshot_untracked,not_tracked_current_index,412ca67a422116cf5af499d5e7dd0e603b17f179,109953,78e347d3884145a6c8378889f7a30cf83c16adf4,109953,,False
research/papers01/RED-BLUE-PURPLE/RED-BLUE-PURPLE/extracted_texts/A-principled-governance-for-emerging-AI-regimes-lessons-from-China-the-European-Union-and.txt,research,docs_or_research,P2_untracked_intake_review,live_differs_from_snapshot_untracked,not_tracked_current_index,48bdd5efc377606e41f3778fc0fe300ead356b23,75608,90ff3e70d0c460e6737d6ac4d669b856856f9ca8,75608,,False
research/papers01/RED-BLUE-PURPLE/RED-BLUE-PURPLE/extracted_texts/AI-safety-for-everyone.txt,research,docs_or_research,P2_untracked_intake_review,live_differs_from_snapshot_untracked,not_tracked_current_index,5fa5f91cdef3b6dc44b2c25c6681b94d01af6979,81557,fe8e217e6f1fb634ee4a96cd5f949aaf2110cb14,81557,,False
research/papers01/RED-BLUE-PURPLE/RED-BLUE-PURPLE/extracted_texts/Advancing-Trustworthy-AI-A-Comparative-Evaluation-of-AI-Robustness-Toolboxes.txt,research,docs_or_research,P2_untracked_intake_review,live_differs_from_snapshot_untracked,not_tracked_current_index,fcf6a80a7d8518c582706abc4ee46061738b38b1,71171,cdf849c3190fa65bc21af7d6d86737cea1e8145c,71171,,False
research/papers01/RED-BLUE-PURPLE/RED-BLUE-PURPLE/extracted_texts/Algorithmic-Accountability.txt,research,docs_or_research,P2_untracked_intake_review,live_differs_from_snapshot_untracked,not_tracked_current_index,e5ffee24399002bf1614e29dc62b5d2c684e1220,44446,6e6ecf575a373a3cdd0327809f093b46a3087e8a,44446,,False
research/papers01/RED-BLUE-PURPLE/RED-BLUE-PURPLE/extracted_texts/Atacking ML systems-schneier2020.txt,research,docs_or_research,P2_untracked_intake_review,live_differs_from_snapshot_untracked,not_tracked_current_index,357f3ca0c702daca6b4f5709bbd9370332a0d417,12944,b66c178e3e2f4455b93827b2c59516b69cae5505,12944,,False
research/papers01/RED-BLUE-PURPLE/RED-BLUE-PURPLE/extracted_texts/Automated Attack Model for Red Teams (2005).txt,research,docs_or_research,P2_untracked_intake_review,live_differs_from_snapshot_untracked,not_tracked_current_index,b763e1ce17a0962df6726fe87487aeba219f20ea,33804,945652745f28285b65be78f2265675872b986858,33804,,False
research/papers01/RED-BLUE-PURPLE/RED-BLUE-PURPLE/extracted_texts/Bandit-based-data-poisoning-attack-against-federated-learning-for-autonomous-driving-models.txt,research,docs_or_research,P2_untracked_intake_review,live_differs_from_snapshot_untracked,not_tracked_current_index,8631e3f059b055e2d94294dfaf0fcd3826915227,115309,e7bd3110260924307d4e09d6de37059d24ddfb9f,115309,,False
research/papers01/RED-BLUE-PURPLE/RED-BLUE-PURPLE/extracted_texts/CTF DOJO TRAINING LANGUAGE MODEL AGENTS TO FIND vulnarabilities.txt,research,docs_or_research,P2_untracked_intake_review,live_differs_from_snapshot_untracked,not_tracked_current_index,9a37d242334ef6515b75acc6069027c3d61c5362,100130,86c0ae0364f5eb4f753b742122e6b26da30854a3,100130,,False
research/papers01/RED-BLUE-PURPLE/RED-BLUE-PURPLE/extracted_texts/Detection-and-prevention-of-evasion-attacks-on-machine-learning-models.txt,research,docs_or_research,P2_untracked_intake_review,live_differs_from_snapshot_untracked,not_tracked_current_index,5c7fcb521980a914913a1e8b886bb00c16ff3522,143072,379bca5853819cdd0bbfca4b1c0997eeb238da92,143072,,False
research/papers01/RED-BLUE-PURPLE/RED-BLUE-PURPLE/extracted_texts/Governing-Framework-for-the-Responsible-Democratization-of-Large-Language-Models-in-Banking.txt,research,docs_or_research,P2_untracked_intake_review,live_differs_from_snapshot_untracked,not_tracked_current_index,182c4adffc27327073b4fa010d112177ae91f934,44917,48267061bf78ad66349dec459421cb7b697dde14,44917,,False
research/papers01/RED-BLUE-PURPLE/RED-BLUE-PURPLE/extracted_texts/Research Advances in Automated Red Teaming.txt,research,docs_or_research,P2_untracked_intake_review,live_differs_from_snapshot_untracked,not_tracked_current_index,89845deec2c307bd5d172995310e2e9cc08a5371,36916,1d3f3cd0c8c3cfbd7565256d5f82edf6006eb47c,36916,,False
research/papers01/RED-BLUE-PURPLE/RED-BLUE-PURPLE/extracted_texts/Semantic-anomaly-detection-with-large-language-models.txt,research,docs_or_research,P2_untracked_intake_review,live_differs_from_snapshot_untracked,not_tracked_current_index,d2d26c2afeaa07aa8b87854712425bb5b8a81ff7,89503,ef1b817264e4e4a1008b4e98350c0267a1fe32ac,89503,,False
research/papers01/RED-BLUE-PURPLE/RED-BLUE-PURPLE/extracted_texts/Understanding-the-Adversarial-Landscape-of-Large-Language-Models-Through-the-Lens-of-Attack.txt,research,docs_or_research,P2_untracked_intake_review,live_differs_from_snapshot_untracked,not_tracked_current_index,1b829006742d6eb0cc0ada9fcd34a09a777bcc70,37733,b0bfc4bd12320fddf0b063465ece8911ca4d5915,37733,,False
research/papers01/RED-BLUE-PURPLE/RED-BLUE-PURPLE/governance_eval_results.json,research,docs_or_research,P2_untracked_intake_review,live_differs_from_snapshot_untracked,not_tracked_current_index,d80b5755dd0d1984cffd2f61740c0448dd9ebe48,31225,f789ee71c98cd3be50cf8e007a3650b772d2eacf,31225,,False
research/papers01/RED-BLUE-PURPLE/RED-BLUE-PURPLE/isc_foundry_cross_stress.jsonl,research,docs_or_research,P2_untracked_intake_review,live_differs_from_snapshot_untracked,not_tracked_current_index,f965d8755240ed7bf1c121d28e7187ad8fc66c95,1362502,67aafa0352e31292c4b010db1f9b3efbab6eb6d9,1362502,,False
research/papers01/RED-BLUE-PURPLE/RED-BLUE-PURPLE/isc_governance_stress.jsonl,research,docs_or_research,P2_untracked_intake_review,live_differs_from_snapshot_untracked,not_tracked_current_index,2635516976cc8e782ff54c1b30be0282e412b0f8,74929,bcb9936a8fae1aab98e6869edaa94477c21e935c,74929,,False
research/papers01/RED-BLUE-PURPLE/RED-BLUE-PURPLE/meta-analysis on artificial attack (2019).pdf,research,docs_or_research,P2_untracked_intake_review,byte_identical_to_snapshot,not_tracked_current_index,9fe45dc98d23271818267c819d8074c44e2c5fa1,1751169,9fe45dc98d23271818267c819d8074c44e2c5fa1,1751169,,False
research/papers01/RED-BLUE-PURPLE/RED-BLUE-PURPLE/nexus_frontier_v5_gov_bypass.jsonl,research,docs_or_research,P2_untracked_intake_review,live_differs_from_snapshot_untracked,not_tracked_current_index,0d403701bd89c330b38d7f571cdf69967beb2b10,1826084,d7515940ab6171f6758b59f5f8a7959922797031,1826084,,False
research/papers01/RED-BLUE-PURPLE/RED-BLUE-PURPLE/nexus_frontier_v5_gray_area.jsonl,research,docs_or_research,P2_untracked_intake_review,live_differs_from_snapshot_untracked,not_tracked_current_index,f259d0207ef139d7a1a6a7e1bb8346f7e9c2d823,2032828,50e28cf60d7e5f828eae7376a7a952472d6e0f91,2032828,,False
research/papers01/RED-BLUE-PURPLE/RED-BLUE-PURPLE/nexus_frontier_v5_jailbreak.jsonl,research,docs_or_research,P2_untracked_intake_review,live_differs_from_snapshot_untracked,not_tracked_current_index,fa52f3f9907ef998e844669ae8e24247c5a31375,1532591,9ed3419e337be708f3d457a0dfd9cab6dd067e50,1532591,,False
research/papers01/RED-BLUE-PURPLE/RED-BLUE-PURPLE/nexus_frontier_v5_mcp_contamination.jsonl,research,docs_or_research,P2_untracked_intake_review,live_differs_from_snapshot_untracked,not_tracked_current_index,e5a5d99a1bb0ae662c20e722d73440eac262d512,2072452,c8ca92c15411c1102977dccf87e3e11541aed790,2072452,,False
research/papers01/RED-BLUE-PURPLE/RED-BLUE-PURPLE/nexus_frontier_v5_memory_poison.jsonl,research,docs_or_research,P2_untracked_intake_review,live_differs_from_snapshot_untracked,not_tracked_current_index,b68fa99a5bc0eeedd0f21c363d58a9c13223bacb,1950161,507728ca2683b742ce6b07bcdb7247579376a4da,1950161,,False
research/papers01/RED-BLUE-PURPLE/RED-BLUE-PURPLE/nexus_frontier_v5_scored_thermo_fine_tuning.jsonl,research,docs_or_research,P2_untracked_intake_review,live_differs_from_snapshot_untracked,not_tracked_current_index,5a251c524ac308c217f9a03a257fc210c2a8cffc,913035,423a6085d7c4c43567cadde4507572e7f832e424,913035,,False
research/papers01/RED-BLUE-PURPLE/RED-BLUE-PURPLE/nexus_frontier_v5_vacuum.jsonl,research,docs_or_research,P2_untracked_intake_review,live_differs_from_snapshot_untracked,not_tracked_current_index,f2f0fca7aa9a6217ba2fb58f6977c50dee5991ef,1398724,283f4d4d4ca4e8067ff9b9d967888390cf752121,1398724,,False
research/papers01/RED-BLUE-PURPLE/RED-BLUE-PURPLE/nexus_governance_score.py,research,source_or_script,P2_untracked_intake_review,live_differs_from_snapshot_untracked,not_tracked_current_index,8003d9231d6e0b3c9a0785eb60865bdda3ca6c3b,2672,37353b8d4b6ff155afbf466dc6bb18d3d25b8885,2672,,False
research/papers01/RED-BLUE-PURPLE/RED-BLUE-PURPLE/nexus_redteam_isc_v5.jsonl,research,docs_or_research,P2_untracked_intake_review,live_differs_from_snapshot_untracked,not_tracked_current_index,18528bbec255d46d39f4b3a983af02be06de19ae,690685,6e1b65a9aa26f1a35b3aa558a6b24b6bef12485d,690685,,False
research/papers01/RED-BLUE-PURPLE/RED-BLUE-PURPLE/nexus_stress_v5_document_injection.jsonl,research,docs_or_research,P2_untracked_intake_review,live_differs_from_snapshot_untracked,not_tracked_current_index,4af4bb65a058150926ba249488180e8d4c05770d,231617,a10a19ffc7568c380dea582aa7e39791876f9fe1,231617,,False
research/papers01/RED-BLUE-PURPLE/RED-BLUE-PURPLE/nexus_stress_v5_mcp_surface.jsonl,research,docs_or_research,P2_untracked_intake_review,live_differs_from_snapshot_untracked,not_tracked_current_index,b734180dd56d698610ef17817046b07a2e9b3474,182756,e6306711f93384b610bb47af31eca17c2f886409,182756,,False
research/papers01/RED-BLUE-PURPLE/RED-BLUE-PURPLE/nexus_stress_v5_payload_conversion.jsonl,research,docs_or_research,P2_untracked_intake_review,live_differs_from_snapshot_untracked,not_tracked_current_index,62d22fa600a7952319cebe9bd176c49ce263ab99,643020,bc6d17c8f9f7ba9171c8ffbc2ca3e9b26cf608f6,643020,,False
research/papers01/RED-BLUE-PURPLE/RED-BLUE-PURPLE/nexus_stress_v6_tamas_base.jsonl,research,docs_or_research,P2_untracked_intake_review,live_differs_from_snapshot_untracked,not_tracked_current_index,cf7c92ad5ffb81f6a7ed66ed20045bbd89275d82,371627,625494d32d7284f8cb104f443760fa63fa1392e7,371627,,False
research/papers01/RED-BLUE-PURPLE/RED-BLUE-PURPLE/nexus_stress_v6_tamas_fine_tuning.jsonl,research,docs_or_research,P2_untracked_intake_review,live_differs_from_snapshot_untracked,not_tracked_current_index,0270fae2bc62d7f8b9c24af8cb9886d9863133b5,432290,f035f86a2e2be8746d4160b81179f3f527669785,432290,,False
research/papers01/RED-BLUE-PURPLE/RED-BLUE-PURPLE/tool_reasoning_stress.jsonl,research,docs_or_research,P2_untracked_intake_review,live_differs_from_snapshot_untracked,not_tracked_current_index,ad6d67144f141be97b185c02296c9f5d7d06d889,818684,ac3d70c54e78039ed4e64400307c92c0849f5f9e,818684,,False
research/papers01/RED-BLUE-PURPLE/RED-BLUE-PURPLE/unified_manifest.json,research,docs_or_research,P2_untracked_intake_review,live_differs_from_snapshot_untracked,not_tracked_current_index,1225b8adf3de4a3fe995522f10119dba1f7408d9,1207,8baf404cfc3def41fffa50bf410cd8fb3085c9b8,1207,,False
research/papers01/RED-BLUE-PURPLE/RED-BLUE-PURPLE/v4_manifest.json,research,docs_or_research,P2_untracked_intake_review,live_differs_from_snapshot_untracked,not_tracked_current_index,4f13eb979397fc1431d21fbb8052d75ee6c23662,1761,9c7c078e8e172f1fbcf9b20532c877628b4e4ad7,1761,,False
research/papers01/RED-BLUE-PURPLE/RED-BLUE-PURPLE/v5_frontier_manifest.json,research,docs_or_research,P2_untracked_intake_review,live_differs_from_snapshot_untracked,not_tracked_current_index,ae689720b0abc5be93005966984c3d955290fc44,1446,8c67f3e4bb54752355239cf77da36b3e9ecd38a8,1446,,False
research/papers01/RED-BLUE-PURPLE/RED-BLUE-PURPLE/v6_tamas_manifest.json,research,docs_or_research,P2_untracked_intake_review,live_differs_from_snapshot_untracked,not_tracked_current_index,7b0130a3cf7645c09175a110b0f1cea623f8b6c7,980,0165d14b0f967c4f0672a28903c851b695c4e1d2,980,,False
research/papers01/RED-BLUE-PURPLE/RED-BLUE-PURPLE/v6_tool_manifest.json,research,docs_or_research,P2_untracked_intake_review,live_differs_from_snapshot_untracked,not_tracked_current_index,bce86482e9acc10f02c18b7abb8e81ea1d5598ab,768,d2d6ee2b03bd7550c0734d7729572bdea97c941a,768,,False
research/papers01/RED-BLUE-PURPLE/Red Teaming Large Reasoning Models.pdf,research,docs_or_research,P2_untracked_intake_review,byte_identical_to_snapshot,not_tracked_current_index,ba365cddf014fb4871a1e9e8d9f55f3e571e500a,1560173,ba365cddf014fb4871a1e9e8d9f55f3e571e500a,1560173,,False
research/papers01/RED-BLUE-PURPLE/Research Advances in Automated Red Teaming.pdf,research,docs_or_research,P2_untracked_intake_review,byte_identical_to_snapshot,not_tracked_current_index,8560543cbf0c3bad35c6f87feb409b17787b1f17,839296,8560543cbf0c3bad35c6f87feb409b17787b1f17,839296,,False
research/papers01/RED-BLUE-PURPLE/RigorLLM Resilient Guardrails for Large Language Models against.pdf,research,docs_or_research,P2_untracked_intake_review,byte_identical_to_snapshot,not_tracked_current_index,e4f8ffbbc8d66c1d74229d9136114ee0315c8f30,1952984,e4f8ffbbc8d66c1d74229d9136114ee0315c8f30,1952984,,False
research/papers01/RED-BLUE-PURPLE/SKILL-I ECTMeasuring Agent Vulnerability to Skill File Attacks.pdf,research,docs_or_research,P2_untracked_intake_review,byte_identical_to_snapshot,not_tracked_current_index,aca763f44aebca125ab81fdbf8987a4e84b148f8,1117609,aca763f44aebca125ab81fdbf8987a4e84b148f8,1117609,,False
research/papers01/RED-BLUE-PURPLE/ShieldGemma Generative AI Content.pdf,research,docs_or_research,P2_untracked_intake_review,byte_identical_to_snapshot,not_tracked_current_index,f4e20e3e254f68a1226767f94c8ed9af702a8baa,667010,f4e20e3e254f68a1226767f94c8ed9af702a8baa,667010,,False
research/papers01/RED-BLUE-PURPLE/TeleAI-Safety A comprehensive LLM.pdf,research,docs_or_research,P2_untracked_intake_review,byte_identical_to_snapshot,not_tracked_current_index,c1a43eb90ec8079423fe7772053ab29b40d93cfe,1952956,c1a43eb90ec8079423fe7772053ab29b40d93cfe,1952956,,False
research/papers01/RED-BLUE-PURPLE/Understanding-the-Adversarial-Landscape-of-Large-Language-Models-Through-the-Lens-of-Attack.pdf,research,docs_or_research,P2_untracked_intake_review,byte_identical_to_snapshot,not_tracked_current_index,996ace40c87ed81066f923def6afad2640bfe2f2,858913,996ace40c87ed81066f923def6afad2640bfe2f2,858913,,False
research/papers01/RED-BLUE-PURPLE/When MCP Servers Attack Taxonomy Feasibility and Mitigation.pdf,research,docs_or_research,P2_untracked_intake_review,byte_identical_to_snapshot,not_tracked_current_index,e7ad6eec216a71c984e5d3792a5042f5a375b243,1198677,e7ad6eec216a71c984e5d3792a5042f5a375b243,1198677,,False
research/papers01/RED-BLUE-PURPLE/arXiv_2503_23278_MCP_Landscape_Threats.pdf,research,docs_or_research,P2_untracked_intake_review,byte_identical_to_snapshot,not_tracked_current_index,d16233189662fe74a094377eb485f0dc5714b4bd,1939128,d16233189662fe74a094377eb485f0dc5714b4bd,1939128,,False
research/papers01/RED-BLUE-PURPLE/arXiv_2503_23278_MCP_Landscape_Threats.txt,research,docs_or_research,P2_untracked_intake_review,live_differs_from_snapshot_untracked,not_tracked_current_index,ec7703bdaf98a27aa790631dac4b45c85b990d18,158812,4632367a9bfba2c20b75130217028260572b4db2,158812,,False
research/papers01/RED-BLUE-PURPLE/arXiv_2504_08623_Enterprise_MCP_Security.pdf,research,docs_or_research,P2_untracked_intake_review,byte_identical_to_snapshot,not_tracked_current_index,0520ddd4b33d9a96e0bdcf1e78d813d4b334ddb4,585566,0520ddd4b33d9a96e0bdcf1e78d813d4b334ddb4,585566,,False
research/papers01/RED-BLUE-PURPLE/arXiv_2504_08623_Enterprise_MCP_Security.txt,research,docs_or_research,P2_untracked_intake_review,live_differs_from_snapshot_untracked,not_tracked_current_index,9b8e02cc53264cfe05b6c2209218151eca8c7d9c,55837,d24712239cecc292344823b090e5c5c0e27e33bc,55837,,False
research/papers01/RED-BLUE-PURPLE/arXiv_2509_24272_When_MCP_Servers_Attack.pdf,research,docs_or_research,P2_untracked_intake_review,byte_identical_to_snapshot,not_tracked_current_index,e7ad6eec216a71c984e5d3792a5042f5a375b243,1198677,e7ad6eec216a71c984e5d3792a5042f5a375b243,1198677,,False
research/papers01/RED-BLUE-PURPLE/arXiv_2509_24272_When_MCP_Servers_Attack.txt,research,docs_or_research,P2_untracked_intake_review,live_differs_from_snapshot_untracked,not_tracked_current_index,72384f181341444e2c4207b4743c40b62df8b179,74593,8380503a9fea5713b70212247a1dc9207fbf0307,74593,,False
research/papers01/RED-BLUE-PURPLE/arXiv_2510_16558_First_Look_MCP_Security.txt,research,docs_or_research,P2_untracked_intake_review,live_differs_from_snapshot_untracked,not_tracked_current_index,bed9d2781e70776ca6246995f489c53d697d0e36,83099,5c22fd34983d6470978135f63373d92dfa4edddc,83099,,False
research/papers01/RED-BLUE-PURPLE/automated_chaos_results.json,research,docs_or_research,P2_untracked_intake_review,live_differs_from_snapshot_untracked,not_tracked_current_index,6c599ffe4a2ced62b0471c2778aa588b0d649427,42616,97c825eb84d6c5c160da3b9a41c811a763b5af82,42616,,False
research/papers01/RED-BLUE-PURPLE/extract_papers.py,research,source_or_script,P2_untracked_intake_review,live_differs_from_snapshot_untracked,not_tracked_current_index,381da0a6071b3b8c9904a7e3e02debcc8c2a0b7a,2335,d2bf4a31d181782ed5c3124d3577b356e083ced1,2335,,False
research/papers01/RED-BLUE-PURPLE/extracted_texts/A-Red-Teaming-Framework-for-Securing-AI-in-Maritime-Autonomous-Systems.txt,research,docs_or_research,P2_untracked_intake_review,live_differs_from_snapshot_untracked,not_tracked_current_index,412ca67a422116cf5af499d5e7dd0e603b17f179,109953,78e347d3884145a6c8378889f7a30cf83c16adf4,109953,,False
research/papers01/RED-BLUE-PURPLE/extracted_texts/A-principled-governance-for-emerging-AI-regimes-lessons-from-China-the-European-Union-and.txt,research,docs_or_research,P2_untracked_intake_review,live_differs_from_snapshot_untracked,not_tracked_current_index,48bdd5efc377606e41f3778fc0fe300ead356b23,75608,90ff3e70d0c460e6737d6ac4d669b856856f9ca8,75608,,False
research/papers01/RED-BLUE-PURPLE/extracted_texts/AI-safety-for-everyone.txt,research,docs_or_research,P2_untracked_intake_review,live_differs_from_snapshot_untracked,not_tracked_current_index,5fa5f91cdef3b6dc44b2c25c6681b94d01af6979,81557,fe8e217e6f1fb634ee4a96cd5f949aaf2110cb14,81557,,False
research/papers01/RED-BLUE-PURPLE/extracted_texts/Advancing-Trustworthy-AI-A-Comparative-Evaluation-of-AI-Robustness-Toolboxes.txt,research,docs_or_research,P2_untracked_intake_review,live_differs_from_snapshot_untracked,not_tracked_current_index,fcf6a80a7d8518c582706abc4ee46061738b38b1,71171,cdf849c3190fa65bc21af7d6d86737cea1e8145c,71171,,False
research/papers01/RED-BLUE-PURPLE/extracted_texts/Algorithmic-Accountability.txt,research,docs_or_research,P2_untracked_intake_review,live_differs_from_snapshot_untracked,not_tracked_current_index,e5ffee24399002bf1614e29dc62b5d2c684e1220,44446,6e6ecf575a373a3cdd0327809f093b46a3087e8a,44446,,False
research/papers01/RED-BLUE-PURPLE/extracted_texts/Atacking ML systems-schneier2020.txt,research,docs_or_research,P2_untracked_intake_review,live_differs_from_snapshot_untracked,not_tracked_current_index,357f3ca0c702daca6b4f5709bbd9370332a0d417,12944,b66c178e3e2f4455b93827b2c59516b69cae5505,12944,,False
research/papers01/RED-BLUE-PURPLE/extracted_texts/Automated Attack Model for Red Teams (2005).txt,research,docs_or_research,P2_untracked_intake_review,live_differs_from_snapshot_untracked,not_tracked_current_index,b763e1ce17a0962df6726fe87487aeba219f20ea,33804,945652745f28285b65be78f2265675872b986858,33804,,False
research/papers01/RED-BLUE-PURPLE/extracted_texts/Bandit-based-data-poisoning-attack-against-federated-learning-for-autonomous-driving-models.txt,research,docs_or_research,P2_untracked_intake_review,live_differs_from_snapshot_untracked,not_tracked_current_index,8631e3f059b055e2d94294dfaf0fcd3826915227,115309,e7bd3110260924307d4e09d6de37059d24ddfb9f,115309,,False
research/papers01/RED-BLUE-PURPLE/extracted_texts/CTF DOJO TRAINING LANGUAGE MODEL AGENTS TO FIND vulnarabilities.txt,research,docs_or_research,P2_untracked_intake_review,live_differs_from_snapshot_untracked,not_tracked_current_index,9a37d242334ef6515b75acc6069027c3d61c5362,100130,86c0ae0364f5eb4f753b742122e6b26da30854a3,100130,,False
research/papers01/RED-BLUE-PURPLE/extracted_texts/Detection-and-prevention-of-evasion-attacks-on-machine-learning-models.txt,research,docs_or_research,P2_untracked_intake_review,live_differs_from_snapshot_untracked,not_tracked_current_index,5c7fcb521980a914913a1e8b886bb00c16ff3522,143072,379bca5853819cdd0bbfca4b1c0997eeb238da92,143072,,False
research/papers01/RED-BLUE-PURPLE/extracted_texts/Governing-Framework-for-the-Responsible-Democratization-of-Large-Language-Models-in-Banking.txt,research,docs_or_research,P2_untracked_intake_review,live_differs_from_snapshot_untracked,not_tracked_current_index,182c4adffc27327073b4fa010d112177ae91f934,44917,48267061bf78ad66349dec459421cb7b697dde14,44917,,False
research/papers01/RED-BLUE-PURPLE/extracted_texts/Research Advances in Automated Red Teaming.txt,research,docs_or_research,P2_untracked_intake_review,live_differs_from_snapshot_untracked,not_tracked_current_index,89845deec2c307bd5d172995310e2e9cc08a5371,36916,1d3f3cd0c8c3cfbd7565256d5f82edf6006eb47c,36916,,False
research/papers01/RED-BLUE-PURPLE/extracted_texts/Semantic-anomaly-detection-with-large-language-models.txt,research,docs_or_research,P2_untracked_intake_review,live_differs_from_snapshot_untracked,not_tracked_current_index,d2d26c2afeaa07aa8b87854712425bb5b8a81ff7,89503,ef1b817264e4e4a1008b4e98350c0267a1fe32ac,89503,,False
research/papers01/RED-BLUE-PURPLE/extracted_texts/Understanding-the-Adversarial-Landscape-of-Large-Language-Models-Through-the-Lens-of-Attack.txt,research,docs_or_research,P2_untracked_intake_review,live_differs_from_snapshot_untracked,not_tracked_current_index,1b829006742d6eb0cc0ada9fcd34a09a777bcc70,37733,b0bfc4bd12320fddf0b063465ece8911ca4d5915,37733,,False
research/papers01/RED-BLUE-PURPLE/governance_eval_results.json,research,docs_or_research,P2_untracked_intake_review,live_differs_from_snapshot_untracked,not_tracked_current_index,d80b5755dd0d1984cffd2f61740c0448dd9ebe48,31225,f789ee71c98cd3be50cf8e007a3650b772d2eacf,31225,,False
research/papers01/RED-BLUE-PURPLE/isc_foundry_cross_stress.jsonl,research,docs_or_research,P2_untracked_intake_review,live_differs_from_snapshot_untracked,not_tracked_current_index,f965d8755240ed7bf1c121d28e7187ad8fc66c95,1362502,67aafa0352e31292c4b010db1f9b3efbab6eb6d9,1362502,,False
research/papers01/RED-BLUE-PURPLE/isc_governance_stress.jsonl,research,docs_or_research,P2_untracked_intake_review,live_differs_from_snapshot_untracked,not_tracked_current_index,2635516976cc8e782ff54c1b30be0282e412b0f8,74929,bcb9936a8fae1aab98e6869edaa94477c21e935c,74929,,False
research/papers01/RED-BLUE-PURPLE/meta-analysis on artificial attack (2019).pdf,research,docs_or_research,P2_untracked_intake_review,byte_identical_to_snapshot,not_tracked_current_index,9fe45dc98d23271818267c819d8074c44e2c5fa1,1751169,9fe45dc98d23271818267c819d8074c44e2c5fa1,1751169,,False
research/papers01/RED-BLUE-PURPLE/nexus_frontier_v5_gov_bypass.jsonl,research,docs_or_research,P2_untracked_intake_review,live_differs_from_snapshot_untracked,not_tracked_current_index,0d403701bd89c330b38d7f571cdf69967beb2b10,1826084,d7515940ab6171f6758b59f5f8a7959922797031,1826084,,False
research/papers01/RED-BLUE-PURPLE/nexus_frontier_v5_gray_area.jsonl,research,docs_or_research,P2_untracked_intake_review,live_differs_from_snapshot_untracked,not_tracked_current_index,f259d0207ef139d7a1a6a7e1bb8346f7e9c2d823,2032828,50e28cf60d7e5f828eae7376a7a952472d6e0f91,2032828,,False
research/papers01/RED-BLUE-PURPLE/nexus_frontier_v5_jailbreak.jsonl,research,docs_or_research,P2_untracked_intake_review,live_differs_from_snapshot_untracked,not_tracked_current_index,fa52f3f9907ef998e844669ae8e24247c5a31375,1532591,9ed3419e337be708f3d457a0dfd9cab6dd067e50,1532591,,False
research/papers01/RED-BLUE-PURPLE/nexus_frontier_v5_mcp_contamination.jsonl,research,docs_or_research,P2_untracked_intake_review,live_differs_from_snapshot_untracked,not_tracked_current_index,e5a5d99a1bb0ae662c20e722d73440eac262d512,2072452,c8ca92c15411c1102977dccf87e3e11541aed790,2072452,,False
research/papers01/RED-BLUE-PURPLE/nexus_frontier_v5_memory_poison.jsonl,research,docs_or_research,P2_untracked_intake_review,live_differs_from_snapshot_untracked,not_tracked_current_index,b68fa99a5bc0eeedd0f21c363d58a9c13223bacb,1950161,507728ca2683b742ce6b07bcdb7247579376a4da,1950161,,False
research/papers01/RED-BLUE-PURPLE/nexus_frontier_v5_scored_thermo_fine_tuning.jsonl,research,docs_or_research,P2_untracked_intake_review,live_differs_from_snapshot_untracked,not_tracked_current_index,5a251c524ac308c217f9a03a257fc210c2a8cffc,913035,423a6085d7c4c43567cadde4507572e7f832e424,913035,,False
research/papers01/RED-BLUE-PURPLE/nexus_frontier_v5_vacuum.jsonl,research,docs_or_research,P2_untracked_intake_review,live_differs_from_snapshot_untracked,not_tracked_current_index,f2f0fca7aa9a6217ba2fb58f6977c50dee5991ef,1398724,283f4d4d4ca4e8067ff9b9d967888390cf752121,1398724,,False
research/papers01/RED-BLUE-PURPLE/nexus_governance_score.py,research,source_or_script,P2_untracked_intake_review,live_differs_from_snapshot_untracked,not_tracked_current_index,39945b656d663349f51995d7ad8a2479e271abea,2658,8a4b503a61c8639fc949ed9e43fd8c77ba9d1d2f,2658,,False
research/papers01/RED-BLUE-PURPLE/nexus_redteam_isc_v5.jsonl,research,docs_or_research,P2_untracked_intake_review,live_differs_from_snapshot_untracked,not_tracked_current_index,18528bbec255d46d39f4b3a983af02be06de19ae,690685,6e1b65a9aa26f1a35b3aa558a6b24b6bef12485d,690685,,False
research/papers01/RED-BLUE-PURPLE/nexus_stress_v5_document_injection.jsonl,research,docs_or_research,P2_untracked_intake_review,live_differs_from_snapshot_untracked,not_tracked_current_index,4af4bb65a058150926ba249488180e8d4c05770d,231617,a10a19ffc7568c380dea582aa7e39791876f9fe1,231617,,False
research/papers01/RED-BLUE-PURPLE/nexus_stress_v5_mcp_surface.jsonl,research,docs_or_research,P2_untracked_intake_review,live_differs_from_snapshot_untracked,not_tracked_current_index,b734180dd56d698610ef17817046b07a2e9b3474,182756,e6306711f93384b610bb47af31eca17c2f886409,182756,,False
research/papers01/RED-BLUE-PURPLE/nexus_stress_v5_payload_conversion.jsonl,research,docs_or_research,P2_untracked_intake_review,live_differs_from_snapshot_untracked,not_tracked_current_index,62d22fa600a7952319cebe9bd176c49ce263ab99,643020,bc6d17c8f9f7ba9171c8ffbc2ca3e9b26cf608f6,643020,,False
research/papers01/RED-BLUE-PURPLE/nexus_stress_v6_tamas_base.jsonl,research,docs_or_research,P2_untracked_intake_review,live_differs_from_snapshot_untracked,not_tracked_current_index,cf7c92ad5ffb81f6a7ed66ed20045bbd89275d82,371627,625494d32d7284f8cb104f443760fa63fa1392e7,371627,,False
research/papers01/RED-BLUE-PURPLE/nexus_stress_v6_tamas_fine_tuning.jsonl,research,docs_or_research,P2_untracked_intake_review,live_differs_from_snapshot_untracked,not_tracked_current_index,0270fae2bc62d7f8b9c24af8cb9886d9863133b5,432290,f035f86a2e2be8746d4160b81179f3f527669785,432290,,False
research/papers01/RED-BLUE-PURPLE/paper_summaries_report.md,research,docs_or_research,P2_untracked_intake_review,live_differs_from_snapshot_untracked,not_tracked_current_index,c2a5a882366f94802e6c656d03c1be0f048627e5,8168,ff506c1db0b560a2921d5c82aabfb0e422698da0,8168,,False
research/papers01/RED-BLUE-PURPLE/raw_text_DICE.txt,research,docs_or_research,P2_untracked_intake_review,live_differs_from_snapshot_untracked,not_tracked_current_index,3fdfea5e127dd4b4b82075b78302f1f231eddb5a,43764,fe8950f50fa2b73c9fe57448bb7ca285b5ed21bc,43764,,False
research/papers01/RED-BLUE-PURPLE/raw_text_Model_Merging.txt,research,docs_or_research,P2_untracked_intake_review,live_differs_from_snapshot_untracked,not_tracked_current_index,41a11d18237976b35ab5870dad49cbaa23ec0eba,57471,bfb97c35cc5b53910638f82382e6dbe4db784cfb,57471,,False
research/papers01/RED-BLUE-PURPLE/raw_text_Survey.txt,research,docs_or_research,P2_untracked_intake_review,live_differs_from_snapshot_untracked,not_tracked_current_index,f0aab4a31efc8e618bac1c885b98aa159960a424,110492,9b537f81a7bc935ef1c4c4c6fc7ec9da313be695,110492,,False
research/papers01/RED-BLUE-PURPLE/tool_reasoning_stress.jsonl,research,docs_or_research,P2_untracked_intake_review,live_differs_from_snapshot_untracked,not_tracked_current_index,ad6d67144f141be97b185c02296c9f5d7d06d889,818684,ac3d70c54e78039ed4e64400307c92c0849f5f9e,818684,,False
research/papers01/RED-BLUE-PURPLE/unified_manifest.json,research,docs_or_research,P2_untracked_intake_review,live_differs_from_snapshot_untracked,not_tracked_current_index,1225b8adf3de4a3fe995522f10119dba1f7408d9,1207,8baf404cfc3def41fffa50bf410cd8fb3085c9b8,1207,,False
research/papers01/RED-BLUE-PURPLE/v4_manifest.json,research,docs_or_research,P2_untracked_intake_review,live_differs_from_snapshot_untracked,not_tracked_current_index,4f13eb979397fc1431d21fbb8052d75ee6c23662,1761,9c7c078e8e172f1fbcf9b20532c877628b4e4ad7,1761,,False
research/papers01/RED-BLUE-PURPLE/v5_frontier_manifest.json,research,docs_or_research,P2_untracked_intake_review,live_differs_from_snapshot_untracked,not_tracked_current_index,ae689720b0abc5be93005966984c3d955290fc44,1446,8c67f3e4bb54752355239cf77da36b3e9ecd38a8,1446,,False
research/papers01/RED-BLUE-PURPLE/v6_tamas_manifest.json,research,docs_or_research,P2_untracked_intake_review,live_differs_from_snapshot_untracked,not_tracked_current_index,7b0130a3cf7645c09175a110b0f1cea623f8b6c7,980,0165d14b0f967c4f0672a28903c851b695c4e1d2,980,,False
research/papers01/RED-BLUE-PURPLE/v6_tool_manifest.json,research,docs_or_research,P2_untracked_intake_review,live_differs_from_snapshot_untracked,not_tracked_current_index,bce86482e9acc10f02c18b7abb8e81ea1d5598ab,768,d2d6ee2b03bd7550c0734d7729572bdea97c941a,768,,False
research/papers01/The attention schema theory a mechanistic account of subjective awareness.pdf,research,docs_or_research,P2_untracked_intake_review,byte_identical_to_snapshot,not_tracked_current_index,79596da86ea31cbeb4e6e20a9c8247c9b74ec05c,705859,79596da86ea31cbeb4e6e20a9c8247c9b74ec05c,705859,,False
research/papers01/rStar-Math Small LLMs Can Master Math Reasoning.pdf,research,docs_or_research,P2_untracked_intake_review,byte_identical_to_snapshot,not_tracked_current_index,9b9c1e9c8cf0498a16a8f49d7b67c7c4599ef099,929246,9b9c1e9c8cf0498a16a8f49d7b67c7c4599ef099,929246,,False
research/papers02/A Comprehensive Survey of Contamination Detection Methods in Large Language Models.pdf,research,docs_or_research,P2_untracked_intake_review,byte_identical_to_snapshot,not_tracked_current_index,a1493f4e299a65774e7123e4b5035df0e77eaeb2,821144,a1493f4e299a65774e7123e4b5035df0e77eaeb2,821144,,False
research/papers02/A Cross-Language Investigation into Jailbreak Attacks in Large.pdf,research,docs_or_research,P2_untracked_intake_review,byte_identical_to_snapshot,not_tracked_current_index,3d9ccb29a6751032c3c23c886d181130cacf89a0,924990,3d9ccb29a6751032c3c23c886d181130cacf89a0,924990,,False
research/papers02/A Survey on Privacy Attacks Against Digital Twin.pdf,research,docs_or_research,P2_untracked_intake_review,byte_identical_to_snapshot,not_tracked_current_index,e596ab49d2f1d6cd3885f8b4a1856a76c5d75687,895660,e596ab49d2f1d6cd3885f8b4a1856a76c5d75687,895660,,False
research/papers02/ASTRA Agentic Steerability and Risk Assessment.pdf,research,docs_or_research,P2_untracked_intake_review,byte_identical_to_snapshot,not_tracked_current_index,c74d25dc277d724dc8a1ebb94527509155513151,183169,c74d25dc277d724dc8a1ebb94527509155513151,183169,,False
research/papers02/Animating Rotation with Quaternion Curves .pdf,research,docs_or_research,P2_untracked_intake_review,byte_identical_to_snapshot,not_tracked_current_index,52ed1f6819603333163a758c1f2acf13f8e6cb09,861555,52ed1f6819603333163a758c1f2acf13f8e6cb09,861555,,False
research/papers02/Benchmarking Large Language Models Under Data Contamination.pdf,research,docs_or_research,P2_untracked_intake_review,byte_identical_to_snapshot,not_tracked_current_index,37681eabf4be17f90f73c2164e81b2d96e5639c2,692095,37681eabf4be17f90f73c2164e81b2d96e5639c2,692095,,False
research/papers02/Benchmarking and Defending Against Indirect Prompt Injection.pdf,research,docs_or_research,P2_untracked_intake_review,byte_identical_to_snapshot,not_tracked_current_index,7d34b345fb329a94aff1d5b6036c5755d5039d55,1236869,7d34b345fb329a94aff1d5b6036c5755d5039d55,1236869,,False
research/papers02/Bridging the Gap A Pragmatic Approach to Generating Insider Threat Data.pdf,research,docs_or_research,P2_untracked_intake_review,byte_identical_to_snapshot,not_tracked_current_index,dba5809c5061373e970266be52f30f1aa6b84e12,347625,dba5809c5061373e970266be52f30f1aa6b84e12,347625,,False
research/papers02/BrowseSafe Understanding and Preventing Prompt Injection Within.pdf,research,docs_or_research,P2_untracked_intake_review,byte_identical_to_snapshot,not_tracked_current_index,0a41193668ca82c998d6963a5befa467eda4edf4,2068515,0a41193668ca82c998d6963a5befa467eda4edf4,2068515,,False
research/papers02/CAN LLMS SEPARATE INSTRUCTIONS FROM DATA.pdf,research,docs_or_research,P2_untracked_intake_review,byte_identical_to_snapshot,not_tracked_current_index,1bb20536cbf57f7292227a37a4202754f949bbc5,530972,1bb20536cbf57f7292227a37a4202754f949bbc5,530972,,False
research/papers02/CAN WE TRUST AI BENCHMARKS.pdf,research,docs_or_research,P2_untracked_intake_review,byte_identical_to_snapshot,not_tracked_current_index,a3803e0de3fcdecb3e4f93561793520dc7b0ecdf,508278,a3803e0de3fcdecb3e4f93561793520dc7b0ecdf,508278,,False
research/papers02/Can LLMs Follow Simple Rules.pdf,research,docs_or_research,P2_untracked_intake_review,byte_identical_to_snapshot,not_tracked_current_index,b7bbaa3a6179cc260684b19126e41427b3aaf49e,1176270,b7bbaa3a6179cc260684b19126e41427b3aaf49e,1176270,,False
research/papers02/Comparison requires valid measurement Rethinking.pdf,research,docs_or_research,P2_untracked_intake_review,byte_identical_to_snapshot,not_tracked_current_index,c5fc98c98014c16c3b74ff198d75533ae7fcd099,2016429,c5fc98c98014c16c3b74ff198d75533ae7fcd099,2016429,,False
research/papers02/ConfusedPilot Confused Deputy Risks in.pdf,research,docs_or_research,P2_untracked_intake_review,byte_identical_to_snapshot,not_tracked_current_index,7452ba27e314d979619e1ca82137efe1bd829c64,1077411,7452ba27e314d979619e1ca82137efe1bd829c64,1077411,,False
research/papers02/DICE Detecting In-distribution Contamination.pdf,research,docs_or_research,P2_untracked_intake_review,byte_identical_to_snapshot,not_tracked_current_index,0202caf0034b16943b5e0597caddbf7103cbf42f,1521982,0202caf0034b16943b5e0597caddbf7103cbf42f,1521982,,False
research/papers02/Diverse and Effective Red Teaming with Auto-generated Rewards.pdf,research,docs_or_research,P2_untracked_intake_review,byte_identical_to_snapshot,not_tracked_current_index,b84a6a339d33a4cc041099ac6deeb2e43349f09f,1841441,b84a6a339d33a4cc041099ac6deeb2e43349f09f,1841441,,False
research/papers02/Emerging Practices in Frontier AI.pdf,research,docs_or_research,P2_untracked_intake_review,byte_identical_to_snapshot,not_tracked_current_index,0cb4b905ee9608f834f9e86956e2512c0d3ec0ee,454814,0cb4b905ee9608f834f9e86956e2512c0d3ec0ee,454814,,False
research/papers02/Establishing Trustworthy LLM Evaluation via Shortcut Neuron Analysis.pdf,research,docs_or_research,P2_untracked_intake_review,byte_identical_to_snapshot,not_tracked_current_index,a06f002e04a72049f502c9da33e706d236bdfc6d,1105199,a06f002e04a72049f502c9da33e706d236bdfc6d,1105199,,False
research/papers02/Feint and Attack Jailbreaking and Protecting LLMs via Attention Distribution.pdf,research,docs_or_research,P2_untracked_intake_review,byte_identical_to_snapshot,not_tracked_current_index,916ca30897e94a7d3994eaab78d23d506c6f9864,607983,916ca30897e94a7d3994eaab78d23d506c6f9864,607983,,False
research/papers02/Frontier AI developers need an internal audit function.pdf,research,docs_or_research,P2_untracked_intake_review,byte_identical_to_snapshot,not_tracked_current_index,561342720a8f0eae5b305fbe11f4b57f969c7f94,987464,561342720a8f0eae5b305fbe11f4b57f969c7f94,987464,,False
research/papers02/HOW CAN I PUBLISH MY LLM BENCHMARK.pdf,research,docs_or_research,P2_untracked_intake_review,byte_identical_to_snapshot,not_tracked_current_index,7cd68128e0bf518a1a05fe670b6beeccbbe8ce20,1124259,7cd68128e0bf518a1a05fe670b6beeccbbe8ce20,1124259,,False
research/papers02/How should AI knowledge be governed.pdf,research,docs_or_research,P2_untracked_intake_review,byte_identical_to_snapshot,not_tracked_current_index,074100316e734a56642fb05ee581b54a7838c4ea,406665,074100316e734a56642fb05ee581b54a7838c4ea,406665,,False
research/papers02/Hyperparameter Optimization Is Deceiving Us.pdf,research,docs_or_research,P2_untracked_intake_review,byte_identical_to_snapshot,not_tracked_current_index,e408d109f55776b08f089102169285ae7347cc7b,1741935,e408d109f55776b08f089102169285ae7347cc7b,1741935,,False
research/papers02/Latent Adversarial Training Improves Robustness to.pdf,research,docs_or_research,P2_untracked_intake_review,byte_identical_to_snapshot,not_tracked_current_index,21a53f5dfae26eaabd4de0ebeaa562034569d483,2058408,21a53f5dfae26eaabd4de0ebeaa562034569d483,2058408,,False
research/papers02/Lessons From Red Teaming 100 Generative.pdf,research,docs_or_research,P2_untracked_intake_review,byte_identical_to_snapshot,not_tracked_current_index,b09fa5584f9f7409dbade85e6d1b995131ce3f9a,1628258,b09fa5584f9f7409dbade85e6d1b995131ce3f9a,1628258,,False
research/papers02/META SECALIGN A Secure Foundation LLM Against Prompt Injection Attacks.pdf,research,docs_or_research,P2_untracked_intake_review,byte_identical_to_snapshot,not_tracked_current_index,e07c4847ab65b479fd8f9aa4de91bab80ed6395b,463846,e07c4847ab65b479fd8f9aa4de91bab80ed6395b,463846,,False
research/papers02/Misalignment or misuse The AGI alignment tradeoff.pdf,research,docs_or_research,P2_untracked_intake_review,byte_identical_to_snapshot,not_tracked_current_index,0e33259668ac7994ef9706e99ffa603ab4de8cab,441720,0e33259668ac7994ef9706e99ffa603ab4de8cab,441720,,False
research/papers02/Model Merging and Safety Alignment One Bad Model Spoils the Bunch.pdf,research,docs_or_research,P2_untracked_intake_review,byte_identical_to_snapshot,not_tracked_current_index,06542a90eba8685adde22ffeae13f65f3e62a833,688917,06542a90eba8685adde22ffeae13f65f3e62a833,688917,,False
research/papers02/NETARENA DYNAMIC BENCHMARKS FOR AI AGENTS.pdf,research,docs_or_research,P2_untracked_intake_review,byte_identical_to_snapshot,not_tracked_current_index,9cc204e5cfcd4770b4cda4be7d3f52caea822a14,1425420,9cc204e5cfcd4770b4cda4be7d3f52caea822a14,1425420,,False
research/papers02/OIBench Benchmarking Strong Reasoning Models.pdf,research,docs_or_research,P2_untracked_intake_review,byte_identical_to_snapshot,not_tracked_current_index,275fa0ffa997943ee7120feb7fdacd04c86a973f,802985,275fa0ffa997943ee7120feb7fdacd04c86a973f,802985,,False
research/papers02/On Protecting the Data Privacy of Large Language.pdf,research,docs_or_research,P2_untracked_intake_review,byte_identical_to_snapshot,not_tracked_current_index,eb68ec1180212056ab854d79de1910548451f854,843373,eb68ec1180212056ab854d79de1910548451f854,843373,,False
research/papers02/Position Evaluating Generative AI Systems Is a.pdf,research,docs_or_research,P2_untracked_intake_review,byte_identical_to_snapshot,not_tracked_current_index,12ccd91c4aac4278a8c24c403ef4b18c785ece85,758753,12ccd91c4aac4278a8c24c403ef4b18c785ece85,758753,,False
"research/papers02/Quaternions, Interpolation and Animation.pdf",research,docs_or_research,P2_untracked_intake_review,byte_identical_to_snapshot,not_tracked_current_index,4faec842c9fb81d49afcc0b49c85b3f3e185c7ad,866632,4faec842c9fb81d49afcc0b49c85b3f3e185c7ad,866632,,False
research/papers02/REDBENCH A UNIVERSAL DATASET FOR COMPREHENSIVE RED TEAMING OF LARGE LANGUAGE MODELS.pdf,research,docs_or_research,P2_untracked_intake_review,byte_identical_to_snapshot,not_tracked_current_index,22fa4ca4f6879aad5281f4dcde90209154939c80,1860304,22fa4ca4f6879aad5281f4dcde90209154939c80,1860304,,False
research/papers02/Recent Advances in Attack and Defense Approaches of.pdf,research,docs_or_research,P2_untracked_intake_review,byte_identical_to_snapshot,not_tracked_current_index,48449235be47ecb9787531deb5dfd6aa2c935828,441388,48449235be47ecb9787531deb5dfd6aa2c935828,441388,,False
research/papers02/Red-Teaming for Generative AISilver Bullet or Security Theater.pdf,research,docs_or_research,P2_untracked_intake_review,byte_identical_to_snapshot,not_tracked_current_index,f9ac5e1c0ffe55b5df0cf6a613b0a25a54af7037,177259,f9ac5e1c0ffe55b5df0cf6a613b0a25a54af7037,177259,,False
research/papers02/Risk Analysis - 2024 - Schuett - Frontier AI developers need an internal audit function.pdf,research,docs_or_research,P2_untracked_intake_review,byte_identical_to_snapshot,not_tracked_current_index,6437a7be3aaa07278b5a298ad01085664161a8b6,582451,6437a7be3aaa07278b5a298ad01085664161a8b6,582451,,False
"research/papers02/Risk Taxonomy, Mitigation, and Assessment.pdf",research,docs_or_research,P2_untracked_intake_review,byte_identical_to_snapshot,not_tracked_current_index,791cf16306e4f271ca557fea6aada346fef013cb,1954091,791cf16306e4f271ca557fea6aada346fef013cb,1954091,,False
research/papers02/Safety cases for frontier AI.pdf,research,docs_or_research,P2_untracked_intake_review,byte_identical_to_snapshot,not_tracked_current_index,1e8d515e70960493612e4b601d40c4e77915fa16,823413,1e8d515e70960493612e4b601d40c4e77915fa16,823413,,False
research/papers02/Security and Privacy Challenges of Large Language Models.pdf,research,docs_or_research,P2_untracked_intake_review,byte_identical_to_snapshot,not_tracked_current_index,62fdacdbf5fe51db712b92581459ae229011d774,1911038,62fdacdbf5fe51db712b92581459ae229011d774,1911038,,False
research/papers02/Selecting Language Models for Social Science.pdf,research,docs_or_research,P2_untracked_intake_review,byte_identical_to_snapshot,not_tracked_current_index,a4b8ab16d7cf767687f44178e2fa99291e74c74f,471838,a4b8ab16d7cf767687f44178e2fa99291e74c74f,471838,,False
research/papers02/TalkinBout AI Generation.pdf,research,docs_or_research,P2_untracked_intake_review,byte_identical_to_snapshot,not_tracked_current_index,f148a85571c4d1780d6914e8cd49d3a80aff55f4,2050957,f148a85571c4d1780d6914e8cd49d3a80aff55f4,2050957,,False
research/papers02/The 2025 OpenAI Preparedness Framework does not guarantee any AI risk mitigation.pdf,research,docs_or_research,P2_untracked_intake_review,byte_identical_to_snapshot,not_tracked_current_index,49adfd9493ba30fa9578b08ff9197abb8fb0a3a1,470276,49adfd9493ba30fa9578b08ff9197abb8fb0a3a1,470276,,False
research/papers02/The Gaps that Never Were Reconsidering Responsible AI’sPrinciple-Practice Problem.pdf,research,docs_or_research,P2_untracked_intake_review,byte_identical_to_snapshot,not_tracked_current_index,a3c8007f64d2b90c05dbbf65b8c723e60648c9a4,555262,a3c8007f64d2b90c05dbbf65b8c723e60648c9a4,555262,,False
research/papers02/The Scales of Justitia A Comprehensive Survey.pdf,research,docs_or_research,P2_untracked_intake_review,byte_identical_to_snapshot,not_tracked_current_index,4df969ecc226a19c8a6eb7f14d1ba9f8cc3edf9a,1122235,4df969ecc226a19c8a6eb7f14d1ba9f8cc3edf9a,1122235,,False
research/papers02/The harms of terminology why we should reject so-called “frontier AI”.pdf,research,docs_or_research,P2_untracked_intake_review,byte_identical_to_snapshot,not_tracked_current_index,3fba99cd6341a38d67524f8542c927ac8e9a3b90,596803,3fba99cd6341a38d67524f8542c927ac8e9a3b90,596803,,False
research/papers02/Three lines of defense against risks from AI.pdf,research,docs_or_research,P2_untracked_intake_review,byte_identical_to_snapshot,not_tracked_current_index,01799c013eae192333baa555ed920e7e2963b396,868075,01799c013eae192333baa555ed920e7e2963b396,868075,,False
research/papers02/Towards best practices in AGI safety.pdf,research,docs_or_research,P2_untracked_intake_review,byte_identical_to_snapshot,not_tracked_current_index,18ee526adf3cd06d98f1e4df98e86dc04ee5785d,845610,18ee526adf3cd06d98f1e4df98e86dc04ee5785d,845610,,False
research/papers02/Tree of Attacks Jailbreaking Black-Box LLMs Automatically.pdf,research,docs_or_research,P2_untracked_intake_review,byte_identical_to_snapshot,not_tracked_current_index,ebde8f43627a413415766965530463bba8575553,954746,ebde8f43627a413415766965530463bba8575553,954746,,False
research/papers02/Use of LLMs for Illicit Purposes Threats Prevention Measures and.pdf,research,docs_or_research,P2_untracked_intake_review,byte_identical_to_snapshot,not_tracked_current_index,f57b843116809dd5d206fba5f7c7beb0385ac61d,1028137,f57b843116809dd5d206fba5f7c7beb0385ac61d,1028137,,False
research/papers02/WASP Benchmarking Web Agent Security Against Prompt Injection Attacks.pdf,research,docs_or_research,P2_untracked_intake_review,byte_identical_to_snapshot,not_tracked_current_index,8c829d8b20db71c5d31b943ff41c9287bfb9a1fe,1194682,8c829d8b20db71c5d31b943ff41c9287bfb9a1fe,1194682,,False
research/papers02/What Features in Prompts Jailbreak LLMs.pdf,research,docs_or_research,P2_untracked_intake_review,byte_identical_to_snapshot,not_tracked_current_index,5c5abc7339ee22b5ccd5159610aaea90494040d2,1824991,5c5abc7339ee22b5ccd5159610aaea90494040d2,1824991,,False
research/papers02/Whispers in the Machine.pdf,research,docs_or_research,P2_untracked_intake_review,byte_identical_to_snapshot,not_tracked_current_index,8501543942579b45e1ccadaa7f947f7c1d4582c5,865834,8501543942579b45e1ccadaa7f947f7c1d4582c5,865834,,False
research/papers02/attacktypes.png,research,docs_or_research,P2_untracked_intake_review,byte_identical_to_snapshot,not_tracked_current_index,435e55ba023102b51fb5e1495302c09087869ab7,115940,435e55ba023102b51fb5e1495302c09087869ab7,115940,,False
research/papers02/wire000.pdf,research,docs_or_research,P2_untracked_intake_review,byte_identical_to_snapshot,not_tracked_current_index,90dc5bcaafb6334d16cce036b29cf7a96ddf1189,107494,90dc5bcaafb6334d16cce036b29cf7a96ddf1189,107494,,False
research/papers02/‘Affordances’ for Machine Learning.pdf,research,docs_or_research,P2_untracked_intake_review,byte_identical_to_snapshot,not_tracked_current_index,437b921d792eff4e5336edda97449eeb2fa31172,583821,437b921d792eff4e5336edda97449eeb2fa31172,583821,,False
research/papers03/AUTOSKILL EXPERIENCE-DRIVEN LIFELONG LEARNING VIA.pdf,research,docs_or_research,P2_untracked_intake_review,byte_identical_to_snapshot,not_tracked_current_index,78c041cdb0336d0804572962dd43dbcecfb70cd5,1204737,78c041cdb0336d0804572962dd43dbcecfb70cd5,1204737,,False
research/papers03/B MOJO Hybrid State Space Realizations of.pdf,research,docs_or_research,P2_untracked_intake_review,byte_identical_to_snapshot,not_tracked_current_index,bea7dce052e40af5ac02f53256ff0fefc0cf462b,1516033,bea7dce052e40af5ac02f53256ff0fefc0cf462b,1516033,,False
research/papers03/Deep Learning with Differential Privacy.pdf,research,docs_or_research,P2_untracked_intake_review,byte_identical_to_snapshot,not_tracked_current_index,6a0d6f0da40cb5e446bef8013bc9cc6a98bb1e75,714624,6a0d6f0da40cb5e446bef8013bc9cc6a98bb1e75,714624,,False
research/papers03/Differentially Private Learning with Small Public Data.pdf,research,docs_or_research,P2_untracked_intake_review,byte_identical_to_snapshot,not_tracked_current_index,f6d0651c8957d56b5bfe75a0ca465614cfffdbd9,972225,f6d0651c8957d56b5bfe75a0ca465614cfffdbd9,972225,,False
research/papers03/Eternal Sunshine of the Spotless Net Selective Forgetting in Deep Networks.pdf,research,docs_or_research,P2_untracked_intake_review,byte_identical_to_snapshot,not_tracked_current_index,3f518629454d9f241d890a5016ddcd9def2cfe25,378286,3f518629454d9f241d890a5016ddcd9def2cfe25,378286,,False
research/papers03/Expansion Span Combining Fading Memory and Retrieval in Hybrid.pdf,research,docs_or_research,P2_untracked_intake_review,byte_identical_to_snapshot,not_tracked_current_index,3ccd2f48781585123836c950d0b2f61db9886af1,983065,3ccd2f48781585123836c950d0b2f61db9886af1,983065,,False
research/papers03/Integral Continual Learning Along the Tangent Vector Field of Tasks.pdf,research,docs_or_research,P2_untracked_intake_review,byte_identical_to_snapshot,not_tracked_current_index,4f4559783f9da746c4e18d9a1fd54707c71cc046,1351086,4f4559783f9da746c4e18d9a1fd54707c71cc046,1351086,,False
research/papers03/LQF Linear Quadratic Fine-Tuning.pdf,research,docs_or_research,P2_untracked_intake_review,byte_identical_to_snapshot,not_tracked_current_index,d6cceb0a9b2f909dcfc6ac5c148ee0de8d20acf8,1490569,d6cceb0a9b2f909dcfc6ac5c148ee0de8d20acf8,1490569,,False
research/papers03/Mellum 2.pdf,research,docs_or_research,P2_untracked_intake_review,byte_identical_to_snapshot,not_tracked_current_index,fc986529ee4357c283bba648742321f3671a4388,1683454,fc986529ee4357c283bba648742321f3671a4388,1683454,,False
research/papers03/Memory for Autonomous LLM Agents.pdf,research,docs_or_research,P2_untracked_intake_review,byte_identical_to_snapshot,not_tracked_current_index,7fdfdd9f60f53080b95a0cace66a34f6867bd774,313563,7fdfdd9f60f53080b95a0cace66a34f6867bd774,313563,,False
research/papers03/Merging by Matching Models in Task Parameter Subspaces.pdf,research,docs_or_research,P2_untracked_intake_review,byte_identical_to_snapshot,not_tracked_current_index,e2921aa31bca340cd2883eb1a9711421049a850f,783511,e2921aa31bca340cd2883eb1a9711421049a850f,783511,,False
research/papers03/Mixed Differential Privacy in Computer Vision.pdf,research,docs_or_research,P2_untracked_intake_review,byte_identical_to_snapshot,not_tracked_current_index,c617a8c4ff34c39b1b09c82fb77d4d653664357d,844557,c617a8c4ff34c39b1b09c82fb77d4d653664357d,844557,,False
research/papers03/Mixed-Privacy Forgetting in Deep Networks.pdf,research,docs_or_research,P2_untracked_intake_review,byte_identical_to_snapshot,not_tracked_current_index,555bc57d155d6b6acb823ad9c2c65efdd0d2711a,1505649,555bc57d155d6b6acb823ad9c2c65efdd0d2711a,1505649,,False
research/papers03/No Task Left Behind.pdf,research,docs_or_research,P2_untracked_intake_review,byte_identical_to_snapshot,not_tracked_current_index,c9dc0827f4f10daf59c6c1cfe22e556202f48cc6,1422948,c9dc0827f4f10daf59c6c1cfe22e556202f48cc6,1422948,,False
research/papers03/PARAMETER EFFICIENT MULTI-TASK MODEL FUSION.pdf,research,docs_or_research,P2_untracked_intake_review,byte_identical_to_snapshot,not_tracked_current_index,3468ec742fcde65f8b4991d9b1537209c1e55ac5,1143515,3468ec742fcde65f8b4991d9b1537209c1e55ac5,1143515,,False
research/papers03/Private-kNN Practical Differential Privacy for Computer Vision.pdf,research,docs_or_research,P2_untracked_intake_review,byte_identical_to_snapshot,not_tracked_current_index,b3cd255371681cb226f5a5dc80043e17c9f5b723,528831,b3cd255371681cb226f5a5dc80043e17c9f5b723,528831,,False
research/papers03/Reflexion Language Agents with.pdf,research,docs_or_research,P2_untracked_intake_review,byte_identical_to_snapshot,not_tracked_current_index,4e29df8978f228059e323a7211903a2330d13aa6,1266813,4e29df8978f228059e323a7211903a2330d13aa6,1266813,,False
research/papers03/SimpleMem Efficient Lifelong Memory for LLM Agents.pdf,research,docs_or_research,P2_untracked_intake_review,byte_identical_to_snapshot,not_tracked_current_index,bdc2ee1d8bc083943aa6abe5a7e11b4097e575d9,844453,bdc2ee1d8bc083943aa6abe5a7e11b4097e575d9,844453,,False
research/papers03/TANGENT TRANSFORMERS FOR COMPOSITION.pdf,research,docs_or_research,P2_untracked_intake_review,byte_identical_to_snapshot,not_tracked_current_index,3cdde774279eb2c6089a96935af97a0a0805848c,521250,3cdde774279eb2c6089a96935af97a0a0805848c,521250,,False
research/papers03/TIES-MERGING Resolving Interference When.pdf,research,docs_or_research,P2_untracked_intake_review,byte_identical_to_snapshot,not_tracked_current_index,bf742e127e05a14ed0a8c7786465cb057f3116b8,1179222,bf742e127e05a14ed0a8c7786465cb057f3116b8,1179222,,False
research/papers03/Valley3 Scaling Omni Foundation Models for E-commerce.pdf,research,docs_or_research,P2_untracked_intake_review,byte_identical_to_snapshot,not_tracked_current_index,7219ef0d00f0bd360b2b26f4cabf0fb2989b2311,1614965,7219ef0d00f0bd360b2b26f4cabf0fb2989b2311,1614965,,False
research/proposals/2026-05-27-guard-plane-ernie-v2-updates.md,research,docs_or_research,P2_untracked_intake_review,live_differs_from_snapshot_untracked,not_tracked_current_index,7fbd284b117f703ae844d353223400090b0eedcf,2166,14f9c0989b2b962d325df873fc84fc6ee0af5f26,2166,,False
src/app/api/agents/route.ts,src,source_or_script,P4_low_signal,live_matches_current_index_not_snapshot,different_from_current_index,3dc9a4d2a176b157252fc8356f8a19cc010f0d7f,338,5fa25c10df4964134280c0095849f0bbe59fe8c4,338,5fa25c10df4964134280c0095849f0bbe59fe8c4,False
src/app/api/ai-bridge/providers/route.ts,src,source_or_script,P4_low_signal,live_matches_current_index_not_snapshot,different_from_current_index,39c74b6fb5d3bf715d6a809560ba83c7e96b5690,2652,b498ef3df7ee6aad9eaad0ad089b9750a7f9a82c,2652,b498ef3df7ee6aad9eaad0ad089b9750a7f9a82c,False
src/app/api/ai-bridge/route.ts,src,source_or_script,P4_low_signal,live_matches_current_index_not_snapshot,different_from_current_index,a2d4d2256f35439334ce5973ad2c345410aa3716,13619,4540207113879483fb420a7083a892bd6f677990,13619,4540207113879483fb420a7083a892bd6f677990,False
src/app/api/ai/chat/route.ts,src,source_or_script,P4_low_signal,live_matches_current_index_not_snapshot,different_from_current_index,c9c8729c1132cef4af699b8e352f106ebafc2186,4454,84f952b38f49bef71a01b956cdaf6a83f3a79f4c,4454,84f952b38f49bef71a01b956cdaf6a83f3a79f4c,False
src/app/api/ai/providers/route.ts,src,source_or_script,P4_low_signal,live_matches_current_index_not_snapshot,different_from_current_index,a8faf7cfb884963381ce7a78c0bbaef7dff27f92,11911,bfbd97f4441628949f61b71a3b8bf55f67db18ed,11911,bfbd97f4441628949f61b71a3b8bf55f67db18ed,False
src/app/api/ai/research/analyze/route.ts,src,source_or_script,P4_low_signal,live_matches_current_index_not_snapshot,different_from_current_index,a447d629f5cd1f67167f8dbdaa26313d0798d9f5,11412,5945377022350c8ea61271292c5b5b975d34c2dc,11412,5945377022350c8ea61271292c5b5b975d34c2dc,False
src/app/api/ai/research/search/route.ts,src,source_or_script,P4_low_signal,live_matches_current_index_not_snapshot,different_from_current_index,eebdd85471afec1e5d2d74eae3a43c1fd599f261,15317,c84cadf4bbcc72662f009139312a935de7e3ff32,15317,c84cadf4bbcc72662f009139312a935de7e3ff32,False
src/app/api/ai/stresslab/run/route.ts,src,source_or_script,P4_low_signal,live_matches_current_index_not_snapshot,different_from_current_index,3a1bc0a2382323c891d7c2a3089690251e8dfad1,11940,3be669de925e3346e4cfd4bf572312dc25f82cca,11940,3be669de925e3346e4cfd4bf572312dc25f82cca,False
<redacted-sensitive-path:.ts>,src,sensitive_path,P0_sensitive_hold,live_matches_current_index_not_snapshot,different_from_current_index,6686f30e9d3f00c33a8c28102a987fbb03d3e9cf,10725,3a9d103afaf7c58a45c0e8cd51438c834bd3fe0d,10725,3a9d103afaf7c58a45c0e8cd51438c834bd3fe0d,True
src/app/api/alphaxiv/route.ts,src,source_or_script,P4_low_signal,live_matches_current_index_not_snapshot,different_from_current_index,b870bc6069068ec15cc870b1d2a5a56e7f745836,14428,b1706b315939bc189be944d87c3a2bb798631035,14428,b1706b315939bc189be944d87c3a2bb798631035,False
src/app/api/archivist/route.ts,src,source_or_script,P4_low_signal,live_matches_current_index_not_snapshot,different_from_current_index,aa7a4aaf68200d5efe3a52f234bf81fdfde12b0a,2272,8a33739d3ea9d29f45af3bf85fcd8375a9d46137,2272,8a33739d3ea9d29f45af3bf85fcd8375a9d46137,False
src/app/api/arxiv/route.ts,src,source_or_script,P4_low_signal,live_matches_current_index_not_snapshot,different_from_current_index,95265dc6285040b8c4128c2655035ebc628a2bfd,20412,f189aeb5aa6cd42c8e458bd5a763cc1d2bbc328d,20412,f189aeb5aa6cd42c8e458bd5a763cc1d2bbc328d,False
src/app/api/audit/route.ts,src,source_or_script,P4_low_signal,live_matches_current_index_not_snapshot,different_from_current_index,6b9501b5fd70a0f7ef7df1f9d0c28a5e5339a7a1,1078,7ad9a91397353bc0be9ceef2ea2d7f884131ea43,1078,7ad9a91397353bc0be9ceef2ea2d7f884131ea43,False
src/app/api/chat/route.ts,src,source_or_script,P4_low_signal,live_matches_current_index_not_snapshot,different_from_current_index,54bef58347f0756554568ec7a330ab78dc28b176,6180,c063637d850991ef6cd9f3fe6245d096ae5d6895,6180,c063637d850991ef6cd9f3fe6245d096ae5d6895,False
src/app/api/claude/route.ts,src,source_or_script,P4_low_signal,live_matches_current_index_not_snapshot,different_from_current_index,4ff46f6f70256f4fb088473a525bf88e005dd3cd,3248,d82aa5dc64b4a3fe9d60a95ca01808d7ac311146,3248,d82aa5dc64b4a3fe9d60a95ca01808d7ac311146,False
src/app/api/config/route.ts,src,source_or_script,P4_low_signal,live_matches_current_index_not_snapshot,different_from_current_index,af174652a12ae1f5a968b3ac7e2b58150317e566,9231,4f182147391d835313e374e44fa2d9bdfa48cd5a,9231,4f182147391d835313e374e44fa2d9bdfa48cd5a,False
src/app/api/dashboards/[id]/route.ts,src,source_or_script,P4_low_signal,live_matches_current_index_not_snapshot,different_from_current_index,32c84cdef4007f60767c4fa25ce9129c5e48c254,3233,9d1e66b5b046b8f44f5dde94dac61e8d6328c66f,3233,9d1e66b5b046b8f44f5dde94dac61e8d6328c66f,False
src/app/api/dashboards/[id]/share/route.ts,src,source_or_script,P4_low_signal,live_matches_current_index_not_snapshot,different_from_current_index,2009845911ef2d587b6046d86b724e5759f555b6,2924,18c26aaedd1c37f211b0a0a31a6a9d3f06f49081,2924,18c26aaedd1c37f211b0a0a31a6a9d3f06f49081,False
src/app/api/dashboards/[id]/widgets/[widgetId]/route.ts,src,source_or_script,P4_low_signal,live_matches_current_index_not_snapshot,different_from_current_index,da4094600af7cf8b0435c9582aab88ca2e4d1c45,2984,8f63736c5db9939d8a38566637f9ddce1fd2c2a0,2984,8f63736c5db9939d8a38566637f9ddce1fd2c2a0,False
src/app/api/dashboards/[id]/widgets/route.ts,src,source_or_script,P4_low_signal,live_matches_current_index_not_snapshot,different_from_current_index,a49b03aaedab5cf412d8568c88224d98f3541492,4687,8d3c6c2f93e7ea5884c44319a80c5c2f6ecf233d,4687,8d3c6c2f93e7ea5884c44319a80c5c2f6ecf233d,False
src/app/api/dashboards/ai-build/route.ts,src,source_or_script,P4_low_signal,live_matches_current_index_not_snapshot,different_from_current_index,b11ca80827d864c6abc5777ae2dc7cee322c54aa,5996,f0b7b68cb06112a54b1acd99aa882ed40f34a06c,5996,f0b7b68cb06112a54b1acd99aa882ed40f34a06c,False
src/app/api/dashboards/ai_builder/route.ts,src,source_or_script,P4_low_signal,live_matches_current_index_not_snapshot,different_from_current_index,139f28655fea1bff6de09fc6f12f5473a27a32b2,5632,57f291bf11dd886d58730bb411c11403f48d870b,5632,57f291bf11dd886d58730bb411c11403f48d870b,False
src/app/api/dashboards/metrics/route.ts,src,source_or_script,P4_low_signal,live_matches_current_index_not_snapshot,different_from_current_index,732558347d14d256469869672212f6d330b395f7,9719,f702bff953c48af837e5b42ff1ee4c292dab7e1f,9719,f702bff953c48af837e5b42ff1ee4c292dab7e1f,False
src/app/api/dashboards/route.ts,src,source_or_script,P4_low_signal,live_matches_current_index_not_snapshot,different_from_current_index,cd8af02db4dec0b81680f0e8bf5863b01c9d3f26,2045,f4b3f286e755d42d69522cd3997b4d80b2cdab87,2045,f4b3f286e755d42d69522cd3997b4d80b2cdab87,False
src/app/api/feedback/route.ts,src,source_or_script,P4_low_signal,live_matches_current_index_not_snapshot,different_from_current_index,5698676bda09faafde862ee3dc2601bdbc6ce6d9,7880,79f5aeb25b6caad96e6cbfbcb56c1d010e90e5ea,7880,79f5aeb25b6caad96e6cbfbcb56c1d010e90e5ea,False
src/app/api/foundry/route.ts,src,source_or_script,P4_low_signal,live_matches_current_index_not_snapshot,different_from_current_index,9bceb30f82bd98a119f4c6f1d462c7a00a3ed222,5354,bd3bf7e0908c541be7c02d5827f7fc4dc846dcb3,5354,bd3bf7e0908c541be7c02d5827f7fc4dc846dcb3,False
src/app/api/github/branches/route.ts,src,source_or_script,P4_low_signal,live_matches_current_index_not_snapshot,different_from_current_index,e8c63909fd483a3f599c9e99eb9ec9c5dc51606d,1826,94bc19f211831fee35bae7db4137e2307faf291c,1826,94bc19f211831fee35bae7db4137e2307faf291c,False
src/app/api/github/commits/route.ts,src,source_or_script,P4_low_signal,live_matches_current_index_not_snapshot,different_from_current_index,be71d7845b1f35ed400c28b432b73d671c71b8af,2846,5325b6423ef6ec57d5a85e2ba24a86eb2f1eb927,2846,5325b6423ef6ec57d5a85e2ba24a86eb2f1eb927,False
src/app/api/github/issues/route.ts,src,source_or_script,P4_low_signal,live_matches_current_index_not_snapshot,different_from_current_index,cc89bd606dad695c96e8c19afd617efe5d3c33ef,2596,a951259535f1dbdac7b7fe45ba2a4f6d1a2f3212,2596,a951259535f1dbdac7b7fe45ba2a4f6d1a2f3212,False
src/app/api/github/pulls/route.ts,src,source_or_script,P4_low_signal,live_matches_current_index_not_snapshot,different_from_current_index,ad1d794d5063a04c67cb3fba1e58d2b35e04af2a,3058,a2ed79c5f57b56bb8147da9447245a504b807960,3058,a2ed79c5f57b56bb8147da9447245a504b807960,False
src/app/api/github/repos/route.ts,src,source_or_script,P4_low_signal,live_matches_current_index_not_snapshot,different_from_current_index,948f2392f8a14436e373f9ce36b05c6b173b7998,2039,1749abf1db9ac79451b27db335742c587d5031ce,2039,1749abf1db9ac79451b27db335742c587d5031ce,False
src/app/api/governance-audit/route.ts,src,source_or_script,P4_low_signal,live_matches_current_index_not_snapshot,different_from_current_index,9b33afd1fc564d6d53d39d44593598bca606d6f0,8251,5aed932a355e8dc6a2b81de35430218f10f4627b,8251,5aed932a355e8dc6a2b81de35430218f10f4627b,False
src/app/api/governance/route.ts,src,source_or_script,P4_low_signal,live_matches_current_index_not_snapshot,different_from_current_index,de10340c756cdbf46da08bfd9ad63f880b4b82c2,10317,3b9e02426b7111c5440ed066018aed1f6b3cac7d,10317,3b9e02426b7111c5440ed066018aed1f6b3cac7d,False
src/app/api/governor/route.ts,src,source_or_script,P4_low_signal,live_matches_current_index_not_snapshot,different_from_current_index,2f9fd3178f27b7fc711409530ce4db1c8071af8f,5412,2de1879b2d60264535e32bf841eec4bb841d6ddb,5412,2de1879b2d60264535e32bf841eec4bb841d6ddb,False
src/app/api/health/bridge/route.ts,src,source_or_script,P4_low_signal,live_matches_current_index_not_snapshot,different_from_current_index,c90815ced315ee0e9a85a243bf4897e1b08fbf7c,4898,479e1ab593a44e0a8c70e4cdf4e6076f988b41d1,4898,479e1ab593a44e0a8c70e4cdf4e6076f988b41d1,False
src/app/api/health/orchestrator/route.ts,src,source_or_script,P4_low_signal,live_matches_current_index_not_snapshot,different_from_current_index,42554f411e45eec1b7a29fd0eec41f319878b71c,4043,80943e4707d2407810642ab1c55eea09ea21a5a0,4043,80943e4707d2407810642ab1c55eea09ea21a5a0,False
src/app/api/health/route.ts,src,source_or_script,P4_low_signal,live_matches_current_index_not_snapshot,different_from_current_index,54a4de7787c94ee5baae0ada7bafaa9415f64443,599,69ebb9627fac63dcda07185b6a4e414bae695a72,599,69ebb9627fac63dcda07185b6a4e414bae695a72,False
<redacted-sensitive-path:.ts>,src,sensitive_path,P0_sensitive_hold,live_matches_current_index_not_snapshot,different_from_current_index,7c863eb0eff47f9a28a72a6118b47f6c6373ec85,4941,6a81ee9c7b768fd31d6c684ea81c5a984098dd02,4941,6a81ee9c7b768fd31d6c684ea81c5a984098dd02,True
src/app/api/logs/route.ts,src,source_or_script,P4_low_signal,live_matches_current_index_not_snapshot,different_from_current_index,592491da8a6f48bc2044a3e08e30504d3fd1cb1c,5210,ee07db3f941daa00610d16ce8ec8be524ea29d4a,5210,ee07db3f941daa00610d16ce8ec8be524ea29d4a,False
src/app/api/mcp/analytics/route.ts,src,source_or_script,P4_low_signal,live_matches_current_index_not_snapshot,different_from_current_index,5e95f22cbef5fb43328d2362f20eb3dc132d173d,3296,4afc916be3f232668fc1f3cabd2feed350d65788,3296,4afc916be3f232668fc1f3cabd2feed350d65788,False
src/app/api/mcp/connections/[id]/connect/route.ts,src,source_or_script,P4_low_signal,live_matches_current_index_not_snapshot,different_from_current_index,81f5e7cf1e90de18336711bd027ebd4038239503,3498,e7c1e2789afd4942feb0c6b7d91958a04d051267,3498,e7c1e2789afd4942feb0c6b7d91958a04d051267,False
src/app/api/mcp/connections/[id]/disconnect/route.ts,src,source_or_script,P4_low_signal,live_matches_current_index_not_snapshot,different_from_current_index,e6aee6337f1ab3d40192fb78fd848b9527c6dbc7,995,795541923276eeeced98b5d8392cb666f6c5d5dc,995,795541923276eeeced98b5d8392cb666f6c5d5dc,False
src/app/api/mcp/connections/[id]/route.ts,src,source_or_script,P4_low_signal,live_matches_current_index_not_snapshot,different_from_current_index,092061c8830641083127ad5178836cb566f55cd6,2641,84dc2c45936a8eb36aa9e9230e1fbd552543a38b,2641,84dc2c45936a8eb36aa9e9230e1fbd552543a38b,False
src/app/api/mcp/connections/route.ts,src,source_or_script,P4_low_signal,live_matches_current_index_not_snapshot,different_from_current_index,d2ac60cdcd34cf8f8e478418e00c7e1b78fea157,4348,0c21b29f91c124105f6dfda0a4ce7fe553fa8f56,4348,0c21b29f91c124105f6dfda0a4ce7fe553fa8f56,False
src/app/api/mcp/events/route.ts,src,source_or_script,P4_low_signal,live_matches_current_index_not_snapshot,different_from_current_index,79b68d764eb88364b49744c76e6e62be7766fbc7,3004,7c5ffc273911210ec5bbb1a363e4df08dbe468a7,3004,7c5ffc273911210ec5bbb1a363e4df08dbe468a7,False
src/app/api/mcp/stream/route.ts,src,source_or_script,P4_low_signal,live_matches_current_index_not_snapshot,different_from_current_index,70453dcd33b261ffdbd16d1638bc11e73e717081,2617,cea2ca30ff6cee8c1b58d85777e98a2a9d61a693,2617,cea2ca30ff6cee8c1b58d85777e98a2a9d61a693,False
src/app/api/metrics/route.ts,src,source_or_script,P4_low_signal,live_matches_current_index_not_snapshot,different_from_current_index,967b2505771263a2e196b2e1bc6f3c3104eadcbd,14771,b65ac087dc43842a3e3248baa45b0e68d2623af5,14771,b65ac087dc43842a3e3248baa45b0e68d2623af5,False
src/app/api/modelrelay/chat/route.ts,src,source_or_script,P4_low_signal,live_matches_current_index_not_snapshot,different_from_current_index,24b239a74ddbb0d3bdba626ad99ac3ed478e1efd,1949,08a6e2d44a41e054209310cf6a549226f0058d3a,1949,08a6e2d44a41e054209310cf6a549226f0058d3a,False
src/app/api/modelrelay/health/route.ts,src,source_or_script,P4_low_signal,live_matches_current_index_not_snapshot,different_from_current_index,4aa08d634f99a7348aae0ead155d0c25aae302fc,2664,c701c79be3f17a588aa97d51fce9cb77a369edd4,2664,c701c79be3f17a588aa97d51fce9cb77a369edd4,False
src/app/api/modelrelay/models/route.ts,src,source_or_script,P4_low_signal,live_matches_current_index_not_snapshot,different_from_current_index,4e7349a69ba1ea85afe28b1a606291ba130f7585,4098,71e45306108a14c03a20dee3c111f9bb05951d1c,4098,71e45306108a14c03a20dee3c111f9bb05951d1c,False
src/app/api/modelrelay/providers/route.ts,src,source_or_script,P4_low_signal,live_matches_current_index_not_snapshot,different_from_current_index,ce932392613b206c1c61fa3f7617276517e26aac,2930,16ffe63a26db9af2618903feb887a4d6ecdd0ed5,2930,16ffe63a26db9af2618903feb887a4d6ecdd0ed5,False
src/app/api/modelrelay/route/route.ts,src,source_or_script,P4_low_signal,live_matches_current_index_not_snapshot,different_from_current_index,d41d3ddc68964ad216fee2d18681d74bec8bf338,2970,448931138b25e6bf0bf1749bfe604c63fb624ff7,2970,448931138b25e6bf0bf1749bfe604c63fb624ff7,False
src/app/api/modelrelay/status/route.ts,src,source_or_script,P4_low_signal,live_matches_current_index_not_snapshot,different_from_current_index,5986b795c6ff26957b8584ef268a57c2aec41a8c,461,41a123128a97d3676bdeb0e90b87d26c1eec8097,461,41a123128a97d3676bdeb0e90b87d26c1eec8097,False
src/app/api/models/route.ts,src,source_or_script,P4_low_signal,live_matches_current_index_not_snapshot,different_from_current_index,0251c79f501a91e0876bbbd433345441b7745035,5861,aa1eb5b3594e2657234c5d4d13f047293b0b88cf,5861,aa1eb5b3594e2657234c5d4d13f047293b0b88cf,False
src/app/api/notifications/route.ts,src,source_or_script,P4_low_signal,live_matches_current_index_not_snapshot,different_from_current_index,671203a4e632b22643e5124d0c8c1fcd2ad17a23,5854,c76fcbf80cef2b0b0a2b8de58686f899ca8a61e6,5854,c76fcbf80cef2b0b0a2b8de58686f899ca8a61e6,False
<redacted-sensitive-path:.ts>,src,sensitive_path,P0_sensitive_hold,live_matches_current_index_not_snapshot,different_from_current_index,44cd4e554b8f1310d86713a7b285dad307c7546e,5042,20fb4e12c17f055c22f5f1891c5338f25ff4c2da,5042,20fb4e12c17f055c22f5f1891c5338f25ff4c2da,True
src/app/api/providers/quotas/route.ts,src,source_or_script,P4_low_signal,live_matches_current_index_not_snapshot,different_from_current_index,960fcd11991572d3dd2dbb2ca0057923b03be04c,7408,0c2e5845fee41071b815b9defe94ec43f808669b,7408,0c2e5845fee41071b815b9defe94ec43f808669b,False
src/app/api/providers/route.ts,src,source_or_script,P4_low_signal,live_matches_current_index_not_snapshot,different_from_current_index,1c6b84788110a8461098713b6e6dae0178b123bc,6662,f28582d5202dbb8db5c233a22b5f82841535eeec,6662,f28582d5202dbb8db5c233a22b5f82841535eeec,False
src/app/api/proxy/route.ts,src,source_or_script,P4_low_signal,live_matches_current_index_not_snapshot,different_from_current_index,3b74c41887e96811baf051d220885cc811274771,14275,1c80a3b0a0845d90787954f34b0c40c0941f8aa8,14275,1c80a3b0a0845d90787954f34b0c40c0941f8aa8,False
src/app/api/rate-limit/logs/route.ts,src,source_or_script,P4_low_signal,live_matches_current_index_not_snapshot,different_from_current_index,2627993ba7d52002f524f5ec7f61c03a754812d8,4778,cf5a594c639181dcb6a994de4eed781ac272ac88,4778,cf5a594c639181dcb6a994de4eed781ac272ac88,False
src/app/api/rate-limit/route.ts,src,source_or_script,P4_low_signal,live_matches_current_index_not_snapshot,different_from_current_index,6c7a9ba7e1622add351d34de4b2b27f3f9b10ded,2735,8b7f2f5d33a44b62533edfec2057b30faf4733ad,2735,8b7f2f5d33a44b62533edfec2057b30faf4733ad,False
src/app/api/rate-limit/status/route.ts,src,source_or_script,P4_low_signal,live_matches_current_index_not_snapshot,different_from_current_index,2e16aa1a1684902dcda92b05c6363b8ea1f79e0e,4830,4d5efeff2214dd835f3c1201c9ffc1ecada79162,4830,4d5efeff2214dd835f3c1201c9ffc1ecada79162,False
src/app/api/research/[id]/route.ts,src,source_or_script,P4_low_signal,live_matches_current_index_not_snapshot,different_from_current_index,616475098b4f56b4444351b0ecdeb159ea1912ba,692,d6aee3e059b72d1c3abf0ca1b11e7185f0e6f61c,692,d6aee3e059b72d1c3abf0ca1b11e7185f0e6f61c,False
src/app/api/research/analyze/route.ts,src,source_or_script,P4_low_signal,live_matches_current_index_not_snapshot,different_from_current_index,e918ea5c0776703273e260fc6b69dea30f092b7c,40226,114c56c50e4120e73ae23fc80640e64ea08aafe6,40226,114c56c50e4120e73ae23fc80640e64ea08aafe6,False
src/app/api/research/auto-vet/route.ts,src,source_or_script,P4_low_signal,live_matches_current_index_not_snapshot,different_from_current_index,ece490ec904812c221687b79bfa8a5f73f248a40,6242,3bb1c4b90ea440905155b4d82ddbc01c5250f298,6242,3bb1c4b90ea440905155b4d82ddbc01c5250f298,False
src/app/api/research/pipeline/route.ts,src,source_or_script,P4_low_signal,live_matches_current_index_not_snapshot,different_from_current_index,c5bf02f6b766517d5dff9f004a726615bc460d14,9012,4904eb542725ca0f172705c9f57b4d67d1170d6b,9012,4904eb542725ca0f172705c9f57b4d67d1170d6b,False
src/app/api/research/route.ts,src,source_or_script,P4_low_signal,live_matches_current_index_not_snapshot,different_from_current_index,015f0ae6bf8f51f332d6e75b2ccc99bae87eb4fd,3724,718764f003abf3de6f389a6a9445c3efaf5699cf,3724,718764f003abf3de6f389a6a9445c3efaf5699cf,False
src/app/api/route.ts,src,source_or_script,P4_low_signal,live_matches_current_index_not_snapshot,different_from_current_index,a96045cdbf13765eccf1613fd1946a90abf246a3,138,0277710b3e8ce8861be944e9d69f62481dc57471,138,0277710b3e8ce8861be944e9d69f62481dc57471,False
src/app/api/search/route.ts,src,source_or_script,P4_low_signal,live_matches_current_index_not_snapshot,different_from_current_index,746b5f8ae1d9db0356e2f71c0ac9d69a918ee1e5,1354,f3f5c27f75cca48b0bad54ce19dc57e2aaa01865,1354,f3f5c27f75cca48b0bad54ce19dc57e2aaa01865,False
src/app/api/seed/route.ts,src,source_or_script,P4_low_signal,live_matches_current_index_not_snapshot,different_from_current_index,9c0b59b8d595a8fa6933184389926fac9d773338,15907,2b1acce844a1529a83f3fd9127b5326a73e57f86,15907,2b1acce844a1529a83f3fd9127b5326a73e57f86,False
src/app/api/settings/route.ts,src,source_or_script,P4_low_signal,live_matches_current_index_not_snapshot,different_from_current_index,759dc13a7fd60f80fd70ac023d8dc9f2288f118e,2111,4f7553f0b963c44b6fa57f06352ed0d4c18ca8fa,2111,4f7553f0b963c44b6fa57f06352ed0d4c18ca8fa,False
src/app/api/snapshots/route.ts,src,source_or_script,P4_low_signal,live_matches_current_index_not_snapshot,different_from_current_index,62c0a09aba3b9f5f18b9461fb92a835b12ddeb71,4761,5096a1e3562f39e4829ba1b12f94dd1b8a9c5af0,4761,5096a1e3562f39e4829ba1b12f94dd1b8a9c5af0,False
src/app/api/stresslab/route.ts,src,source_or_script,P4_low_signal,live_matches_current_index_not_snapshot,different_from_current_index,a8b0fc975982b8c2b4ddf7b72d1516dfc10f4d1c,28689,3fcde9fd58629e08c7093be947baa4536dd5410e,28689,3fcde9fd58629e08c7093be947baa4536dd5410e,False
src/app/api/stresslab/seed-templates/route.ts,src,source_or_script,P4_low_signal,live_matches_current_index_not_snapshot,different_from_current_index,ef805a0796edb83e80a60f8ec9a461ebca584e8e,11471,1f9aa697aed504f89153ca5548a57d4fe42ce698,11471,1f9aa697aed504f89153ca5548a57d4fe42ce698,False
src/app/api/swarm/route.ts,src,source_or_script,P4_low_signal,live_matches_current_index_not_snapshot,different_from_current_index,e1b401487f72e765dffdea554c716a73c3400455,8628,890129d7c9bf21ff8d87b16ea34663298eb0d1ee,8628,890129d7c9bf21ff8d87b16ea34663298eb0d1ee,False
src/app/api/system/route.ts,src,source_or_script,P4_low_signal,live_matches_current_index_not_snapshot,different_from_current_index,15ae2853e72dd227cc1bfa224573cb41423db46a,18127,27e4cf917d7a93bfd178dd680d4e6b8e2a19ce7c,18127,27e4cf917d7a93bfd178dd680d4e6b8e2a19ce7c,False
src/app/api/system/uptime/route.ts,src,source_or_script,P4_low_signal,live_matches_current_index_not_snapshot,different_from_current_index,dcc0e1168b4aa9957fa3fa70e83bb89f9292f058,3145,57c994e355522400474bb57b2c7aa7e30ad77474,3145,57c994e355522400474bb57b2c7aa7e30ad77474,False
src/app/api/tasks/[id]/route.ts,src,source_or_script,P4_low_signal,live_matches_current_index_not_snapshot,different_from_current_index,e87162cb4b8126f1ec31aee1aadb0830bf0b605d,4981,479e23c9275c357d4adff41adf06bae9ed71187a,4981,479e23c9275c357d4adff41adf06bae9ed71187a,False
src/app/api/tasks/auto-generate/route.ts,src,source_or_script,P4_low_signal,live_matches_current_index_not_snapshot,different_from_current_index,dfaeb2803d9fde91a89ab879bcff96b163d8e50a,8323,262b2947e83bc83e9dfd3bd8d3654da29e6a77c4,8323,262b2947e83bc83e9dfd3bd8d3654da29e6a77c4,False
src/app/api/tasks/route.ts,src,source_or_script,P4_low_signal,live_matches_current_index_not_snapshot,different_from_current_index,c858cc4929f5cefe8712486751688bea3da92984,6806,fa10855827ed92153311584c8e36407e9520ba42,6806,fa10855827ed92153311584c8e36407e9520ba42,False
<redacted-sensitive-path:.ts>,src,sensitive_path,P0_sensitive_hold,live_matches_current_index_not_snapshot,different_from_current_index,24de831702be57acb45761ab300ca6dc135f80fa,11859,4b4a6bf01080aaf452f91889c75f45cf795464b2,11859,4b4a6bf01080aaf452f91889c75f45cf795464b2,True
<redacted-sensitive-path:.ts>,src,sensitive_path,P0_sensitive_hold,live_matches_current_index_not_snapshot,different_from_current_index,b13b229113da3263ff9674bf861616eeb94aac5d,2732,8ce2f100a113f41bd9e38dcb1903edd75227b784,2732,8ce2f100a113f41bd9e38dcb1903edd75227b784,True
src/app/api/trust-engine/route.ts,src,source_or_script,P4_low_signal,live_matches_current_index_not_snapshot,different_from_current_index,b47a36a010a1c6f9dfec7fd28a2146abd96d231e,8425,9197f63c42ff096154e940cc83759d2dcffb37bf,8425,9197f63c42ff096154e940cc83759d2dcffb37bf,False
src/app/api/vap-chain/route.ts,src,source_or_script,P4_low_signal,live_matches_current_index_not_snapshot,different_from_current_index,18da60089c25016a0dfba98817b615b449bc74df,21231,7ef10ee28581ba597e78f5623772292939181842,21231,7ef10ee28581ba597e78f5623772292939181842,False
<redacted-sensitive-path:.ts>,src,sensitive_path,P0_sensitive_hold,live_matches_current_index_not_snapshot,different_from_current_index,11f15beb1f224b8bcd1400dc25c5cfa6d9b16b7d,2862,3db7b3c61aaaa8a59303a983262947d2db30244b,2862,3db7b3c61aaaa8a59303a983262947d2db30244b,True
src/app/api/widgets/[id]/route.ts,src,source_or_script,P4_low_signal,live_matches_current_index_not_snapshot,different_from_current_index,e69a9abe12b4ce26229f5c8f52f8987f8694a5a1,1382,becf002d53e6f03b843c61c7ec879caad3cb5be6,1382,becf002d53e6f03b843c61c7ec879caad3cb5be6,False
<redacted-sensitive-path:.tsx>,src,sensitive_path,P0_sensitive_hold,live_matches_current_index_not_snapshot,different_from_current_index,8235d2b4bfcdd22fead4de9958f65ca8e7c8b9ac,312,c2568ca2eaaba28af85ccf5298796e8fb03128ed,312,c2568ca2eaaba28af85ccf5298796e8fb03128ed,True
<redacted-sensitive-path:.tsx>,src,sensitive_path,P0_sensitive_hold,live_matches_current_index_not_snapshot,different_from_current_index,ed387defee98ce4727649f1e500998c81f44d9b9,284,3ac37e2c3d7f0d99b7876bdb9326d46407ac6302,284,3ac37e2c3d7f0d99b7876bdb9326d46407ac6302,True
<redacted-sensitive-path:.tsx>,src,sensitive_path,P0_sensitive_hold,live_matches_current_index_not_snapshot,different_from_current_index,09042d30945c3dfa79972bd54a2148a939526809,912,f2672f6d342d4cccf9db76619a9e901bc2fb2f09,912,f2672f6d342d4cccf9db76619a9e901bc2fb2f09,True
<redacted-sensitive-path:.tsx>,src,sensitive_path,P0_sensitive_hold,live_matches_current_index_not_snapshot,different_from_current_index,23fe419186acadde6a2442e8ca577501a8e2d41e,288,9662667e0d1d38810455659bf898538523e6ef4d,288,9662667e0d1d38810455659bf898538523e6ef4d,True
<redacted-sensitive-path:.tsx>,src,sensitive_path,P0_sensitive_hold,live_matches_current_index_not_snapshot,different_from_current_index,8195c045531e04aeb632912b459ca27971fe087e,312,96a68390dea6fabe81a2f2523e89d6a86b8227e0,312,96a68390dea6fabe81a2f2523e89d6a86b8227e0,True
src/app/error.tsx,src,source_or_script,P4_low_signal,live_matches_current_index_not_snapshot,different_from_current_index,86d121b95dd26bfb90bd7a0da9edb1da490edb6f,2932,0b6b50b1a99a269212c93860535794f756233590,2932,0b6b50b1a99a269212c93860535794f756233590,False
src/app/globals.css,src,source_or_script,P4_low_signal,live_matches_current_index_not_snapshot,different_from_current_index,0c639ff29179cfb778e79624b8dcd560fe087bd9,31178,217ac9153edc11957c575361cb42506128ceffc3,31178,217ac9153edc11957c575361cb42506128ceffc3,False
src/app/layout.tsx,src,source_or_script,P4_low_signal,live_matches_current_index_not_snapshot,different_from_current_index,6cd4389cd244619dae9ee64230d82c27fc69df10,1494,7e33cc4198f62701184252c6ff0c4bd9d7b9f8be,1494,7e33cc4198f62701184252c6ff0c4bd9d7b9f8be,False
src/app/page.tsx,src,source_or_script,P4_low_signal,live_matches_current_index_not_snapshot,different_from_current_index,49a9e3dd0714553c54442885c8364e80dfbc9f35,2256,2a70b9e975cdac108d7ebf444b2c7581cc8e058e,2256,2a70b9e975cdac108d7ebf444b2c7581cc8e058e,False
src/app/page.tsx.bak,src,source_or_script,P4_low_signal,live_matches_current_index_not_snapshot,different_from_current_index,c05e76e0c0475db2e2d4a77924c140ff2befd54e,2119,4ccdf8709b9de88cbd095df8917a008fe17ae1ba,2119,4ccdf8709b9de88cbd095df8917a008fe17ae1ba,False
src/app/protected/page.tsx,src,source_or_script,P4_low_signal,live_matches_current_index_not_snapshot,different_from_current_index,b5d35ca2d24cc38368a53c08c7dbd982744b92fe,675,156011f3906041ccd93ba4b4e7d688836c68ee09,675,156011f3906041ccd93ba4b4e7d688836c68ee09,False
src/components/forgot-password-form.tsx,src,source_or_script,P4_low_signal,live_matches_current_index_not_snapshot,different_from_current_index,0c66149fda4c805a1f5243750cce6324f466acd2,3560,a491a295127c651601ed7ce44fca3eee67bcc2a7,3560,a491a295127c651601ed7ce44fca3eee67bcc2a7,False
src/components/login-form.tsx,src,source_or_script,P4_low_signal,live_matches_current_index_not_snapshot,different_from_current_index,98bd504867ec5586398730ce2cd4dafce7207d06,3520,17c100c52da13734d79191364659d15165b4faa2,3520,17c100c52da13734d79191364659d15165b4faa2,False
src/components/logout-button.tsx,src,source_or_script,P4_low_signal,live_matches_current_index_not_snapshot,different_from_current_index,bd850eec579c6d116d161cf7e2f27ad363c08c67,422,b396d36a1db399e82a69031f8cecc788c4318bee,422,b396d36a1db399e82a69031f8cecc788c4318bee,False
src/components/nexus/agent-feedback-panel.tsx,src,source_or_script,P4_low_signal,live_matches_current_index_not_snapshot,different_from_current_index,8e0c2cf0fd41dabf93cf0007a296fc171bbcc442,27984,3225b4d7d25a926852fbb526440754e6fb8fb301,27984,3225b4d7d25a926852fbb526440754e6fb8fb301,False
src/components/nexus/agent-health-monitor.tsx,src,source_or_script,P4_low_signal,live_matches_current_index_not_snapshot,different_from_current_index,dabe24f7865a3d3630e23f0efa33d210528a9572,20705,42a9e8300725035c910504a31c018eccff12c2cf,20705,42a9e8300725035c910504a31c018eccff12c2cf,False
src/components/nexus/ai-assistant.tsx,src,source_or_script,P4_low_signal,live_matches_current_index_not_snapshot,different_from_current_index,e4135715a8c6a7f49f151318dd291b953c6d39b7,36440,6863ca2bd6902c5befc0a3cbb1ec932062c2b0d2,36440,6863ca2bd6902c5befc0a3cbb1ec932062c2b0d2,False
<redacted-sensitive-path:.tsx>,src,sensitive_path,P0_sensitive_hold,live_matches_current_index_not_snapshot,different_from_current_index,3b698a54e63d409cb703852a1c11490bc41649e8,18444,fa88659548429c39149f9dc62bf8103078c816f2,18444,fa88659548429c39149f9dc62bf8103078c816f2,True
<redacted-sensitive-path:.tsx>,src,sensitive_path,P0_sensitive_hold,live_matches_current_index_not_snapshot,different_from_current_index,d295a2fecd8895b035653c18042a9750ca274349,15365,581f69d4c5862f3e16eb162699b604d168702741,15365,581f69d4c5862f3e16eb162699b604d168702741,True
src/components/nexus/charts.tsx,src,source_or_script,P4_low_signal,live_matches_current_index_not_snapshot,different_from_current_index,7b5b3c60ca3eb3f599da99c5fdca2ed972878608,6783,89a94476308212456bf9264ea957974d05f5d3e8,6783,89a94476308212456bf9264ea957974d05f5d3e8,False
src/components/nexus/command-palette.tsx,src,source_or_script,P4_low_signal,live_matches_current_index_not_snapshot,different_from_current_index,5051d76b6abb1bcb1489bafc7bab331e95f1aedb,8223,69dee4df48af7e92ec1b4d1d18c441457dca7ddf,8223,69dee4df48af7e92ec1b4d1d18c441457dca7ddf,False
src/components/nexus/dashboard-content.tsx,src,source_or_script,P4_low_signal,live_matches_current_index_not_snapshot,different_from_current_index,a0035c70a79ef634ad286ed04e004c24f5c6ed63,106818,849c624886aa98122231af617a7d6a821c4fdb9f,106818,849c624886aa98122231af617a7d6a821c4fdb9f,False
src/components/nexus/dashboard-shell.tsx,src,source_or_script,P4_low_signal,live_matches_current_index_not_snapshot,different_from_current_index,c48a470efe939c2514d7e15cc13bc6f4f7ffcd1b,1866,03d57e210d3444d7c870210fd0307f6772f55dde,1866,03d57e210d3444d7c870210fd0307f6772f55dde,False
src/components/nexus/dashboards/ai-builder.tsx,src,source_or_script,P4_low_signal,live_matches_current_index_not_snapshot,different_from_current_index,bce6ece72e2df41a97cd0cfcb6270d5aab802ea0,5783,2413b41f3bf2d5c1df8ea18fc3a12dc9d856c1eb,5783,2413b41f3bf2d5c1df8ea18fc3a12dc9d856c1eb,False
src/components/nexus/dashboards/dashboard-editor.tsx,src,source_or_script,P4_low_signal,live_matches_current_index_not_snapshot,different_from_current_index,a6164eec792fb642c483f693f1427bbc236d302f,16527,cc63725049932628d36db8776e34cc104046b16a,16527,cc63725049932628d36db8776e34cc104046b16a,False
src/components/nexus/dashboards/dashboard-list.tsx,src,source_or_script,P4_low_signal,live_matches_current_index_not_snapshot,different_from_current_index,3a8783d2e18d4da61a646ed6593ccfdcb073ef00,18384,4abe0ad9b01e97899cc062d15748fc5a5d7b6886,18384,4abe0ad9b01e97899cc062d15748fc5a5d7b6886,False
src/components/nexus/dashboards/presence-indicator.tsx,src,source_or_script,P4_low_signal,live_matches_current_index_not_snapshot,different_from_current_index,5bd228a999e7f94d28099556f342030df20509ce,2957,02c0d8f174debdca7b6ecab9e8c8757137e7fbe2,2957,02c0d8f174debdca7b6ecab9e8c8757137e7fbe2,False
src/components/nexus/dashboards/share-dialog.tsx,src,source_or_script,P4_low_signal,live_matches_current_index_not_snapshot,different_from_current_index,505b54ef1f1bd289a9135c55316fc5c0b96579be,9481,72d3a2df7a1aae3f666cbbb962b58d660fbdb26b,9481,72d3a2df7a1aae3f666cbbb962b58d660fbdb26b,False
src/components/nexus/dashboards/types.ts,src,source_or_script,P4_low_signal,live_matches_current_index_not_snapshot,different_from_current_index,cd56bbc8d40028cf14db1cfe2be3654fdc2b28f6,1572,4a6d9e0db7b2c085eb13abaa798cc1246949e825,1572,4a6d9e0db7b2c085eb13abaa798cc1246949e825,False
src/components/nexus/dashboards/widget-catalog.ts,src,source_or_script,P4_low_signal,live_matches_current_index_not_snapshot,different_from_current_index,0ba2a6ba55355bda13db0bc98681fab16b09837b,7160,667b5d1f8ac46152c57a44a05adb5f354112545b,7160,667b5d1f8ac46152c57a44a05adb5f354112545b,False
src/components/nexus/dashboards/widget-config-modal.tsx,src,source_or_script,P4_low_signal,live_matches_current_index_not_snapshot,different_from_current_index,ee7a56e035bc3335b15be6f01d1645690f0e09ee,6086,ba954da29e08548dbe1d9c61f10959ed8a6df566,6086,ba954da29e08548dbe1d9c61f10959ed8a6df566,False
src/components/nexus/dashboards/widget-library.tsx,src,source_or_script,P4_low_signal,live_matches_current_index_not_snapshot,different_from_current_index,d8ad6d0f6157be63204ea0d5e691542aa7174a71,5413,faa1e1b2f772fea0c8d30e65db8255ec94f0bb33,5413,faa1e1b2f772fea0c8d30e65db8255ec94f0bb33,False
src/components/nexus/dashboards/widget-renderer.tsx,src,source_or_script,P4_low_signal,live_matches_current_index_not_snapshot,different_from_current_index,5c5f85ab4150fa0f4a13d5d300f8ec38924dcb0c,28371,c21bc82e7cae5ed18cb543e2bb951173b618bd73,28371,c21bc82e7cae5ed18cb543e2bb951173b618bd73,False
src/components/nexus/dashboards/widget.tsx,src,source_or_script,P4_low_signal,live_matches_current_index_not_snapshot,different_from_current_index,7a5d6eb6e3c550ac3f36f08010eb9be730316b83,10907,a40f93e2b66365bd382decb7cb3b974621a7e34a,10907,a40f93e2b66365bd382decb7cb3b974621a7e34a,False
src/components/nexus/data-source-badge.tsx,src,source_or_script,P4_low_signal,live_matches_current_index_not_snapshot,different_from_current_index,c6e5dd9c596f5180bd3c53ed0817cffb5d87e306,3269,190bd2d964c980b5605aa56e47d83937c2f1e9e9,3269,190bd2d964c980b5605aa56e47d83937c2f1e9e9,False
src/components/nexus/diagnostics-panel.tsx,src,source_or_script,P4_low_signal,live_matches_current_index_not_snapshot,different_from_current_index,17aa83d81166a2d7203a5542fc1c7b07d2b2ae3b,17070,c991457e3bd7e271dc951520e8beb6f8e8d6b85b,17070,c991457e3bd7e271dc951520e8beb6f8e8d6b85b,False
src/components/nexus/export-button.tsx,src,source_or_script,P4_low_signal,live_matches_current_index_not_snapshot,different_from_current_index,a20414844abf91d7a1ca71e8190cf8a2f245b248,5395,1d9d86ff98526ca695c1723ab39304e2358656dd,5395,1d9d86ff98526ca695c1723ab39304e2358656dd,False
src/components/nexus/footer.tsx,src,source_or_script,P4_low_signal,live_matches_current_index_not_snapshot,different_from_current_index,eb905e27189d532640e272046550cc8038bcecf6,7078,fb00c6b4d92a1b3c1d3dd86753ce978f62eeb634,7078,fb00c6b4d92a1b3c1d3dd86753ce978f62eeb634,False
src/components/nexus/global-export-dialog.tsx,src,source_or_script,P4_low_signal,live_matches_current_index_not_snapshot,different_from_current_index,34147feeeb1b57b516c0758420b8ef759cd5d1d3,21900,a0d465197555bb2bf9b7aecfae0004b72d9f5c8f,21900,a0d465197555bb2bf9b7aecfae0004b72d9f5c8f,False
src/components/nexus/header.tsx,src,source_or_script,P4_low_signal,live_matches_current_index_not_snapshot,different_from_current_index,dae2b89cb8ea6910719ae45e80f1e16ca3f3c475,14211,1374efba8ca61d3557f13cccfec20fb5466501ec,14211,1374efba8ca61d3557f13cccfec20fb5466501ec,False
src/components/nexus/keyboard-shortcuts.tsx,src,source_or_script,P4_low_signal,live_matches_current_index_not_snapshot,different_from_current_index,0f7f0cd9b5c14886e7953b4b6282c79d3b5cea30,5645,bbe78fc32359e225514a4256de81809606baa51f,5645,bbe78fc32359e225514a4256de81809606baa51f,False
src/components/nexus/live-ticker.tsx,src,source_or_script,P4_low_signal,live_matches_current_index_not_snapshot,different_from_current_index,4ac78892668bcd3fe271864987e3fb6e4ff27b61,6924,5fe2b3d0ecb617a4720237f44dc601cbc6dd28d5,6924,5fe2b3d0ecb617a4720237f44dc601cbc6dd28d5,False
src/components/nexus/mcp/analytics-panel.tsx,src,source_or_script,P4_low_signal,live_matches_current_index_not_snapshot,different_from_current_index,2047c7bc4182b769915388920cd466a76cb535bb,10407,43ac89fa82e1476a263b03a54e695ecbd1660c29,10407,43ac89fa82e1476a263b03a54e695ecbd1660c29,False
src/components/nexus/mcp/connections-panel.tsx,src,source_or_script,P4_low_signal,live_matches_current_index_not_snapshot,different_from_current_index,e719deeb0f8491b65ad371f35e3b8bec72707736,18235,c688ad772b86f2022ac3b62b6615c0e3c1974953,18235,c688ad772b86f2022ac3b62b6615c0e3c1974953,False
src/components/nexus/mcp/event-stream-panel.tsx,src,source_or_script,P4_low_signal,live_matches_current_index_not_snapshot,different_from_current_index,f83438e96d0f781a50b8636e087713d4ac4a5472,10482,830d24d5a3bef8f071748aac176032bd120d3330,10482,830d24d5a3bef8f071748aac176032bd120d3330,False
src/components/nexus/mcp/settings-panel.tsx,src,source_or_script,P4_low_signal,live_matches_current_index_not_snapshot,different_from_current_index,c6a5d004c0434894e473e9a885a6f094faad621c,9704,a9641e847bd08c498a0c8ed139e0439ddb1f6b6e,9704,a9641e847bd08c498a0c8ed139e0439ddb1f6b6e,False
src/components/nexus/notification-center.tsx,src,source_or_script,P4_low_signal,live_matches_current_index_not_snapshot,different_from_current_index,b8a9e7683da00a3ebeaa1fa79e1e023335eb9aa9,12704,236f0b6078564840921ed26cb92c7bd5654a52ec,12704,236f0b6078564840921ed26cb92c7bd5654a52ec,False
src/components/nexus/posthog-provider.tsx,src,source_or_script,P4_low_signal,live_matches_current_index_not_snapshot,different_from_current_index,687d9c0d4ff1584d95b045362c9a8bb66c3eb87a,1684,3ec602d20a64b47b72d38d0fb11935086c8855c4,1684,3ec602d20a64b47b72d38d0fb11935086c8855c4,False
src/components/nexus/quick-stats-widget.tsx,src,source_or_script,P4_low_signal,live_matches_current_index_not_snapshot,different_from_current_index,616d5b51d8ee5e883184e9d8890ae631b10c457f,5013,bde6c3fc33e8a12f0ceab5c2632dba22d507a47e,5013,bde6c3fc33e8a12f0ceab5c2632dba22d507a47e,False
src/components/nexus/security-posture.tsx,src,source_or_script,P4_low_signal,live_matches_current_index_not_snapshot,different_from_current_index,2f6074aba2e08b31db067651e782b1198b0e8c38,20563,b3a4590b1d7bc89ab968567403d93dc318158870,20563,b3a4590b1d7bc89ab968567403d93dc318158870,False
<redacted-sensitive-path:.tsx>,src,sensitive_path,P0_sensitive_hold,live_matches_current_index_not_snapshot,different_from_current_index,cea63baf1b4886d3a6f719c42adaa170e2e15f68,5983,c532332740db04aadf56b66a91ed8407d090c13c,5983,c532332740db04aadf56b66a91ed8407d090c13c,True
src/components/nexus/settings-panel.tsx,src,source_or_script,P4_low_signal,live_matches_current_index_not_snapshot,different_from_current_index,e03461d1877f28558b1510024402fbc430188361,12412,2377eae49d0a1355b9fbf02317bc201b047d2899,12412,2377eae49d0a1355b9fbf02317bc201b047d2899,False
src/components/nexus/sidebar.tsx,src,source_or_script,P4_low_signal,live_matches_current_index_not_snapshot,different_from_current_index,92b294e1b9cff8ed71a19e42bf7645a0cbb46a73,9218,e4e15a346ffe99de32f24c9f1e9f61ee9d7d5150,9218,e4e15a346ffe99de32f24c9f1e9f61ee9d7d5150,False
src/components/nexus/system-architecture.tsx,src,source_or_script,P4_low_signal,live_matches_current_index_not_snapshot,different_from_current_index,244cdee052b20bb0986d0b405341ae052e8ddfb0,15583,7efa2cc363ad252debd8e9077a6d414d0f999551,15583,7efa2cc363ad252debd8e9077a6d414d0f999551,False
src/components/nexus/system-logs.tsx,src,source_or_script,P4_low_signal,live_matches_current_index_not_snapshot,different_from_current_index,60c278a2947f21744cef715a4e0e0ae1c38eebb9,16396,ee2c8e8b1b78c4953ec591bd35656683e4d8b325,16396,ee2c8e8b1b78c4953ec591bd35656683e4d8b325,False
src/components/nexus/system-terminal.tsx,src,source_or_script,P4_low_signal,live_matches_current_index_not_snapshot,different_from_current_index,4eae0987670ea3f192ffe96c6f6f66530cb83f83,28573,9e6839330a5bc8736ed673ea4f027579440c8fda,28573,9e6839330a5bc8736ed673ea4f027579440c8fda,False
src/components/nexus/tab-content.tsx,src,source_or_script,P4_low_signal,live_matches_current_index_not_snapshot,different_from_current_index,1b157ad565dc880d4e18466f2ca23c4224aec611,2424,627e95525013c2efb7e7c433e6ae04f57e2181f0,2424,627e95525013c2efb7e7c433e6ae04f57e2181f0,False
src/components/nexus/tab-error-boundary.tsx,src,source_or_script,P4_low_signal,live_matches_current_index_not_snapshot,different_from_current_index,1cd42391005c5a3d9896d2c062ffe51d930024ec,3735,691eb9a05d243898805fbf0205bab3804868182c,3735,691eb9a05d243898805fbf0205bab3804868182c,False
src/components/nexus/tabs/ai-chat-tab.tsx,src,source_or_script,P4_low_signal,live_matches_current_index_not_snapshot,different_from_current_index,689b19c53fd0d778d7c49c2a3ef88cdb53fcc813,34292,d5b5715cde8c6a611a297bc8a12e1f9f2ac4e417,34292,d5b5715cde8c6a611a297bc8a12e1f9f2ac4e417,False
src/components/nexus/tabs/architecture-tab.tsx,src,source_or_script,P4_low_signal,live_matches_current_index_not_snapshot,different_from_current_index,15cae8d57a610ec20028369259bb057f0c57dd56,36396,f25e9906a6d976859e2ef6feabe624045ab52ed3,36396,f25e9906a6d976859e2ef6feabe624045ab52ed3,False
src/components/nexus/tabs/archivist-tab.tsx,src,source_or_script,P4_low_signal,live_matches_current_index_not_snapshot,different_from_current_index,826bba93dd4ee33a8271633e6340407026cf6169,42514,ee11953e84da9312a85124dc6629708dce7da194,42514,ee11953e84da9312a85124dc6629708dce7da194,False
src/components/nexus/tabs/config-tab.tsx,src,source_or_script,P4_low_signal,live_matches_current_index_not_snapshot,different_from_current_index,9af36aebc9bb38e3be5f6831e306228c31b0705c,17843,ce2b67cf1ec33a4e122355bf88e812808a576b3c,17843,ce2b67cf1ec33a4e122355bf88e812808a576b3c,False
src/components/nexus/tabs/dashboards-tab.tsx,src,source_or_script,P4_low_signal,live_matches_current_index_not_snapshot,different_from_current_index,2c6943cda03b368b08882d9624239850e894223d,1313,7a68b2b7872773018fac094d59d20a4d8feef857,1313,7a68b2b7872773018fac094d59d20a4d8feef857,False
src/components/nexus/tabs/github-tab.tsx,src,source_or_script,P4_low_signal,live_matches_current_index_not_snapshot,different_from_current_index,a3203ee668bc4905609c5f0a24ce6ba596ddb828,40927,874d804f90a8514c45bc57c128a15a748c335308,40927,874d804f90a8514c45bc57c128a15a748c335308,False
src/components/nexus/tabs/gmr-tab.tsx,src,source_or_script,P4_low_signal,live_matches_current_index_not_snapshot,different_from_current_index,2d20020b908aa5b037db3e89076cd0b2dde6a67e,112654,2fd8cf7d24b8ca343e4df6cb388c5be1bff19699,112654,2fd8cf7d24b8ca343e4df6cb388c5be1bff19699,False
src/components/nexus/tabs/governance-audit-panel.tsx,src,source_or_script,P4_low_signal,live_matches_current_index_not_snapshot,different_from_current_index,84a2eda20ca38b40917cee706402a5c752d7fe63,24327,6891a97ade51d37c1110a60d58dab9b322716f9d,24327,6891a97ade51d37c1110a60d58dab9b322716f9d,False
src/components/nexus/tabs/governor-tab.tsx,src,source_or_script,P4_low_signal,live_matches_current_index_not_snapshot,different_from_current_index,ab6689670ca494ea7121f76f07b87de46f13702d,100104,50de4cd60ce6a85c0f614e46804383c8c11273c1,100104,50de4cd60ce6a85c0f614e46804383c8c11273c1,False
src/components/nexus/tabs/kpi-tab.tsx,src,source_or_script,P4_low_signal,live_matches_current_index_not_snapshot,different_from_current_index,03491a146b36b1f81b616ddee465376393d500ed,47117,e30977d3762887853329f46862e7babd8133bbcf,47117,e30977d3762887853329f46862e7babd8133bbcf,False
src/components/nexus/tabs/mcp-hub-tab.tsx,src,source_or_script,P4_low_signal,live_matches_current_index_not_snapshot,different_from_current_index,23a905e694a6ba5cb0fd6ca0b14fe8e8125760e5,3891,815740ff06bb36e7f8cde98851d30c0f2107dc9c,3891,815740ff06bb36e7f8cde98851d30c0f2107dc9c,False
src/components/nexus/tabs/modelrelay-tab.tsx,src,source_or_script,P4_low_signal,live_matches_current_index_not_snapshot,different_from_current_index,cd237e9f6cbc83eb1b93ee03366d4e8646c03f4e,42816,1e0250c896acd8f9a5889e45fbccadc063bbb640,42816,1e0250c896acd8f9a5889e45fbccadc063bbb640,False
src/components/nexus/tabs/openshell-tab.tsx,src,source_or_script,P4_low_signal,live_matches_current_index_not_snapshot,different_from_current_index,3305251fbd6905ecb60b9fb318d8c466dedc459e,43033,b98e76fbf38c10988772b93cbc4b79b5eea0ed37,43033,b98e76fbf38c10988772b93cbc4b79b5eea0ed37,False
src/components/nexus/tabs/overview-tab.tsx,src,source_or_script,P4_low_signal,live_matches_current_index_not_snapshot,different_from_current_index,a5081eb780744ff5531e9d761ff91e9b20fcbf84,29553,10b70db1abb8a53ac2687f5f817c21fce506e201,29553,10b70db1abb8a53ac2687f5f817c21fce506e201,False
src/components/nexus/tabs/provider-tab.tsx,src,source_or_script,P4_low_signal,live_matches_current_index_not_snapshot,different_from_current_index,be9ffbd4646ade3868484fd42b0af95ba74b2f83,92461,ce38c250d37838addd23941a6bf6f5fabe009daa,92461,ce38c250d37838addd23941a6bf6f5fabe009daa,False
src/components/nexus/tabs/rate-limit-tab.tsx,src,source_or_script,P4_low_signal,live_matches_current_index_not_snapshot,different_from_current_index,77a54f984a29448561ef31a4378918f9f67ad816,33034,51ac790fb1ee09b95bcd4d9fe49b9b235ac3b68f,33034,51ac790fb1ee09b95bcd4d9fe49b9b235ac3b68f,False
src/components/nexus/tabs/research-tab.tsx,src,source_or_script,P4_low_signal,live_matches_current_index_not_snapshot,different_from_current_index,a209a8f379fc975e5023fa8d661a97d194549e06,91304,49e038e34a9d76aa8bc98bd69be9b93b87e69eaf,91304,49e038e34a9d76aa8bc98bd69be9b93b87e69eaf,False
src/components/nexus/tabs/settings-tab.tsx,src,source_or_script,P4_low_signal,live_matches_current_index_not_snapshot,different_from_current_index,5461268f5908b3b33c852f526bb5958f3125703f,45345,2b66610a90b5256b09421279793b91486cb2603b,45345,2b66610a90b5256b09421279793b91486cb2603b,False
src/components/nexus/tabs/stresslab-tab.tsx,src,source_or_script,P4_low_signal,live_matches_current_index_not_snapshot,different_from_current_index,0e7a6193cb90b22c4ba48ac8a4b8961abe66a96d,112002,0a2d9346977fdd28c0829391c70cac6c559de07c,112002,0a2d9346977fdd28c0829391c70cac6c559de07c,False
src/components/nexus/tabs/swarm-tab.tsx,src,source_or_script,P4_low_signal,live_matches_current_index_not_snapshot,different_from_current_index,b8f06930b561bb6e57259a875288a441209b79d2,104983,93b4ac76c7653948f2aedec745249240364225be,104983,93b4ac76c7653948f2aedec745249240364225be,False
src/components/nexus/tabs/tasks-tab.tsx,src,source_or_script,P4_low_signal,live_matches_current_index_not_snapshot,different_from_current_index,4951f4fdf6feec1c97bcd0206dcb0b1bd2e7aba1,41530,d76d5d47b154efab2e1c6a062df37eedbd194312,41530,d76d5d47b154efab2e1c6a062df37eedbd194312,False
<redacted-sensitive-path:.tsx>,src,sensitive_path,P0_sensitive_hold,live_matches_current_index_not_snapshot,different_from_current_index,ee3a815c77bad7ad89b715497131a2089fcae041,22984,dfd8becd8656f25f2148ca8fac192d0b2d57e056,22984,dfd8becd8656f25f2148ca8fac192d0b2d57e056,True
<redacted-sensitive-path:.tsx>,src,sensitive_path,P0_sensitive_hold,live_matches_current_index_not_snapshot,different_from_current_index,c1e5d264d5649152fd80392e4e32c5f0f63758dc,64694,0e7beffd9bdb18c7aa5828d621962d88e1176912,64694,0e7beffd9bdb18c7aa5828d621962d88e1176912,True
src/components/nexus/tabs/vap-chain-tab.tsx,src,source_or_script,P4_low_signal,live_matches_current_index_not_snapshot,different_from_current_index,ba8df9987acb37c7b93b463e06f7919de6e08516,43096,6ffc159fd58e2f115f324a12604478e9d575df83,43096,6ffc159fd58e2f115f324a12604478e9d575df83,False
src/components/nexus/tabs/vap-tab.tsx,src,source_or_script,P4_low_signal,live_matches_current_index_not_snapshot,different_from_current_index,1297514e621a3c7797c2a3d5cc98bf8dccfa501e,53183,d105bb71ca8baf7d9d971872617fd0c0588bec95,53183,d105bb71ca8baf7d9d971872617fd0c0588bec95,False
<redacted-sensitive-path:.tsx>,src,sensitive_path,P0_sensitive_hold,live_matches_current_index_not_snapshot,different_from_current_index,3fc7f1cac1a2528295ae3ff78c2d37760ffce892,56460,d00ab6adae8afef0a2778dc90848433f0bfce92d,56460,d00ab6adae8afef0a2778dc90848433f0bfce92d,True
src/components/nexus/toast-provider.tsx,src,source_or_script,P4_low_signal,live_matches_current_index_not_snapshot,different_from_current_index,115dbfba2bf5549fc6be112b58520f1a830f3dae,1792,6e4f2740dada9cdecfef48e3c4be96c50342b064,1792,6e4f2740dada9cdecfef48e3c4be96c50342b064,False
src/components/sign-up-form.tsx,src,source_or_script,P4_low_signal,live_matches_current_index_not_snapshot,different_from_current_index,e14a52fdc01194f6aea447a004243bbe8a70f524,3901,e7e0b523cc16f80a8127e57677b49b7d5209ef87,3901,e7e0b523cc16f80a8127e57677b49b7d5209ef87,False
src/components/ui/accordion.tsx,src,source_or_script,P4_low_signal,live_matches_current_index_not_snapshot,different_from_current_index,dedfccaa0bb5fe7b2181a4bef41c784445b18df7,2119,4a8cca46b9c10394f5710a35892b36407ee70fc4,2119,4a8cca46b9c10394f5710a35892b36407ee70fc4,False
src/components/ui/alert-dialog.tsx,src,source_or_script,P4_low_signal,live_matches_current_index_not_snapshot,different_from_current_index,b9ff2a1640b7a393d7254eb74c78ad3515d481f1,4021,0863e40d92fe36ed1dd34d3a555f4947eff03af4,4021,0863e40d92fe36ed1dd34d3a555f4947eff03af4,False
src/components/ui/alert.tsx,src,source_or_script,P4_low_signal,live_matches_current_index_not_snapshot,different_from_current_index,0bb2b31dfc2c0d353e3d2f887262cb02636354c5,1680,14213546e5ac051dd33c8359f261f9f76051d66f,1680,14213546e5ac051dd33c8359f261f9f76051d66f,False
src/components/ui/aspect-ratio.tsx,src,source_or_script,P4_low_signal,live_matches_current_index_not_snapshot,different_from_current_index,d3d04e01c734cd837eaf26b132ae70f5f7942e7c,291,3df3fd02a6a30b60b6e1474664065b0d3437bf48,291,3df3fd02a6a30b60b6e1474664065b0d3437bf48,False
src/components/ui/avatar.tsx,src,source_or_script,P4_low_signal,live_matches_current_index_not_snapshot,different_from_current_index,b5f5f6b3eb3521e9b9cfc0200e4674a7437a0abb,1150,71e428b4ca6154811e8f569d5fdd971ead095996,1150,71e428b4ca6154811e8f569d5fdd971ead095996,False
src/components/ui/badge.tsx,src,source_or_script,P4_low_signal,live_matches_current_index_not_snapshot,different_from_current_index,9fc5a17d6f30fdb83ccddb130c699a589d5bf261,1677,02054139a9a72f2ce2c4defd14861b4129312950,1677,02054139a9a72f2ce2c4defd14861b4129312950,False
src/components/ui/breadcrumb.tsx,src,source_or_script,P4_low_signal,live_matches_current_index_not_snapshot,different_from_current_index,531fbc439b02277826f3bb7e5bbe1e13b68c3b45,2466,eb88f32122082ae2dac61dd033939459215347f4,2466,eb88f32122082ae2dac61dd033939459215347f4,False
src/components/ui/button.tsx,src,source_or_script,P4_low_signal,live_matches_current_index_not_snapshot,different_from_current_index,5744d137ea0417295b729779d976c32bf9d62fef,2182,a2df8dce675fed0712d021fa45245289ecd26c88,2182,a2df8dce675fed0712d021fa45245289ecd26c88,False
src/components/ui/calendar.tsx,src,source_or_script,P4_low_signal,live_matches_current_index_not_snapshot,different_from_current_index,c9c4763558aa7b308ddc6d9529d18d942970b61c,7873,4d7c46afb52b047267c94d60b1a16ed5d3d2400b,7873,4d7c46afb52b047267c94d60b1a16ed5d3d2400b,False
src/components/ui/card.tsx,src,source_or_script,P4_low_signal,live_matches_current_index_not_snapshot,different_from_current_index,3bf0d86f14cf106faae26f25f551908c00076df4,2081,d05bbc6c74cd8dbc699562cef917bb4267865aed,2081,d05bbc6c74cd8dbc699562cef917bb4267865aed,False
src/components/ui/carousel.tsx,src,source_or_script,P4_low_signal,live_matches_current_index_not_snapshot,different_from_current_index,06d94e6739bd538c5b98ee04e34c79e5352a1eda,5797,0e05a77ea155fde6af5d9a4848b1d3953df6ea5a,5797,0e05a77ea155fde6af5d9a4848b1d3953df6ea5a,False
src/components/ui/chart.tsx,src,source_or_script,P4_low_signal,live_matches_current_index_not_snapshot,different_from_current_index,35bf61afd426f799795c70ee7333a95efe87b77a,10134,97cc2807f6d74ca79a5dc61f76c7796d9de19930,10134,97cc2807f6d74ca79a5dc61f76c7796d9de19930,False
src/components/ui/checkbox.tsx,src,source_or_script,P4_low_signal,live_matches_current_index_not_snapshot,different_from_current_index,388170c769172d50a1942b2cb86aee7a8431ca4d,1258,fa0e4b59fa859bf5bdf1f3f4d24f1e71926f481f,1258,fa0e4b59fa859bf5bdf1f3f4d24f1e71926f481f,False
src/components/ui/collapsible.tsx,src,source_or_script,P4_low_signal,live_matches_current_index_not_snapshot,different_from_current_index,f0cd254f09736f70202c636d729e2a6b82552e48,833,ae9fad04a3716b5d6f6c957b75841737eb8ed7a8,833,ae9fad04a3716b5d6f6c957b75841737eb8ed7a8,False
src/components/ui/command.tsx,src,source_or_script,P4_low_signal,live_matches_current_index_not_snapshot,different_from_current_index,b8ddd7f6e4a9e3b61dbbf971a230ca711f06d8bf,5002,8cb4ca7a583da481866f41692bb50ba7cfba709d,5002,8cb4ca7a583da481866f41692bb50ba7cfba709d,False
src/components/ui/context-menu.tsx,src,source_or_script,P4_low_signal,live_matches_current_index_not_snapshot,different_from_current_index,e211ebde4cc05c2ebbb3ec28a46cb4349993d681,8474,e29ad05f96a328c7c6eca4641e550ff748805fa0,8474,e29ad05f96a328c7c6eca4641e550ff748805fa0,False
src/components/ui/dialog.tsx,src,source_or_script,P4_low_signal,live_matches_current_index_not_snapshot,different_from_current_index,e0bdeda337884e7e77c624334bf4037ad0738391,4125,d9ccec91d22fab844bd04340c2b07e8677955350,4125,d9ccec91d22fab844bd04340c2b07e8677955350,False
src/components/ui/drawer.tsx,src,source_or_script,P4_low_signal,live_matches_current_index_not_snapshot,different_from_current_index,4f26c222e6aebf242957b83c7a736980eaa26c3f,4390,8aa69230a087be1fb8efe2067d1cf793de87acd4,4390,8aa69230a087be1fb8efe2067d1cf793de87acd4,False
src/components/ui/dropdown-menu.tsx,src,source_or_script,P4_low_signal,live_matches_current_index_not_snapshot,different_from_current_index,ee6692323939c665ea2d5329a20a7f6a4f0edd4d,8541,ec51e9cc9f824a0b067d4a66a37caa63bbdce5f5,8541,ec51e9cc9f824a0b067d4a66a37caa63bbdce5f5,False
src/components/ui/form.tsx,src,source_or_script,P4_low_signal,live_matches_current_index_not_snapshot,different_from_current_index,0bc690f80aad4372d7acc000b75bc9938dc3e240,3926,524b986b3ceea3e50204597e5ad38d04f93ffb5d,3926,524b986b3ceea3e50204597e5ad38d04f93ffb5d,False
src/components/ui/hover-card.tsx,src,source_or_script,P4_low_signal,live_matches_current_index_not_snapshot,different_from_current_index,342c4a06ae4b86a825db74f93c376d0b2f0c2caa,1576,e7541864c7dee7bf024ad96e7b6d0234e0b49f8b,1576,e7541864c7dee7bf024ad96e7b6d0234e0b49f8b,False
src/components/ui/input-otp.tsx,src,source_or_script,P4_low_signal,live_matches_current_index_not_snapshot,different_from_current_index,17d4160159533afd9826b9a36057c0fde56c7e08,2331,614f70e383bf47886ddb3d71581ccd27c8b5739d,2331,614f70e383bf47886ddb3d71581ccd27c8b5739d,False
src/components/ui/input.tsx,src,source_or_script,P4_low_signal,live_matches_current_index_not_snapshot,different_from_current_index,008e66c99deb1f5887aad503e6b3d4cc051ef487,988,03295ca6ac617de95b78b09e5e3a6de897a204f0,988,03295ca6ac617de95b78b09e5e3a6de897a204f0,False
src/components/ui/label.tsx,src,source_or_script,P4_low_signal,live_matches_current_index_not_snapshot,different_from_current_index,725f32d69c7aa7f7871c97d115ec96964adcd959,635,fb5fbc3eee891a5c118bb00fd153273c16959c9e,635,fb5fbc3eee891a5c118bb00fd153273c16959c9e,False
src/components/ui/menubar.tsx,src,source_or_script,P4_low_signal,live_matches_current_index_not_snapshot,different_from_current_index,cf5ff095a88544745e3d4984c219b3e88100f989,8670,8480f0aac115338b73311343a80062c77476bf2f,8670,8480f0aac115338b73311343a80062c77476bf2f,False
src/components/ui/navigation-menu.tsx,src,source_or_script,P4_low_signal,live_matches_current_index_not_snapshot,different_from_current_index,7df97e6ed1e8fc4850cec6161220b9d98c9b86f6,6832,1199945c49485cc3fb9f86c0372ac550fe01cce5,6832,1199945c49485cc3fb9f86c0372ac550fe01cce5,False
src/components/ui/pagination.tsx,src,source_or_script,P4_low_signal,live_matches_current_index_not_snapshot,different_from_current_index,fe2a1c5cb27eb65610fd70a68a574e53c12f420d,2839,0d185410e7bbf2a1326d7af4b55f1b4b8e14d16a,2839,0d185410e7bbf2a1326d7af4b55f1b4b8e14d16a,False
src/components/ui/popover.tsx,src,source_or_script,P4_low_signal,live_matches_current_index_not_snapshot,different_from_current_index,310fcbf900f2d44013730c5050181227f425ca88,1683,01e468b6783992d04775aa52376221b8fa4b0f95,1683,01e468b6783992d04775aa52376221b8fa4b0f95,False
src/components/ui/progress.tsx,src,source_or_script,P4_low_signal,live_matches_current_index_not_snapshot,different_from_current_index,c5863afc99f665c328351f013ff52b5c87d600ce,771,e7a416c375109c29e844f0ecee7e0645a03ec301,771,e7a416c375109c29e844f0ecee7e0645a03ec301,False
src/components/ui/radio-group.tsx,src,source_or_script,P4_low_signal,live_matches_current_index_not_snapshot,different_from_current_index,7737ce609b7df8985c2b35407ed14f0da0e77f71,1511,5e6778cb48d88b52f09ef333e1dd5df7c30f72d2,1511,5e6778cb48d88b52f09ef333e1dd5df7c30f72d2,False
src/components/ui/resizable.tsx,src,source_or_script,P4_low_signal,live_matches_current_index_not_snapshot,different_from_current_index,2df413d91098345b705cdb56d5c4c8dea9be4df8,2084,12bbd0b8b04e6ec83bde5b9fa8a3e29a166581da,2084,12bbd0b8b04e6ec83bde5b9fa8a3e29a166581da,False
src/components/ui/scroll-area.tsx,src,source_or_script,P4_low_signal,live_matches_current_index_not_snapshot,different_from_current_index,748b0fa15f4656a688b9860ede1ffd2eab538ee8,1703,8e4fa13f668a62de3a4b8eaebf23eba1b0421e7d,1703,8e4fa13f668a62de3a4b8eaebf23eba1b0421e7d,False
src/components/ui/select.tsx,src,source_or_script,P4_low_signal,live_matches_current_index_not_snapshot,different_from_current_index,f87ed260d30d2838368a959f519b8ca40e027bec,6438,dcbbc0ca0c781dfa6d2fe4ee6f1c9c2cad905a9b,6438,dcbbc0ca0c781dfa6d2fe4ee6f1c9c2cad905a9b,False
src/components/ui/separator.tsx,src,source_or_script,P4_low_signal,live_matches_current_index_not_snapshot,different_from_current_index,54738c038372007800dcf5ec0ea39bf2c04b1720,727,275381cab0adbc778ea634e7c46fbf80db821bf3,727,275381cab0adbc778ea634e7c46fbf80db821bf3,False
src/components/ui/sheet.tsx,src,source_or_script,P4_low_signal,live_matches_current_index_not_snapshot,different_from_current_index,8238b75bb9e0cc7ebed4a3e00d9e47e51fc23c03,4229,84649ad0ffd80bdd74dac8bcced074cf63e43233,4229,84649ad0ffd80bdd74dac8bcced074cf63e43233,False
src/components/ui/sidebar.tsx,src,source_or_script,P4_low_signal,live_matches_current_index_not_snapshot,different_from_current_index,38ba4cea20932188168abbc2d18da62c59e758ec,22359,1ee5a457ea2b67b750e93d6be8311c7645a5cc6f,22359,1ee5a457ea2b67b750e93d6be8311c7645a5cc6f,False
src/components/ui/skeleton.tsx,src,source_or_script,P4_low_signal,live_matches_current_index_not_snapshot,different_from_current_index,c2fb8d1bb002715831bd446c262208f91aa932f4,289,32ea0ef7fb4d4f7cb0affa7a3b329533b5f2af23,289,32ea0ef7fb4d4f7cb0affa7a3b329533b5f2af23,False
src/components/ui/slider.tsx,src,source_or_script,P4_low_signal,live_matches_current_index_not_snapshot,different_from_current_index,d772d00293f7d4b60d5ca48f804c6d37dc6f31e5,2064,09391e86b31eb47649e419a28b6ccf20e80aa4ef,2064,09391e86b31eb47649e419a28b6ccf20e80aa4ef,False
src/components/ui/sonner.tsx,src,source_or_script,P4_low_signal,live_matches_current_index_not_snapshot,different_from_current_index,f9aaef6d8bfce06b3fb8150ddf8b2df565b8ab78,616,c95bf50150ed64a6cff4a83a61b0f3737dc5e0e4,616,c95bf50150ed64a6cff4a83a61b0f3737dc5e0e4,False
src/components/ui/switch.tsx,src,source_or_script,P4_low_signal,live_matches_current_index_not_snapshot,different_from_current_index,37e4d6c7368692355f1ca26779c57a472f783ade,1208,6a2b5241d8c0b3df98dec769e9999df4978975bf,1208,6a2b5241d8c0b3df98dec769e9999df4978975bf,False
src/components/ui/table.tsx,src,source_or_script,P4_low_signal,live_matches_current_index_not_snapshot,different_from_current_index,c796d1b5b48374cf28caa1b378467f93f6528c8a,2564,51b74dd52570a0268d78870be270dd460cef41db,2564,51b74dd52570a0268d78870be270dd460cef41db,False
src/components/ui/tabs.tsx,src,source_or_script,P4_low_signal,live_matches_current_index_not_snapshot,different_from_current_index,10d9c789ef478d52b70bc01b490345bcdf93a77c,2035,497ba5ea34247f6843e0c58ccd7da61b7c8edb46,2035,497ba5ea34247f6843e0c58ccd7da61b7c8edb46,False
src/components/ui/textarea.tsx,src,source_or_script,P4_low_signal,live_matches_current_index_not_snapshot,different_from_current_index,6d460e722fcc644b804c6f1585fca28d80d43a0b,777,7f21b5e78a4c1c23bf41b6be206f3f81dc84fe99,777,7f21b5e78a4c1c23bf41b6be206f3f81dc84fe99,False
src/components/ui/toast.tsx,src,source_or_script,P4_low_signal,live_matches_current_index_not_snapshot,different_from_current_index,0d361ab4358321d6f3981d24392e105d208f7a08,4957,2d96b40eb11bd1eb26b659404f69e73a02fcfe78,4957,2d96b40eb11bd1eb26b659404f69e73a02fcfe78,False
src/components/ui/toaster.tsx,src,source_or_script,P4_low_signal,live_matches_current_index_not_snapshot,different_from_current_index,efbc9cf7e368615c336bbb0566847c19297d86bb,819,3f3c878962026b2912d1e3df67c3859fccaa6ad7,819,3f3c878962026b2912d1e3df67c3859fccaa6ad7,False
src/components/ui/toggle-group.tsx,src,source_or_script,P4_low_signal,live_matches_current_index_not_snapshot,different_from_current_index,265f0ac2eb68478edff4c5814e00ed1cb3f45634,1998,5eed401b6c9c19f7b6f88e90d3cbe38783ef198b,1998,5eed401b6c9c19f7b6f88e90d3cbe38783ef198b,False
src/components/ui/toggle.tsx,src,source_or_script,P4_low_signal,live_matches_current_index_not_snapshot,different_from_current_index,3c49ae31d08cc152c731b545158439b4293ec952,1617,94ec8f589b345a8c33b165463dfda393c7255967,1617,94ec8f589b345a8c33b165463dfda393c7255967,False
src/components/ui/tooltip.tsx,src,source_or_script,P4_low_signal,live_matches_current_index_not_snapshot,different_from_current_index,5c25dda20ef0c43b1ae5ef3cf37a746a3c2cdba3,1952,4ee26b38a595862a5a082013d564d1ccf8452a7c,1952,4ee26b38a595862a5a082013d564d1ccf8452a7c,False
src/components/update-password-form.tsx,src,source_or_script,P4_low_signal,live_matches_current_index_not_snapshot,different_from_current_index,02106cec46644d6124ac42392d671907342443ab,2502,b5f32a5f1f5e14bd4943150678d5254c427fa3f8,2502,b5f32a5f1f5e14bd4943150678d5254c427fa3f8,False
src/hooks/use-api-data.ts,src,source_or_script,P4_low_signal,live_matches_current_index_not_snapshot,different_from_current_index,1b9f2530640e32cb80a428bde89ee21f853b736b,2464,6fc51dd8dd386b794471cd8e9dbfbd2d2c7de0ee,2464,6fc51dd8dd386b794471cd8e9dbfbd2d2c7de0ee,False
src/hooks/use-media.ts,src,source_or_script,P4_low_signal,live_matches_current_index_not_snapshot,different_from_current_index,f5d0e73277694bce95bbd34ca16c8ba838f9a2ae,493,f4408bf30d2b9f282ef97906836fdd6dd555db4e,493,f4408bf30d2b9f282ef97906836fdd6dd555db4e,False
src/hooks/use-mobile.ts,src,source_or_script,P4_low_signal,live_matches_current_index_not_snapshot,different_from_current_index,1461fc059faf6a57e1ee789d8564781af45c0a10,584,2b0fe1dfef3b17850bbac040665f514a8ffd0f15,584,2b0fe1dfef3b17850bbac040665f514a8ffd0f15,False
src/hooks/use-mounted.ts,src,source_or_script,P4_low_signal,live_matches_current_index_not_snapshot,different_from_current_index,83cc0d0a5be0095652f8b87bab900e2348e310fe,473,dae6cde504e241a01e061decf8ad1da56433dfcf,473,dae6cde504e241a01e061decf8ad1da56433dfcf,False
src/hooks/use-swarm-ws.ts,src,source_or_script,P4_low_signal,live_matches_current_index_not_snapshot,different_from_current_index,f9478b5bfef2ddec76ff193055babf35f9ac1885,3901,1db504156dfac50a8105d59b4fb5bfec888935f0,3901,1db504156dfac50a8105d59b4fb5bfec888935f0,False
src/hooks/use-toast.ts,src,source_or_script,P4_low_signal,live_matches_current_index_not_snapshot,different_from_current_index,cffad34ad3345b113015eefc36865574544e2080,4110,b559959226c5b17b8a719d29a2cafe1ff5f935ef,4110,b559959226c5b17b8a719d29a2cafe1ff5f935ef,False
src/lib/ai-provider-bridge.ts,src,source_or_script,P4_low_signal,live_matches_current_index_not_snapshot,different_from_current_index,e7bdca8feec0ef9ba4e411df21d8dec6e9e00d1e,49077,d6ae938a1a31b6ca41766fd004de7f0ce3c0f2a6,49077,d6ae938a1a31b6ca41766fd004de7f0ce3c0f2a6,False
src/lib/api-cache.ts,src,source_or_script,P4_low_signal,live_matches_current_index_not_snapshot,different_from_current_index,d49b7ed7031dfd07eb357fa4d947fc7cf1f858ce,4128,48607af0e06b9396fa4a35b3c841da5603721efd,4128,48607af0e06b9396fa4a35b3c841da5603721efd,False
<redacted-sensitive-path:.ts>,src,sensitive_path,P0_sensitive_hold,live_matches_current_index_not_snapshot,different_from_current_index,2a665c3c338f0fcc0fcbed991df4658dec41c277,17019,5642ca8284ea5f82b876a821e0f55bcc25fbc944,17019,5642ca8284ea5f82b876a821e0f55bcc25fbc944,True
src/lib/client.ts,src,source_or_script,P4_low_signal,live_matches_current_index_not_snapshot,different_from_current_index,dbd0c72c16bd1779cd4152004d233fa7f2f33cc8,227,f5e764717620173a93e083f6965a9b88bb001575,227,f5e764717620173a93e083f6965a9b88bb001575,False
src/lib/dashboard-types.ts,src,source_or_script,P4_low_signal,live_matches_current_index_not_snapshot,different_from_current_index,81c6c13707ebb5c654d045474179ddb463f471e9,7281,ea095173a4f96f7ce9c3b1273526d3f976ec103a,7281,ea095173a4f96f7ce9c3b1273526d3f976ec103a,False
src/lib/db.ts,src,source_or_script,P4_low_signal,live_matches_current_index_not_snapshot,different_from_current_index,27bf871750ed08b3432c810802862dbc55860bf7,1807,248fc3d9a749bf49b093cc5dd8da35f85e4ca1ac,1807,248fc3d9a749bf49b093cc5dd8da35f85e4ca1ac,False
src/lib/dg/classification-engine.ts,src,source_or_script,P4_low_signal,live_matches_current_index_not_snapshot,different_from_current_index,367b0655c5aac72cccda648b442c2644b68f5cb9,19973,e95df026d573a7e734611b55626dafdbcbf17df8,19973,e95df026d573a7e734611b55626dafdbcbf17df8,False
src/lib/encryption.ts,src,source_or_script,P4_low_signal,live_matches_current_index_not_snapshot,different_from_current_index,1c79533fb100a32a853dc0b97c2a396ee46eb084,2332,4d30401f4b7beb99db27117b4f2782120cd22d35,2332,4d30401f4b7beb99db27117b4f2782120cd22d35,False
<redacted-sensitive-path:.ts>,src,sensitive_path,P0_sensitive_hold,live_matches_current_index_not_snapshot,different_from_current_index,595c1da6d33c596d401194146e2da265abb87f5b,4124,1caeb5375e0d3303bfddbe29168d3575f214017e,4124,1caeb5375e0d3303bfddbe29168d3575f214017e,True
src/lib/mcp-fetcher.ts,src,source_or_script,P4_low_signal,live_matches_current_index_not_snapshot,different_from_current_index,943d971a1db1571dfc653480b1d3fd7aaf9ecf0d,1883,fee49c9c35b395c88d687f53bcda9477f99a62a0,1883,fee49c9c35b395c88d687f53bcda9477f99a62a0,False
src/lib/mcp.ts,src,source_or_script,P4_low_signal,live_matches_current_index_not_snapshot,different_from_current_index,c318fe5277b0b4f277fe2b55377e5670dd367580,3277,e7a754b8076d3eeca23717c63094c4e95a51369c,3277,e7a754b8076d3eeca23717c63094c4e95a51369c,False
src/lib/middleware.ts,src,source_or_script,P4_low_signal,live_matches_current_index_not_snapshot,different_from_current_index,f492d95fcc1fb6bea1a16f0ab88e82f73ac59d07,1981,ad5e31f274218a9d85e0fdd71021de6711b54801,1981,ad5e31f274218a9d85e0fdd71021de6711b54801,False
src/lib/modelrelay/config.ts,src,source_or_script,P4_low_signal,live_matches_current_index_not_snapshot,different_from_current_index,c01e6f4e79166ac55b4290e4d0766d5a9a48592b,23571,a541b3f83c6d3cc688888c2d702602b502ec8c92,23571,a541b3f83c6d3cc688888c2d702602b502ec8c92,False
src/lib/modelrelay/gateway.ts,src,source_or_script,P4_low_signal,live_matches_current_index_not_snapshot,different_from_current_index,5219afc5cdafae29635875eea36bca4b078c1869,11464,efbc5058ef7b149b853f8bf897592b428d300077,11464,efbc5058ef7b149b853f8bf897592b428d300077,False
src/lib/rate-limiter.ts,src,source_or_script,P4_low_signal,live_matches_current_index_not_snapshot,different_from_current_index,cc8779d03f81894cfaee791f3353c74c79205663,23148,b07466f0229ab64276ddaf9cb00deee126635b4c,23148,b07466f0229ab64276ddaf9cb00deee126635b4c,False
src/lib/server.ts,src,source_or_script,P4_low_signal,live_matches_current_index_not_snapshot,different_from_current_index,60d20d4e01ed130089516361d1877649305ddba9,975,31d476ea056e7ea966104d26207ea54bd5a13e0f,975,31d476ea056e7ea966104d26207ea54bd5a13e0f,False
src/lib/utils.ts,src,source_or_script,P4_low_signal,live_matches_current_index_not_snapshot,different_from_current_index,2f00a256c299a07d69112cba03d9fe194313e00e,172,bd0c391ddd1088e9067844c48835bf4abcd61783,172,bd0c391ddd1088e9067844c48835bf4abcd61783,False
src/middleware.ts,src,source_or_script,P4_low_signal,live_matches_current_index_not_snapshot,different_from_current_index,109c626291dbbbc00cd4003c8a27f9055b4868cd,674,25097a75c78190f382361580a11894a1f1e13e69,674,25097a75c78190f382361580a11894a1f1e13e69,False
src/nexus_os/governor/__init__.py,src,source_or_script,P0_missing_code_review,missing_live,different_from_current_index,3335f2caa08fa56869312a1d695915855d03798b,505,,,21e22d2affe24659effad6fc4535004583a38387,False
src/nexus_os/governor/trust_kernel.py,src,source_or_script,P0_missing_code_review,missing_live,different_from_current_index,3dd630b831288bcca0376313e7f07f6f8585bbc6,24259,,,201b0e027cefcbf4467ce29b2587f3a6c09eda0c,False
src/nexus_os/governor/trust_scoring.py,src,source_or_script,P0_missing_code_review,missing_live,different_from_current_index,612ed1ae3a05da7ed0eecdf4de87830dbb4d5836,13433,,,5f26236af77a488ef4c9413787f766c58979a6fe,False
src/nexus_os/mcp/__init__.py,src,source_or_script,P0_missing_code_review,missing_live,different_from_current_index,c7794469fd1ecef5f83bd9991a2e7bc66da26167,113,,,65bfa4a9148d12ea0e37902a2a97a3d443d176cd,False
src/nexus_os/mcp/server.py,src,source_or_script,P0_missing_code_review,missing_live,different_from_current_index,8a370e0ef9cdc508e9856be46b7db0a7413b5935,131,,,2cc56d3a35e91c9b25260fc21c2a205397eb438b,False
src/nexus_os/monitoring/__init__.py,src,source_or_script,P0_missing_code_review,missing_live,same_as_current_index,5ec5fbe4d9655f2ff019ecc1a29d1014281517c5,114,,,5ec5fbe4d9655f2ff019ecc1a29d1014281517c5,False
src/nexus_os/monitoring/semantic_drift_monitor.py,src,source_or_script,P0_missing_code_review,missing_live,same_as_current_index,cd3b44b39b86e1fa76f3fbcbe29d5e9b9ea4025a,6177,,,cd3b44b39b86e1fa76f3fbcbe29d5e9b9ea4025a,False
<redacted-sensitive-path:.py>,src,sensitive_path,P0_sensitive_hold,missing_live,different_from_current_index,98f99c909fa3a1609637a499cc74c7994d5b3889,26273,,,4ae9d791cb3a88c3a18e8cfe724c109961835d30,True
<redacted-sensitive-path:.py>,src,sensitive_path,P0_sensitive_hold,missing_live,different_from_current_index,4e05c21f02236881b2f8e60508039819e2f736d3,17119,,,ec8b5c6ee141f5618545acd2ef7be5944a1f8936,True
src/nexus_os/security/__init__.py,src,source_or_script,P0_missing_code_review,missing_live,same_as_current_index,e1bc6c2c39b49741065d6f36be7006e4df4fe161,309,,,e1bc6c2c39b49741065d6f36be7006e4df4fe161,False
src/nexus_os/security/contamination_detector.py,src,source_or_script,P0_missing_code_review,missing_live,same_as_current_index,a481c717063256b582508e90cb5f7742850299f2,35702,,,a481c717063256b582508e90cb5f7742850299f2,False
src/nexus_os/security/meta_attack_detector.py,src,source_or_script,P0_missing_code_review,missing_live,different_from_current_index,f930366d39a7906810dd02717250e8381a2c2411,42481,,,4c0cc78bcced325676c0e07b155efd75e1e4623f,False
src/nexus_os/security/sanitizer.py,src,source_or_script,P0_missing_code_review,missing_live,different_from_current_index,f010f48da4dfdbd24d9bfdb43d6ab2ced0c5af9f,8940,,,4b06ca84d0e4f645462270338f8e48d69fe90613,False
src/nexus_os/security/shortcut_neuron_detector.py,src,source_or_script,P0_missing_code_review,missing_live,different_from_current_index,72bbd0728f60f3a9d5c55135192d6bf7fed73ff1,16114,,,cb3bead2101312a622ea5f3a60d3910d40d7c26b,False
src/nexus_os/stress_lab/__init__.py,src,source_or_script,P0_missing_code_review,missing_live,same_as_current_index,d216b5f2323b02d3c6380d6748ede8a516c71983,65,,,d216b5f2323b02d3c6380d6748ede8a516c71983,False
src/nexus_os/stress_lab/cloud_attack_bee_v2.py,src,source_or_script,P0_missing_code_review,missing_live,same_as_current_index,13325d279ef1c7a53fbebaec49982617e3142fda,15557,,,13325d279ef1c7a53fbebaec49982617e3142fda,False
src/nexus_os/stress_lab/cloud_report_bee.py,src,source_or_script,P0_missing_code_review,missing_live,same_as_current_index,288330bba64ae6b0e587d36563b954bcbf60bef8,11733,,,288330bba64ae6b0e587d36563b954bcbf60bef8,False
src/nexus_os/stress_lab/cloud_swarm_orchestrator.py,src,source_or_script,P0_missing_code_review,missing_live,same_as_current_index,25fd1ff76122d04b651bfe02a1094522d59b9e4c,21800,,,25fd1ff76122d04b651bfe02a1094522d59b9e4c,False
src/store/nexus-store.ts,src,source_or_script,P4_low_signal,live_matches_current_index_not_snapshot,different_from_current_index,38b29582c1341af03bcae132ae2d3fc70862f544,6931,936ec189c566df498855a9db3b343076dbf5d026,6931,936ec189c566df498855a9db3b343076dbf5d026,False
tasks/done/2026-05-27-governance-consolidation-activation.task.md,tasks,docs_or_research,P2_untracked_intake_review,live_differs_from_snapshot_untracked,not_tracked_current_index,63818d608e7f3327114ee010357e0e6e900ad795,1896,9e6dd1c318658c8b78dc92024b7065dbc0fa3f03,1896,,False
<redacted-sensitive-path:.md>,tasks,sensitive_path,P0_sensitive_hold,live_differs_from_snapshot_untracked,not_tracked_current_index,dc49aee6d4911cf85985f4271ed44222e7d25315,4033,cf893ac83fb56831d3e453fa2313cf4af38c2c3b,4033,,True
tasks/pending/2026-05-27-memory-unification-activation.task.md,tasks,docs_or_research,P1_missing_docs_review,missing_live,not_tracked_current_index,219a41ab81a34c941e4199d9a5303b2b5912bf51,1578,,,,False
tasks/pending/2026-05-27-research-governance-closed-loop.task.md,tasks,docs_or_research,P2_untracked_intake_review,live_differs_from_snapshot_untracked,not_tracked_current_index,cd18c9a1d7af064789a3a5357093a0977e7da6f3,4704,636272299315048aa8559043b9499e65781dea3f,4704,,False
tasks/pending/2026-06-02-nemoclaw-wsl2-adoption.task.md,tasks,docs_or_research,P2_untracked_intake_review,byte_identical_to_snapshot,not_tracked_current_index,f05966f509dc7dcd458ffc0d3a40c8b8314ced0d,9544,f05966f509dc7dcd458ffc0d3a40c8b8314ced0d,9544,,False
tasks/remediate_csv_row_bypass.md,tasks,docs_or_research,P2_untracked_intake_review,live_differs_from_snapshot_untracked,not_tracked_current_index,b0f765ef75838f1c6173c79367b67db952080a9d,2509,7ba2219fee993689b1480fd67f966d4d14902972,2509,,False
tasks/remediate_strict_echo_collapse.md,tasks,docs_or_research,P2_untracked_intake_review,live_differs_from_snapshot_untracked,not_tracked_current_index,ae045bfa6ca589c8fa23be0ff1fe89290e115f4f,2265,811107dff885188f89c08e4659f8011361bd64c9,2265,,False
tasks/templates/activation-lane.task.md,tasks,docs_or_research,P2_untracked_intake_review,live_differs_from_snapshot_untracked,not_tracked_current_index,07c37bb463cc5aa84dc41a0758e3b24cec0feaaf,893,e0968eda751dc6ce896ee3359a611fac995c0386,893,,False
tests/__init__.py,tests,source_or_script,P4_low_signal,byte_identical_to_snapshot,same_as_current_index,e69de29bb2d1d6434b8b29ae775ad8c2e48c5391,0,e69de29bb2d1d6434b8b29ae775ad8c2e48c5391,0,e69de29bb2d1d6434b8b29ae775ad8c2e48c5391,False
tests/bridge/__init__.py,tests,source_or_script,P4_low_signal,byte_identical_to_snapshot,same_as_current_index,e69de29bb2d1d6434b8b29ae775ad8c2e48c5391,0,e69de29bb2d1d6434b8b29ae775ad8c2e48c5391,0,e69de29bb2d1d6434b8b29ae775ad8c2e48c5391,False
tests/bridge/test_mcpaauth.py,tests,source_or_script,P4_low_signal,live_matches_current_index_not_snapshot,different_from_current_index,a05e52864046eeef2b4c2aa893b85266611b4f85,4410,a6e5f2d3f7ae12adf21948fe18027630d65a2f13,4410,a6e5f2d3f7ae12adf21948fe18027630d65a2f13,False
tests/bridge/test_sdk.py,tests,source_or_script,P1_diff_code_review,live_differs_from_snapshot_and_index,same_as_current_index,08234942a5d0cec8d81e3abd9cc57c35584a2110,6191,d8ed59f6709cbcb9ac847e47a261804b93f80a87,6191,08234942a5d0cec8d81e3abd9cc57c35584a2110,False
tests/bridge/test_server.py,tests,source_or_script,P1_diff_code_review,live_differs_from_snapshot_and_index,same_as_current_index,629f4503373b1eda4b3cb1576afd35e5e30a64eb,535,5cfaa72d4837bd1a46e9cf61caf5a65ac1183378,535,629f4503373b1eda4b3cb1576afd35e5e30a64eb,False
<redacted-sensitive-path:.py>,tests,sensitive_path,P0_sensitive_hold,live_differs_from_snapshot_and_index,same_as_current_index,984b5526ea24f1a948e360365000bfbda19bd6af,5226,9e9526b694e27c75517f5adef9b371c6fcd9fef4,5226,984b5526ea24f1a948e360365000bfbda19bd6af,True
tests/claw/__init__.py,tests,source_or_script,P2_untracked_intake_review,byte_identical_to_snapshot,not_tracked_current_index,e69de29bb2d1d6434b8b29ae775ad8c2e48c5391,0,e69de29bb2d1d6434b8b29ae775ad8c2e48c5391,0,,False
tests/claw/test_config_integrity.py,tests,source_or_script,P2_untracked_intake_review,live_differs_from_snapshot_untracked,not_tracked_current_index,31118d1df06204e29f0819c1b9c07cd9d252ef3b,3788,debe21daff4240eda7077cc6a4442978fcfffab0,3775,,False
tests/claw/test_elicitation.py,tests,source_or_script,P2_untracked_intake_review,byte_identical_to_snapshot,not_tracked_current_index,21bd4f8f60eddc1f5b0b3f17759a27d707d9775a,3891,21bd4f8f60eddc1f5b0b3f17759a27d707d9775a,3891,,False
tests/claw/test_exceptions.py,tests,source_or_script,P2_untracked_intake_review,byte_identical_to_snapshot,not_tracked_current_index,8b0fd9900d33a43494c9cda004b49a2aad28e2b8,4056,8b0fd9900d33a43494c9cda004b49a2aad28e2b8,4056,,False
tests/claw/test_locks.py,tests,source_or_script,P2_untracked_intake_review,live_differs_from_snapshot_untracked,not_tracked_current_index,282044c6b4bd51c5239045736838076afde8d764,3412,6c47622bc9308c0e5cd8d13e36212b96d284370e,3399,,False
tests/claw/test_parallel.py,tests,source_or_script,P2_untracked_intake_review,byte_identical_to_snapshot,not_tracked_current_index,b9e832020efc235c2f96036f3aa80240cce41351,3827,b9e832020efc235c2f96036f3aa80240cce41351,3827,,False
tests/claw/test_policies.py,tests,source_or_script,P2_untracked_intake_review,byte_identical_to_snapshot,not_tracked_current_index,a86e0fe93519fb299395fc5969ec051f6ada762c,2405,a86e0fe93519fb299395fc5969ec051f6ada762c,2405,,False
tests/claw/test_retry.py,tests,source_or_script,P2_untracked_intake_review,byte_identical_to_snapshot,not_tracked_current_index,278058088575540d721a7615145d055fdb5ddb7c,3500,278058088575540d721a7615145d055fdb5ddb7c,3500,,False
<redacted-sensitive-path:.py>,tests,sensitive_path,P0_sensitive_hold,byte_identical_to_snapshot,not_tracked_current_index,4e7683652877840c4282e27344eea003d00db05c,4745,4e7683652877840c4282e27344eea003d00db05c,4745,,True
tests/claw/test_store.py,tests,source_or_script,P2_untracked_intake_review,live_differs_from_snapshot_untracked,not_tracked_current_index,1e3111beb41f5168d8237fe642b42fd87310481d,2900,ed89c72b8eaa18a9639133394bdcc074d59e9775,2903,,False
tests/claw/test_tiers.py,tests,source_or_script,P2_untracked_intake_review,byte_identical_to_snapshot,not_tracked_current_index,49645722b6693e702bcdfcb6b1399f3208bd4079,2397,49645722b6693e702bcdfcb6b1399f3208bd4079,2397,,False
tests/conftest.py,tests,source_or_script,P1_diff_code_review,live_differs_from_snapshot_and_index,same_as_current_index,8db24df7a13c22f1c826499af51e6a56485c36d3,999,dfb957ea4a40511f767683995a0d9c3741557209,1141,8db24df7a13c22f1c826499af51e6a56485c36d3,False
tests/contracts/__init__.py,tests,source_or_script,P4_low_signal,byte_identical_to_snapshot,same_as_current_index,e69de29bb2d1d6434b8b29ae775ad8c2e48c5391,0,e69de29bb2d1d6434b8b29ae775ad8c2e48c5391,0,e69de29bb2d1d6434b8b29ae775ad8c2e48c5391,False
tests/contracts/test_protocol_contracts.py,tests,source_or_script,P4_low_signal,live_matches_current_index_not_snapshot,different_from_current_index,ac6dc8a5886f3ec2486016088da0908f5e53a592,5917,79176150a46a4a6a83cb14f58bbe3c123c3088f9,5917,79176150a46a4a6a83cb14f58bbe3c123c3088f9,False
tests/cron/__init__.py,tests,source_or_script,P4_low_signal,byte_identical_to_snapshot,same_as_current_index,e69de29bb2d1d6434b8b29ae775ad8c2e48c5391,0,e69de29bb2d1d6434b8b29ae775ad8c2e48c5391,0,e69de29bb2d1d6434b8b29ae775ad8c2e48c5391,False
tests/cron/test_agent_cycle.py,tests,source_or_script,P1_diff_code_review,live_differs_from_snapshot_and_index,same_as_current_index,6b88e4b7fcb89010e606b50a607c993bd92954b8,10135,6fa50985759879172c6da7e91e581172f41b2439,10135,6b88e4b7fcb89010e606b50a607c993bd92954b8,False
tests/engine/__init__.py,tests,source_or_script,P4_low_signal,byte_identical_to_snapshot,same_as_current_index,e69de29bb2d1d6434b8b29ae775ad8c2e48c5391,0,e69de29bb2d1d6434b8b29ae775ad8c2e48c5391,0,e69de29bb2d1d6434b8b29ae775ad8c2e48c5391,False
tests/engine/test_hermes_gmr.py,tests,source_or_script,P1_diff_code_review,live_differs_from_snapshot_and_index,same_as_current_index,60674d2e61c48a0ca32328437b92c6a8b3dc5885,1651,8699dc4eaf50faec82b10615fb40b169a8c468dd,1651,60674d2e61c48a0ca32328437b92c6a8b3dc5885,False
tests/engine/test_router.py,tests,source_or_script,P4_low_signal,live_matches_current_index_not_snapshot,different_from_current_index,1250023b17311223408fc3ab6a7e28c679ff1686,9853,88226ec50a3f0adfbb83b9a18b48f136a92bacf0,9853,88226ec50a3f0adfbb83b9a18b48f136a92bacf0,False
tests/engine/test_skill_smith.py,tests,source_or_script,P4_low_signal,live_matches_current_index_not_snapshot,different_from_current_index,3ab78988c79ddb2c361a4ff3b77e317bcc6d8ddd,8660,b3e0a5487ab0936dcbe89dfbb136b3892936cd09,8660,b3e0a5487ab0936dcbe89dfbb136b3892936cd09,False
tests/engine/test_skillsmith.py,tests,source_or_script,P4_low_signal,live_matches_current_index_not_snapshot,different_from_current_index,716c095caa7157f4fc12a3c58b5c7572a50330d0,1084,eee0637321ea275c387ab25ac119663a892a653b,1084,eee0637321ea275c387ab25ac119663a892a653b,False
tests/engine/test_tool_discipline.py,tests,source_or_script,P4_low_signal,live_matches_current_index_not_snapshot,different_from_current_index,6c9e395e63d0e3880fce28b119288c6bf6e5acce,2043,3a7a09bde63f3863d972a3d2740fde7e7c6bda40,2043,3a7a09bde63f3863d972a3d2740fde7e7c6bda40,False
tests/gmr/test_core.py,tests,source_or_script,P1_diff_code_review,live_differs_from_snapshot_and_index,same_as_current_index,b01a77176bb3962bc4e3890e7d614558363b29fe,1579,dcf69d00986e876519eb24e660158e1b05677e2c,1579,b01a77176bb3962bc4e3890e7d614558363b29fe,False
tests/governor/__init__.py,tests,source_or_script,P4_low_signal,byte_identical_to_snapshot,same_as_current_index,e69de29bb2d1d6434b8b29ae775ad8c2e48c5391,0,e69de29bb2d1d6434b8b29ae775ad8c2e48c5391,0,e69de29bb2d1d6434b8b29ae775ad8c2e48c5391,False
tests/governor/test_base.py,tests,source_or_script,P1_diff_code_review,live_differs_from_snapshot_and_index,same_as_current_index,0d88d37e7b72e8e694afdeecbb130da7cc2cddfe,767,dbf846d22b900a640cc8eee522711b550155bd39,767,0d88d37e7b72e8e694afdeecbb130da7cc2cddfe,False
tests/governor/test_compliance_p0.py,tests,source_or_script,P4_low_signal,live_matches_current_index_not_snapshot,different_from_current_index,1ee5a126af9273e0d8de3aed22f0664e355c9ab1,2387,1f2eaa9dd4e25bf6d271b345159f747928f87134,2387,1f2eaa9dd4e25bf6d271b345159f747928f87134,False
tests/governor/test_governor.py,tests,source_or_script,P4_low_signal,live_matches_current_index_not_snapshot,different_from_current_index,de4dd22767d9bd3046a8dc9cda1d9d38f7f3064b,10262,43ec0067fb3646b2bee193105889a993b26371f7,10262,43ec0067fb3646b2bee193105889a993b26371f7,False
<redacted-sensitive-path:.py>,tests,sensitive_path,P0_sensitive_hold,live_matches_current_index_not_snapshot,different_from_current_index,523ff50bc623e029ba9f0981ec07d28eef2884b5,7881,005e94ffc7edb464ac9d84bb1eca510fa3b144ee,7881,005e94ffc7edb464ac9d84bb1eca510fa3b144ee,True
tests/governor/test_proof_chain.py,tests,source_or_script,P1_diff_code_review,live_differs_from_snapshot_and_index,same_as_current_index,4ff7d7ffd9f5214e0bb8301fc7f5526dceb19252,907,959602da6134fd36c978c098dc17781c31337f45,907,4ff7d7ffd9f5214e0bb8301fc7f5526dceb19252,False
tests/governor/test_trust_scoring.py,tests,source_or_script,P1_diff_code_review,live_differs_from_snapshot_and_index,same_as_current_index,75ccadeab46426f69a3c01da65f573e023ab7b9b,5051,73898fc5106f5f8b66e23a4bf1150d332e89fa6d,5051,75ccadeab46426f69a3c01da65f573e023ab7b9b,False
tests/integration/__init__.py,tests,source_or_script,P4_low_signal,byte_identical_to_snapshot,same_as_current_index,e69de29bb2d1d6434b8b29ae775ad8c2e48c5391,0,e69de29bb2d1d6434b8b29ae775ad8c2e48c5391,0,e69de29bb2d1d6434b8b29ae775ad8c2e48c5391,False
tests/integration/test_bridge_integration.py,tests,source_or_script,P4_low_signal,live_matches_current_index_not_snapshot,different_from_current_index,42c88bfd14278206527a673146fb60979c6b9a29,17011,3a9845bd1ac578bcf54bd12443a7b6d35f6320a5,17011,3a9845bd1ac578bcf54bd12443a7b6d35f6320a5,False
tests/integration/test_compliance.py,tests,source_or_script,P1_diff_code_review,live_differs_from_snapshot_and_index,same_as_current_index,a987016563450181d1a40cb29dae401811717e50,10104,8052692311f2e9455335733501ba795160677467,10104,a987016563450181d1a40cb29dae401811717e50,False
tests/integration/test_heartbeat.py,tests,source_or_script,P1_diff_code_review,live_differs_from_snapshot_and_index,different_from_current_index,6132d1d2bda31a30c413600259143d1320c45692,6663,e659199eb3b59328d877c1d8949d63bbce1b036c,6752,c431d438f2fe816f038afa879f9fac69322d337a,False
tests/integration/test_hermes.py,tests,source_or_script,P1_diff_code_review,live_differs_from_snapshot_and_index,same_as_current_index,07afd649c6c47ae0f745fc0e45918e3d65ed82fc,14870,851948b86e79933a3202df31e8d4e7786cd164bf,14870,07afd649c6c47ae0f745fc0e45918e3d65ed82fc,False
tests/integration/test_squeez.py,tests,source_or_script,P4_low_signal,live_matches_current_index_not_snapshot,different_from_current_index,a4a500339e81dab7bc5dcd0e91a87827a74ef537,9076,eb8d2e935802092505ae4160cdb4ed15f8051657,9076,eb8d2e935802092505ae4160cdb4ed15f8051657,False
tests/monitoring/test_gmr.py,tests,source_or_script,P4_low_signal,live_matches_current_index_not_snapshot,different_from_current_index,75afd0f3564a03d4ee98b6f40de3cea8ecf5ba8c,142,6ec4be08ac5ac7928187dad27b2a54656e692b4f,142,6ec4be08ac5ac7928187dad27b2a54656e692b4f,False
tests/monitoring/test_strategies.py,tests,source_or_script,P1_diff_code_review,live_differs_from_snapshot_and_index,same_as_current_index,07f751f98d676184566c0ff571f0bf3995c812a5,1515,934a09f90478e7fd6ac751976bf19d20002211c9,1515,07f751f98d676184566c0ff571f0bf3995c812a5,False
<redacted-sensitive-path:.py>,tests,sensitive_path,P0_sensitive_hold,live_differs_from_snapshot_and_index,same_as_current_index,b624a5c4d7d677aeea54b0565ebee57a51c87541,4285,5560222aa1b57a6855ccf9584baf448ee849f236,4285,b624a5c4d7d677aeea54b0565ebee57a51c87541,True
tests/observability/test_tracing.py,tests,source_or_script,P4_low_signal,live_matches_current_index_not_snapshot,different_from_current_index,987d533466eb33cdafb8df8e86ee4160c7955ccc,2762,1be6120bededf6f0212e4e37cfd211e4b09f0d6d,2762,1be6120bededf6f0212e4e37cfd211e4b09f0d6d,False
tests/pytest_compat.py,tests,source_or_script,P1_diff_code_review,live_differs_from_snapshot_and_index,same_as_current_index,fb8d07111396fe922acc1c2903274f3e35365b3f,3173,818fc5c7b9773bb3a71d12beb336c6f7dd84416d,3173,fb8d07111396fe922acc1c2903274f3e35365b3f,False
tests/run_tests.py,tests,source_or_script,P1_diff_code_review,live_differs_from_snapshot_and_index,same_as_current_index,14d4109e80d54f79f39e87ca7639c5d612229deb,6445,59581d8c5a1528d31a1cc8cf8d86469f9653f07a,6445,14d4109e80d54f79f39e87ca7639c5d612229deb,False
tests/security/__init__.py,tests,source_or_script,P4_low_signal,byte_identical_to_snapshot,same_as_current_index,e69de29bb2d1d6434b8b29ae775ad8c2e48c5391,0,e69de29bb2d1d6434b8b29ae775ad8c2e48c5391,0,e69de29bb2d1d6434b8b29ae775ad8c2e48c5391,False
tests/security/test_contamination_detector.py,tests,source_or_script,P1_diff_code_review,live_differs_from_snapshot_and_index,same_as_current_index,e91746615814ec7aaf1d32c0ce33e2e79fe3c2c2,15296,7434bafcad81776fc3ab8695709eeb2056dd01c2,15296,e91746615814ec7aaf1d32c0ce33e2e79fe3c2c2,False
tests/security/test_encryption_hardfail.py,tests,source_or_script,P4_low_signal,live_matches_current_index_not_snapshot,different_from_current_index,7bc0f113b7b5377a6c9f1b1217f53a89d8a95953,5673,c60727b4a299223fb3b1105b3b481c2720f51134,5673,c60727b4a299223fb3b1105b3b481c2720f51134,False
tests/security/test_guard_plane_service.py,tests,source_or_script,P1_diff_code_review,live_differs_from_snapshot_and_index,same_as_current_index,5b5f456964c243dc622d7ae2aae86084173c4534,9469,86fa2fd34a7acc4352dd5a811e21cb7f564681d4,9675,5b5f456964c243dc622d7ae2aae86084173c4534,False
tests/security/test_meta_attack_detector.py,tests,source_or_script,P1_diff_code_review,live_differs_from_snapshot_and_index,same_as_current_index,ade27779c7cf227ab161fd19563d35361b7dcbf4,19072,51f2947e6f48d1bd9bce6b3f57e915bbf504ccc6,19072,ade27779c7cf227ab161fd19563d35361b7dcbf4,False
tests/security/test_p1_strategies.py,tests,source_or_script,P1_diff_code_review,live_differs_from_snapshot_and_index,same_as_current_index,d7f68e7f947dabd0f7f6fb10354a79a9381dedf1,7670,7adf039218e4f72240eee69034340e1de0dc7ed1,7670,d7f68e7f947dabd0f7f6fb10354a79a9381dedf1,False
tests/security/test_poisoning_v2.py,tests,source_or_script,P4_low_signal,live_matches_current_index_not_snapshot,different_from_current_index,043500e7b302e66b8cef70dac190d5f4aaf85764,8436,ed319f8a9463b9498624e9ce6a31b385a8e87ab9,8436,ed319f8a9463b9498624e9ce6a31b385a8e87ab9,False
tests/swarm/test_auction.py,tests,source_or_script,P4_low_signal,live_matches_current_index_not_snapshot,different_from_current_index,15dbda16ec6cb40a1c176ab15f28669e223e16e2,2433,ed9c347f3b99d1fa87f7e1b2c04ae5d060877467,2433,ed9c347f3b99d1fa87f7e1b2c04ae5d060877467,False
tests/swarm/test_spawner_budget_gate.py,tests,source_or_script,P4_low_signal,live_matches_current_index_not_snapshot,different_from_current_index,5bb6a9b7e347f4ba09652c89c690053c8af6e0be,4016,a6f3efd1d5271d68488fab879c0553626ce63183,4016,a6f3efd1d5271d68488fab879c0553626ce63183,False
tests/team/__init__.py,tests,source_or_script,P4_low_signal,byte_identical_to_snapshot,same_as_current_index,e69de29bb2d1d6434b8b29ae775ad8c2e48c5391,0,e69de29bb2d1d6434b8b29ae775ad8c2e48c5391,0,e69de29bb2d1d6434b8b29ae775ad8c2e48c5391,False
tests/team/test_coordinator.py,tests,source_or_script,P1_diff_code_review,live_differs_from_snapshot_and_index,same_as_current_index,941a8332e4299f6e2d85a4274e86daa3e30d84ba,26697,e0ebd4c9b7aba890742a36c8df494464d377b37b,26697,941a8332e4299f6e2d85a4274e86daa3e30d84ba,False
tests/test_execution_paths.py,tests,source_or_script,P4_low_signal,live_matches_current_index_not_snapshot,different_from_current_index,4c2d6eddd6762a7c9ef24eaecef5d95ef8d73868,6629,f08fbd7038567186a565e0a524bb11a040c0f2df,6629,f08fbd7038567186a565e0a524bb11a040c0f2df,False
tests/unit/__init__.py,tests,source_or_script,P4_low_signal,byte_identical_to_snapshot,same_as_current_index,e69de29bb2d1d6434b8b29ae775ad8c2e48c5391,0,e69de29bb2d1d6434b8b29ae775ad8c2e48c5391,0,e69de29bb2d1d6434b8b29ae775ad8c2e48c5391,False
tests/unit/test_executor_v2.py,tests,source_or_script,P4_low_signal,live_matches_current_index_not_snapshot,different_from_current_index,33507323c6c94b171616819c1338683a9d797d17,5388,e3877b66315b1fcb0c727dbb7baca28199544491,5388,e3877b66315b1fcb0c727dbb7baca28199544491,False
<redacted-sensitive-path:.py>,tests,sensitive_path,P0_sensitive_hold,live_matches_current_index_not_snapshot,different_from_current_index,62528dfbfc2fc457bd9d18b2bdb3b8d5d1a52e22,7950,1e1df72402b12fd9e6046045aba5198372ab58b0,7950,1e1df72402b12fd9e6046045aba5198372ab58b0,True
<redacted-sensitive-path:.py>,tests,sensitive_path,P0_sensitive_hold,live_differs_from_snapshot_and_index,same_as_current_index,6025ca67c7656c361649c1634ce60da7c6ff14a3,19,69dd758e732f719d64bf79f8cae90f4f33818f55,19,6025ca67c7656c361649c1634ce60da7c6ff14a3,True
<redacted-sensitive-path:.py>,tests,sensitive_path,P0_sensitive_hold,live_matches_current_index_not_snapshot,different_from_current_index,058afc1cd52b0a322c85ea55897d93fb3d689c35,1759,e681b6ca67aa6cb3dc157bbf3720e667b37639df,1759,e681b6ca67aa6cb3dc157bbf3720e667b37639df,True
<redacted-sensitive-path:.py>,tests,sensitive_path,P0_sensitive_hold,live_differs_from_snapshot_and_index,same_as_current_index,cfb012047acc3d53d5bed9f256f642561fa6c481,1385,43fe78ca3159378eacfe359f80515db7ec01e4d9,1385,cfb012047acc3d53d5bed9f256f642561fa6c481,True
<redacted-sensitive-path:.py>,tests,sensitive_path,P0_sensitive_hold,live_matches_current_index_not_snapshot,different_from_current_index,f89a7df7920814470c03ff5e7a47050942612e6e,1988,3f3c670378f87fc1b1b3ced696348d5515f7c3d1,1988,3f3c670378f87fc1b1b3ced696348d5515f7c3d1,True
<redacted-sensitive-path:.py>,tests,sensitive_path,P0_sensitive_hold,live_matches_current_index_not_snapshot,different_from_current_index,d9df82b06edc64921111f47ff61a41cfe0d7c3a7,26034,7386c7b9a3da4598056d3eae1d4a05e8f69898dd,26034,7386c7b9a3da4598056d3eae1d4a05e8f69898dd,True
<redacted-sensitive-path:.py>,tests,sensitive_path,P0_sensitive_hold,live_matches_current_index_not_snapshot,different_from_current_index,ed957c9213e088415821e3a7d31278c283ba2a21,11424,488c0c500366176800377506ee3f35014224a78b,11424,488c0c500366176800377506ee3f35014224a78b,True
<redacted-sensitive-path:.py>,tests,sensitive_path,P0_sensitive_hold,live_matches_current_index_not_snapshot,different_from_current_index,dfd5e5d2b312d458e1723d8ed6e912f8577d722d,5622,b13d468afc00bc328fee683c9350fa434fc1433b,5622,b13d468afc00bc328fee683c9350fa434fc1433b,True
<redacted-sensitive-path:.py>,tests,sensitive_path,P0_sensitive_hold,live_differs_from_snapshot_and_index,same_as_current_index,9cdff81ae5f2ec59bb74648159d9b8074805b883,2026,fc26a3e91f5219c591e9dd79c9b6ccb6c4ecc078,2026,9cdff81ae5f2ec59bb74648159d9b8074805b883,True
<redacted-sensitive-path:.py>,tests,sensitive_path,P0_sensitive_hold,live_matches_current_index_not_snapshot,different_from_current_index,dc0102226004b1ca780c7d6801e9e6d7143987c6,6344,36e02a83cbe19930dcb37a47da2d7bbcfdc82221,6344,36e02a83cbe19930dcb37a47da2d7bbcfdc82221,True
upload/# DoppelGround  ReviewGround — Curr.txt,upload,source_or_script,P2_untracked_intake_review,live_differs_from_snapshot_untracked,not_tracked_current_index,6fff1e1d2121861bbb7383a205fe2760fd56c658,20206,d84daf77cef25997f84c86a8bc31429b28471b22,20206,,False
upload/# KILOCLAW V3 MOVEABLE HEARTBEAT PR.txt,upload,source_or_script,P2_untracked_intake_review,live_differs_from_snapshot_untracked,not_tracked_current_index,c72ceb0023da666a10e5cf995cf99a9429c848ae,3397,5629f0311fe2c996748eb2aa23094af35eda50cd,3397,,False
upload/## 2. SESSION_LOG_002 — Final Repor.txt,upload,source_or_script,P2_untracked_intake_review,live_differs_from_snapshot_untracked,not_tracked_current_index,fa9b672838d579a3c2dd292652d42429cefbb879,3120,73656cb17fa7f70e4537e984490c20f5222db377,3120,,False
upload/Backend Team Package — Delivered ✅.txt,upload,source_or_script,P2_untracked_intake_review,live_differs_from_snapshot_untracked,not_tracked_current_index,e557d7989c81bbbd4adc1169bab64896d27d8e0d,156620,07b5b5c6cd30d0a6e8cf4ac41dd72750fea72b21,156620,,False
upload/CODEX TEAM INTEGRATION REPORTING.txt,upload,source_or_script,P2_untracked_intake_review,live_differs_from_snapshot_untracked,not_tracked_current_index,cc3e431caa7eef1e0ecc92cbd09330ca87b85e6a,11773,bca1fd035306718e2bb3ab8585ea9a057436025f,11773,,False
upload/Completed Local Model Benchmarking.txt,upload,source_or_script,P2_untracked_intake_review,live_differs_from_snapshot_untracked,not_tracked_current_index,75aab5d51a12a37824a6ff9d283745f073a01bdf,5780,33291005cd7bb0d76a6b3130153899ad7718808c,5780,,False
upload/DERDDRE-01.txt,upload,source_or_script,P2_untracked_intake_review,live_differs_from_snapshot_untracked,not_tracked_current_index,b4ec98c39c67b3ca49fd0f6f21c9f955c5d2ccdd,547412,17890de316222d7ecd5b6e624f2fdcd3dc368c61,547412,,False
upload/DISPOSSSEEE.txt,upload,source_or_script,P2_untracked_intake_review,live_differs_from_snapshot_untracked,not_tracked_current_index,dfa7e78e699ab81503ac0bc3f6f0062247cdacf0,13604,28cdd1f37d7014cded332fb034b8c7b910998309,13604,,False
upload/DoppelGround_Mechanized_Release_v6.1.5.zip,upload,source_or_script,P2_untracked_intake_review,byte_identical_to_snapshot,not_tracked_current_index,74933affc96e247ee91b7538cff24069031ca35a,15225,74933affc96e247ee91b7538cff24069031ca35a,15225,,False
upload/FOUNDRY_HERMES_OPENSHELL_COMBINED_PLAN.md,upload,source_or_script,P2_untracked_intake_review,live_differs_from_snapshot_untracked,not_tracked_current_index,2d25c3c7d64c9a30b74078deee6d46592801bfdf,16415,9d1730958238bc45da38e48a5d27664b800508a1,16415,,False
upload/GLM5-NEXUS_DASHBOARD_STRATEGIC_REPORT.md,upload,source_or_script,P2_untracked_intake_review,live_differs_from_snapshot_untracked,not_tracked_current_index,9f14429dabe19d5f9ba454daf275d919e786cea2,33896,3e345b6b8d637f1d943a15593a88c3c709925a9d,33896,,False
upload/GLM5-NEXUS_OS_fusion_pack.zip,upload,source_or_script,P2_untracked_intake_review,byte_identical_to_snapshot,not_tracked_current_index,0fcc0a5a899ed60e9c838e91a939e9fe0151ad32,2033343,0fcc0a5a899ed60e9c838e91a939e9fe0151ad32,2033343,,False
upload/GLM5-nexus-dashboard-strategic-pack.zip,upload,source_or_script,P2_untracked_intake_review,byte_identical_to_snapshot,not_tracked_current_index,54cf75a9ab3380306af6293cad06ea1907e61a23,245228,54cf75a9ab3380306af6293cad06ea1907e61a23,245228,,False
upload/GLM_FUSION_INTAKE_CHECKLIST.md,upload,source_or_script,P2_untracked_intake_review,live_differs_from_snapshot_untracked,not_tracked_current_index,cad6956761a0dc5b0b283e3c46a24987ad2165df,8923,08e1abbd4c9e18e2b5eab65fecb0dbd17ea32e9d,8923,,False
upload/GROK 4.3 AGENT TEAM LOG-002.txt,upload,source_or_script,P2_untracked_intake_review,live_differs_from_snapshot_untracked,not_tracked_current_index,76031d97a160b7b2f556c9a135e2d5d7f8889f8f,124799,b03f5ef7c404c943352f61f88a1f0eac67a178e7,124799,,False
upload/GROK RESEARCH REPO MASTER.txt,upload,source_or_script,P2_untracked_intake_review,live_differs_from_snapshot_untracked,not_tracked_current_index,80652981d72eeedf8c494be2f1b7f2e1a30ebfff,90265,5b8d09338f3689e8ae4a74684c49e3cd5b290009,90265,,False
upload/I'll help you integrate the complex.txt,upload,source_or_script,P2_untracked_intake_review,live_differs_from_snapshot_untracked,not_tracked_current_index,fe5aaabbb092ebb4e9cfcd4dcae60adf8d4361a2,216545,3cae93f30d09dfe52c585659bda07b64439aba09,216545,,False
upload/IMPLEMENTATION_REPORT.md,upload,source_or_script,P2_untracked_intake_review,live_differs_from_snapshot_untracked,not_tracked_current_index,cf63cf6a862d32ffba8a30ea5dfa9673eacd36da,14626,1e084030b07aa86039027a18622cecbcb0cd4fe2,14626,,False
upload/Kimi_Agent_Nexus OS重建 (1).zip,upload,source_or_script,P2_untracked_intake_review,byte_identical_to_snapshot,not_tracked_current_index,4c93c823d0908996b1503e55558701715acbca27,253688,4c93c823d0908996b1503e55558701715acbca27,253688,,False
upload/METAresearch_practice_template.md,upload,source_or_script,P2_untracked_intake_review,live_differs_from_snapshot_untracked,not_tracked_current_index,e5ec8bbc7174e57c56f0816ba21619c433446145,1572,fe95cc950975cb626eaee844e8d1f81a4d45dcee,1572,,False
upload/MODELRELAY_CHECKPOINT.md,upload,source_or_script,P4_low_signal,live_matches_current_index_not_snapshot,different_from_current_index,c49de6cfaf68125af7713ee02a484ce5c90ac861,6317,186bba1274e412f8b697fc4d885993da88d13cf0,6317,186bba1274e412f8b697fc4d885993da88d13cf0,False
upload/Mythos to NEXUS Mapping and DoppelGround Release Plan2.md,upload,source_or_script,P2_untracked_intake_review,live_differs_from_snapshot_untracked,not_tracked_current_index,6e83a67ffa047e6533c1eed2aa6682153b96df20,35504,883d5a0749b2784e63a6a160eb14223255536fbe,35504,,False
upload/NEXUS OS INTEGRATION ROADMAP.txt,upload,source_or_script,P2_untracked_intake_review,live_differs_from_snapshot_untracked,not_tracked_current_index,7ce55eb6a594c73fdc931c7d9c182367e96cb31e,127808,b70c4d1e88adbda35f081c7df9a19dae165c4693,127808,,False
upload/NEXUS-STATE.json,upload,source_or_script,P2_untracked_intake_review,live_differs_from_snapshot_untracked,not_tracked_current_index,cdb0dc2e48ffe608783e0c79b290272b88b34e92,2796,272fc169f3712a414508e38bb831a84092e672f7,2796,,False
upload/PROJECT_HANDOFF_SPEC.md,upload,source_or_script,P2_untracked_intake_review,live_differs_from_snapshot_untracked,not_tracked_current_index,e04a6e8330444322bf68b33b328f534665997fc4,9849,c09b5e5e2897ce9e929c9d695098f5d322c7f33b,9849,,False
upload/SPEC.md,upload,source_or_script,P4_low_signal,live_matches_current_index_not_snapshot,different_from_current_index,85a624b1ca58c0ac351026fe4e15cbede5d37e38,14312,dca6bb47e82f4ff3ce7b45ca93734eb55ab7a7f4,14312,dca6bb47e82f4ff3ce7b45ca93734eb55ab7a7f4,False
upload/__init__.py,upload,source_or_script,P4_low_signal,live_matches_current_index_not_snapshot,different_from_current_index,a8b3292b6ca6c4b0ff81738b0a3f8207ba0dd708,614,5c0eb3fddc8c83ffef087bbd501f0af7fc9aa6b8,614,5c0eb3fddc8c83ffef087bbd501f0af7fc9aa6b8,False
upload/coldstart_install.py,upload,source_or_script,P2_untracked_intake_review,live_differs_from_snapshot_untracked,not_tracked_current_index,28256152dee7e03f2fefdbd3551425467ea26d53,2339,9653a9347dfd6ba56d36b3443881c95c8f54818f,2339,,False
upload/config.py,upload,source_or_script,P3_diff_low_signal,live_differs_from_snapshot_and_index,different_from_current_index,8a1b0080c5f769c7939f1bc40a27862281d9aa4a,7818,79384f61b51316ac678ce59c900fa4b465f01f9f,8386,b1a96edcadba73d9242bca76b0b7f37a8f2af97e,False
upload/dg_to_gspp.py,upload,source_or_script,P2_untracked_intake_review,live_differs_from_snapshot_untracked,not_tracked_current_index,5fd1dc14b2356e0d583a18c2c0cc572333f7a2d6,9206,5e1225b7e72c036ab07614a467e778ec34a0ad5a,9206,,False
upload/dynamic_router.py,upload,source_or_script,P4_low_signal,live_matches_current_index_not_snapshot,different_from_current_index,8e35641155724a48989a84d4ef4cb149ec03f481,14572,f30df41282a0bff0d6d526993cb9ecc3aed7fcdd,14572,f30df41282a0bff0d6d526993cb9ecc3aed7fcdd,False
upload/foundry_agent_inventory.md,upload,source_or_script,P2_untracked_intake_review,live_differs_from_snapshot_untracked,not_tracked_current_index,1aafaeb0550b572472aa53567399a4a5c2f89c45,7399,cc9ae7f9ed3fe4d017d6da5e37fc5ab9fc3adfb9,7399,,False
upload/gateway.py,upload,source_or_script,P3_diff_low_signal,live_differs_from_snapshot_and_index,different_from_current_index,b77eebddaf8257e6471bb2a162127e549777c603,11402,e29069f3ce88b255102dc3baff2882071e19a2c6,12209,d9cd720594f96f3a1ee0a4258d3afc650123fe40,False
upload/governor_skill_gate.py,upload,source_or_script,P2_untracked_intake_review,live_differs_from_snapshot_untracked,not_tracked_current_index,b146d5d4b2e4e3a0ac0dcf5bb31110843577dafb,11030,634962aed0682f008a68a87648408cb9ebfa2bae,11030,,False
upload/gspp_openapi.yaml,upload,source_or_script,P2_untracked_intake_review,live_differs_from_snapshot_untracked,not_tracked_current_index,ef41e31d99736ba3960e87d4faffef0eb562fdd7,5336,7de7c8eb9752c9ce6983e5fa3f798938d491a309,5336,,False
upload/mock_api_server.py,upload,source_or_script,P2_untracked_intake_review,live_differs_from_snapshot_untracked,not_tracked_current_index,932afa6699de13542c3283f04a7f6790a9e2bcc6,12042,0ed77ac1653f5ccffda2b0ad470fdc488a2cfdd4,12042,,False
upload/models_registry.py,upload,source_or_script,P3_diff_low_signal,live_differs_from_snapshot_and_index,different_from_current_index,e8d1db3658d7798d0767bfd7fb244c274cdb3fc5,10536,f11da43fcaa1938493f30143942fe33bbef7093b,12233,5b2b2c05aae38bc1a7e70605e91f4213e8831831,False
upload/nexus-dashboard-report-2026-05-04T12-26-26.json,upload,source_or_script,P2_untracked_intake_review,live_differs_from_snapshot_untracked,not_tracked_current_index,f714eb0843db743983d84b6051914db81bd6c03c,3455,3cd01fcb8a38e6aa738a3184a9ba6ec5c3f06309,3455,,False
upload/nexus-dashboard-report-2026-05-04T12-27-14.csv,upload,source_or_script,P2_untracked_intake_review,live_differs_from_snapshot_untracked,not_tracked_current_index,0403e1c9a65fb55a918ecbac9010e325fda688c4,411,1c546202cbd3e6d37d2453f6c9e5187bcef86d86,411,,False
upload/nexus-dashboard-report-2026-05-04T12-27-34.csv,upload,source_or_script,P2_untracked_intake_review,live_differs_from_snapshot_untracked,not_tracked_current_index,0403e1c9a65fb55a918ecbac9010e325fda688c4,411,1c546202cbd3e6d37d2453f6c9e5187bcef86d86,411,,False
upload/nexus-overview-all-time-2026-05-04T12-26-37.json,upload,source_or_script,P2_untracked_intake_review,live_differs_from_snapshot_untracked,not_tracked_current_index,1d56956818874b201bc1fa3b59f6d9c967d807c3,1097,5b864b2b9338b196d8b123c43787fb86b66255da,1097,,False
upload/nexus-overview-all-time-2026-05-04T12-27-27.csv,upload,source_or_script,P2_untracked_intake_review,live_differs_from_snapshot_untracked,not_tracked_current_index,63ddbd62856667cc105e4b522317b743724b1c68,261,9e8cab8308eca554cd9e93d27c923231d4d749f8,261,,False
upload/nexus-stresslab-all-time-2026-05-04T12-26-45.json,upload,source_or_script,P2_untracked_intake_review,live_differs_from_snapshot_untracked,not_tracked_current_index,292033a9132898c27fd44fbbd5f55479a0191a9e,1130,9e65fbc3c0ce2c140faa1f7b8dbd516e919e33ab,1130,,False
upload/nexus-stresslab-all-time-2026-05-04T12-27-21.csv,upload,source_or_script,P2_untracked_intake_review,live_differs_from_snapshot_untracked,not_tracked_current_index,eb02f40e9aeff57d18948e5870aaa7ca4788573b,312,5357e1b34dab68e59d8b3bfa4e616046435feca1,312,,False
upload/papers_manifest_full_20.json,upload,source_or_script,P2_untracked_intake_review,live_differs_from_snapshot_untracked,not_tracked_current_index,53010cce4912bc8ac08729a8c292ea5ade231bb6,12327,2f10871f3791e1e3a285da6997e05120f4638583,12327,,False
upload/papers_manifest_test.json,upload,source_or_script,P2_untracked_intake_review,live_differs_from_snapshot_untracked,not_tracked_current_index,00b419893707f597e8407fd634a83cd774e706b5,4361,0c48282125658900d6244903da352a0584aae719,4361,,False
upload/priority_queue.json,upload,source_or_script,P2_untracked_intake_review,live_differs_from_snapshot_untracked,not_tracked_current_index,614650de0174dfe38606745453222b5828ed3fa1,4232,4cd14714cf49edcb22d7ac1d1864c5dc174de6f5,4232,,False
upload/provider_manager.py,upload,source_or_script,P3_diff_low_signal,live_differs_from_snapshot_and_index,different_from_current_index,b5cd27b90bc690dcbce39fac5299bedb453c3176,8470,6812121565388ecb394e3f063b126b4af27e2470,8506,efe4a4ddcb0a79cbc0bf4dcf235d33ba3d65f3e7,False
upload/quota_guard.py,upload,source_or_script,P3_diff_low_signal,live_differs_from_snapshot_and_index,different_from_current_index,15996e1441e735e3b51588926815ab3ca08a68ce,8588,4fe2257edabb2c72c7dea913b0dbfa63faee4de5,8658,93e38527f5cbdfa0d7db1ad1f0b9def326144407,False
upload/src.zip,upload,source_or_script,P2_untracked_intake_review,byte_identical_to_snapshot,not_tracked_current_index,e0015c5d8266e2fb00e5680ca4f950d7ea765b57,1305008,e0015c5d8266e2fb00e5680ca4f950d7ea765b57,1305008,,False
upload/uvicorn mock_api_server.txt,upload,source_or_script,P2_untracked_intake_review,live_differs_from_snapshot_untracked,not_tracked_current_index,9514d30d35fa6e06a24d6237463710b05d2a17c4,331,150169ea2228e71e12c0727a60f0ea06f8c74130,331,,False
upload/wiki_pipeline.py,upload,source_or_script,P2_untracked_intake_review,live_differs_from_snapshot_untracked,not_tracked_current_index,30f6d72b42ded6a0434a924dd1350e80c2dd25b6,7593,040b5a92959e34a03be8808ee28ad24ba132c2a3,7593,,False
