"TimeCreated","ProviderName","Id","LevelDisplayName","Message"
"05/18/2026 10:36:18 AM","Microsoft-Windows-Security-SPP","16384","Information","Successfully scheduled Software Protection service for re-start at 2126-04-24T07:36:18Z. Reason: RulesEngine."
"05/18/2026 10:35:48 AM","Microsoft-Windows-Security-SPP","16394","Information","Offline downlevel migration succeeded."
"05/18/2026 10:11:06 AM","Alloy","1","Information","ts=2026-05-18T07:11:06.5171075Z level=info msg=""series GC completed"" component_path=/ component_id=prometheus.remote_write.metrics_service subcomponent=wal duration=1.524ms
"
"05/18/2026 10:00:44 AM","edgeupdate","0","Information","Service stopped."
"05/18/2026 9:42:21 AM","Microsoft-Windows-Security-SPP","16384","Information","Successfully scheduled Software Protection service for re-start at 2126-04-24T06:42:21Z. Reason: RulesEngine."
"05/18/2026 9:41:48 AM","Microsoft-Windows-Security-SPP","16394","Information","Offline downlevel migration succeeded."
"05/18/2026 9:07:05 AM","Alloy","1","Information","ts=2026-05-18T06:07:05.6660137Z level=info msg=""usage report sent with success""
"
"05/18/2026 9:07:05 AM","Alloy","1","Information","ts=2026-05-18T06:07:05.329764Z level=info msg=""reporting Alloy stats"" date=2026-05-18T09:07:05.329+03:00
"
"05/18/2026 9:06:08 AM","VBScriptDeprecationAlert","4096",,
"05/18/2026 9:05:53 AM","Microsoft-Windows-RestartManager","10001","Information","Ending session 1 started ‎2026‎-‎05‎-‎18T05:54:45.673995800Z."
"05/18/2026 8:54:45 AM","Microsoft-Windows-RestartManager","10000","Information","Starting session 1 - ‎2026‎-‎05‎-‎18T05:54:45.673995800Z."
"05/18/2026 8:11:06 AM","Alloy","1","Information","ts=2026-05-18T05:11:06.5127786Z level=info msg=""WAL checkpoint complete"" component_path=/ component_id=prometheus.remote_write.metrics_service subcomponent=wal first=97 last=98 duration=66.4674ms
"
"05/18/2026 8:11:06 AM","Alloy","1","Information","ts=2026-05-18T05:11:06.4565367Z level=info msg=""Creating checkpoint"" component_path=/ component_id=prometheus.remote_write.metrics_service subcomponent=wal from_segment=97 to_segment=98 mint=1779080754000
"
"05/18/2026 8:11:06 AM","Alloy","1","Information","ts=2026-05-18T05:11:06.4471192Z level=info msg=""series GC completed"" component_path=/ component_id=prometheus.remote_write.metrics_service subcomponent=wal duration=808µs
"
"05/18/2026 7:19:38 AM","Microsoft-Windows-Security-SPP","16384","Information","Successfully scheduled Software Protection service for re-start at 2126-04-24T04:19:38Z. Reason: RulesEngine."
"05/18/2026 7:19:08 AM","Microsoft-Windows-Security-SPP","16394","Information","Offline downlevel migration succeeded."
"05/18/2026 7:18:35 AM","Microsoft-Windows-Security-SPP","16384","Information","Successfully scheduled Software Protection service for re-start at 2126-04-24T04:18:35Z. Reason: RulesEngine."
"05/18/2026 7:18:03 AM","Microsoft-Windows-Security-SPP","16394","Information","Offline downlevel migration succeeded."
"05/18/2026 7:12:33 AM","Microsoft-Windows-Security-SPP","16384","Information","Successfully scheduled Software Protection service for re-start at 2126-04-24T04:12:32Z. Reason: RulesEngine."
"05/18/2026 7:12:01 AM","Microsoft-Windows-Security-SPP","16394","Information","Offline downlevel migration succeeded."
"05/18/2026 7:10:41 AM","Microsoft-Windows-Security-SPP","16384","Information","Successfully scheduled Software Protection service for re-start at 2126-04-24T04:10:41Z. Reason: RulesEngine."
"05/18/2026 7:10:10 AM","Microsoft-Windows-Security-SPP","16394","Information","Offline downlevel migration succeeded."
"05/18/2026 6:44:47 AM","Microsoft UET SDK","0",,
"05/18/2026 6:44:47 AM","Microsoft UET SDK","0",,
"05/18/2026 6:44:46 AM","Microsoft UET SDK","0",,
"05/18/2026 6:36:44 AM","Microsoft-Windows-Security-SPP","16384","Information","Successfully scheduled Software Protection service for re-start at 2126-04-24T03:35:44Z. Reason: RulesEngine."
"05/18/2026 6:36:13 AM","Microsoft-Windows-Security-SPP","16394","Information","Offline downlevel migration succeeded."
"05/18/2026 6:18:42 AM","Microsoft-Windows-Security-SPP","16384","Information","Successfully scheduled Software Protection service for re-start at 2126-04-24T03:18:42Z. Reason: RulesEngine."
"05/18/2026 6:18:12 AM","Microsoft-Windows-Security-SPP","16394","Information","Offline downlevel migration succeeded."
"05/18/2026 6:17:29 AM","VBScriptDeprecationAlert","4096",,
"05/18/2026 6:11:07 AM","Alloy","1","Information","ts=2026-05-18T03:11:07.5075077Z level=info msg=""series GC completed"" component_path=/ component_id=prometheus.remote_write.metrics_service subcomponent=wal duration=1.0057ms
"
"05/18/2026 5:53:58 AM","Microsoft-Windows-Security-SPP","16384","Information","Successfully scheduled Software Protection service for re-start at 2126-04-24T02:53:58Z. Reason: RulesEngine."
"05/18/2026 5:53:28 AM","Microsoft-Windows-Security-SPP","16394","Information","Offline downlevel migration succeeded."
"05/18/2026 5:36:19 AM","Microsoft-Windows-Security-SPP","16384","Information","Successfully scheduled Software Protection service for re-start at 2126-04-24T02:36:19Z. Reason: RulesEngine."
"05/18/2026 5:35:49 AM","Microsoft-Windows-Security-SPP","16394","Information","Offline downlevel migration succeeded."
"05/18/2026 5:19:21 AM","Microsoft-Windows-Security-SPP","16384","Information","Successfully scheduled Software Protection service for re-start at 2126-04-24T02:19:21Z. Reason: RulesEngine."
"05/18/2026 5:18:51 AM","Microsoft-Windows-Security-SPP","16394","Information","Offline downlevel migration succeeded."
"05/18/2026 5:09:50 AM","Microsoft-Windows-Security-SPP","16384","Information","Successfully scheduled Software Protection service for re-start at 2126-04-24T02:09:50Z. Reason: RulesEngine."
"05/18/2026 5:09:19 AM","Microsoft-Windows-Security-SPP","16394","Information","Offline downlevel migration succeeded."
"05/18/2026 5:07:06 AM","Alloy","1","Information","ts=2026-05-18T02:07:06.7439381Z level=info msg=""usage report sent with success""
"
"05/18/2026 5:07:06 AM","Alloy","1","Information","ts=2026-05-18T02:07:06.3923923Z level=info msg=""reporting Alloy stats"" date=2026-05-18T05:07:06.392+03:00
"
"05/18/2026 4:40:18 AM","Microsoft-Windows-Security-SPP","16384","Information","Successfully scheduled Software Protection service for re-start at 2126-04-24T01:40:18Z. Reason: RulesEngine."
"05/18/2026 4:39:48 AM","Microsoft-Windows-Security-SPP","16394","Information","Offline downlevel migration succeeded."
"05/18/2026 4:30:09 AM","Microsoft-Windows-Security-SPP","16384","Information","Successfully scheduled Software Protection service for re-start at 2126-04-24T01:30:09Z. Reason: RulesEngine."
"05/18/2026 4:29:39 AM","Microsoft-Windows-Security-SPP","16394","Information","Offline downlevel migration succeeded."
"05/18/2026 4:11:07 AM","Alloy","1","Information","ts=2026-05-18T01:11:07.5058322Z level=info msg=""WAL checkpoint complete"" component_path=/ component_id=prometheus.remote_write.metrics_service subcomponent=wal first=94 last=96 duration=112.01ms
"
"05/18/2026 4:11:07 AM","Alloy","1","Information","ts=2026-05-18T01:11:07.397886Z level=info msg=""Creating checkpoint"" component_path=/ component_id=prometheus.remote_write.metrics_service subcomponent=wal from_segment=94 to_segment=96 mint=1779066355000
"
"05/18/2026 4:11:07 AM","Alloy","1","Information","ts=2026-05-18T01:11:07.3959424Z level=info msg=""series GC completed"" component_path=/ component_id=prometheus.remote_write.metrics_service subcomponent=wal duration=2.1202ms
"
"05/18/2026 4:07:55 AM","Microsoft-Windows-Security-SPP","16384","Information","Successfully scheduled Software Protection service for re-start at 2126-04-24T01:07:55Z. Reason: RulesEngine."
"05/18/2026 4:07:25 AM","Microsoft-Windows-Security-SPP","16394","Information","Offline downlevel migration succeeded."
"05/18/2026 4:00:58 AM","Microsoft-Windows-Security-SPP","16384","Information","Successfully scheduled Software Protection service for re-start at 2126-04-24T01:00:58Z. Reason: RulesEngine."
"05/18/2026 4:00:27 AM","Microsoft-Windows-Security-SPP","16394","Information","Offline downlevel migration succeeded."
"05/18/2026 3:41:43 AM","Microsoft-Windows-Security-SPP","16384","Information","Successfully scheduled Software Protection service for re-start at 2126-04-24T00:41:43Z. Reason: RulesEngine."
"05/18/2026 3:41:06 AM","Microsoft-Windows-Security-SPP","16394","Information","Offline downlevel migration succeeded."
"05/18/2026 3:00:49 AM","ESENT","326","Information","svchost (40448,D,50,0) DS_Token_DB: The database engine attached a database (1, C:\Windows\system32\config\systemprofile\AppData\Local\DataSharing\Storage\DSTokenDB2.dat). (Time=0 seconds) 
 
Saved Cache: 1 0 
Additional Data: lgposAttach = 00000017:000E:0268,
dbv = 1568.300.620 (9620) 
 
Internal Timing Sequence: 
[1] 0.000004 +J(0) +M(C:0K, Fs:1, WS:4K # 0K, PF:0K # 0K, P:0K)
[2] 0.000610 -0.000069 (1) WT +J(0) +M(C:0K, Fs:17, WS:4K # 8K, PF:4K # 4K, P:4K)
[3] 0.005422 -0.000484 (8) WT +J(CM:0, PgRf:0, Rd:0/0, Dy:0/0, Lg:255/1) +M(C:0K, Fs:29, WS:100K # 40K, PF:20K # 0K, P:20K)
[4] 0.000910 +J(0)
[5] -
[6] 0.000745 -0.000670 (2) CM -0.000621 (2) WT +J(CM:2, PgRf:2, Rd:0/2, Dy:0/0, Lg:0/0) +M(C:0K, Fs:2, WS:8K # 4K, PF:0K # 0K, P:0K)
[7] 0.000001 +J(0)
[8] 0.000615 -0.000499 (1) CM -0.000475 (1) WT +J(CM:1, PgRf:1, Rd:4/1, Dy:0/0, Lg:0/0) +M(C:16K, Fs:24, WS:96K # 96K, PF:208K # 168K, P:208K)
[9] -
[10] -
[11] -
[12] 0.000007 +J(CM:0, PgRf:0, Rd:0/0, Dy:0/0, Lg:54/1) +M(C:0K, Fs:1, WS:4K # 4K, PF:20K # 16K, P:20K)
[13] 0.000365 -0.000235 (3) CM -0.000194 (3) WT +J(CM:3, PgRf:23, Rd:0/3, Dy:0/0, Lg:0/0) +M(C:-8K, Fs:21, WS:76K # 76K, PF:-4K # 4K, P:-4K)
[14] 0.000247 -0.000156 (2) CM -0.000107 (2) WT +J(CM:2, PgRf:40, Rd:0/2, Dy:0/0, Lg:0/0) +M(C:0K, Fs:3, WS:12K # 12K, PF:64K # 56K, P:64K)
[15] 0.000177 -0.000157 (1) CM -0.000128 (1) WT +J(CM:1, PgRf:1, Rd:0/1, Dy:0/0, Lg:0/0)
[16] 0.000011 +J(CM:0, PgRf:1, Rd:0/0, Dy:0/0, Lg:0/0) +M(C:0K, Fs:1, WS:4K # 4K, PF:0K # 0K, P:0K)
[17] 0.000189 -0.000134 (1) CM -0.000108 (1) WT +J(CM:1, PgRf:42, Rd:0/1, Dy:0/0, Lg:0/0) +M(C:0K, Fs:8, WS:32K # 32K, PF:0K # 0K, P:0K)
[18] 0.000001 +J(0)
[19] 0.0 +J(0)
[20] 0.000154 -0.000124 (1) CM -0.000104 (1) WT +J(CM:1, PgRf:3, Rd:0/1, Dy:0/0, Lg:0/0) +M(C:0K, Fs:3, WS:12K # 12K, PF:0K # 0K, P:0K)."
"05/18/2026 3:00:49 AM","ESENT","105","Information","svchost (40448,D,0,0) DS_Token_DB: The database engine started a new instance (0). (Time=0.033 seconds) 
 
Additional Data:
 lgposV2[] = 00000017:0001:0000 - 00000017:000B:0367 - 00000017:000C:0000 - 00000017:000C:0000 (00000000:0000:0000)
cReInits = 3
RBSOn = 0
 
 
Internal Timing Sequence: 
[1] 0.000452 +J(0) +M(C:0K, Fs:177, WS:660K # 660K, PF:4232K # 4232K, P:4232K)
[2] 0.000306 +J(0) +M(C:8K, Fs:158, WS:628K # 628K, PF:472K # 472K, P:472K)
[3] 0.000008 +J(0) +M(C:0K, Fs:2, WS:4K # 4K, PF:68K # 68K, P:68K)
[4] 0.000184 +J(0) +M(C:0K, Fs:152, WS:600K # 600K, PF:1132K # 1132K, P:1132K)
[5] 0.000896 +J(0) +M(C:0K, Fs:394, WS:1576K # 1576K, PF:20K # 20K, P:20K)
[6] 0.002460 +J(0) +M(C:0K, Fs:58, WS:232K # 232K, PF:16K # 16K, P:16K)
[7] 0.001130 -0.000233 (2) WT +J(0) +M(C:0K, Fs:41, WS:164K # 164K, PF:64K # 64K, P:64K)
[8] 0.013009 -0.002837 (13) WT +J(CM:0, PgRf:0, Rd:0/0, Dy:0/0, Lg:44616/30) +M(C:0K, Fs:179, WS:428K # 428K, PF:256K # 260K, P:256K)
[9] 0.000410 +J(0) +M(C:0K, Fs:12, WS:48K # 48K, PF:0K # 0K, P:0K)
[10] 0.000979 -0.000111 (1) WT +J(0) +M(C:0K, Fs:2, WS:-52K # 8K, PF:-60K # 0K, P:-60K)
[11] 0.000018 +J(CM:0, PgRf:0, Rd:0/0, Dy:0/0, Lg:49/1) +M(C:0K, Fs:4, WS:16K # 0K, PF:0K # 0K, P:0K)
[12] 0.000368 +J(0)
[13] 0.011910 -0.000275 (2) CM -0.001227 (18) WT +J(CM:2, PgRf:2, Rd:0/2, Dy:0/0, Lg:8759/5) +M(C:0K, Fs:77, WS:196K # 216K, PF:204K # 208K, P:204K)
[14] 0.000014 +J(0)
[15] 0.000009 +J(0)
[16] 0.000427 -0.000057 (1) WT +J(0) +M(C:0K, Fs:2, WS:0K # 0K, PF:0K # 0K, P:0K)."
"05/18/2026 3:00:49 AM","ESENT","302","Information","svchost (40448,U,98,0) DS_Token_DB: The database engine has successfully completed recovery steps."
"05/18/2026 3:00:49 AM","ESENT","301","Information","svchost (40448,R,98,0) DS_Token_DB: The database engine has finished replaying logfile C:\Windows\system32\config\systemprofile\AppData\Local\DataSharing\Storage\DSS.log. 
 
Processing Stats: 
[1] 0.008130 -0.002356 (9) WT +J(CM:0, PgRf:0, Rd:0/0, Dy:0/0, Lg:44616/30) +M(C:0K, Fs:118, WS:264K # 196K, PF:160K # 96K, P:160K). 
Log record of type 'AttachDB ' was seen most frequently (3 times)"
"05/18/2026 3:00:49 AM","ESENT","300","Information","svchost (40448,R,98,0) DS_Token_DB: The database engine is initiating recovery steps."
"05/18/2026 3:00:49 AM","ESENT","102","Information","svchost (40448,P,98,0) DS_Token_DB: The database engine (10.00.26200.0000) is starting a new instance (0)."
"05/18/2026 2:59:18 AM","Microsoft-Windows-Security-SPP","16384","Information","Successfully scheduled Software Protection service for re-start at 2126-04-23T23:59:18Z. Reason: RulesEngine."
"05/18/2026 2:58:48 AM","Microsoft-Windows-Security-SPP","16394","Information","Offline downlevel migration succeeded."
"05/18/2026 2:46:12 AM","MsiInstaller","1035","Information","Windows Installer reconfigured the product. Product Name: Windows SDK for Windows Store Apps Contracts. Product Version: 10.1.26100.7705. Product Language: 1033. Manufacturer: Microsoft Corporation. Reconfiguration success or error status: 0."
"05/18/2026 2:46:12 AM","MsiInstaller","1035","Information","Windows Installer reconfigured the product. Product Name: Python 3.13.2 Documentation (64-bit). Product Version: 3.13.2150.0. Product Language: 1033. Manufacturer: Python Software Foundation. Reconfiguration success or error status: 0."
"05/18/2026 2:46:12 AM","MsiInstaller","1035","Information","Windows Installer reconfigured the product. Product Name: Microsoft.NET.Sdk.Android.Manifest-10.0.100 (x64). Product Version: 36.1.2. Product Language: 1033. Manufacturer: Microsoft Corporation. Reconfiguration success or error status: 0."
"05/18/2026 2:46:12 AM","MsiInstaller","1035","Information","Windows Installer reconfigured the product. Product Name: Windows SDK OnecoreUap Headers arm64. Product Version: 10.1.26100.7705. Product Language: 1033. Manufacturer: Microsoft Corporation. Reconfiguration success or error status: 0."
"05/18/2026 2:46:12 AM","MsiInstaller","1035","Information","Windows Installer reconfigured the product. Product Name: Universal General MIDI DLS Extension SDK. Product Version: 10.1.26100.7705. Product Language: 1033. Manufacturer: Microsoft Corporation. Reconfiguration success or error status: 0."
"05/18/2026 2:46:12 AM","MsiInstaller","1035","Information","Windows Installer reconfigured the product. Product Name: Microsoft Visual C++ 2012 x64 Minimum Runtime - 11.0.51106. Product Version: 11.0.51106. Product Language: 1033. Manufacturer: Microsoft Corporation. Reconfiguration success or error status: 0."
"05/18/2026 2:46:11 AM","MsiInstaller","1035","Information","Windows Installer reconfigured the product. Product Name: Windows SDK OnecoreUap Headers x86. Product Version: 10.1.26100.7705. Product Language: 1033. Manufacturer: Microsoft Corporation. Reconfiguration success or error status: 0."
"05/18/2026 2:46:11 AM","MsiInstaller","1035","Information","Windows Installer reconfigured the product. Product Name: Python 3.13.2 Tcl/Tk Support (64-bit). Product Version: 3.13.2150.0. Product Language: 1033. Manufacturer: Python Software Foundation. Reconfiguration success or error status: 0."
"05/18/2026 2:46:11 AM","MsiInstaller","1035","Information","Windows Installer reconfigured the product. Product Name: Windows Mobile Extension SDK Contracts. Product Version: 10.1.26100.7705. Product Language: 1033. Manufacturer: Microsoft Corporation. Reconfiguration success or error status: 0."
"05/18/2026 2:46:11 AM","MsiInstaller","1035","Information","Windows Installer reconfigured the product. Product Name: Windows SDK DirectX x86 Remote. Product Version: 10.1.26100.7705. Product Language: 1033. Manufacturer: Microsoft Corporation. Reconfiguration success or error status: 0."
"05/18/2026 2:46:11 AM","MsiInstaller","1035","Information","Windows Installer reconfigured the product. Product Name: SDK Debuggers. Product Version: 10.1.19041.685. Product Language: 1033. Manufacturer: Microsoft Corporation. Reconfiguration success or error status: 0."
"05/18/2026 2:46:11 AM","MsiInstaller","1035","Information","Windows Installer reconfigured the product. Product Name: vs_githubprotocolhandlermsi. Product Version: 17.14.36015. Product Language: 1033. Manufacturer: Microsoft Corporation. Reconfiguration success or error status: 0."
"05/18/2026 2:46:11 AM","MsiInstaller","1035","Information","Windows Installer reconfigured the product. Product Name: Eclipse Temurin JRE with Hotspot 21.0.6+7 (x64). Product Version: 21.0.6.7. Product Language: 1033. Manufacturer: Eclipse Adoptium. Reconfiguration success or error status: 0."
"05/18/2026 2:46:11 AM","MsiInstaller","1035","Information","Windows Installer reconfigured the product. Product Name: Windows SDK Desktop Tools x86. Product Version: 10.1.26100.7705. Product Language: 1033. Manufacturer: Microsoft Corporation. Reconfiguration success or error status: 0."
"05/18/2026 2:46:10 AM","MsiInstaller","1035","Information","Windows Installer reconfigured the product. Product Name: NVIDIA Nsight Visual Studio Edition 2025.4.0.25287. Product Version: 25.4.0.25287. Product Language: 1033. Manufacturer: NVIDIA Corporation. Reconfiguration success or error status: 0."
"05/18/2026 2:46:10 AM","MsiInstaller","1035","Information","Windows Installer reconfigured the product. Product Name: Microsoft Azure CLI (64-bit). Product Version: 2.85.0. Product Language: 1033. Manufacturer: Microsoft Corporation. Reconfiguration success or error status: 0."
"05/18/2026 2:46:09 AM","MsiInstaller","1035","Information","Windows Installer reconfigured the product. Product Name: PowerShell 7-x64. Product Version: 7.6.0.0. Product Language: 1033. Manufacturer: Microsoft Corporation. Reconfiguration success or error status: 0."
"05/18/2026 2:46:09 AM","MsiInstaller","1035","Information","Windows Installer reconfigured the product. Product Name: Windows SDK EULA. Product Version: 10.1.26100.7705. Product Language: 1033. Manufacturer: Microsoft Corporations. Reconfiguration success or error status: 0."
"05/18/2026 2:46:09 AM","MsiInstaller","1035","Information","Windows Installer reconfigured the product. Product Name: vs_CoreEditorFonts. Product Version: 17.7.40001. Product Language: 1033. Manufacturer: Microsoft Corporation. Reconfiguration success or error status: 0."
"05/18/2026 2:46:09 AM","MsiInstaller","1035","Information","Windows Installer reconfigured the product. Product Name: Windows SDK for Windows Store Apps Metadata. Product Version: 10.1.26100.7705. Product Language: 1033. Manufacturer: Microsoft Corporation. Reconfiguration success or error status: 0."
"05/18/2026 2:46:09 AM","MsiInstaller","1035","Information","Windows Installer reconfigured the product. Product Name: vs_minshellmsi. Product Version: 17.14.36301. Product Language: 1033. Manufacturer: Microsoft Corporation. Reconfiguration success or error status: 0."
"05/18/2026 2:46:09 AM","MsiInstaller","1035","Information","Windows Installer reconfigured the product. Product Name: WinRT Intellisense PPI - Other Languages. Product Version: 10.1.26100.7705. Product Language: 1033. Manufacturer: Microsoft Corporation. Reconfiguration success or error status: 0."
"05/18/2026 2:46:09 AM","MsiInstaller","1035","Information","Windows Installer reconfigured the product. Product Name: AlienwareArena. Product Version: 1.4.1. Product Language: 1033. Manufacturer: Alienware. Reconfiguration success or error status: 0."
"05/18/2026 2:46:09 AM","MsiInstaller","1035","Information","Windows Installer reconfigured the product. Product Name: Microsoft Visual C++ 2012 x86 Minimum Runtime - 11.0.61030. Product Version: 11.0.61030. Product Language: 1033. Manufacturer: Microsoft Corporation. Reconfiguration success or error status: 0."
"05/18/2026 2:46:09 AM","MsiInstaller","1035","Information","Windows Installer reconfigured the product. Product Name: WinRT Intellisense Desktop - en-us. Product Version: 10.1.26100.7705. Product Language: 1033. Manufacturer: Microsoft Corporation. Reconfiguration success or error status: 0."
"05/18/2026 2:46:08 AM","MsiInstaller","1035","Information","Windows Installer reconfigured the product. Product Name: Microsoft Windows Desktop Runtime - 9.0.16 (x64). Product Version: 72.64.52194. Product Language: 1033. Manufacturer: Microsoft Corporation. Reconfiguration success or error status: 0."
"05/18/2026 2:46:08 AM","MsiInstaller","1035","Information","Windows Installer reconfigured the product. Product Name: Windows SDK EULA. Product Version: 10.1.19041.685. Product Language: 1033. Manufacturer: Microsoft Corporations. Reconfiguration success or error status: 0."
"05/18/2026 2:46:08 AM","MsiInstaller","1035","Information","Windows Installer reconfigured the product. Product Name: Microsoft .NET 10.0 Templates 10.0.204 x64. Product Version: 40.11.2218. Product Language: 1033. Manufacturer: Microsoft Corporation. Reconfiguration success or error status: 0."
"05/18/2026 2:46:08 AM","MsiInstaller","1035","Information","Windows Installer reconfigured the product. Product Name: Microsoft.NET.Sdk.iOS.Manifest-10.0.100 (x64). Product Version: 26.0.11017. Product Language: 1033. Manufacturer: Microsoft Corporation. Reconfiguration success or error status: 0."
"05/18/2026 2:46:08 AM","MsiInstaller","1035","Information","Windows Installer reconfigured the product. Product Name: Microsoft .NET Host FX Resolver - 10.0.8 (x64). Product Version: 80.32.52183. Product Language: 1033. Manufacturer: Microsoft Corporation. Reconfiguration success or error status: 0."
"05/18/2026 2:46:08 AM","MsiInstaller","1035","Information","Windows Installer reconfigured the product. Product Name: Python 3.13.2 Test Suite (64-bit). Product Version: 3.13.2150.0. Product Language: 1033. Manufacturer: Python Software Foundation. Reconfiguration success or error status: 0."
"05/18/2026 2:46:08 AM","MsiInstaller","1035","Information","Windows Installer reconfigured the product. Product Name: Microsoft Windows Desktop Runtime - 6.0.30 (x64). Product Version: 48.120.13587. Product Language: 1033. Manufacturer: Microsoft Corporation. Reconfiguration success or error status: 0."
"05/18/2026 2:46:08 AM","MsiInstaller","1035","Information","Windows Installer reconfigured the product. Product Name: Microsoft .NET Host - 6.0.30 (x64). Product Version: 48.120.13561. Product Language: 1033. Manufacturer: Microsoft Corporation. Reconfiguration success or error status: 0."
"05/18/2026 2:46:08 AM","MsiInstaller","1035","Information","Windows Installer reconfigured the product. Product Name: Windows SDK for Windows Store Apps DirectX x86 Remote. Product Version: 10.1.26100.7705. Product Language: 1033. Manufacturer: Microsoft Corporation. Reconfiguration success or error status: 0."
"05/18/2026 2:46:07 AM","MsiInstaller","1035","Information","Windows Installer reconfigured the product. Product Name: Windows SDK ARM64 Desktop Tools. Product Version: 10.1.26100.7705. Product Language: 1033. Manufacturer: Microsoft Corporation. Reconfiguration success or error status: 0."
"05/18/2026 2:46:07 AM","MsiInstaller","1035","Information","Windows Installer reconfigured the product. Product Name: vs_communityx64msi. Product Version: 17.14.36025. Product Language: 1033. Manufacturer: Microsoft Corporation. Reconfiguration success or error status: 0."
"05/18/2026 2:46:07 AM","MsiInstaller","1035","Information","Windows Installer reconfigured the product. Product Name: Windows SDK for Windows Store Apps. Product Version: 10.1.26100.7705. Product Language: 1033. Manufacturer: Microsoft Corporation. Reconfiguration success or error status: 0."
"05/18/2026 2:46:07 AM","MsiInstaller","1035","Information","Windows Installer reconfigured the product. Product Name: DiagnosticsHub_CollectionService. Product Version: 17.14.36412. Product Language: 1033. Manufacturer: Microsoft Corporation. Reconfiguration success or error status: 0."
"05/18/2026 2:46:07 AM","MsiInstaller","1035","Information","Windows Installer reconfigured the product. Product Name: Universal CRT Headers Libraries and Sources. Product Version: 10.1.26100.7705. Product Language: 1033. Manufacturer: Microsoft Corporation. Reconfiguration success or error status: 0."
"05/18/2026 2:46:07 AM","MsiInstaller","1035","Information","Windows Installer reconfigured the product. Product Name: WinRT Intellisense UAP - Other Languages. Product Version: 10.1.26100.7705. Product Language: 1033. Manufacturer: Microsoft Corporation. Reconfiguration success or error status: 0."
"05/18/2026 2:46:07 AM","MsiInstaller","1035","Information","Windows Installer reconfigured the product. Product Name: Windows SDK Desktop Libs x64. Product Version: 10.1.26100.7705. Product Language: 1033. Manufacturer: Microsoft Corporation. Reconfiguration success or error status: 0."
"05/18/2026 2:46:07 AM","MsiInstaller","1035","Information","Windows Installer reconfigured the product. Product Name: CoreInstaller. Product Version: 6.13.7.0. Product Language: 1033. Manufacturer: Dell Inc.. Reconfiguration success or error status: 0."
"05/18/2026 2:46:07 AM","MsiInstaller","1035","Information","Windows Installer reconfigured the product. Product Name: Microsoft.NET.Workload.Emscripten.net9.Manifest-10.0.100 (x64). Product Version: 81.176.52183. Product Language: 1033. Manufacturer: Microsoft Corporation. Reconfiguration success or error status: 0."
"05/18/2026 2:46:06 AM","MsiInstaller","1035","Information","Windows Installer reconfigured the product. Product Name: Visual C++ 64-bit Redistributables. Product Version: 1.2.0.5555. Product Language: 1033. Manufacturer: PACE Anti-Piracy, Inc.. Reconfiguration success or error status: 0."
"05/18/2026 2:46:06 AM","MsiInstaller","1035","Information","Windows Installer reconfigured the product. Product Name: Microsoft Visual C++ 2012 x86 Additional Runtime - 11.0.61030. Product Version: 11.0.61030. Product Language: 1033. Manufacturer: Microsoft Corporation. Reconfiguration success or error status: 0."
"05/18/2026 2:46:06 AM","MsiInstaller","1035","Information","Windows Installer reconfigured the product. Product Name: Dell Core Services. Product Version: 1.13.23.0. Product Language: 1033. Manufacturer: Dell, Inc.. Reconfiguration success or error status: 0."
"05/18/2026 2:46:06 AM","MsiInstaller","1035","Information","Windows Installer reconfigured the product. Product Name: Ableton Push Driver v5.68.0. Product Version: 5.68.0. Product Language: 1033. Manufacturer: Ableton. Reconfiguration success or error status: 0."
"05/18/2026 2:46:06 AM","MsiInstaller","1035","Information","Windows Installer reconfigured the product. Product Name: Universal CRT Extension SDK. Product Version: 10.1.26100.7705. Product Language: 1033. Manufacturer: Microsoft Corporation. Reconfiguration success or error status: 0."
"05/18/2026 2:46:06 AM","MsiInstaller","1035","Information","Windows Installer reconfigured the product. Product Name: Microsoft .NET Runtime - 10.0.8 (x64). Product Version: 80.32.52183. Product Language: 1033. Manufacturer: Microsoft Corporation. Reconfiguration success or error status: 0."
"05/18/2026 2:46:06 AM","MsiInstaller","1035","Information","Windows Installer reconfigured the product. Product Name: License Support. Product Version: 1.2.0.5555. Product Language: 1033. Manufacturer: PACE Anti-Piracy, Inc.. Reconfiguration success or error status: 0."
"05/18/2026 2:46:06 AM","MsiInstaller","1035","Information","Windows Installer reconfigured the product. Product Name: Windows SDK Facade Windows WinMD Versioned. Product Version: 10.1.26100.7705. Product Language: 1033. Manufacturer: Microsoft Corporation. Reconfiguration success or error status: 0."
"05/18/2026 2:46:06 AM","MsiInstaller","1035","Information","Windows Installer reconfigured the product. Product Name: Universal CRT Redistributable. Product Version: 10.0.26624. Product Language: 1033. Manufacturer: Microsoft Corporation. Reconfiguration success or error status: 0."
"05/18/2026 2:46:06 AM","MsiInstaller","1035","Information","Windows Installer reconfigured the product. Product Name: vs_communitymsires. Product Version: 17.14.36015. Product Language: 1033. Manufacturer: Microsoft Corporation. Reconfiguration success or error status: 0."
"05/18/2026 2:46:05 AM","MsiInstaller","1035","Information","Windows Installer reconfigured the product. Product Name: SupportAssist Recovery Assistant. Product Version: 5.5.10.19019. Product Language: 1033. Manufacturer: Dell Inc.. Reconfiguration success or error status: 0."
"05/18/2026 2:46:05 AM","MsiInstaller","1035","Information","Windows Installer reconfigured the product. Product Name: Dell Connected Service Delivery. Product Version: 1.1.1.0. Product Language: 1033. Manufacturer: Dell Technologies, Inc.. Reconfiguration success or error status: 0."
"05/18/2026 2:46:05 AM","MsiInstaller","1035","Information","Windows Installer reconfigured the product. Product Name: Microsoft.NET.Sdk.Maui.Manifest-10.0.100 (x64). Product Version: 10.0.0. Product Language: 1033. Manufacturer: Microsoft Corporation. Reconfiguration success or error status: 0."
"05/18/2026 2:46:05 AM","MsiInstaller","1035","Information","Windows Installer reconfigured the product. Product Name: Microsoft.NET.Workload.Mono.Toolchain.net6.Manifest-10.0.100 (x64). Product Version: 81.176.52183. Product Language: 1033. Manufacturer: Microsoft Corporation. Reconfiguration success or error status: 0."
"05/18/2026 2:46:05 AM","MsiInstaller","1035","Information","Windows Installer reconfigured the product. Product Name: Visual C++ Redistributables. Product Version: 1.2.0.5555. Product Language: 1033. Manufacturer: PACE Anti-Piracy, Inc.. Reconfiguration success or error status: 0."
"05/18/2026 2:46:05 AM","MsiInstaller","1035","Information","Windows Installer reconfigured the product. Product Name: Microsoft .NET Runtime - 8.0.27 (x64). Product Version: 64.108.52182. Product Language: 1033. Manufacturer: Microsoft Corporation. Reconfiguration success or error status: 0."
"05/18/2026 2:46:05 AM","MsiInstaller","1035","Information","Windows Installer reconfigured the product. Product Name: Python Launcher. Product Version: 3.13.2150.0. Product Language: 1033. Manufacturer: Python Software Foundation. Reconfiguration success or error status: 0."
"05/18/2026 2:46:05 AM","MsiInstaller","1035","Information","Windows Installer reconfigured the product. Product Name: Microsoft.NET.Workload.Emscripten.Current.Manifest-10.0.100 (x64). Product Version: 81.176.52183. Product Language: 1033. Manufacturer: Microsoft Corporation. Reconfiguration success or error status: 0."
"05/18/2026 2:46:05 AM","MsiInstaller","1035","Information","Windows Installer reconfigured the product. Product Name: Native Instruments Service Center. Product Version: 2.4.4.1428. Product Language: 1033. Manufacturer: Native Instruments. Reconfiguration success or error status: 0."
"05/18/2026 2:46:05 AM","MsiInstaller","1035","Information","Windows Installer reconfigured the product. Product Name: Microsoft Visual Studio Setup Configuration. Product Version: 3.12.2140.44225. Product Language: 1033. Manufacturer: Microsoft Corporation. Reconfiguration success or error status: 0."
"05/18/2026 2:46:05 AM","MsiInstaller","1035","Information","Windows Installer reconfigured the product. Product Name: Python 3.13.2 Development Libraries (64-bit). Product Version: 3.13.2150.0. Product Language: 1033. Manufacturer: Python Software Foundation. Reconfiguration success or error status: 0."
"05/18/2026 2:46:04 AM","MsiInstaller","1035","Information","Windows Installer reconfigured the product. Product Name: Windows SDK Desktop Headers x86. Product Version: 10.1.26100.7705. Product Language: 1033. Manufacturer: Microsoft Corporation. Reconfiguration success or error status: 0."
"05/18/2026 2:46:04 AM","MsiInstaller","1035","Information","Windows Installer reconfigured the product. Product Name: WinRT Intellisense IoT - Other Languages. Product Version: 10.1.26100.7705. Product Language: 1033. Manufacturer: Microsoft Corporation. Reconfiguration success or error status: 0."
"05/18/2026 2:46:04 AM","MsiInstaller","1035","Information","Windows Installer reconfigured the product. Product Name: Windows Mobile Extension SDK. Product Version: 10.1.26100.7705. Product Language: 1033. Manufacturer: Microsoft Corporation. Reconfiguration success or error status: 0."
"05/18/2026 2:46:04 AM","MsiInstaller","1035","Information","Windows Installer reconfigured the product. Product Name: WinRT Intellisense Mobile - en-us. Product Version: 10.1.26100.7705. Product Language: 1033. Manufacturer: Microsoft Corporation. Reconfiguration success or error status: 0."
"05/18/2026 2:46:04 AM","MsiInstaller","1035","Information","Windows Installer reconfigured the product. Product Name: Windows IoT Extension SDK. Product Version: 10.1.26100.7705. Product Language: 1033. Manufacturer: Microsoft Corporation. Reconfiguration success or error status: 0."
"05/18/2026 2:46:04 AM","MsiInstaller","1035","Information","Windows Installer reconfigured the product. Product Name: Microsoft Windows Desktop Runtime - 8.0.27 (x64). Product Version: 64.108.52193. Product Language: 1033. Manufacturer: Microsoft Corporation. Reconfiguration success or error status: 0."
"05/18/2026 2:46:04 AM","MsiInstaller","1035","Information","Windows Installer reconfigured the product. Product Name: Microsoft .NET Host FX Resolver - 9.0.16 (x64). Product Version: 72.64.52183. Product Language: 1033. Manufacturer: Microsoft Corporation. Reconfiguration success or error status: 0."
"05/18/2026 2:46:04 AM","MsiInstaller","1035","Information","Windows Installer reconfigured the product. Product Name: Python 3.13.2 Executables (64-bit). Product Version: 3.13.2150.0. Product Language: 1033. Manufacturer: Python Software Foundation. Reconfiguration success or error status: 0."
"05/18/2026 2:46:03 AM","MsiInstaller","1035","Information","Windows Installer reconfigured the product. Product Name: Microsoft.NET.Workload.Mono.Toolchain.net7.Manifest-10.0.100 (x64). Product Version: 81.176.52183. Product Language: 1033. Manufacturer: Microsoft Corporation. Reconfiguration success or error status: 0."
"05/18/2026 2:46:03 AM","MsiInstaller","1035","Information","Windows Installer reconfigured the product. Product Name: SDK ARM64 Additions. Product Version: 10.1.26100.7705. Product Language: 1033. Manufacturer: Microsoft Corporation. Reconfiguration success or error status: 0."
"05/18/2026 2:46:03 AM","MsiInstaller","1035","Information","Windows Installer reconfigured the product. Product Name: Windows SDK Desktop Tools x64. Product Version: 10.1.26100.7705. Product Language: 1033. Manufacturer: Microsoft Corporation. Reconfiguration success or error status: 0."
"05/18/2026 2:46:03 AM","MsiInstaller","1035","Information","Windows Installer reconfigured the product. Product Name: Microsoft GameInput. Product Version: 3.3.182.0. Product Language: 1033. Manufacturer: Microsoft Corporation. Reconfiguration success or error status: 0."
"05/18/2026 2:46:03 AM","MsiInstaller","1035","Information","Windows Installer reconfigured the product. Product Name: Fusion Service. Product Version: 2.2.14.0. Product Language: 1033. Manufacturer: Dell.Inc. Reconfiguration success or error status: 0."
"05/18/2026 2:46:03 AM","MsiInstaller","1035","Information","Windows Installer reconfigured the product. Product Name: Universal CRT Tools x86. Product Version: 10.1.26100.7705. Product Language: 1033. Manufacturer: Microsoft Corporation. Reconfiguration success or error status: 0."
"05/18/2026 2:46:03 AM","MsiInstaller","1035","Information","Windows Installer reconfigured the product. Product Name: GitHub CLI. Product Version: 2.92.0. Product Language: 1033. Manufacturer: GitHub, Inc.. Reconfiguration success or error status: 0."
"05/18/2026 2:46:03 AM","MsiInstaller","1035","Information","Windows Installer reconfigured the product. Product Name: Application Verifier x64 External Package (OnecoreUAP). Product Version: 10.1.26100.7705. Product Language: 1033. Manufacturer: Microsoft. Reconfiguration success or error status: 0."
"05/18/2026 2:46:03 AM","MsiInstaller","1035","Information","Windows Installer reconfigured the product. Product Name: Windows SDK. Product Version: 10.1.26100.7705. Product Language: 1033. Manufacturer: Microsoft Corporation. Reconfiguration success or error status: 0."
"05/18/2026 2:46:03 AM","MsiInstaller","1035","Information","Windows Installer reconfigured the product. Product Name: Microsoft .NET Runtime - 9.0.16 (x64). Product Version: 72.64.52183. Product Language: 1033. Manufacturer: Microsoft Corporation. Reconfiguration success or error status: 0."
"05/18/2026 2:46:02 AM","MsiInstaller","1035","Information","Windows Installer reconfigured the product. Product Name: Python 3.13.2 Standard Library (64-bit). Product Version: 3.13.2150.0. Product Language: 1033. Manufacturer: Python Software Foundation. Reconfiguration success or error status: 0."
"05/18/2026 2:46:02 AM","MsiInstaller","1035","Information","Windows Installer reconfigured the product. Product Name: Microsoft Visual C++ 2022 X64 Debug Runtime - 14.44.35211. Product Version: 14.44.35211. Product Language: 1033. Manufacturer: Microsoft Corporation. Reconfiguration success or error status: 0."
"05/18/2026 2:46:02 AM","MsiInstaller","1035","Information","Windows Installer reconfigured the product. Product Name: Node.js. Product Version: 24.14.1. Product Language: 1033. Manufacturer: Node.js Foundation. Reconfiguration success or error status: 0."
"05/18/2026 2:46:02 AM","MsiInstaller","1035","Information","Windows Installer reconfigured the product. Product Name: Microsoft.NET.Workload.Emscripten.net6.Manifest-10.0.100 (x64). Product Version: 81.176.52183. Product Language: 1033. Manufacturer: Microsoft Corporation. Reconfiguration success or error status: 0."
"05/18/2026 2:46:02 AM","MsiInstaller","1035","Information","Windows Installer reconfigured the product. Product Name: Alienware FX Display002. Product Version: 6.13.3.0. Product Language: 1033. Manufacturer: Dell Inc.. Reconfiguration success or error status: 0."
"05/18/2026 2:46:02 AM","MsiInstaller","1035","Information","Windows Installer reconfigured the product. Product Name: Python 3.13.2 Add to Path (64-bit). Product Version: 3.13.2150.0. Product Language: 1033. Manufacturer: Python Software Foundation. Reconfiguration success or error status: 0."
"05/18/2026 2:46:02 AM","MsiInstaller","1035","Information","Windows Installer reconfigured the product. Product Name: vs_filehandler_amd64. Product Version: 17.14.36024. Product Language: 1033. Manufacturer: Microsoft Corporation. Reconfiguration success or error status: 0."
"05/18/2026 2:46:02 AM","MsiInstaller","1035","Information","Windows Installer reconfigured the product. Product Name: Microsoft .NET Host FX Resolver - 6.0.30 (x64). Product Version: 48.120.13561. Product Language: 1033. Manufacturer: Microsoft Corporation. Reconfiguration success or error status: 0."
"05/18/2026 2:46:02 AM","MsiInstaller","1035","Information","Windows Installer reconfigured the product. Product Name: Windows SDK Desktop Tools arm64. Product Version: 10.1.26100.7705. Product Language: 1033. Manufacturer: Microsoft Corporation. Reconfiguration success or error status: 0."
"05/18/2026 2:46:02 AM","MsiInstaller","1035","Information","Windows Installer reconfigured the product. Product Name: Microsoft ASP.NET Core Targeting Pack - 10.0.8 (x64). Product Version: 80.32.52183. Product Language: 1033. Manufacturer: Microsoft Corporation. Reconfiguration success or error status: 0."
"05/18/2026 2:46:01 AM","MsiInstaller","1035","Information","Windows Installer reconfigured the product. Product Name: Dell SupportAssist. Product Version: 5.0.1.2516. Product Language: 1033. Manufacturer: Dell Inc.. Reconfiguration success or error status: 0."
"05/18/2026 2:46:01 AM","MsiInstaller","1035","Information","Windows Installer reconfigured the product. Product Name: vs_minshellsharedmsi. Product Version: 17.14.36024. Product Language: 1033. Manufacturer: Microsoft Corporation. Reconfiguration success or error status: 0."
"05/18/2026 2:46:01 AM","MsiInstaller","1035","Information","Windows Installer reconfigured the product. Product Name: vs_minshellinteropsharedmsi. Product Version: 17.14.36015. Product Language: 1033. Manufacturer: Microsoft Corporation. Reconfiguration success or error status: 0."
"05/18/2026 2:46:01 AM","MsiInstaller","1035","Information","Windows Installer reconfigured the product. Product Name: Kits Configuration Installer. Product Version: 10.1.19041.685. Product Language: 1033. Manufacturer: Microsoft. Reconfiguration success or error status: 0."
"05/18/2026 2:46:01 AM","MsiInstaller","1035","Information","Windows Installer reconfigured the product. Product Name: vs_minshellmsires. Product Version: 17.14.36015. Product Language: 1033. Manufacturer: Microsoft Corporation. Reconfiguration success or error status: 0."
"05/18/2026 2:46:00 AM","MsiInstaller","1035","Information","Windows Installer reconfigured the product. Product Name: Microsoft.NET.Workload.Emscripten.net8.Manifest-10.0.100 (x64). Product Version: 81.176.52183. Product Language: 1033. Manufacturer: Microsoft Corporation. Reconfiguration success or error status: 0."
"05/18/2026 2:46:00 AM","MsiInstaller","1035","Information","Windows Installer reconfigured the product. Product Name: Microsoft.NET.Sdk.macOS.Manifest-10.0.100 (x64). Product Version: 26.0.11017. Product Language: 1033. Manufacturer: Microsoft Corporation. Reconfiguration success or error status: 0."
"05/18/2026 2:46:00 AM","MsiInstaller","1035","Information","Windows Installer reconfigured the product. Product Name: Python 3.13.2 pip Bootstrap (64-bit). Product Version: 3.13.2150.0. Product Language: 1033. Manufacturer: Python Software Foundation. Reconfiguration success or error status: 0."
"05/18/2026 2:46:00 AM","MsiInstaller","1035","Information","Windows Installer reconfigured the product. Product Name: Windows SDK Desktop Libs arm64. Product Version: 10.1.26100.7705. Product Language: 1033. Manufacturer: Microsoft Corporation. Reconfiguration success or error status: 0."
"05/18/2026 2:46:00 AM","MsiInstaller","1035","Information","Windows Installer reconfigured the product. Product Name: Microsoft.NET.Workload.Mono.Toolchain.net9.Manifest-10.0.100 (x64). Product Version: 81.176.52183. Product Language: 1033. Manufacturer: Microsoft Corporation. Reconfiguration success or error status: 0."
"05/18/2026 2:46:00 AM","MsiInstaller","1035","Information","Windows Installer reconfigured the product. Product Name: vcpp_crt.redist.clickonce. Product Version: 14.44.35211. Product Language: 1033. Manufacturer: Microsoft Corporation. Reconfiguration success or error status: 0."
"05/18/2026 2:46:00 AM","MsiInstaller","1035","Information","Windows Installer reconfigured the product. Product Name: vs_FileTracker_Singleton. Product Version: 17.14.36015. Product Language: 1033. Manufacturer: Microsoft Corporation. Reconfiguration success or error status: 0."
"05/18/2026 2:46:00 AM","MsiInstaller","1035","Information","Windows Installer reconfigured the product. Product Name: Windows SDK for Windows Store Apps Headers OnecoreUap. Product Version: 10.1.26100.7705. Product Language: 1033. Manufacturer: Microsoft Corporation. Reconfiguration success or error status: 0."
"05/18/2026 2:46:00 AM","MsiInstaller","1035","Information","Windows Installer reconfigured the product. Product Name: WinAppDeploy. Product Version: 10.1.26100.7705. Product Language: 1033. Manufacturer: Microsoft Corporation. Reconfiguration success or error status: 0."
"05/18/2026 2:46:00 AM","MsiInstaller","1035","Information","Windows Installer reconfigured the product. Product Name: Arturia USB MIDI Driver v1.6.0. Product Version: 1.6.0. Product Language: 1033. Manufacturer: Arturia. Reconfiguration success or error status: 0."
"05/18/2026 2:46:00 AM","MsiInstaller","1035","Information","Windows Installer reconfigured the product. Product Name: Windows SDK for Windows Store Managed Apps Libs. Product Version: 10.1.26100.7705. Product Language: 1033. Manufacturer: Microsoft Corporation. Reconfiguration success or error status: 0."
"05/18/2026 2:46:00 AM","MsiInstaller","1035","Information","Windows Installer reconfigured the product. Product Name: Windows SDK DirectX x64 Remote. Product Version: 10.1.26100.7705. Product Language: 1033. Manufacturer: Microsoft Corporation. Reconfiguration success or error status: 0."
"05/18/2026 2:45:59 AM","MsiInstaller","1035","Information","Windows Installer reconfigured the product. Product Name: Windows SDK for Windows Store Apps Headers. Product Version: 10.1.26100.7705. Product Language: 1033. Manufacturer: Microsoft Corporation. Reconfiguration success or error status: 0."
"05/18/2026 2:45:59 AM","MsiInstaller","1035","Information","Windows Installer reconfigured the product. Product Name: M-Audio M-Track Solo and Duo 1.0.3. Product Version: 1.0.3. Product Language: 1033. Manufacturer: M-Audio. Reconfiguration success or error status: 0."
"05/18/2026 2:45:59 AM","MsiInstaller","1035","Information","Windows Installer reconfigured the product. Product Name: Microsoft .NET Host - 10.0.8 (x64). Product Version: 80.32.52183. Product Language: 1033. Manufacturer: Microsoft Corporation. Reconfiguration success or error status: 0."
"05/18/2026 2:45:59 AM","MsiInstaller","1035","Information","Windows Installer reconfigured the product. Product Name: vs_communitysharedmsi. Product Version: 17.14.36025. Product Language: 1033. Manufacturer: Microsoft Corporation. Reconfiguration success or error status: 0."
"05/18/2026 2:45:59 AM","MsiInstaller","1035","Information","Windows Installer reconfigured the product. Product Name: Microsoft Visual C++ 2008 Redistributable - x86 9.0.30729.6161. Product Version: 9.0.30729.6161. Product Language: 1033. Manufacturer: Microsoft Corporation. Reconfiguration success or error status: 0."
"05/18/2026 2:45:59 AM","MsiInstaller","1035","Information","Windows Installer reconfigured the product. Product Name: LibreOffice 25.2.0.3. Product Version: 25.2.0.3. Product Language: 1033. Manufacturer: The Document Foundation. Reconfiguration success or error status: 0."
"05/18/2026 2:45:57 AM","MsiInstaller","1035","Information","Windows Installer reconfigured the product. Product Name: Windows SDK Modern Versioned Developer Tools. Product Version: 10.1.26100.7705. Product Language: 1033. Manufacturer: Microsoft Corporation. Reconfiguration success or error status: 0."
"05/18/2026 2:45:57 AM","MsiInstaller","1035","Information","Windows Installer reconfigured the product. Product Name: Microsoft .NET AppHost Pack - 10.0.8 (x64). Product Version: 80.32.52183. Product Language: 1033. Manufacturer: Microsoft Corporation. Reconfiguration success or error status: 0."
"05/18/2026 2:45:57 AM","MsiInstaller","1035","Information","Windows Installer reconfigured the product. Product Name: Windows SDK Modern Non-Versioned Developer Tools. Product Version: 10.1.26100.7705. Product Language: 1033. Manufacturer: Microsoft Corporation. Reconfiguration success or error status: 0."
"05/18/2026 2:45:57 AM","MsiInstaller","1035","Information","Windows Installer reconfigured the product. Product Name: Microsoft Windows Desktop Runtime - 10.0.8 (x64). Product Version: 80.32.52183. Product Language: 1033. Manufacturer: Microsoft Corporation. Reconfiguration success or error status: 0."
"05/18/2026 2:45:57 AM","MsiInstaller","1035","Information","Windows Installer reconfigured the product. Product Name: Microsoft.NET.Workload.Emscripten.net7.Manifest-10.0.100 (x64). Product Version: 81.176.52183. Product Language: 1033. Manufacturer: Microsoft Corporation. Reconfiguration success or error status: 0."
"05/18/2026 2:45:57 AM","MsiInstaller","1035","Information","Windows Installer reconfigured the product. Product Name: Dell Connected Service Delivery SubAgent. Product Version: 1.0.0.0. Product Language: 1033. Manufacturer: Dell Technologies, Inc.. Reconfiguration success or error status: 0."
"05/18/2026 2:45:57 AM","MsiInstaller","1035","Information","Windows Installer reconfigured the product. Product Name: Windows Subsystem for Linux. Product Version: 2.6.3.0. Product Language: 1033. Manufacturer: Microsoft Corporation. Reconfiguration success or error status: 0."
"05/18/2026 2:45:57 AM","MsiInstaller","1035","Information","Windows Installer reconfigured the product. Product Name: Dell Digital Delivery Services. Product Version: 5.6.3.0. Product Language: 1033. Manufacturer: Dell Inc.. Reconfiguration success or error status: 0."
"05/18/2026 2:45:57 AM","MsiInstaller","1035","Information","Windows Installer reconfigured the product. Product Name: Microsoft Visual C++ 2008 Redistributable - x64 9.0.30729.6161. Product Version: 9.0.30729.6161. Product Language: 1033. Manufacturer: Microsoft Corporation. Reconfiguration success or error status: 0."
"05/18/2026 2:45:56 AM","MsiInstaller","1035","Information","Windows Installer reconfigured the product. Product Name: vs_minshellinteropmsi. Product Version: 17.14.36015. Product Language: 1033. Manufacturer: Microsoft Corporation. Reconfiguration success or error status: 0."
"05/18/2026 2:45:56 AM","MsiInstaller","1035","Information","Windows Installer reconfigured the product. Product Name: vs_vswebprotocolselectormsi. Product Version: 17.14.36323. Product Language: 1033. Manufacturer: Microsoft Corporation. Reconfiguration success or error status: 0."
"05/18/2026 2:45:56 AM","MsiInstaller","1035","Information","Windows Installer reconfigured the product. Product Name: Python 3.13.2 Core Interpreter (64-bit). Product Version: 3.13.2150.0. Product Language: 1033. Manufacturer: Python Software Foundation. Reconfiguration success or error status: 0."
"05/18/2026 2:45:56 AM","MsiInstaller","1035","Information","Windows Installer reconfigured the product. Product Name: Microsoft .NET Runtime - 6.0.30 (x64). Product Version: 48.120.13561. Product Language: 1033. Manufacturer: Microsoft Corporation. Reconfiguration success or error status: 0."
"05/18/2026 2:45:56 AM","MsiInstaller","1035","Information","Windows Installer reconfigured the product. Product Name: Microsoft Visual C++ 2022 X86 Minimum Runtime - 14.44.35211. Product Version: 14.44.35211. Product Language: 1033. Manufacturer: Microsoft Corporation. Reconfiguration success or error status: 0."
"05/18/2026 2:45:56 AM","MsiInstaller","1035","Information","Windows Installer reconfigured the product. Product Name: WinRT Intellisense UAP - en-us. Product Version: 10.1.26100.7705. Product Language: 1033. Manufacturer: Microsoft Corporation. Reconfiguration success or error status: 0."
"05/18/2026 2:45:56 AM","MsiInstaller","1035","Information","Windows Installer reconfigured the product. Product Name: Windows SDK for Windows Store Apps Libs. Product Version: 10.1.26100.7705. Product Language: 1033. Manufacturer: Microsoft Corporation. Reconfiguration success or error status: 0."
"05/18/2026 2:45:56 AM","MsiInstaller","1035","Information","Windows Installer reconfigured the product. Product Name: Universal CRT Tools x64. Product Version: 10.1.26100.7705. Product Language: 1033. Manufacturer: Microsoft Corporation. Reconfiguration success or error status: 0."
"05/18/2026 2:45:56 AM","MsiInstaller","1035","Information","Windows Installer reconfigured the product. Product Name: OpenOffice 4.1.16. Product Version: 4.116.9816. Product Language: 1033. Manufacturer: Apache Software Foundation. Reconfiguration success or error status: 0."
"05/18/2026 2:45:55 AM","MsiInstaller","1035","Information","Windows Installer reconfigured the product. Product Name: Windows SDK for Windows Store Apps Tools. Product Version: 10.1.26100.7705. Product Language: 1033. Manufacturer: Microsoft Corporation. Reconfiguration success or error status: 0."
"05/18/2026 2:45:55 AM","MsiInstaller","1035","Information","Windows Installer reconfigured the product. Product Name: Dell SupportAssist OS Recovery Plugin for Dell Update. Product Version: 5.5.16.1. Product Language: 1033. Manufacturer: Dell Inc.. Reconfiguration success or error status: 0."
"05/18/2026 2:45:55 AM","MsiInstaller","1035","Information","Windows Installer reconfigured the product. Product Name: Windows SDK Redistributables. Product Version: 10.1.26100.7705. Product Language: 1033. Manufacturer: Microsoft Corporation. Reconfiguration success or error status: 0."
"05/18/2026 2:45:55 AM","MsiInstaller","1035","Information","Windows Installer reconfigured the product. Product Name: Microsoft Visual C++ 2012 x64 Additional Runtime - 11.0.51106. Product Version: 11.0.51106. Product Language: 1033. Manufacturer: Microsoft Corporation. Reconfiguration success or error status: 0."
"05/18/2026 2:45:55 AM","MsiInstaller","1035","Information","Windows Installer reconfigured the product. Product Name: WinRT Intellisense Desktop - Other Languages. Product Version: 10.1.26100.7705. Product Language: 1033. Manufacturer: Microsoft Corporation. Reconfiguration success or error status: 0."
"05/18/2026 2:45:55 AM","MsiInstaller","1035","Information","Windows Installer reconfigured the product. Product Name: Microsoft Windows Desktop Targeting Pack - 10.0.8 (x64). Product Version: 80.32.52183. Product Language: 1033. Manufacturer: Microsoft Corporation. Reconfiguration success or error status: 0."
"05/18/2026 2:45:55 AM","MsiInstaller","1035","Information","Windows Installer reconfigured the product. Product Name: Microsoft ASP.NET Core Runtime - 10.0.8 (x64). Product Version: 80.32.52183. Product Language: 1033. Manufacturer: Microsoft Corporation. Reconfiguration success or error status: 0."
"05/18/2026 2:45:55 AM","MsiInstaller","1035","Information","Windows Installer reconfigured the product. Product Name: MSI Development Tools. Product Version: 10.1.26100.7705. Product Language: 1033. Manufacturer: Microsoft Corporation. Reconfiguration success or error status: 0."
"05/18/2026 2:45:54 AM","MsiInstaller","1035","Information","Windows Installer reconfigured the product. Product Name: AWIOSmartInstaller. Product Version: 6.13.6.0. Product Language: 1033. Manufacturer: Dell Inc.. Reconfiguration success or error status: 0."
"05/18/2026 2:45:54 AM","MsiInstaller","1035","Information","Windows Installer reconfigured the product. Product Name: Microsoft .NET Host FX Resolver - 8.0.27 (x64). Product Version: 64.108.52182. Product Language: 1033. Manufacturer: Microsoft Corporation. Reconfiguration success or error status: 0."
"05/18/2026 2:45:54 AM","MsiInstaller","1035","Information","Windows Installer reconfigured the product. Product Name: NVIDIA Nsight Compute 2025.4.0. Product Version: 25.4.0.0. Product Language: 1033. Manufacturer: NVIDIA Corporation. Reconfiguration success or error status: 0."
"05/18/2026 2:45:54 AM","MsiInstaller","1035","Information","Windows Installer reconfigured the product. Product Name: Dell SupportAssist Remediation. Product Version: 5.5.15.1. Product Language: 1033. Manufacturer: Dell Inc.. Reconfiguration success or error status: 0."
"05/18/2026 2:45:54 AM","MsiInstaller","1035","Information","Windows Installer reconfigured the product. Product Name: FXELCInstaller. Product Version: 6.13.7.0. Product Language: 1033. Manufacturer: Dell. Reconfiguration success or error status: 0."
"05/18/2026 2:45:54 AM","MsiInstaller","1035","Information","Windows Installer reconfigured the product. Product Name: Windows Team Extension SDK Contracts. Product Version: 10.1.26100.7705. Product Language: 1033. Manufacturer: Microsoft Corporation. Reconfiguration success or error status: 0."
"05/18/2026 2:45:54 AM","MsiInstaller","1035","Information","Windows Installer reconfigured the product. Product Name: Windows Team Extension SDK. Product Version: 10.1.26100.7705. Product Language: 1033. Manufacturer: Microsoft Corporation. Reconfiguration success or error status: 0."
"05/18/2026 2:45:54 AM","MsiInstaller","1035","Information","Windows Installer reconfigured the product. Product Name: Application Verifier x64 External Package (DesktopEditions). Product Version: 10.1.26100.7705. Product Language: 1033. Manufacturer: Microsoft. Reconfiguration success or error status: 0."
"05/18/2026 2:45:53 AM","MsiInstaller","1035","Information","Windows Installer reconfigured the product. Product Name: VS Script Debugging Common. Product Version: 17.0.157.0. Product Language: 1033. Manufacturer: Microsoft Corporation. Reconfiguration success or error status: 0."
"05/18/2026 2:45:53 AM","MsiInstaller","1035","Information","Windows Installer reconfigured the product. Product Name: WinRT Intellisense IoT - en-us. Product Version: 10.1.26100.7705. Product Language: 1033. Manufacturer: Microsoft Corporation. Reconfiguration success or error status: 0."
"05/18/2026 2:45:53 AM","MsiInstaller","1035","Information","Windows Installer reconfigured the product. Product Name: Ableton Live 12 Suite. Product Version: 12.0.0.0. Product Language: 1033. Manufacturer: Ableton. Reconfiguration success or error status: 0."
"05/18/2026 2:45:50 AM","MsiInstaller","1035","Information","Windows Installer reconfigured the product. Product Name: Windows Desktop Extension SDK Contracts. Product Version: 10.1.26100.7705. Product Language: 1033. Manufacturer: Microsoft Corporation. Reconfiguration success or error status: 0."
"05/18/2026 2:45:50 AM","MsiInstaller","1035","Information","Windows Installer reconfigured the product. Product Name: WinRT Intellisense PPI - en-us. Product Version: 10.1.26100.7705. Product Language: 1033. Manufacturer: Microsoft Corporation. Reconfiguration success or error status: 0."
"05/18/2026 2:45:50 AM","MsiInstaller","1035","Information","Windows Installer reconfigured the product. Product Name: Microsoft.NET.Workload.Mono.Toolchain.net8.Manifest-10.0.100 (x64). Product Version: 81.176.52183. Product Language: 1033. Manufacturer: Microsoft Corporation. Reconfiguration success or error status: 0."
"05/18/2026 2:45:49 AM","MsiInstaller","1035","Information","Windows Installer reconfigured the product. Product Name: Universal CRT Redistributable. Product Version: 10.1.26100.7705. Product Language: 1033. Manufacturer: Microsoft Corporation. Reconfiguration success or error status: 0."
"05/18/2026 2:45:49 AM","MsiInstaller","1035","Information","Windows Installer reconfigured the product. Product Name: Microsoft Visual C++ 2022 X86 Additional Runtime - 14.44.35211. Product Version: 14.44.35211. Product Language: 1033. Manufacturer: Microsoft Corporation. Reconfiguration success or error status: 0."
"05/18/2026 2:45:49 AM","MsiInstaller","1035","Information","Windows Installer reconfigured the product. Product Name: Windows SDK Desktop Headers x64. Product Version: 10.1.26100.7705. Product Language: 1033. Manufacturer: Microsoft Corporation. Reconfiguration success or error status: 0."
"05/18/2026 2:45:49 AM","MsiInstaller","1035","Information","Windows Installer reconfigured the product. Product Name: Windows SDK AddOn. Product Version: 10.1.0.0. Product Language: 1033. Manufacturer: Microsoft Corporation. Reconfiguration success or error status: 0."
"05/18/2026 2:45:49 AM","MsiInstaller","1035","Information","Windows Installer reconfigured the product. Product Name: Microsoft .NET Host - 9.0.16 (x64). Product Version: 72.64.52183. Product Language: 1033. Manufacturer: Microsoft Corporation. Reconfiguration success or error status: 0."
"05/18/2026 2:45:49 AM","MsiInstaller","1035","Information","Windows Installer reconfigured the product. Product Name: Microsoft.NET.Sdk.MacCatalyst.Manifest-10.0.100 (x64). Product Version: 26.0.11017. Product Language: 1033. Manufacturer: Microsoft Corporation. Reconfiguration success or error status: 0."
"05/18/2026 2:45:49 AM","MsiInstaller","1035","Information","Windows Installer reconfigured the product. Product Name: Microsoft Visual C++ 2022 X86 Debug Runtime - 14.44.35211. Product Version: 14.44.35211. Product Language: 1033. Manufacturer: Microsoft Corporation. Reconfiguration success or error status: 0."
"05/18/2026 2:45:49 AM","MsiInstaller","1035","Information","Windows Installer reconfigured the product. Product Name: Windows App Certification Kit SupportedApiList x86. Product Version: 10.1.26100.7705. Product Language: 1033. Manufacturer: Microsoft Corporation. Reconfiguration success or error status: 0."
"05/18/2026 2:45:49 AM","MsiInstaller","1035","Information","Windows Installer reconfigured the product. Product Name: Microsoft Visual C++ 2022 X64 Minimum Runtime - 14.50.35719. Product Version: 14.50.35719. Product Language: 1033. Manufacturer: Microsoft Corporation. Reconfiguration success or error status: 0."
"05/18/2026 2:45:49 AM","MsiInstaller","1035","Information","Windows Installer reconfigured the product. Product Name: vs_filehandler_x86. Product Version: 17.14.36024. Product Language: 1033. Manufacturer: Microsoft Corporation. Reconfiguration success or error status: 0."
"05/18/2026 2:45:48 AM","MsiInstaller","1035","Information","Windows Installer reconfigured the product. Product Name: AWDisplay001Installer. Product Version: 6.13.6.0. Product Language: 1033. Manufacturer: Dell Inc.. Reconfiguration success or error status: 0."
"05/18/2026 2:45:48 AM","MsiInstaller","1035","Information","Windows Installer reconfigured the product. Product Name: NVIDIA Nsight Systems 2025.5.2. Product Version: 25.5.2.266. Product Language: 1033. Manufacturer: NVIDIA Corporation. Reconfiguration success or error status: 0."
"05/18/2026 2:45:48 AM","MsiInstaller","1035","Information","Windows Installer reconfigured the product. Product Name: GameLibrarySetup. Product Version: 6.13.6.0. Product Language: 1033. Manufacturer: Dell Inc.. Reconfiguration success or error status: 0."
"05/18/2026 2:45:48 AM","MsiInstaller","1035","Information","Windows Installer reconfigured the product. Product Name: Native Instruments Battery 4. Product Version: 4.1.0.2330. Product Language: 1033. Manufacturer: Native Instruments. Reconfiguration success or error status: 0."
"05/18/2026 2:45:48 AM","MsiInstaller","1035","Information","Windows Installer reconfigured the product. Product Name: XtuInstaller_Legacy. Product Version: 2.13.4.0. Product Language: 1033. Manufacturer: DELL inc.. Reconfiguration success or error status: 0."
"05/18/2026 2:45:47 AM","MsiInstaller","1035","Information","Windows Installer reconfigured the product. Product Name: FXDeviceInstaller. Product Version: 6.13.0. Product Language: 1033. Manufacturer: Dell, Inc.. Reconfiguration success or error status: 0."
"05/18/2026 2:45:47 AM","MsiInstaller","1035","Information","Windows Installer reconfigured the product. Product Name: Windows SDK Desktop Libs x86. Product Version: 10.1.26100.7705. Product Language: 1033. Manufacturer: Microsoft Corporation. Reconfiguration success or error status: 0."
"05/18/2026 2:45:47 AM","MsiInstaller","1035","Information","Windows Installer reconfigured the product. Product Name: Tailscale. Product Version: 1.98.1. Product Language: 1033. Manufacturer: Tailscale Inc.. Reconfiguration success or error status: 0."
"05/18/2026 2:45:47 AM","MsiInstaller","1035","Information","Windows Installer reconfigured the product. Product Name: Windows SDK Signing Tools. Product Version: 10.1.26100.7705. Product Language: 1033. Manufacturer: Microsoft Corporation. Reconfiguration success or error status: 0."
"05/18/2026 2:45:47 AM","MsiInstaller","1035","Information","Windows Installer reconfigured the product. Product Name: Windows App Certification Kit x64 (OnecoreUAP). Product Version: 10.1.26100.7705. Product Language: 1033. Manufacturer: Microsoft Corporation. Reconfiguration success or error status: 0."
"05/18/2026 2:45:47 AM","MsiInstaller","1035","Information","Windows Installer reconfigured the product. Product Name: SDK ARM64 Redistributables. Product Version: 10.1.26100.7705. Product Language: 1033. Manufacturer: Microsoft Corporation. Reconfiguration success or error status: 0."
"05/18/2026 2:45:47 AM","MsiInstaller","1035","Information","Windows Installer reconfigured the product. Product Name: Microsoft.NET.Sdk.tvOS.Manifest-10.0.100 (x64). Product Version: 26.0.11017. Product Language: 1033. Manufacturer: Microsoft Corporation. Reconfiguration success or error status: 0."
"05/18/2026 2:45:47 AM","MsiInstaller","1035","Information","Windows Installer reconfigured the product. Product Name: Windows App Certification Kit Native Components. Product Version: 10.1.26100.7705. Product Language: 1033. Manufacturer: Microsoft Corporation. Reconfiguration success or error status: 0."
"05/18/2026 2:45:47 AM","MsiInstaller","1035","Information","Windows Installer reconfigured the product. Product Name: FXCoreInstaller. Product Version: 6.13.7.0. Product Language: 1033. Manufacturer: Dell. Reconfiguration success or error status: 0."
"05/18/2026 2:45:47 AM","MsiInstaller","1035","Information","Windows Installer reconfigured the product. Product Name: Windows SDK OnecoreUap Headers x64. Product Version: 10.1.26100.7705. Product Language: 1033. Manufacturer: Microsoft Corporation. Reconfiguration success or error status: 0."
"05/18/2026 2:45:46 AM","MsiInstaller","1035","Information","Windows Installer reconfigured the product. Product Name: Microsoft Visual C++ 2008 Redistributable - x64 9.0.21022. Product Version: 9.0.21022. Product Language: 1033. Manufacturer: Microsoft Corporation. Reconfiguration success or error status: 0."
"05/18/2026 2:45:46 AM","MsiInstaller","1035","Information","Windows Installer reconfigured the product. Product Name: CMake. Product Version: 4.3.0. Product Language: 1033. Manufacturer: Kitware. Reconfiguration success or error status: 0."
"05/18/2026 2:45:46 AM","MsiInstaller","1035","Information","Windows Installer reconfigured the product. Product Name: Microsoft .NET Targeting Pack - 10.0.8 (x64). Product Version: 80.32.52183. Product Language: 1033. Manufacturer: Microsoft Corporation. Reconfiguration success or error status: 0."
"05/18/2026 2:45:46 AM","MsiInstaller","1035","Information","Windows Installer reconfigured the product. Product Name: Microsoft Visual C++ 2022 X64 Additional Runtime - 14.50.35719. Product Version: 14.50.35719. Product Language: 1033. Manufacturer: Microsoft Corporation. Reconfiguration success or error status: 0."
"05/18/2026 2:45:46 AM","MsiInstaller","1035","Information","Windows Installer reconfigured the product. Product Name: Windows App Certification Kit x64. Product Version: 10.1.26100.7705. Product Language: 1033. Manufacturer: Microsoft Corporation. Reconfiguration success or error status: 0."
"05/18/2026 2:45:45 AM","MsiInstaller","1035","Information","Windows Installer reconfigured the product. Product Name: Windows SDK Desktop Headers arm64. Product Version: 10.1.26100.7705. Product Language: 1033. Manufacturer: Microsoft Corporation. Reconfiguration success or error status: 0."
"05/18/2026 2:45:45 AM","MsiInstaller","1035","Information","Windows Installer reconfigured the product. Product Name: Windows IoT Extension SDK Contracts. Product Version: 10.1.26100.7705. Product Language: 1033. Manufacturer: Microsoft Corporation. Reconfiguration success or error status: 0."
"05/18/2026 2:45:45 AM","MsiInstaller","1035","Information","Windows Installer reconfigured the product. Product Name: Windows Desktop Extension SDK. Product Version: 10.1.26100.7705. Product Language: 1033. Manufacturer: Microsoft Corporation. Reconfiguration success or error status: 0."
"05/18/2026 2:45:45 AM","MsiInstaller","1035","Information","Windows Installer reconfigured the product. Product Name: Microsoft .NET Host - 8.0.27 (x64). Product Version: 64.108.52182. Product Language: 1033. Manufacturer: Microsoft Corporation. Reconfiguration success or error status: 0."
"05/18/2026 2:45:45 AM","MsiInstaller","1035","Information","Windows Installer reconfigured the product. Product Name: Microsoft Visual Studio Setup WMI Provider. Product Version: 3.12.2140.44225. Product Language: 1033. Manufacturer: Microsoft Corporation. Reconfiguration success or error status: 0."
"05/18/2026 2:45:45 AM","MsiInstaller","1035","Information","Windows Installer reconfigured the product. Product Name: Microsoft .NET Toolset 10.0.204 (x64). Product Version: 40.11.2218. Product Language: 1033. Manufacturer: Microsoft Corporation. Reconfiguration success or error status: 0."
"05/18/2026 2:45:45 AM","MsiInstaller","1035","Information","Windows Installer reconfigured the product. Product Name: Microsoft.NET.Workload.Mono.Toolchain.Current.Manifest-10.0.100 (x64). Product Version: 81.176.52183. Product Language: 1033. Manufacturer: Microsoft Corporation. Reconfiguration success or error status: 0."
"05/18/2026 2:45:43 AM","MsiInstaller","1035","Information","Windows Installer reconfigured the product. Product Name: Windows SDK for Windows Store Apps Contracts. Product Version: 10.1.26100.7705. Product Language: 1033. Manufacturer: Microsoft Corporation. Reconfiguration success or error status: 0."
"05/18/2026 2:45:42 AM","MsiInstaller","1035","Information","Windows Installer reconfigured the product. Product Name: Python 3.13.2 Documentation (64-bit). Product Version: 3.13.2150.0. Product Language: 1033. Manufacturer: Python Software Foundation. Reconfiguration success or error status: 0."
"05/18/2026 2:45:42 AM","MsiInstaller","1035","Information","Windows Installer reconfigured the product. Product Name: Microsoft.NET.Sdk.Android.Manifest-10.0.100 (x64). Product Version: 36.1.2. Product Language: 1033. Manufacturer: Microsoft Corporation. Reconfiguration success or error status: 0."
"05/18/2026 2:45:42 AM","MsiInstaller","1035","Information","Windows Installer reconfigured the product. Product Name: Windows SDK OnecoreUap Headers arm64. Product Version: 10.1.26100.7705. Product Language: 1033. Manufacturer: Microsoft Corporation. Reconfiguration success or error status: 0."
"05/18/2026 2:45:42 AM","MsiInstaller","1035","Information","Windows Installer reconfigured the product. Product Name: Universal General MIDI DLS Extension SDK. Product Version: 10.1.26100.7705. Product Language: 1033. Manufacturer: Microsoft Corporation. Reconfiguration success or error status: 0."
"05/18/2026 2:45:42 AM","MsiInstaller","1035","Information","Windows Installer reconfigured the product. Product Name: Microsoft Visual C++ 2012 x64 Minimum Runtime - 11.0.51106. Product Version: 11.0.51106. Product Language: 1033. Manufacturer: Microsoft Corporation. Reconfiguration success or error status: 0."
"05/18/2026 2:45:42 AM","MsiInstaller","1035","Information","Windows Installer reconfigured the product. Product Name: Windows SDK OnecoreUap Headers x86. Product Version: 10.1.26100.7705. Product Language: 1033. Manufacturer: Microsoft Corporation. Reconfiguration success or error status: 0."
"05/18/2026 2:45:42 AM","MsiInstaller","1035","Information","Windows Installer reconfigured the product. Product Name: Python 3.13.2 Tcl/Tk Support (64-bit). Product Version: 3.13.2150.0. Product Language: 1033. Manufacturer: Python Software Foundation. Reconfiguration success or error status: 0."
"05/18/2026 2:45:42 AM","MsiInstaller","1035","Information","Windows Installer reconfigured the product. Product Name: Windows Mobile Extension SDK Contracts. Product Version: 10.1.26100.7705. Product Language: 1033. Manufacturer: Microsoft Corporation. Reconfiguration success or error status: 0."
"05/18/2026 2:45:41 AM","MsiInstaller","1035","Information","Windows Installer reconfigured the product. Product Name: Windows SDK DirectX x86 Remote. Product Version: 10.1.26100.7705. Product Language: 1033. Manufacturer: Microsoft Corporation. Reconfiguration success or error status: 0."
"05/18/2026 2:45:41 AM","MsiInstaller","1035","Information","Windows Installer reconfigured the product. Product Name: SDK Debuggers. Product Version: 10.1.19041.685. Product Language: 1033. Manufacturer: Microsoft Corporation. Reconfiguration success or error status: 0."
"05/18/2026 2:45:41 AM","MsiInstaller","1035","Information","Windows Installer reconfigured the product. Product Name: vs_githubprotocolhandlermsi. Product Version: 17.14.36015. Product Language: 1033. Manufacturer: Microsoft Corporation. Reconfiguration success or error status: 0."
"05/18/2026 2:45:41 AM","MsiInstaller","1035","Information","Windows Installer reconfigured the product. Product Name: Eclipse Temurin JRE with Hotspot 21.0.6+7 (x64). Product Version: 21.0.6.7. Product Language: 1033. Manufacturer: Eclipse Adoptium. Reconfiguration success or error status: 0."
"05/18/2026 2:45:41 AM","MsiInstaller","1035","Information","Windows Installer reconfigured the product. Product Name: Windows SDK Desktop Tools x86. Product Version: 10.1.26100.7705. Product Language: 1033. Manufacturer: Microsoft Corporation. Reconfiguration success or error status: 0."
"05/18/2026 2:45:41 AM","MsiInstaller","1035","Information","Windows Installer reconfigured the product. Product Name: NVIDIA Nsight Visual Studio Edition 2025.4.0.25287. Product Version: 25.4.0.25287. Product Language: 1033. Manufacturer: NVIDIA Corporation. Reconfiguration success or error status: 0."
"05/18/2026 2:45:41 AM","MsiInstaller","1035","Information","Windows Installer reconfigured the product. Product Name: Microsoft Azure CLI (64-bit). Product Version: 2.85.0. Product Language: 1033. Manufacturer: Microsoft Corporation. Reconfiguration success or error status: 0."
"05/18/2026 2:45:40 AM","MsiInstaller","1035","Information","Windows Installer reconfigured the product. Product Name: PowerShell 7-x64. Product Version: 7.6.0.0. Product Language: 1033. Manufacturer: Microsoft Corporation. Reconfiguration success or error status: 0."
"05/18/2026 2:45:40 AM","MsiInstaller","1035","Information","Windows Installer reconfigured the product. Product Name: Windows SDK EULA. Product Version: 10.1.26100.7705. Product Language: 1033. Manufacturer: Microsoft Corporations. Reconfiguration success or error status: 0."
"05/18/2026 2:45:40 AM","MsiInstaller","1035","Information","Windows Installer reconfigured the product. Product Name: vs_CoreEditorFonts. Product Version: 17.7.40001. Product Language: 1033. Manufacturer: Microsoft Corporation. Reconfiguration success or error status: 0."
"05/18/2026 2:45:40 AM","MsiInstaller","1035","Information","Windows Installer reconfigured the product. Product Name: Windows SDK for Windows Store Apps Metadata. Product Version: 10.1.26100.7705. Product Language: 1033. Manufacturer: Microsoft Corporation. Reconfiguration success or error status: 0."
"05/18/2026 2:45:40 AM","MsiInstaller","1035","Information","Windows Installer reconfigured the product. Product Name: vs_minshellmsi. Product Version: 17.14.36301. Product Language: 1033. Manufacturer: Microsoft Corporation. Reconfiguration success or error status: 0."
"05/18/2026 2:45:39 AM","MsiInstaller","1035","Information","Windows Installer reconfigured the product. Product Name: WinRT Intellisense PPI - Other Languages. Product Version: 10.1.26100.7705. Product Language: 1033. Manufacturer: Microsoft Corporation. Reconfiguration success or error status: 0."
"05/18/2026 2:45:39 AM","MsiInstaller","1035","Information","Windows Installer reconfigured the product. Product Name: AlienwareArena. Product Version: 1.4.1. Product Language: 1033. Manufacturer: Alienware. Reconfiguration success or error status: 0."
"05/18/2026 2:45:39 AM","MsiInstaller","1035","Information","Windows Installer reconfigured the product. Product Name: Microsoft Visual C++ 2012 x86 Minimum Runtime - 11.0.61030. Product Version: 11.0.61030. Product Language: 1033. Manufacturer: Microsoft Corporation. Reconfiguration success or error status: 0."
"05/18/2026 2:45:39 AM","MsiInstaller","1035","Information","Windows Installer reconfigured the product. Product Name: WinRT Intellisense Desktop - en-us. Product Version: 10.1.26100.7705. Product Language: 1033. Manufacturer: Microsoft Corporation. Reconfiguration success or error status: 0."
"05/18/2026 2:45:39 AM","MsiInstaller","1035","Information","Windows Installer reconfigured the product. Product Name: Microsoft Windows Desktop Runtime - 9.0.16 (x64). Product Version: 72.64.52194. Product Language: 1033. Manufacturer: Microsoft Corporation. Reconfiguration success or error status: 0."
"05/18/2026 2:45:39 AM","MsiInstaller","1035","Information","Windows Installer reconfigured the product. Product Name: Windows SDK EULA. Product Version: 10.1.19041.685. Product Language: 1033. Manufacturer: Microsoft Corporations. Reconfiguration success or error status: 0."
"05/18/2026 2:45:39 AM","MsiInstaller","1035","Information","Windows Installer reconfigured the product. Product Name: Microsoft .NET 10.0 Templates 10.0.204 x64. Product Version: 40.11.2218. Product Language: 1033. Manufacturer: Microsoft Corporation. Reconfiguration success or error status: 0."
"05/18/2026 2:45:39 AM","MsiInstaller","1035","Information","Windows Installer reconfigured the product. Product Name: Microsoft.NET.Sdk.iOS.Manifest-10.0.100 (x64). Product Version: 26.0.11017. Product Language: 1033. Manufacturer: Microsoft Corporation. Reconfiguration success or error status: 0."
"05/18/2026 2:45:39 AM","MsiInstaller","1035","Information","Windows Installer reconfigured the product. Product Name: Microsoft .NET Host FX Resolver - 10.0.8 (x64). Product Version: 80.32.52183. Product Language: 1033. Manufacturer: Microsoft Corporation. Reconfiguration success or error status: 0."
"05/18/2026 2:45:38 AM","MsiInstaller","1035","Information","Windows Installer reconfigured the product. Product Name: Python 3.13.2 Test Suite (64-bit). Product Version: 3.13.2150.0. Product Language: 1033. Manufacturer: Python Software Foundation. Reconfiguration success or error status: 0."
"05/18/2026 2:45:38 AM","MsiInstaller","1035","Information","Windows Installer reconfigured the product. Product Name: Microsoft Windows Desktop Runtime - 6.0.30 (x64). Product Version: 48.120.13587. Product Language: 1033. Manufacturer: Microsoft Corporation. Reconfiguration success or error status: 0."
"05/18/2026 2:45:38 AM","MsiInstaller","1035","Information","Windows Installer reconfigured the product. Product Name: Microsoft .NET Host - 6.0.30 (x64). Product Version: 48.120.13561. Product Language: 1033. Manufacturer: Microsoft Corporation. Reconfiguration success or error status: 0."
"05/18/2026 2:45:38 AM","MsiInstaller","1035","Information","Windows Installer reconfigured the product. Product Name: Windows SDK for Windows Store Apps DirectX x86 Remote. Product Version: 10.1.26100.7705. Product Language: 1033. Manufacturer: Microsoft Corporation. Reconfiguration success or error status: 0."
"05/18/2026 2:45:38 AM","MsiInstaller","1035","Information","Windows Installer reconfigured the product. Product Name: Windows SDK ARM64 Desktop Tools. Product Version: 10.1.26100.7705. Product Language: 1033. Manufacturer: Microsoft Corporation. Reconfiguration success or error status: 0."
"05/18/2026 2:45:38 AM","MsiInstaller","1035","Information","Windows Installer reconfigured the product. Product Name: vs_communityx64msi. Product Version: 17.14.36025. Product Language: 1033. Manufacturer: Microsoft Corporation. Reconfiguration success or error status: 0."
"05/18/2026 2:45:38 AM","MsiInstaller","1035","Information","Windows Installer reconfigured the product. Product Name: Windows SDK for Windows Store Apps. Product Version: 10.1.26100.7705. Product Language: 1033. Manufacturer: Microsoft Corporation. Reconfiguration success or error status: 0."
"05/18/2026 2:45:38 AM","MsiInstaller","1035","Information","Windows Installer reconfigured the product. Product Name: DiagnosticsHub_CollectionService. Product Version: 17.14.36412. Product Language: 1033. Manufacturer: Microsoft Corporation. Reconfiguration success or error status: 0."
"05/18/2026 2:45:37 AM","MsiInstaller","1035","Information","Windows Installer reconfigured the product. Product Name: Universal CRT Headers Libraries and Sources. Product Version: 10.1.26100.7705. Product Language: 1033. Manufacturer: Microsoft Corporation. Reconfiguration success or error status: 0."
"05/18/2026 2:45:37 AM","MsiInstaller","1035","Information","Windows Installer reconfigured the product. Product Name: WinRT Intellisense UAP - Other Languages. Product Version: 10.1.26100.7705. Product Language: 1033. Manufacturer: Microsoft Corporation. Reconfiguration success or error status: 0."
"05/18/2026 2:45:37 AM","MsiInstaller","1035","Information","Windows Installer reconfigured the product. Product Name: Windows SDK Desktop Libs x64. Product Version: 10.1.26100.7705. Product Language: 1033. Manufacturer: Microsoft Corporation. Reconfiguration success or error status: 0."
"05/18/2026 2:45:37 AM","MsiInstaller","1035","Information","Windows Installer reconfigured the product. Product Name: CoreInstaller. Product Version: 6.13.7.0. Product Language: 1033. Manufacturer: Dell Inc.. Reconfiguration success or error status: 0."
"05/18/2026 2:45:37 AM","MsiInstaller","1035","Information","Windows Installer reconfigured the product. Product Name: Microsoft.NET.Workload.Emscripten.net9.Manifest-10.0.100 (x64). Product Version: 81.176.52183. Product Language: 1033. Manufacturer: Microsoft Corporation. Reconfiguration success or error status: 0."
"05/18/2026 2:45:37 AM","MsiInstaller","1035","Information","Windows Installer reconfigured the product. Product Name: Visual C++ 64-bit Redistributables. Product Version: 1.2.0.5555. Product Language: 1033. Manufacturer: PACE Anti-Piracy, Inc.. Reconfiguration success or error status: 0."
"05/18/2026 2:45:37 AM","MsiInstaller","1035","Information","Windows Installer reconfigured the product. Product Name: Microsoft Visual C++ 2012 x86 Additional Runtime - 11.0.61030. Product Version: 11.0.61030. Product Language: 1033. Manufacturer: Microsoft Corporation. Reconfiguration success or error status: 0."
"05/18/2026 2:45:37 AM","MsiInstaller","1035","Information","Windows Installer reconfigured the product. Product Name: Dell Core Services. Product Version: 1.13.23.0. Product Language: 1033. Manufacturer: Dell, Inc.. Reconfiguration success or error status: 0."
"05/18/2026 2:45:36 AM","MsiInstaller","1035","Information","Windows Installer reconfigured the product. Product Name: Ableton Push Driver v5.68.0. Product Version: 5.68.0. Product Language: 1033. Manufacturer: Ableton. Reconfiguration success or error status: 0."
"05/18/2026 2:45:36 AM","MsiInstaller","1035","Information","Windows Installer reconfigured the product. Product Name: Universal CRT Extension SDK. Product Version: 10.1.26100.7705. Product Language: 1033. Manufacturer: Microsoft Corporation. Reconfiguration success or error status: 0."
"05/18/2026 2:45:36 AM","MsiInstaller","1035","Information","Windows Installer reconfigured the product. Product Name: Microsoft .NET Runtime - 10.0.8 (x64). Product Version: 80.32.52183. Product Language: 1033. Manufacturer: Microsoft Corporation. Reconfiguration success or error status: 0."
"05/18/2026 2:45:36 AM","MsiInstaller","1035","Information","Windows Installer reconfigured the product. Product Name: License Support. Product Version: 1.2.0.5555. Product Language: 1033. Manufacturer: PACE Anti-Piracy, Inc.. Reconfiguration success or error status: 0."
"05/18/2026 2:45:36 AM","MsiInstaller","1035","Information","Windows Installer reconfigured the product. Product Name: Windows SDK Facade Windows WinMD Versioned. Product Version: 10.1.26100.7705. Product Language: 1033. Manufacturer: Microsoft Corporation. Reconfiguration success or error status: 0."
"05/18/2026 2:45:36 AM","MsiInstaller","1035","Information","Windows Installer reconfigured the product. Product Name: Universal CRT Redistributable. Product Version: 10.0.26624. Product Language: 1033. Manufacturer: Microsoft Corporation. Reconfiguration success or error status: 0."
"05/18/2026 2:45:36 AM","MsiInstaller","1035","Information","Windows Installer reconfigured the product. Product Name: vs_communitymsires. Product Version: 17.14.36015. Product Language: 1033. Manufacturer: Microsoft Corporation. Reconfiguration success or error status: 0."
"05/18/2026 2:45:36 AM","MsiInstaller","1035","Information","Windows Installer reconfigured the product. Product Name: SupportAssist Recovery Assistant. Product Version: 5.5.10.19019. Product Language: 1033. Manufacturer: Dell Inc.. Reconfiguration success or error status: 0."
"05/18/2026 2:45:36 AM","MsiInstaller","1035","Information","Windows Installer reconfigured the product. Product Name: Dell Connected Service Delivery. Product Version: 1.1.1.0. Product Language: 1033. Manufacturer: Dell Technologies, Inc.. Reconfiguration success or error status: 0."
"05/18/2026 2:45:35 AM","MsiInstaller","1035","Information","Windows Installer reconfigured the product. Product Name: Microsoft.NET.Sdk.Maui.Manifest-10.0.100 (x64). Product Version: 10.0.0. Product Language: 1033. Manufacturer: Microsoft Corporation. Reconfiguration success or error status: 0."
"05/18/2026 2:45:35 AM","MsiInstaller","1035","Information","Windows Installer reconfigured the product. Product Name: Microsoft.NET.Workload.Mono.Toolchain.net6.Manifest-10.0.100 (x64). Product Version: 81.176.52183. Product Language: 1033. Manufacturer: Microsoft Corporation. Reconfiguration success or error status: 0."
"05/18/2026 2:45:35 AM","MsiInstaller","1035","Information","Windows Installer reconfigured the product. Product Name: Visual C++ Redistributables. Product Version: 1.2.0.5555. Product Language: 1033. Manufacturer: PACE Anti-Piracy, Inc.. Reconfiguration success or error status: 0."
"05/18/2026 2:45:35 AM","MsiInstaller","1035","Information","Windows Installer reconfigured the product. Product Name: Microsoft .NET Runtime - 8.0.27 (x64). Product Version: 64.108.52182. Product Language: 1033. Manufacturer: Microsoft Corporation. Reconfiguration success or error status: 0."
"05/18/2026 2:45:35 AM","MsiInstaller","1035","Information","Windows Installer reconfigured the product. Product Name: Python Launcher. Product Version: 3.13.2150.0. Product Language: 1033. Manufacturer: Python Software Foundation. Reconfiguration success or error status: 0."
"05/18/2026 2:45:35 AM","MsiInstaller","1035","Information","Windows Installer reconfigured the product. Product Name: Microsoft.NET.Workload.Emscripten.Current.Manifest-10.0.100 (x64). Product Version: 81.176.52183. Product Language: 1033. Manufacturer: Microsoft Corporation. Reconfiguration success or error status: 0."
"05/18/2026 2:45:35 AM","MsiInstaller","1035","Information","Windows Installer reconfigured the product. Product Name: Native Instruments Service Center. Product Version: 2.4.4.1428. Product Language: 1033. Manufacturer: Native Instruments. Reconfiguration success or error status: 0."
"05/18/2026 2:45:35 AM","MsiInstaller","1035","Information","Windows Installer reconfigured the product. Product Name: Microsoft Visual Studio Setup Configuration. Product Version: 3.12.2140.44225. Product Language: 1033. Manufacturer: Microsoft Corporation. Reconfiguration success or error status: 0."
"05/18/2026 2:45:35 AM","MsiInstaller","1035","Information","Windows Installer reconfigured the product. Product Name: Python 3.13.2 Development Libraries (64-bit). Product Version: 3.13.2150.0. Product Language: 1033. Manufacturer: Python Software Foundation. Reconfiguration success or error status: 0."
"05/18/2026 2:45:35 AM","MsiInstaller","1035","Information","Windows Installer reconfigured the product. Product Name: Windows SDK Desktop Headers x86. Product Version: 10.1.26100.7705. Product Language: 1033. Manufacturer: Microsoft Corporation. Reconfiguration success or error status: 0."
"05/18/2026 2:45:34 AM","MsiInstaller","1035","Information","Windows Installer reconfigured the product. Product Name: WinRT Intellisense IoT - Other Languages. Product Version: 10.1.26100.7705. Product Language: 1033. Manufacturer: Microsoft Corporation. Reconfiguration success or error status: 0."
"05/18/2026 2:45:34 AM","MsiInstaller","1035","Information","Windows Installer reconfigured the product. Product Name: Windows Mobile Extension SDK. Product Version: 10.1.26100.7705. Product Language: 1033. Manufacturer: Microsoft Corporation. Reconfiguration success or error status: 0."
"05/18/2026 2:45:34 AM","MsiInstaller","1035","Information","Windows Installer reconfigured the product. Product Name: WinRT Intellisense Mobile - en-us. Product Version: 10.1.26100.7705. Product Language: 1033. Manufacturer: Microsoft Corporation. Reconfiguration success or error status: 0."
"05/18/2026 2:45:34 AM","MsiInstaller","1035","Information","Windows Installer reconfigured the product. Product Name: Windows IoT Extension SDK. Product Version: 10.1.26100.7705. Product Language: 1033. Manufacturer: Microsoft Corporation. Reconfiguration success or error status: 0."
"05/18/2026 2:45:34 AM","MsiInstaller","1035","Information","Windows Installer reconfigured the product. Product Name: Microsoft Windows Desktop Runtime - 8.0.27 (x64). Product Version: 64.108.52193. Product Language: 1033. Manufacturer: Microsoft Corporation. Reconfiguration success or error status: 0."
"05/18/2026 2:45:34 AM","MsiInstaller","1035","Information","Windows Installer reconfigured the product. Product Name: Microsoft .NET Host FX Resolver - 9.0.16 (x64). Product Version: 72.64.52183. Product Language: 1033. Manufacturer: Microsoft Corporation. Reconfiguration success or error status: 0."
"05/18/2026 2:45:34 AM","MsiInstaller","1035","Information","Windows Installer reconfigured the product. Product Name: Python 3.13.2 Executables (64-bit). Product Version: 3.13.2150.0. Product Language: 1033. Manufacturer: Python Software Foundation. Reconfiguration success or error status: 0."
"05/18/2026 2:45:34 AM","MsiInstaller","1035","Information","Windows Installer reconfigured the product. Product Name: Microsoft.NET.Workload.Mono.Toolchain.net7.Manifest-10.0.100 (x64). Product Version: 81.176.52183. Product Language: 1033. Manufacturer: Microsoft Corporation. Reconfiguration success or error status: 0."
"05/18/2026 2:45:34 AM","MsiInstaller","1035","Information","Windows Installer reconfigured the product. Product Name: SDK ARM64 Additions. Product Version: 10.1.26100.7705. Product Language: 1033. Manufacturer: Microsoft Corporation. Reconfiguration success or error status: 0."
"05/18/2026 2:45:34 AM","MsiInstaller","1035","Information","Windows Installer reconfigured the product. Product Name: Windows SDK Desktop Tools x64. Product Version: 10.1.26100.7705. Product Language: 1033. Manufacturer: Microsoft Corporation. Reconfiguration success or error status: 0."
"05/18/2026 2:45:33 AM","MsiInstaller","1035","Information","Windows Installer reconfigured the product. Product Name: Microsoft GameInput. Product Version: 3.3.182.0. Product Language: 1033. Manufacturer: Microsoft Corporation. Reconfiguration success or error status: 0."
"05/18/2026 2:45:33 AM","MsiInstaller","1035","Information","Windows Installer reconfigured the product. Product Name: Fusion Service. Product Version: 2.2.14.0. Product Language: 1033. Manufacturer: Dell.Inc. Reconfiguration success or error status: 0."
"05/18/2026 2:45:33 AM","MsiInstaller","1035","Information","Windows Installer reconfigured the product. Product Name: Universal CRT Tools x86. Product Version: 10.1.26100.7705. Product Language: 1033. Manufacturer: Microsoft Corporation. Reconfiguration success or error status: 0."
"05/18/2026 2:45:33 AM","MsiInstaller","1035","Information","Windows Installer reconfigured the product. Product Name: GitHub CLI. Product Version: 2.92.0. Product Language: 1033. Manufacturer: GitHub, Inc.. Reconfiguration success or error status: 0."
"05/18/2026 2:45:33 AM","MsiInstaller","1035","Information","Windows Installer reconfigured the product. Product Name: Application Verifier x64 External Package (OnecoreUAP). Product Version: 10.1.26100.7705. Product Language: 1033. Manufacturer: Microsoft. Reconfiguration success or error status: 0."
"05/18/2026 2:45:33 AM","MsiInstaller","1035","Information","Windows Installer reconfigured the product. Product Name: Windows SDK. Product Version: 10.1.26100.7705. Product Language: 1033. Manufacturer: Microsoft Corporation. Reconfiguration success or error status: 0."
"05/18/2026 2:45:33 AM","MsiInstaller","1035","Information","Windows Installer reconfigured the product. Product Name: Microsoft .NET Runtime - 9.0.16 (x64). Product Version: 72.64.52183. Product Language: 1033. Manufacturer: Microsoft Corporation. Reconfiguration success or error status: 0."
"05/18/2026 2:45:33 AM","MsiInstaller","1035","Information","Windows Installer reconfigured the product. Product Name: Python 3.13.2 Standard Library (64-bit). Product Version: 3.13.2150.0. Product Language: 1033. Manufacturer: Python Software Foundation. Reconfiguration success or error status: 0."
"05/18/2026 2:45:33 AM","MsiInstaller","1035","Information","Windows Installer reconfigured the product. Product Name: Microsoft Visual C++ 2022 X64 Debug Runtime - 14.44.35211. Product Version: 14.44.35211. Product Language: 1033. Manufacturer: Microsoft Corporation. Reconfiguration success or error status: 0."
"05/18/2026 2:45:32 AM","MsiInstaller","1035","Information","Windows Installer reconfigured the product. Product Name: Node.js. Product Version: 24.14.1. Product Language: 1033. Manufacturer: Node.js Foundation. Reconfiguration success or error status: 0."
"05/18/2026 2:45:32 AM","MsiInstaller","1035","Information","Windows Installer reconfigured the product. Product Name: Microsoft.NET.Workload.Emscripten.net6.Manifest-10.0.100 (x64). Product Version: 81.176.52183. Product Language: 1033. Manufacturer: Microsoft Corporation. Reconfiguration success or error status: 0."
"05/18/2026 2:45:32 AM","MsiInstaller","1035","Information","Windows Installer reconfigured the product. Product Name: Alienware FX Display002. Product Version: 6.13.3.0. Product Language: 1033. Manufacturer: Dell Inc.. Reconfiguration success or error status: 0."
"05/18/2026 2:45:32 AM","MsiInstaller","1035","Information","Windows Installer reconfigured the product. Product Name: Python 3.13.2 Add to Path (64-bit). Product Version: 3.13.2150.0. Product Language: 1033. Manufacturer: Python Software Foundation. Reconfiguration success or error status: 0."
"05/18/2026 2:45:32 AM","MsiInstaller","1035","Information","Windows Installer reconfigured the product. Product Name: vs_filehandler_amd64. Product Version: 17.14.36024. Product Language: 1033. Manufacturer: Microsoft Corporation. Reconfiguration success or error status: 0."
"05/18/2026 2:45:32 AM","MsiInstaller","1035","Information","Windows Installer reconfigured the product. Product Name: Microsoft .NET Host FX Resolver - 6.0.30 (x64). Product Version: 48.120.13561. Product Language: 1033. Manufacturer: Microsoft Corporation. Reconfiguration success or error status: 0."
"05/18/2026 2:45:32 AM","MsiInstaller","1035","Information","Windows Installer reconfigured the product. Product Name: Windows SDK Desktop Tools arm64. Product Version: 10.1.26100.7705. Product Language: 1033. Manufacturer: Microsoft Corporation. Reconfiguration success or error status: 0."
"05/18/2026 2:45:32 AM","MsiInstaller","1035","Information","Windows Installer reconfigured the product. Product Name: Microsoft ASP.NET Core Targeting Pack - 10.0.8 (x64). Product Version: 80.32.52183. Product Language: 1033. Manufacturer: Microsoft Corporation. Reconfiguration success or error status: 0."
"05/18/2026 2:45:32 AM","MsiInstaller","1035","Information","Windows Installer reconfigured the product. Product Name: Dell SupportAssist. Product Version: 5.0.1.2516. Product Language: 1033. Manufacturer: Dell Inc.. Reconfiguration success or error status: 0."
"05/18/2026 2:45:31 AM","MsiInstaller","1035","Information","Windows Installer reconfigured the product. Product Name: vs_minshellsharedmsi. Product Version: 17.14.36024. Product Language: 1033. Manufacturer: Microsoft Corporation. Reconfiguration success or error status: 0."
"05/18/2026 2:45:31 AM","MsiInstaller","1035","Information","Windows Installer reconfigured the product. Product Name: vs_minshellinteropsharedmsi. Product Version: 17.14.36015. Product Language: 1033. Manufacturer: Microsoft Corporation. Reconfiguration success or error status: 0."
"05/18/2026 2:45:31 AM","MsiInstaller","1035","Information","Windows Installer reconfigured the product. Product Name: Kits Configuration Installer. Product Version: 10.1.19041.685. Product Language: 1033. Manufacturer: Microsoft. Reconfiguration success or error status: 0."
"05/18/2026 2:45:31 AM","MsiInstaller","1035","Information","Windows Installer reconfigured the product. Product Name: vs_minshellmsires. Product Version: 17.14.36015. Product Language: 1033. Manufacturer: Microsoft Corporation. Reconfiguration success or error status: 0."
"05/18/2026 2:45:31 AM","MsiInstaller","1035","Information","Windows Installer reconfigured the product. Product Name: Microsoft.NET.Workload.Emscripten.net8.Manifest-10.0.100 (x64). Product Version: 81.176.52183. Product Language: 1033. Manufacturer: Microsoft Corporation. Reconfiguration success or error status: 0."
"05/18/2026 2:45:30 AM","MsiInstaller","1035","Information","Windows Installer reconfigured the product. Product Name: Microsoft.NET.Sdk.macOS.Manifest-10.0.100 (x64). Product Version: 26.0.11017. Product Language: 1033. Manufacturer: Microsoft Corporation. Reconfiguration success or error status: 0."
"05/18/2026 2:45:30 AM","MsiInstaller","1035","Information","Windows Installer reconfigured the product. Product Name: Python 3.13.2 pip Bootstrap (64-bit). Product Version: 3.13.2150.0. Product Language: 1033. Manufacturer: Python Software Foundation. Reconfiguration success or error status: 0."
"05/18/2026 2:45:30 AM","MsiInstaller","1035","Information","Windows Installer reconfigured the product. Product Name: Windows SDK Desktop Libs arm64. Product Version: 10.1.26100.7705. Product Language: 1033. Manufacturer: Microsoft Corporation. Reconfiguration success or error status: 0."
"05/18/2026 2:45:30 AM","MsiInstaller","1035","Information","Windows Installer reconfigured the product. Product Name: Microsoft.NET.Workload.Mono.Toolchain.net9.Manifest-10.0.100 (x64). Product Version: 81.176.52183. Product Language: 1033. Manufacturer: Microsoft Corporation. Reconfiguration success or error status: 0."
"05/18/2026 2:45:30 AM","MsiInstaller","1035","Information","Windows Installer reconfigured the product. Product Name: vcpp_crt.redist.clickonce. Product Version: 14.44.35211. Product Language: 1033. Manufacturer: Microsoft Corporation. Reconfiguration success or error status: 0."
"05/18/2026 2:45:30 AM","MsiInstaller","1035","Information","Windows Installer reconfigured the product. Product Name: vs_FileTracker_Singleton. Product Version: 17.14.36015. Product Language: 1033. Manufacturer: Microsoft Corporation. Reconfiguration success or error status: 0."
"05/18/2026 2:45:30 AM","MsiInstaller","1035","Information","Windows Installer reconfigured the product. Product Name: Windows SDK for Windows Store Apps Headers OnecoreUap. Product Version: 10.1.26100.7705. Product Language: 1033. Manufacturer: Microsoft Corporation. Reconfiguration success or error status: 0."
"05/18/2026 2:45:30 AM","MsiInstaller","1035","Information","Windows Installer reconfigured the product. Product Name: WinAppDeploy. Product Version: 10.1.26100.7705. Product Language: 1033. Manufacturer: Microsoft Corporation. Reconfiguration success or error status: 0."
"05/18/2026 2:45:30 AM","MsiInstaller","1035","Information","Windows Installer reconfigured the product. Product Name: Arturia USB MIDI Driver v1.6.0. Product Version: 1.6.0. Product Language: 1033. Manufacturer: Arturia. Reconfiguration success or error status: 0."
"05/18/2026 2:45:29 AM","MsiInstaller","1035","Information","Windows Installer reconfigured the product. Product Name: Windows SDK for Windows Store Managed Apps Libs. Product Version: 10.1.26100.7705. Product Language: 1033. Manufacturer: Microsoft Corporation. Reconfiguration success or error status: 0."
"05/18/2026 2:45:29 AM","MsiInstaller","1035","Information","Windows Installer reconfigured the product. Product Name: Windows SDK DirectX x64 Remote. Product Version: 10.1.26100.7705. Product Language: 1033. Manufacturer: Microsoft Corporation. Reconfiguration success or error status: 0."
"05/18/2026 2:45:29 AM","MsiInstaller","1035","Information","Windows Installer reconfigured the product. Product Name: Windows SDK for Windows Store Apps Headers. Product Version: 10.1.26100.7705. Product Language: 1033. Manufacturer: Microsoft Corporation. Reconfiguration success or error status: 0."
"05/18/2026 2:45:29 AM","MsiInstaller","1035","Information","Windows Installer reconfigured the product. Product Name: M-Audio M-Track Solo and Duo 1.0.3. Product Version: 1.0.3. Product Language: 1033. Manufacturer: M-Audio. Reconfiguration success or error status: 0."
"05/18/2026 2:45:29 AM","MsiInstaller","1035","Information","Windows Installer reconfigured the product. Product Name: Microsoft .NET Host - 10.0.8 (x64). Product Version: 80.32.52183. Product Language: 1033. Manufacturer: Microsoft Corporation. Reconfiguration success or error status: 0."
"05/18/2026 2:45:29 AM","MsiInstaller","1035","Information","Windows Installer reconfigured the product. Product Name: vs_communitysharedmsi. Product Version: 17.14.36025. Product Language: 1033. Manufacturer: Microsoft Corporation. Reconfiguration success or error status: 0."
"05/18/2026 2:45:29 AM","MsiInstaller","1035","Information","Windows Installer reconfigured the product. Product Name: Microsoft Visual C++ 2008 Redistributable - x86 9.0.30729.6161. Product Version: 9.0.30729.6161. Product Language: 1033. Manufacturer: Microsoft Corporation. Reconfiguration success or error status: 0."
"05/18/2026 2:45:29 AM","MsiInstaller","1035","Information","Windows Installer reconfigured the product. Product Name: LibreOffice 25.2.0.3. Product Version: 25.2.0.3. Product Language: 1033. Manufacturer: The Document Foundation. Reconfiguration success or error status: 0."
"05/18/2026 2:45:27 AM","MsiInstaller","1035","Information","Windows Installer reconfigured the product. Product Name: Windows SDK Modern Versioned Developer Tools. Product Version: 10.1.26100.7705. Product Language: 1033. Manufacturer: Microsoft Corporation. Reconfiguration success or error status: 0."
"05/18/2026 2:45:27 AM","MsiInstaller","1035","Information","Windows Installer reconfigured the product. Product Name: Microsoft .NET AppHost Pack - 10.0.8 (x64). Product Version: 80.32.52183. Product Language: 1033. Manufacturer: Microsoft Corporation. Reconfiguration success or error status: 0."
"05/18/2026 2:45:27 AM","MsiInstaller","1035","Information","Windows Installer reconfigured the product. Product Name: Windows SDK Modern Non-Versioned Developer Tools. Product Version: 10.1.26100.7705. Product Language: 1033. Manufacturer: Microsoft Corporation. Reconfiguration success or error status: 0."
"05/18/2026 2:45:27 AM","MsiInstaller","1035","Information","Windows Installer reconfigured the product. Product Name: Microsoft Windows Desktop Runtime - 10.0.8 (x64). Product Version: 80.32.52183. Product Language: 1033. Manufacturer: Microsoft Corporation. Reconfiguration success or error status: 0."
"05/18/2026 2:45:27 AM","MsiInstaller","1035","Information","Windows Installer reconfigured the product. Product Name: Microsoft.NET.Workload.Emscripten.net7.Manifest-10.0.100 (x64). Product Version: 81.176.52183. Product Language: 1033. Manufacturer: Microsoft Corporation. Reconfiguration success or error status: 0."
"05/18/2026 2:45:27 AM","MsiInstaller","1035","Information","Windows Installer reconfigured the product. Product Name: Dell Connected Service Delivery SubAgent. Product Version: 1.0.0.0. Product Language: 1033. Manufacturer: Dell Technologies, Inc.. Reconfiguration success or error status: 0."
"05/18/2026 2:45:27 AM","MsiInstaller","1035","Information","Windows Installer reconfigured the product. Product Name: Windows Subsystem for Linux. Product Version: 2.6.3.0. Product Language: 1033. Manufacturer: Microsoft Corporation. Reconfiguration success or error status: 0."
"05/18/2026 2:45:27 AM","MsiInstaller","1035","Information","Windows Installer reconfigured the product. Product Name: Dell Digital Delivery Services. Product Version: 5.6.3.0. Product Language: 1033. Manufacturer: Dell Inc.. Reconfiguration success or error status: 0."
"05/18/2026 2:45:26 AM","MsiInstaller","1035","Information","Windows Installer reconfigured the product. Product Name: Microsoft Visual C++ 2008 Redistributable - x64 9.0.30729.6161. Product Version: 9.0.30729.6161. Product Language: 1033. Manufacturer: Microsoft Corporation. Reconfiguration success or error status: 0."
"05/18/2026 2:45:26 AM","MsiInstaller","1035","Information","Windows Installer reconfigured the product. Product Name: vs_minshellinteropmsi. Product Version: 17.14.36015. Product Language: 1033. Manufacturer: Microsoft Corporation. Reconfiguration success or error status: 0."
"05/18/2026 2:45:26 AM","MsiInstaller","1035","Information","Windows Installer reconfigured the product. Product Name: vs_vswebprotocolselectormsi. Product Version: 17.14.36323. Product Language: 1033. Manufacturer: Microsoft Corporation. Reconfiguration success or error status: 0."
"05/18/2026 2:45:26 AM","MsiInstaller","1035","Information","Windows Installer reconfigured the product. Product Name: Python 3.13.2 Core Interpreter (64-bit). Product Version: 3.13.2150.0. Product Language: 1033. Manufacturer: Python Software Foundation. Reconfiguration success or error status: 0."
"05/18/2026 2:45:26 AM","MsiInstaller","1035","Information","Windows Installer reconfigured the product. Product Name: Microsoft .NET Runtime - 6.0.30 (x64). Product Version: 48.120.13561. Product Language: 1033. Manufacturer: Microsoft Corporation. Reconfiguration success or error status: 0."
"05/18/2026 2:45:26 AM","MsiInstaller","1035","Information","Windows Installer reconfigured the product. Product Name: Microsoft Visual C++ 2022 X86 Minimum Runtime - 14.44.35211. Product Version: 14.44.35211. Product Language: 1033. Manufacturer: Microsoft Corporation. Reconfiguration success or error status: 0."
"05/18/2026 2:45:26 AM","MsiInstaller","1035","Information","Windows Installer reconfigured the product. Product Name: WinRT Intellisense UAP - en-us. Product Version: 10.1.26100.7705. Product Language: 1033. Manufacturer: Microsoft Corporation. Reconfiguration success or error status: 0."
"05/18/2026 2:45:26 AM","MsiInstaller","1035","Information","Windows Installer reconfigured the product. Product Name: Windows SDK for Windows Store Apps Libs. Product Version: 10.1.26100.7705. Product Language: 1033. Manufacturer: Microsoft Corporation. Reconfiguration success or error status: 0."
"05/18/2026 2:45:26 AM","MsiInstaller","1035","Information","Windows Installer reconfigured the product. Product Name: Universal CRT Tools x64. Product Version: 10.1.26100.7705. Product Language: 1033. Manufacturer: Microsoft Corporation. Reconfiguration success or error status: 0."
"05/18/2026 2:45:26 AM","MsiInstaller","1035","Information","Windows Installer reconfigured the product. Product Name: OpenOffice 4.1.16. Product Version: 4.116.9816. Product Language: 1033. Manufacturer: Apache Software Foundation. Reconfiguration success or error status: 0."
"05/18/2026 2:45:25 AM","MsiInstaller","1035","Information","Windows Installer reconfigured the product. Product Name: Windows SDK for Windows Store Apps Tools. Product Version: 10.1.26100.7705. Product Language: 1033. Manufacturer: Microsoft Corporation. Reconfiguration success or error status: 0."
"05/18/2026 2:45:25 AM","MsiInstaller","1035","Information","Windows Installer reconfigured the product. Product Name: Dell SupportAssist OS Recovery Plugin for Dell Update. Product Version: 5.5.16.1. Product Language: 1033. Manufacturer: Dell Inc.. Reconfiguration success or error status: 0."
"05/18/2026 2:45:25 AM","MsiInstaller","1035","Information","Windows Installer reconfigured the product. Product Name: Windows SDK Redistributables. Product Version: 10.1.26100.7705. Product Language: 1033. Manufacturer: Microsoft Corporation. Reconfiguration success or error status: 0."
"05/18/2026 2:45:25 AM","MsiInstaller","1035","Information","Windows Installer reconfigured the product. Product Name: Microsoft Visual C++ 2012 x64 Additional Runtime - 11.0.51106. Product Version: 11.0.51106. Product Language: 1033. Manufacturer: Microsoft Corporation. Reconfiguration success or error status: 0."
"05/18/2026 2:45:25 AM","MsiInstaller","1035","Information","Windows Installer reconfigured the product. Product Name: WinRT Intellisense Desktop - Other Languages. Product Version: 10.1.26100.7705. Product Language: 1033. Manufacturer: Microsoft Corporation. Reconfiguration success or error status: 0."
"05/18/2026 2:45:25 AM","MsiInstaller","1035","Information","Windows Installer reconfigured the product. Product Name: Microsoft Windows Desktop Targeting Pack - 10.0.8 (x64). Product Version: 80.32.52183. Product Language: 1033. Manufacturer: Microsoft Corporation. Reconfiguration success or error status: 0."
"05/18/2026 2:45:25 AM","MsiInstaller","1035","Information","Windows Installer reconfigured the product. Product Name: Microsoft ASP.NET Core Runtime - 10.0.8 (x64). Product Version: 80.32.52183. Product Language: 1033. Manufacturer: Microsoft Corporation. Reconfiguration success or error status: 0."
"05/18/2026 2:45:25 AM","MsiInstaller","1035","Information","Windows Installer reconfigured the product. Product Name: MSI Development Tools. Product Version: 10.1.26100.7705. Product Language: 1033. Manufacturer: Microsoft Corporation. Reconfiguration success or error status: 0."
"05/18/2026 2:45:25 AM","MsiInstaller","1035","Information","Windows Installer reconfigured the product. Product Name: AWIOSmartInstaller. Product Version: 6.13.6.0. Product Language: 1033. Manufacturer: Dell Inc.. Reconfiguration success or error status: 0."
"05/18/2026 2:45:25 AM","MsiInstaller","1035","Information","Windows Installer reconfigured the product. Product Name: Microsoft .NET Host FX Resolver - 8.0.27 (x64). Product Version: 64.108.52182. Product Language: 1033. Manufacturer: Microsoft Corporation. Reconfiguration success or error status: 0."
"05/18/2026 2:45:25 AM","MsiInstaller","1035","Information","Windows Installer reconfigured the product. Product Name: NVIDIA Nsight Compute 2025.4.0. Product Version: 25.4.0.0. Product Language: 1033. Manufacturer: NVIDIA Corporation. Reconfiguration success or error status: 0."
"05/18/2026 2:45:24 AM","MsiInstaller","1035","Information","Windows Installer reconfigured the product. Product Name: Dell SupportAssist Remediation. Product Version: 5.5.15.1. Product Language: 1033. Manufacturer: Dell Inc.. Reconfiguration success or error status: 0."
"05/18/2026 2:45:24 AM","MsiInstaller","1035","Information","Windows Installer reconfigured the product. Product Name: FXELCInstaller. Product Version: 6.13.7.0. Product Language: 1033. Manufacturer: Dell. Reconfiguration success or error status: 0."
"05/18/2026 2:45:24 AM","MsiInstaller","1035","Information","Windows Installer reconfigured the product. Product Name: Windows Team Extension SDK Contracts. Product Version: 10.1.26100.7705. Product Language: 1033. Manufacturer: Microsoft Corporation. Reconfiguration success or error status: 0."
"05/18/2026 2:45:24 AM","MsiInstaller","1035","Information","Windows Installer reconfigured the product. Product Name: Windows Team Extension SDK. Product Version: 10.1.26100.7705. Product Language: 1033. Manufacturer: Microsoft Corporation. Reconfiguration success or error status: 0."
"05/18/2026 2:45:24 AM","MsiInstaller","1035","Information","Windows Installer reconfigured the product. Product Name: Application Verifier x64 External Package (DesktopEditions). Product Version: 10.1.26100.7705. Product Language: 1033. Manufacturer: Microsoft. Reconfiguration success or error status: 0."
"05/18/2026 2:45:24 AM","MsiInstaller","1035","Information","Windows Installer reconfigured the product. Product Name: VS Script Debugging Common. Product Version: 17.0.157.0. Product Language: 1033. Manufacturer: Microsoft Corporation. Reconfiguration success or error status: 0."
"05/18/2026 2:45:24 AM","MsiInstaller","1035","Information","Windows Installer reconfigured the product. Product Name: WinRT Intellisense IoT - en-us. Product Version: 10.1.26100.7705. Product Language: 1033. Manufacturer: Microsoft Corporation. Reconfiguration success or error status: 0."
"05/18/2026 2:45:24 AM","MsiInstaller","1035","Information","Windows Installer reconfigured the product. Product Name: Ableton Live 12 Suite. Product Version: 12.0.0.0. Product Language: 1033. Manufacturer: Ableton. Reconfiguration success or error status: 0."
"05/18/2026 2:45:21 AM","MsiInstaller","1035","Information","Windows Installer reconfigured the product. Product Name: Windows Desktop Extension SDK Contracts. Product Version: 10.1.26100.7705. Product Language: 1033. Manufacturer: Microsoft Corporation. Reconfiguration success or error status: 0."
"05/18/2026 2:45:21 AM","MsiInstaller","1035","Information","Windows Installer reconfigured the product. Product Name: WinRT Intellisense PPI - en-us. Product Version: 10.1.26100.7705. Product Language: 1033. Manufacturer: Microsoft Corporation. Reconfiguration success or error status: 0."
"05/18/2026 2:45:21 AM","MsiInstaller","1035","Information","Windows Installer reconfigured the product. Product Name: Microsoft.NET.Workload.Mono.Toolchain.net8.Manifest-10.0.100 (x64). Product Version: 81.176.52183. Product Language: 1033. Manufacturer: Microsoft Corporation. Reconfiguration success or error status: 0."
"05/18/2026 2:45:20 AM","MsiInstaller","1035","Information","Windows Installer reconfigured the product. Product Name: Universal CRT Redistributable. Product Version: 10.1.26100.7705. Product Language: 1033. Manufacturer: Microsoft Corporation. Reconfiguration success or error status: 0."
"05/18/2026 2:45:20 AM","MsiInstaller","1035","Information","Windows Installer reconfigured the product. Product Name: Microsoft Visual C++ 2022 X86 Additional Runtime - 14.44.35211. Product Version: 14.44.35211. Product Language: 1033. Manufacturer: Microsoft Corporation. Reconfiguration success or error status: 0."
"05/18/2026 2:45:20 AM","MsiInstaller","1035","Information","Windows Installer reconfigured the product. Product Name: Windows SDK Desktop Headers x64. Product Version: 10.1.26100.7705. Product Language: 1033. Manufacturer: Microsoft Corporation. Reconfiguration success or error status: 0."
"05/18/2026 2:45:20 AM","MsiInstaller","1035","Information","Windows Installer reconfigured the product. Product Name: Windows SDK AddOn. Product Version: 10.1.0.0. Product Language: 1033. Manufacturer: Microsoft Corporation. Reconfiguration success or error status: 0."
"05/18/2026 2:45:20 AM","MsiInstaller","1035","Information","Windows Installer reconfigured the product. Product Name: Microsoft .NET Host - 9.0.16 (x64). Product Version: 72.64.52183. Product Language: 1033. Manufacturer: Microsoft Corporation. Reconfiguration success or error status: 0."
"05/18/2026 2:45:20 AM","MsiInstaller","1035","Information","Windows Installer reconfigured the product. Product Name: Microsoft.NET.Sdk.MacCatalyst.Manifest-10.0.100 (x64). Product Version: 26.0.11017. Product Language: 1033. Manufacturer: Microsoft Corporation. Reconfiguration success or error status: 0."
"05/18/2026 2:45:20 AM","MsiInstaller","1035","Information","Windows Installer reconfigured the product. Product Name: Microsoft Visual C++ 2022 X86 Debug Runtime - 14.44.35211. Product Version: 14.44.35211. Product Language: 1033. Manufacturer: Microsoft Corporation. Reconfiguration success or error status: 0."
"05/18/2026 2:45:20 AM","MsiInstaller","1035","Information","Windows Installer reconfigured the product. Product Name: Windows App Certification Kit SupportedApiList x86. Product Version: 10.1.26100.7705. Product Language: 1033. Manufacturer: Microsoft Corporation. Reconfiguration success or error status: 0."
"05/18/2026 2:45:20 AM","MsiInstaller","1035","Information","Windows Installer reconfigured the product. Product Name: Microsoft Visual C++ 2022 X64 Minimum Runtime - 14.50.35719. Product Version: 14.50.35719. Product Language: 1033. Manufacturer: Microsoft Corporation. Reconfiguration success or error status: 0."
"05/18/2026 2:45:20 AM","MsiInstaller","1035","Information","Windows Installer reconfigured the product. Product Name: vs_filehandler_x86. Product Version: 17.14.36024. Product Language: 1033. Manufacturer: Microsoft Corporation. Reconfiguration success or error status: 0."
"05/18/2026 2:45:20 AM","MsiInstaller","1035","Information","Windows Installer reconfigured the product. Product Name: AWDisplay001Installer. Product Version: 6.13.6.0. Product Language: 1033. Manufacturer: Dell Inc.. Reconfiguration success or error status: 0."
"05/18/2026 2:45:20 AM","MsiInstaller","1035","Information","Windows Installer reconfigured the product. Product Name: NVIDIA Nsight Systems 2025.5.2. Product Version: 25.5.2.266. Product Language: 1033. Manufacturer: NVIDIA Corporation. Reconfiguration success or error status: 0."
"05/18/2026 2:45:19 AM","MsiInstaller","1035","Information","Windows Installer reconfigured the product. Product Name: GameLibrarySetup. Product Version: 6.13.6.0. Product Language: 1033. Manufacturer: Dell Inc.. Reconfiguration success or error status: 0."
"05/18/2026 2:45:19 AM","MsiInstaller","1035","Information","Windows Installer reconfigured the product. Product Name: Native Instruments Battery 4. Product Version: 4.1.0.2330. Product Language: 1033. Manufacturer: Native Instruments. Reconfiguration success or error status: 0."
"05/18/2026 2:45:19 AM","MsiInstaller","1035","Information","Windows Installer reconfigured the product. Product Name: XtuInstaller_Legacy. Product Version: 2.13.4.0. Product Language: 1033. Manufacturer: DELL inc.. Reconfiguration success or error status: 0."
"05/18/2026 2:45:19 AM","MsiInstaller","1035","Information","Windows Installer reconfigured the product. Product Name: FXDeviceInstaller. Product Version: 6.13.0. Product Language: 1033. Manufacturer: Dell, Inc.. Reconfiguration success or error status: 0."
"05/18/2026 2:45:19 AM","MsiInstaller","1035","Information","Windows Installer reconfigured the product. Product Name: Windows SDK Desktop Libs x86. Product Version: 10.1.26100.7705. Product Language: 1033. Manufacturer: Microsoft Corporation. Reconfiguration success or error status: 0."
"05/18/2026 2:45:19 AM","MsiInstaller","1035","Information","Windows Installer reconfigured the product. Product Name: Tailscale. Product Version: 1.98.1. Product Language: 1033. Manufacturer: Tailscale Inc.. Reconfiguration success or error status: 0."
"05/18/2026 2:45:19 AM","MsiInstaller","1035","Information","Windows Installer reconfigured the product. Product Name: Windows SDK Signing Tools. Product Version: 10.1.26100.7705. Product Language: 1033. Manufacturer: Microsoft Corporation. Reconfiguration success or error status: 0."
"05/18/2026 2:45:19 AM","MsiInstaller","1035","Information","Windows Installer reconfigured the product. Product Name: Windows App Certification Kit x64 (OnecoreUAP). Product Version: 10.1.26100.7705. Product Language: 1033. Manufacturer: Microsoft Corporation. Reconfiguration success or error status: 0."
"05/18/2026 2:45:18 AM","MsiInstaller","1035","Information","Windows Installer reconfigured the product. Product Name: SDK ARM64 Redistributables. Product Version: 10.1.26100.7705. Product Language: 1033. Manufacturer: Microsoft Corporation. Reconfiguration success or error status: 0."
"05/18/2026 2:45:18 AM","MsiInstaller","1035","Information","Windows Installer reconfigured the product. Product Name: Microsoft.NET.Sdk.tvOS.Manifest-10.0.100 (x64). Product Version: 26.0.11017. Product Language: 1033. Manufacturer: Microsoft Corporation. Reconfiguration success or error status: 0."
"05/18/2026 2:45:18 AM","MsiInstaller","1035","Information","Windows Installer reconfigured the product. Product Name: Windows App Certification Kit Native Components. Product Version: 10.1.26100.7705. Product Language: 1033. Manufacturer: Microsoft Corporation. Reconfiguration success or error status: 0."
"05/18/2026 2:45:18 AM","MsiInstaller","1035","Information","Windows Installer reconfigured the product. Product Name: FXCoreInstaller. Product Version: 6.13.7.0. Product Language: 1033. Manufacturer: Dell. Reconfiguration success or error status: 0."
"05/18/2026 2:45:18 AM","MsiInstaller","1035","Information","Windows Installer reconfigured the product. Product Name: Windows SDK OnecoreUap Headers x64. Product Version: 10.1.26100.7705. Product Language: 1033. Manufacturer: Microsoft Corporation. Reconfiguration success or error status: 0."
"05/18/2026 2:45:18 AM","MsiInstaller","1035","Information","Windows Installer reconfigured the product. Product Name: Microsoft Visual C++ 2008 Redistributable - x64 9.0.21022. Product Version: 9.0.21022. Product Language: 1033. Manufacturer: Microsoft Corporation. Reconfiguration success or error status: 0."
"05/18/2026 2:45:18 AM","MsiInstaller","1035","Information","Windows Installer reconfigured the product. Product Name: CMake. Product Version: 4.3.0. Product Language: 1033. Manufacturer: Kitware. Reconfiguration success or error status: 0."
"05/18/2026 2:45:17 AM","MsiInstaller","1035","Information","Windows Installer reconfigured the product. Product Name: Microsoft .NET Targeting Pack - 10.0.8 (x64). Product Version: 80.32.52183. Product Language: 1033. Manufacturer: Microsoft Corporation. Reconfiguration success or error status: 0."
"05/18/2026 2:45:17 AM","MsiInstaller","1035","Information","Windows Installer reconfigured the product. Product Name: Microsoft Visual C++ 2022 X64 Additional Runtime - 14.50.35719. Product Version: 14.50.35719. Product Language: 1033. Manufacturer: Microsoft Corporation. Reconfiguration success or error status: 0."
"05/18/2026 2:45:17 AM","MsiInstaller","1035","Information","Windows Installer reconfigured the product. Product Name: Windows App Certification Kit x64. Product Version: 10.1.26100.7705. Product Language: 1033. Manufacturer: Microsoft Corporation. Reconfiguration success or error status: 0."
"05/18/2026 2:45:17 AM","MsiInstaller","1035","Information","Windows Installer reconfigured the product. Product Name: Windows SDK Desktop Headers arm64. Product Version: 10.1.26100.7705. Product Language: 1033. Manufacturer: Microsoft Corporation. Reconfiguration success or error status: 0."
"05/18/2026 2:45:17 AM","MsiInstaller","1035","Information","Windows Installer reconfigured the product. Product Name: Windows IoT Extension SDK Contracts. Product Version: 10.1.26100.7705. Product Language: 1033. Manufacturer: Microsoft Corporation. Reconfiguration success or error status: 0."
"05/18/2026 2:45:17 AM","MsiInstaller","1035","Information","Windows Installer reconfigured the product. Product Name: Windows Desktop Extension SDK. Product Version: 10.1.26100.7705. Product Language: 1033. Manufacturer: Microsoft Corporation. Reconfiguration success or error status: 0."
"05/18/2026 2:45:17 AM","MsiInstaller","1035","Information","Windows Installer reconfigured the product. Product Name: Microsoft .NET Host - 8.0.27 (x64). Product Version: 64.108.52182. Product Language: 1033. Manufacturer: Microsoft Corporation. Reconfiguration success or error status: 0."
"05/18/2026 2:45:17 AM","MsiInstaller","1035","Information","Windows Installer reconfigured the product. Product Name: Microsoft Visual Studio Setup WMI Provider. Product Version: 3.12.2140.44225. Product Language: 1033. Manufacturer: Microsoft Corporation. Reconfiguration success or error status: 0."
"05/18/2026 2:45:16 AM","MsiInstaller","1035","Information","Windows Installer reconfigured the product. Product Name: Microsoft .NET Toolset 10.0.204 (x64). Product Version: 40.11.2218. Product Language: 1033. Manufacturer: Microsoft Corporation. Reconfiguration success or error status: 0."
"05/18/2026 2:45:16 AM","MsiInstaller","1035","Information","Windows Installer reconfigured the product. Product Name: Microsoft.NET.Workload.Mono.Toolchain.Current.Manifest-10.0.100 (x64). Product Version: 81.176.52183. Product Language: 1033. Manufacturer: Microsoft Corporation. Reconfiguration success or error status: 0."
"05/18/2026 2:25:03 AM","Microsoft-Windows-Security-SPP","16384","Information","Successfully scheduled Software Protection service for re-start at 2126-04-23T23:25:03Z. Reason: RulesEngine."
"05/18/2026 2:24:11 AM","Microsoft-Windows-Security-SPP","16394","Information","Offline downlevel migration succeeded."
"05/18/2026 2:19:23 AM","SecurityCenter","15","Information","Updated Windows Defender status successfully to SECURITY_PRODUCT_STATE_ON."
"05/18/2026 2:17:28 AM","Microsoft-Windows-Security-SPP","16384","Information","Successfully scheduled Software Protection service for re-start at 2126-04-23T23:17:28Z. Reason: RulesEngine."
"05/18/2026 2:17:23 AM","Chrome","256","Information","[33236:2616:0518/021723.779:INFO:chrome\browser\extensions\extension_garbage_collector.cc:188] Garbage collection for extensions on file thread is complete."
"05/18/2026 2:16:45 AM","Microsoft-Windows-Security-SPP","16394","Information","Offline downlevel migration succeeded."
"05/18/2026 2:15:41 AM","Chrome","256","Information","[27404:30696:0518/021541.986:INFO:chrome\browser\extensions\extension_garbage_collector.cc:188] Garbage collection for extensions on file thread is complete."
"05/18/2026 2:11:53 AM","Alloy","1","Information","ts=2026-05-17T23:11:53.8024154Z level=info msg=""Done replaying WAL"" component_path=/ component_id=prometheus.remote_write.metrics_service subcomponent=rw remote_name=8e9b58 url=https://prometheus-prod-65-prod-eu-west-2.grafana.net/api/prom/push duration=46.4743403s
"
"05/18/2026 2:11:38 AM","Microsoft-Windows-Security-SPP","903","Information","The Software Protection service has stopped.
"
"05/18/2026 2:11:38 AM","Microsoft-Windows-Security-SPP","16384","Information","Successfully scheduled Software Protection service for re-start at 2126-04-23T23:11:38Z. Reason: RulesEngine."
"05/18/2026 2:11:10 AM","SecurityCenter","15","Information","Updated Windows Defender status successfully to SECURITY_PRODUCT_STATE_ON."
"05/18/2026 2:11:09 AM","Intel Network Helper Service","0","Information","Service started successfully."
"05/18/2026 2:11:08 AM","SecurityCenter","1","Information","The Windows Security Center Service has started."
"05/18/2026 2:11:08 AM","KNDBWM","0","Information","Service started successfully."
"05/18/2026 2:11:08 AM","KNDBWM","0","Information","Starting KNDBWM.exe "
"05/18/2026 2:11:08 AM","KNDBWM","0","Information","envar KNDBWM_HOME=C:\Windows\System32\drivers\RivetNetworks\Killer"
"05/18/2026 2:11:07 AM","SupportAssistAgent","0","Information","Service started successfully."
"05/18/2026 2:11:07 AM","Microsoft-Windows-Security-SPP","902","Information","The Software Protection service has started.
10.0.26100.8457"
"05/18/2026 2:11:07 AM","Microsoft-Windows-Security-SPP","1003","Information","The Software Protection service has completed licensing status check.
Application Id=55c92734-d682-4d71-983e-d6ec3f16059f
Licensing Status=
1: 0567073a-7d74-403b-b2d5-6b35da372d8d, 1, 0 [(0 [0xC004F014, 0, 0], [(?)(?)(?)(?)(?)(?)(?)(?)])(1 )(2 )(3 )]
2: 1b750385-9fe2-49a8-ab55-149d0546395b, 1, 0 [(0 [0xC004F014, 0, 0], [(?)(?)(?)(?)(?)(?)(?)(?)])(1 )(2 )(3 )]
3: 1d873132-f09f-4eb2-bf5a-2e4fb48935e8, 1, 1 [(0 )(1 )(2 [0x00000000, 1, 0], [(?)( 1 0x00000000)(?)(?)(?)(?)( 10 0x00000000 msft:rm/algorithm/flags/1.0)(?)])(3 )]
4: 2b1f36bb-c1cd-4306-bf5c-a0367c2d97d8, 1, 0 [(0 [0xC004F014, 0, 0], [(?)(?)(?)(?)(?)(?)(?)(?)])(1 )(2 )(3 )]
5: 30d469c6-a78f-4476-b5c8-af78d5b6a5fb, 1, 0 [(0 [0xC004F014, 0, 0], [(?)(?)(?)(?)(?)(?)(?)(?)])(1 )(2 )(3 )]
6: 3ae2cc14-ab2d-41f4-972f-5e20142771dc, 1, 0 [(0 [0xC004F014, 0, 0], [(?)(?)(?)(?)(?)(?)(?)(?)])(1 )(2 )(3 )]
7: 4002e33a-524c-4100-8108-131a0d42c0ea, 1, 0 [(0 [0xC004F014, 0, 0], [(?)(?)(?)(?)(?)(?)(?)(?)])(1 )(2 )(3 )]
8: 411b3d4f-be6d-4a06-baaa-9cabfc256cae, 1, 0 [(0 [0xC004F014, 0, 0], [(?)(?)(?)(?)(?)(?)(?)(?)])(1 )(2 )(3 )]
9: 58e97c99-f377-4ef1-81d5-4ad5522b5fd8, 1, 0 [(0 [0xC004F014, 0, 0], [(?)(?)(?)(?)(?)(?)(?)(?)])(1 )(2 )(3 )]
10: 653098ee-780d-4863-8cf2-d18399ce413b, 1, 0 [(0 [0xC004F014, 0, 0], [(?)(?)(?)(?)(?)(?)(?)(?)])(1 )(2 )(3 )]
11: 74436dbb-cc17-46de-867f-14906ba4a938, 1, 0 [(0 [0xC004F014, 0, 0], [(?)(?)(?)(?)(?)(?)(?)(?)])(1 )(2 )(3 )]
12: 8a292df8-d653-4057-8133-a0701792f912, 1, 0 [(0 [0xC004F014, 0, 0], [(?)(?)(?)(?)(?)(?)(?)(?)])(1 )(2 )(3 )]
13: 8db63db6-4f8f-46d6-a448-66444faaaa72, 1, 0 [(0 [0xC004F014, 0, 0], [(?)(?)(?)(?)(?)(?)(?)(?)])(1 )(2 )(3 )]
14: cd918a57-a41b-4c82-8dce-1a538e221a83, 1, 0 [(0 [0xC004F014, 0, 0], [(?)(?)(?)(?)(?)(?)(?)(?)])(1 )(2 )(3 )]
15: da9621af-f086-4244-b563-18611e51aa1a, 1, 0 [(0 [0xC004F014, 0, 0], [(?)(?)(?)(?)(?)(?)(?)(?)])(1 )(2 )(3 )]
16: e371d89a-73e8-4b24-a7ff-23a3641dd18e, 1, 0 [(0 [0xC004F014, 0, 0], [(?)(?)(?)(?)(?)(?)(?)(?)])(1 )(2 )(3 )]
17: ed799377-74b8-4989-a244-14d082e65972, 1, 0 [(0 [0xC004F014, 0, 0], [(?)(?)(?)(?)(?)(?)(?)(?)])(1 )(2 )(3 )]

"
"05/18/2026 2:11:07 AM","Microsoft-Windows-Security-SPP","1066","Information","Initialization status for service objects.
C:\Windows\system32\sppwinob.dll, msft:spp/windowsfunctionality/agent/7.0, 0x00000000, 0x00000000
C:\Windows\system32\sppobjs.dll, msft:rm/algorithm/inherited/1.0, 0x00000000, 0x00000000
C:\Windows\system32\sppobjs.dll, msft:rm/algorithm/phone/1.0, 0x00000000, 0x00000000
C:\Windows\system32\sppobjs.dll, msft:rm/algorithm/pkey/detect, 0x00000000, 0x00000000
C:\Windows\system32\sppobjs.dll, msft:spp/ActionScheduler/1.0, 0x00000000, 0x00000000
C:\Windows\system32\sppobjs.dll, msft:spp/TaskScheduler/1.0, 0x00000000, 0x00000000
C:\Windows\system32\sppobjs.dll, msft:spp/statecollector/pkey, 0x00000000, 0x00000000
C:\Windows\system32\sppobjs.dll, msft:spp/volume/services/kms/1.0, 0x00000000, 0x00000000
C:\Windows\system32\sppobjs.dll, msft:spp/volume/services/kms/activationinfo/1.0, 0x00000000, 0x00000000
"
"05/18/2026 2:11:07 AM","Microsoft-Windows-Security-SPP","16394","Information","Offline downlevel migration succeeded."
"05/18/2026 2:11:07 AM","Microsoft-Windows-Security-SPP","900","Information","The Software Protection service is starting.
Parameters:<explicit>"
"05/18/2026 2:11:07 AM","Alloy","1","Information","ts=2026-05-17T23:11:07.3930968Z level=info msg=""now listening for http traffic"" service=http addr=127.0.0.1:12345
"
"05/18/2026 2:11:07 AM","Alloy","1","Information","ts=2026-05-17T23:11:07.3925776Z level=info msg=""failed to register collector with remote server"" service=remotecfg id=eaef18c9-07d5-40fc-bd32-8ed1e4a2e2c5 name="""" err=""noop client""
ts=2026-05-17T23:11:07.3925776Z level=info msg=""peers changed"" service=cluster peers_count=1 min_cluster_size=0 peers=specimbaPC
"
"05/18/2026 2:11:07 AM","Alloy","1","Information","ts=2026-05-17T23:11:07.3920523Z level=info msg=""starting cluster node"" service=cluster peers_count=0 peers="""" advertise_addr=127.0.0.1:12345 minimum_cluster_size=0 minimum_size_wait_timeout=0s
"
"05/18/2026 2:11:07 AM","Alloy","1","Information","ts=2026-05-17T23:11:07.3910009Z level=info source=/__w/alloy/alloy/internal/runtime/internal/controller/loader.go:218 msg=""finished node evaluation"" controller_path=/ controller_id="""" trace_id=2b876bb6ee9098cabc180009b0ab76d3 node_id=livedebugging duration=0s
ts=2026-05-17T23:11:07.3910009Z level=info source=/__w/alloy/alloy/internal/runtime/internal/controller/loader.go:218 msg=""finished node evaluation"" controller_path=/ controller_id="""" trace_id=2b876bb6ee9098cabc180009b0ab76d3 node_id=ui duration=0s
ts=2026-05-17T23:11:07.3910009Z level=info source=/__w/alloy/alloy/internal/runtime/internal/controller/loader.go:205 msg=""finished complete graph evaluation"" controller_path=/ controller_id="""" trace_id=2b876bb6ee9098cabc180009b0ab76d3 duration=959.0671ms
ts=2026-05-17T23:11:07.3910009Z level=info source=/__w/alloy/alloy/internal/runtime/alloy.go:287 msg=""scheduling loaded components and services"" controller_id=""""
"
"05/18/2026 2:11:07 AM","Alloy","1","Information","ts=2026-05-17T23:11:07.3910009Z level=info source=/__w/alloy/alloy/internal/runtime/internal/controller/loader.go:218 msg=""finished node evaluation"" controller_path=/ controller_id="""" trace_id=2b876bb6ee9098cabc180009b0ab76d3 node_id=prometheus.scrape.alloy_check duration=1.0461ms
"
"05/18/2026 2:11:07 AM","Alloy","1","Information","ts=2026-05-17T23:11:07.3899548Z level=info source=/__w/alloy/alloy/internal/runtime/internal/controller/loader.go:218 msg=""finished node evaluation"" controller_path=/ controller_id="""" trace_id=2b876bb6ee9098cabc180009b0ab76d3 node_id=prometheus.relabel.alloy_check duration=0s
"
"05/18/2026 2:11:07 AM","Alloy","1","Information","ts=2026-05-17T23:11:07.3899548Z level=info source=/__w/alloy/alloy/internal/runtime/internal/controller/loader.go:218 msg=""finished node evaluation"" controller_path=/ controller_id="""" trace_id=2b876bb6ee9098cabc180009b0ab76d3 node_id=prometheus.scrape.integrations_windows_exporter duration=61.3604ms
"
"05/18/2026 2:11:07 AM","Killer Provider Data Helper Service","0",,
"05/18/2026 2:11:07 AM","Alloy","1","Information","ts=2026-05-17T23:11:07.3291151Z level=info msg=""Replaying WAL"" component_path=/ component_id=prometheus.remote_write.metrics_service subcomponent=rw remote_name=8e9b58 url=https://prometheus-prod-65-prod-eu-west-2.grafana.net/api/prom/push queue=8e9b58
"
"05/18/2026 2:11:07 AM","Alloy","1","Information","ts=2026-05-17T23:11:07.3285944Z level=info source=/__w/alloy/alloy/internal/runtime/internal/controller/loader.go:218 msg=""finished node evaluation"" controller_path=/ controller_id="""" trace_id=2b876bb6ee9098cabc180009b0ab76d3 node_id=prometheus.relabel.integrations_windows_exporter duration=519.3µs
"
"05/18/2026 2:11:07 AM","Alloy","1","Information","ts=2026-05-17T23:11:07.3280751Z level=info msg=""Starting scraped metadata watcher"" component_path=/ component_id=prometheus.remote_write.metrics_service subcomponent=rw remote_name=8e9b58 url=https://prometheus-prod-65-prod-eu-west-2.grafana.net/api/prom/push
ts=2026-05-17T23:11:07.3280751Z level=info source=/__w/alloy/alloy/internal/runtime/internal/controller/loader.go:218 msg=""finished node evaluation"" controller_path=/ controller_id="""" trace_id=2b876bb6ee9098cabc180009b0ab76d3 node_id=prometheus.remote_write.metrics_service duration=90.9306ms
"
"05/18/2026 2:11:07 AM","Alloy","1","Information","ts=2026-05-17T23:11:07.3280751Z level=info msg=""Starting WAL watcher"" component_path=/ component_id=prometheus.remote_write.metrics_service subcomponent=rw remote_name=8e9b58 url=https://prometheus-prod-65-prod-eu-west-2.grafana.net/api/prom/push queue=8e9b58
"
"05/18/2026 2:11:07 AM","Alloy","1","Information","ts=2026-05-17T23:11:07.3253409Z level=info msg=""WAL segment loaded"" component_path=/ component_id=prometheus.remote_write.metrics_service subcomponent=wal segment=98 maxSegment=98
"
"05/18/2026 2:11:07 AM","Alloy","1","Information","ts=2026-05-17T23:11:07.3253409Z level=info msg=""WAL segment loaded"" component_path=/ component_id=prometheus.remote_write.metrics_service subcomponent=wal segment=97 maxSegment=98
"
"05/18/2026 2:11:07 AM","Alloy","1","Information","ts=2026-05-17T23:11:07.3091372Z level=info msg=""WAL segment loaded"" component_path=/ component_id=prometheus.remote_write.metrics_service subcomponent=wal segment=96 maxSegment=98
"
"05/18/2026 2:11:07 AM","Alloy","1","Information","ts=2026-05-17T23:11:07.2874381Z level=info msg=""WAL segment loaded"" component_path=/ component_id=prometheus.remote_write.metrics_service subcomponent=wal segment=95 maxSegment=98
"
"05/18/2026 2:11:07 AM","Alloy","1","Information","ts=2026-05-17T23:11:07.268256Z level=info msg=""WAL segment loaded"" component_path=/ component_id=prometheus.remote_write.metrics_service subcomponent=wal segment=94 maxSegment=98
"
"05/18/2026 2:11:07 AM","Alloy","1","Information","ts=2026-05-17T23:11:07.2539591Z level=info msg=""WAL checkpoint loaded"" component_path=/ component_id=prometheus.remote_write.metrics_service subcomponent=wal
"
"05/18/2026 2:11:07 AM","Alloy","1","Information","ts=2026-05-17T23:11:07.2398002Z level=info msg=""replaying WAL, this may take a while"" component_path=/ component_id=prometheus.remote_write.metrics_service subcomponent=wal dir=C:\ProgramData\GrafanaLabs\Alloy\data\prometheus.remote_write.metrics_service\wal
"
"05/18/2026 2:11:07 AM","Alloy","1","Warning","ts=2026-05-17T23:11:07.2371445Z level=warn msg=""the `cs` collector is removed - its metrics are in the `os`, `memory`, and `cpu` collectors"" component_path=/ component_id=prometheus.exporter.windows.integrations_windows_exporter
ts=2026-05-17T23:11:07.2371445Z level=info msg=""enabled windows_exporter collectors"" component_path=/ component_id=prometheus.exporter.windows.integrations_windows_exporter collectors=cpu,diskdrive,gpu,logical_disk,memory,net,os,service,system,time
ts=2026-05-17T23:11:07.2371445Z level=info msg=""nic/addresses collector is in an experimental state! The configuration and metrics may change in future. Please report any issues."" component_path=/ component_id=prometheus.exporter.windows.integrations_windows_exporter collector=net
ts=2026-05-17T23:11:07.2361051Z level=info source=/__w/alloy/alloy/internal/runtime/internal/controller/loader.go:218 msg=""finished node evaluation"" controller_path=/ controller_id="""" trace_id=2b876bb6ee9098cabc180009b0ab76d3 node_id=prometheus.exporter.windows.integrations_windows_exporter duration=758.8782ms
ts=2026-05-17T23:11:07.2361051Z level=info source=/__w/alloy/alloy/internal/runtime/internal/controller/loader.go:218 msg=""finished node evaluation"" controller_path=/ controller_id="""" trace_id=2b876bb6ee9098cabc180009b0ab76d3 node_id=discovery.relabel.integrations_windows_exporter duration=0s
ts=2026-05-17T23:11:07.2361051Z level=info source=/__w/alloy/alloy/internal/runtime/internal/controller/loader.go:218 msg=""finished node evaluation"" controller_path=/ controller_id="""" trace_id=2b876bb6ee9098cabc180009b0ab76d3 node_id=tracing duration=0s
ts=2026-05-17T23:11:07.2371445Z level=info source=/__w/alloy/alloy/internal/runtime/internal/controller/loader.go:218 msg=""finished node evaluation"" controller_path=/ controller_id="""" trace_id=2b876bb6ee9098cabc180009b0ab76d3 node_id=logging duration=1.0394ms
ts=2026-05-17T23:11:07.2371445Z level=info source=/__w/alloy/alloy/internal/runtime/internal/controller/loader.go:218 msg=""finished node evaluation"" controller_path=/ controller_id="""" trace_id=2b876bb6ee9098cabc180009b0ab76d3 node_id=labelstore duration=0s
"
"05/18/2026 2:11:07 AM","Alloy","1","Information","ts=2026-05-17T23:11:07.2361051Z level=info msg=""no peer discovery configured: both join and discover peers are empty"" service=cluster
ts=2026-05-17T23:11:07.2361051Z level=info msg=""running usage stats reporter""
ts=2026-05-17T23:11:06.4342019Z level=info source=/__w/alloy/alloy/internal/runtime/internal/controller/loader.go:201 msg=""starting complete graph evaluation"" controller_path=/ controller_id="""" trace_id=2b876bb6ee9098cabc180009b0ab76d3
ts=2026-05-17T23:11:06.4353121Z level=info source=/__w/alloy/alloy/internal/runtime/internal/controller/loader.go:218 msg=""finished node evaluation"" controller_path=/ controller_id="""" trace_id=2b876bb6ee9098cabc180009b0ab76d3 node_id=remotecfg duration=1.1102ms
ts=2026-05-17T23:11:07.2366263Z level=info msg=""applying non-TLS config to HTTP server"" service=http
ts=2026-05-17T23:11:06.4353121Z level=info source=/__w/alloy/alloy/internal/runtime/internal/controller/loader.go:218 msg=""finished node evaluation"" controller_path=/ controller_id="""" trace_id=2b876bb6ee9098cabc180009b0ab76d3 node_id=http duration=0s
ts=2026-05-17T23:11:06.4353121Z level=info source=/__w/alloy/alloy/internal/runtime/internal/controller/loader.go:218 msg=""finished node evaluation"" controller_path=/ controller_id="""" trace_id=2b876bb6ee9098cabc180009b0ab76d3 node_id=cluster duration=0s
ts=2026-05-17T23:11:06.4362312Z level=info source=/__w/alloy/alloy/internal/runtime/internal/controller/loader.go:218 msg=""finished node evaluation"" controller_path=/ controller_id="""" trace_id=2b876bb6ee9098cabc180009b0ab76d3 node_id=prometheus.exporter.self.alloy_check duration=919.1µs
ts=2026-05-17T23:11:06.4367356Z level=info source=/__w/alloy/alloy/internal/runtime/internal/controller/loader.go:218 msg=""finished node evaluation"" controller_path=/ controller_id="""" trace_id=2b876bb6ee9098cabc180009b0ab76d3 node_id=discovery.relabel.alloy_check duration=504.4µs
ts=2026-05-17T23:11:06.4367356Z level=info source=/__w/alloy/alloy/internal/runtime/internal/controller/loader.go:218 msg=""finished node evaluation"" controller_path=/ controller_id="""" trace_id=2b876bb6ee9098cabc180009b0ab76d3 node_id=otel duration=0s
ts=2026-05-17T23:11:06.4394467Z level=info source=/__w/alloy/alloy/internal/runtime/internal/controller/loader.go:218 msg=""finished node evaluation"" controller_path=/ controller_id="""" trace_id=2b876bb6ee9098cabc180009b0ab76d3 node_id=loki.write.grafana_cloud_loki duration=2.7111ms
ts=2026-05-17T23:11:06.4455873Z level=info source=/__w/alloy/alloy/internal/runtime/internal/controller/loader.go:218 msg=""finished node evaluation"" controller_path=/ controller_id="""" trace_id=2b876bb6ee9098cabc180009b0ab76d3 node_id=loki.process.logs_integrations_windows_exporter_application duration=6.1406ms
ts=2026-05-17T23:11:06.4461126Z level=info source=/__w/alloy/alloy/internal/runtime/internal/controller/loader.go:218 msg=""finished node evaluation"" controller_path=/ controller_id="""" trace_id=2b876bb6ee9098cabc180009b0ab76d3 node_id=loki.relabel.logs_integrations_windows_exporter_application duration=525.3µs
ts=2026-05-17T23:11:06.4603106Z level=info source=/__w/alloy/alloy/internal/runtime/internal/controller/loader.go:218 msg=""finished node evaluation"" controller_path=/ controller_id="""" trace_id=2b876bb6ee9098cabc180009b0ab76d3 node_id=loki.source.windowsevent.logs_integrations_windows_exporter_application duration=14.198ms
ts=2026-05-17T23:11:06.4609424Z level=info source=/__w/alloy/alloy/internal/runtime/internal/controller/loader.go:218 msg=""finished node evaluation"" controller_path=/ controller_id="""" trace_id=2b876bb6ee9098cabc180009b0ab76d3 node_id=loki.process.logs_integrations_windows_exporter_system duration=631.8µs
ts=2026-05-17T23:11:06.4609424Z level=info source=/__w/alloy/alloy/internal/runtime/internal/controller/loader.go:218 msg=""finished node evaluation"" controller_path=/ controller_id="""" trace_id=2b876bb6ee9098cabc180009b0ab76d3 node_id=loki.relabel.logs_integrations_windows_exporter_system duration=0s
ts=2026-05-17T23:11:06.4772269Z level=info source=/__w/alloy/alloy/internal/runtime/internal/controller/loader.go:218 msg=""finished node evaluation"" controller_path=/ controller_id="""" trace_id=2b876bb6ee9098cabc180009b0ab76d3 node_id=loki.source.windowsevent.logs_integrations_windows_exporter_system duration=16.2845ms
"
"05/18/2026 2:11:07 AM","Alloy","1","Information","ts=2026-05-17T23:11:07.2361051Z level=info boringcrypto_enabled=false
"
"05/18/2026 2:11:05 AM","FusionService","0","Information","Service started successfully."
"05/18/2026 2:11:03 AM","edgeupdate","0","Information","Service stopped."
"05/18/2026 2:11:03 AM","DellConnectedServiceDelivery","0","Information","Service started successfully."
"05/18/2026 2:11:02 AM","Dell SupportAssist Remediation","0","Information","Service started successfully."
"05/18/2026 2:11:02 AM","Dell Digital Delivery Services","0","Information","Service started successfully."
"05/18/2026 2:11:01 AM","Alloy","1","Information","level=info msg=""starting program"" command=""C:\\Program Files\\GrafanaLabs\\Alloy\\alloy-windows-amd64.exe run C:\\Program Files\\GrafanaLabs\\Alloy\\config.alloy --storage.path=C:\\ProgramData\\GrafanaLabs\\Alloy\\data""
"
"05/18/2026 2:10:36 AM","DellClientManagementService","0","Information","Service started successfully."
"05/18/2026 2:09:42 AM","XTUService","0","Information","Service started successfully."
"05/18/2026 2:09:13 AM","Microsoft-Windows-Search","1003","Information","The Windows Search Service started.
"
"05/18/2026 2:09:12 AM","SpotifySessionConnectedTask","1",,
"05/18/2026 2:09:12 AM","SpotifySessionConnectedTask","1",,
"05/18/2026 2:09:12 AM","SpotifySessionConnectedTask","1",,
"05/18/2026 2:09:12 AM","SpotifySessionConnectedTask","1",,
"05/18/2026 2:09:09 AM","Microsoft-Windows-RestartManager","10001","Information","Ending session 0 started ‎2026‎-‎05‎-‎17T23:09:06.743214300Z."
"05/18/2026 2:09:09 AM","MsiInstaller","1042","Information","Ending a Windows Installer transaction: C:\Program Files\WindowsApps\Microsoft.GamingServices_36.113.2002.0_x64__8wekyb3d8bbwe\gameinputredist.msi. Client Process Id: 12696."
"05/18/2026 2:09:09 AM","MsiInstaller","1035","Information","Windows Installer reconfigured the product. Product Name: Microsoft GameInput. Product Version: 3.3.182.0. Product Language: 1033. Manufacturer: Microsoft Corporation. Reconfiguration success or error status: 0."
"05/18/2026 2:09:09 AM","MsiInstaller","11728","Information","Product: Microsoft GameInput -- Configuration completed successfully."
"05/18/2026 2:09:08 AM","Microsoft-Windows-Winlogon","6000","Information","The winlogon notification subscriber <SessionEnv> was unavailable to handle a notification event."
"05/18/2026 2:09:07 AM","Microsoft-Windows-Winlogon","6003","Information","The winlogon notification subscriber <SessionEnv> was unavailable to handle a critical notification event."
"05/18/2026 2:09:06 AM","Microsoft-Windows-RestartManager","10000","Information","Starting session 0 - ‎2026‎-‎05‎-‎17T23:09:06.743214300Z."
"05/18/2026 2:09:06 AM","MsiInstaller","1040","Information","Beginning a Windows Installer transaction: C:\Program Files\WindowsApps\Microsoft.GamingServices_36.113.2002.0_x64__8wekyb3d8bbwe\gameinputredist.msi. Client Process Id: 12696."
"05/18/2026 2:09:05 AM","IPF","19","Information","ESIF(2.3.20303.5058) TYPE: INFO MODULE: IPF TIME 32019 ms

    DPTF Build Version:  9.1.10009.1745    DPTF Build Date:  Mar 11 2026 16:58:52    Message:  EPO Modes Status:DC Endurance Gaming(Status: Disabled);DC Better Battery(Status: Enabled);DC Balanced(Status: Enabled);AC Balanced(Status: Disabled);AC Quiet(Status: Disabled    Policy:  Energy Performance Optimizer Policy [2]        "
"05/18/2026 2:09:05 AM","IPF","19","Information","ESIF(2.3.20303.5058) TYPE: INFO MODULE: IPF TIME 31755 ms

    DPTF Build Version:  9.1.10009.1745    DPTF Build Date:  Mar 11 2026 16:58:52    Message:  VR RF Interference Mitigation: Disabled; DDR RF Interference Mitigation: Disabled; RF Interference Mitigation Priority: WIFI; TCON Interference Mitigation: X; TCON P2P Clock Table State: X; TCON Mitigation SSC: X    Policy:  RFIM Policy [5]        "
"05/18/2026 2:09:05 AM","IPF","19","Information","ESIF(2.3.20303.5058) TYPE: INFO MODULE: IPF TIME 31694 ms

    DPTF Build Version:  9.1.10009.1745    DPTF Build Date:  Mar 11 2026 16:58:52    Message:  EPO Modes Status:DC Endurance Gaming(Status: Disabled);DC Better Battery(Status: Enabled);DC Balanced(Status: Enabled);AC Balanced(Status: Disabled);AC Quiet(Status: Disabled    Policy:  Energy Performance Optimizer Policy [2]        "
"05/18/2026 2:09:05 AM","IPF","19","Information","ESIF(2.3.20303.5058) TYPE: INFO MODULE: IPF TIME 31471 ms

<EVENTLOG>DTT Version: 9.1.10009.1745. IPF SDK Version: 1.0.23203.03. Minimum IPF Version Required: 1.0.11904.0."
"05/18/2026 2:09:01 AM","Microsoft-Windows-WMI","63","Warning","A provider, IntelMEProv, has been registered in the Windows Management Instrumentation namespace root\Intel_ME to use the LocalSystem account. This account is privileged and the provider may cause a security violation if it does not correctly impersonate user requests."
"05/18/2026 2:09:01 AM","Microsoft-Windows-WMI","63","Warning","A provider, IntelMEProv, has been registered in the Windows Management Instrumentation namespace root\Intel_ME to use the LocalSystem account. This account is privileged and the provider may cause a security violation if it does not correctly impersonate user requests."
"05/18/2026 2:09:01 AM","Microsoft-Windows-WMI","63","Warning","A provider, IntelMEProv, has been registered in the Windows Management Instrumentation namespace root\Intel_ME to use the LocalSystem account. This account is privileged and the provider may cause a security violation if it does not correctly impersonate user requests."
"05/18/2026 2:09:01 AM","Intel Graphics Software Service","0","Information","Service started successfully."
"05/18/2026 2:09:01 AM","WMIRegistrationService","2","Information","Intel(R) WMI Registration Service has successfully finished WMI Registration."
"05/18/2026 2:09:01 AM","CoworkVMService","1","Information","Claude VM Service starting. Detailed logs: C:\ProgramData\Claude\Logs\cowork-service.log"
"05/18/2026 2:09:00 AM","Microsoft-Windows-WMI","5617","Information","Windows Management Instrumentation Service subsystems initialized successfully"
"05/18/2026 2:08:59 AM","IgoAudioService","0","Information","Service started successfully."
"05/18/2026 2:08:59 AM","DellTechHub","0","Information","Service started successfully."
"05/18/2026 2:08:59 AM","Service1","0","Information","Service started successfully."
"05/18/2026 2:08:58 AM","M-Track Solo and Duo AudioDevMon","0",,
"05/18/2026 2:08:58 AM","Microsoft-Windows-WMI","5615","Information","Windows Management Instrumentation Service started sucessfully"
"05/18/2026 2:08:58 AM","WMIRegistrationService","0","Information","Intel(R) WMI Registration Service started."
"05/18/2026 2:08:58 AM","RtkAudioUniversalService","0",,
"05/18/2026 2:08:58 AM","IntelDalJhi","0","Information","Intel(R) Dynamic Application Loader Host Interface Service started."
"05/18/2026 2:08:58 AM","Microsoft-Windows-User Profiles Service","1531","Information","The User Profile Service has started successfully.  

"
"05/18/2026 2:06:34 AM","Microsoft-Windows-Security-SPP","16384","Information","Successfully scheduled Software Protection service for re-start at 2126-04-23T23:05:34Z. Reason: RulesEngine."
"05/18/2026 2:05:59 AM","Microsoft-Windows-Security-SPP","16394","Information","Offline downlevel migration succeeded."
"05/18/2026 1:29:00 AM","Microsoft-Windows-Security-SPP","16384","Information","Successfully scheduled Software Protection service for re-start at 2126-04-23T22:29:00Z. Reason: RulesEngine."
"05/18/2026 1:28:30 AM","Microsoft-Windows-Security-SPP","16394","Information","Offline downlevel migration succeeded."
"05/18/2026 1:09:23 AM","Alloy","1","Information","ts=2026-05-17T22:09:23.7655798Z level=info msg=""series GC completed"" component_path=/ component_id=prometheus.remote_write.metrics_service subcomponent=wal duration=1.0234ms
"
"05/18/2026 1:07:23 AM","Alloy","1","Information","ts=2026-05-17T22:07:23.4533442Z level=info msg=""usage report sent with success""
"
"05/18/2026 1:07:23 AM","Alloy","1","Information","ts=2026-05-17T22:07:23.106581Z level=info msg=""reporting Alloy stats"" date=2026-05-18T01:07:23.106+03:00
"
"05/18/2026 1:04:41 AM","VSS","8224","Information","The VSS service is shutting down due to idle timeout. "
"05/18/2026 12:47:10 AM","Microsoft-Windows-Security-SPP","16384","Information","Successfully scheduled Software Protection service for re-start at 2126-04-23T21:47:10Z. Reason: RulesEngine."
"05/18/2026 12:46:40 AM","Microsoft-Windows-Security-SPP","16394","Information","Offline downlevel migration succeeded."
"05/18/2026 12:42:14 AM","VSS","8224","Information","The VSS service is shutting down due to idle timeout. "
"05/18/2026 12:41:41 AM","Microsoft-Windows-System-Restore","8302","Information","Scoping successfully completed for shadowcopy \\?\GLOBALROOT\Device\HarddiskVolumeShadowCopy3."
"05/18/2026 12:41:41 AM","Microsoft-Windows-System-Restore","8301","Information","Scoping completed for shadowcopy \\?\GLOBALROOT\Device\HarddiskVolumeShadowCopy3."
"05/18/2026 12:39:50 AM","Microsoft-Windows-Security-SPP","16384","Information","Successfully scheduled Software Protection service for re-start at 2126-04-23T21:39:50Z. Reason: RulesEngine."
"05/18/2026 12:39:18 AM","Microsoft-Windows-RestartManager","10001","Information","Ending session 0 started ‎2026‎-‎05‎-‎17T21:39:12.397257600Z."
"05/18/2026 12:39:18 AM","Microsoft-Windows-RestartManager","10001","Information","Ending session 0 started ‎2026‎-‎05‎-‎17T21:39:11.394424700Z."
"05/18/2026 12:39:18 AM","Microsoft-Windows-RestartManager","10001","Information","Ending session 0 started ‎2026‎-‎05‎-‎17T21:39:11.452640000Z."
"05/18/2026 12:39:18 AM","Microsoft-Windows-RestartManager","10001","Information","Ending session 0 started ‎2026‎-‎05‎-‎17T21:39:09.256839700Z."
"05/18/2026 12:39:18 AM","MsiInstaller","1042","Information","Ending a Windows Installer transaction: C:\ProgramData\Package Cache\{BE92A615-4964-403F-B965-827881C7CE4D}v5.5.16.1\PluginSetup. Client Process Id: 53800."
"05/18/2026 12:39:18 AM","MsiInstaller","1033","Information","Windows Installer installed the product. Product Name: Dell SupportAssist OS Recovery Plugin for Dell Update. Product Version: 5.5.16.1. Product Language: 1033. Manufacturer: Dell Inc.. Installation success or error status: 0."
"05/18/2026 12:39:18 AM","MsiInstaller","11707","Information","Product: Dell SupportAssist OS Recovery Plugin for Dell Update -- Installation completed successfully."
"05/18/2026 12:39:15 AM","Microsoft-Windows-System-Restore","8300","Information","Scoping started for shadowcopy \\?\GLOBALROOT\Device\HarddiskVolumeShadowCopy3."
"05/18/2026 12:39:12 AM","Microsoft-Windows-RestartManager","10000","Information","Starting session 0 - ‎2026‎-‎05‎-‎17T21:39:12.397257600Z."
"05/18/2026 12:39:11 AM","Microsoft-Windows-RestartManager","10000","Information","Starting session 0 - ‎2026‎-‎05‎-‎17T21:39:11.452640000Z."
"05/18/2026 12:39:11 AM","Microsoft-Windows-RestartManager","10000","Information","Starting session 0 - ‎2026‎-‎05‎-‎17T21:39:11.394424700Z."
"05/18/2026 12:39:09 AM","Microsoft-Windows-RestartManager","10000","Information","Starting session 0 - ‎2026‎-‎05‎-‎17T21:39:09.256839700Z."
"05/18/2026 12:39:09 AM","MsiInstaller","1040","Information","Beginning a Windows Installer transaction: C:\ProgramData\Package Cache\{BE92A615-4964-403F-B965-827881C7CE4D}v5.5.16.1\PluginSetup. Client Process Id: 53800."
"05/18/2026 12:39:08 AM","System Restore","8216","Information","Skipping creation of restore point (Process = C:\Windows\Temp\{05D26EF2-8A9B-4653-84F5-BD9C522B1ED1}\.be\DellUpdateSupportAssistPlugin.exe -q -burn.elevated BurnPipe.{D735E777-AD39-44E6-BEDA-3929824DC790} {1DC66889-894F-4321-91D6-758F19D7AB61} 54840; Description = Dell SupportAssist OS Recovery Plugin for Dell Update) as there is a restore point avaliable which is recent enough for System Restore."
"05/18/2026 12:39:03 AM","System Restore","8194","Information","Successfully created restore point (Process = C:\Windows\system32\wbem\wmiprvse.exe; Description = Dell Client Management Service)."
"05/18/2026 12:38:59 AM","VSS","8231","Information","Volume Shadow Copy Service information: Snapshot creation initiated for Snapshot Set {1f8a8711-7c1c-402d-b71c-7ee9c8d88af6}.
 Process command line: C:\Windows\system32\DllHost.exe /Processid:{F32D97DF-E3E5-4CB9-9E3E-0EB5B4E49801}
 Process Caller Stack:
 Process[0]: dllhost.exe
 Process[1]: svchost.exe
 Process[2]: services.exe
"
"05/18/2026 12:38:41 AM","Microsoft-Windows-Security-SPP","16394","Information","Offline downlevel migration succeeded."
"05/18/2026 12:31:37 AM","Microsoft-Windows-Security-SPP","16384","Information","Successfully scheduled Software Protection service for re-start at 2126-04-23T21:31:37Z. Reason: RulesEngine."
"05/18/2026 12:31:07 AM","Microsoft-Windows-Security-SPP","16394","Information","Offline downlevel migration succeeded."
"05/18/2026 12:01:55 AM","Microsoft-Windows-Security-SPP","16384","Information","Successfully scheduled Software Protection service for re-start at 2126-04-23T21:01:55Z. Reason: RulesEngine."
"05/18/2026 12:01:24 AM","Microsoft-Windows-Security-SPP","16394","Information","Offline downlevel migration succeeded."
"05/18/2026 12:00:28 AM","edgeupdate","0","Information","Service stopped."
"05/17/2026 11:58:52 PM","Microsoft-Windows-Security-SPP","16384","Information","Successfully scheduled Software Protection service for re-start at 2126-04-23T20:58:52Z. Reason: RulesEngine."
"05/17/2026 11:58:22 PM","Microsoft-Windows-Security-SPP","16394","Information","Offline downlevel migration succeeded."
"05/17/2026 11:29:24 PM","Microsoft-Windows-Security-SPP","16384","Information","Successfully scheduled Software Protection service for re-start at 2126-04-23T20:28:24Z. Reason: RulesEngine."
"05/17/2026 11:28:54 PM","Microsoft-Windows-Security-SPP","16394","Information","Offline downlevel migration succeeded."
"05/17/2026 11:12:18 PM","Microsoft-Windows-Security-SPP","16384","Information","Successfully scheduled Software Protection service for re-start at 2126-04-23T20:11:18Z. Reason: RulesEngine."
"05/17/2026 11:11:48 PM","Microsoft-Windows-Security-SPP","16394","Information","Offline downlevel migration succeeded."
"05/17/2026 11:09:23 PM","Alloy","1","Information","ts=2026-05-17T20:09:23.7642534Z level=info msg=""WAL checkpoint complete"" component_path=/ component_id=prometheus.remote_write.metrics_service subcomponent=wal first=92 last=93 duration=94.8456ms
"
"05/17/2026 11:09:23 PM","Alloy","1","Information","ts=2026-05-17T20:09:23.6823288Z level=info msg=""Creating checkpoint"" component_path=/ component_id=prometheus.remote_write.metrics_service subcomponent=wal from_segment=92 to_segment=93 mint=1779048229000
"
"05/17/2026 11:09:23 PM","Alloy","1","Information","ts=2026-05-17T20:09:23.6716572Z level=info msg=""series GC completed"" component_path=/ component_id=prometheus.remote_write.metrics_service subcomponent=wal duration=2.2494ms
"
"05/17/2026 10:15:39 PM","Microsoft-Windows-Security-SPP","16384","Information","Successfully scheduled Software Protection service for re-start at 2126-04-23T19:15:39Z. Reason: RulesEngine."
"05/17/2026 10:15:09 PM","Microsoft-Windows-Security-SPP","16394","Information","Offline downlevel migration succeeded."
"05/17/2026 10:06:57 PM","Microsoft-Windows-Security-SPP","16384","Information","Successfully scheduled Software Protection service for re-start at 2126-04-23T19:05:57Z. Reason: RulesEngine."
"05/17/2026 10:06:27 PM","Microsoft-Windows-Security-SPP","16394","Information","Offline downlevel migration succeeded."
"05/17/2026 9:40:25 PM","VBScriptDeprecationAlert","4096",,
"05/17/2026 9:32:55 PM","Microsoft-Windows-Security-SPP","16384","Information","Successfully scheduled Software Protection service for re-start at 2126-04-23T18:32:55Z. Reason: RulesEngine."
"05/17/2026 9:32:21 PM","Microsoft-Windows-Security-SPP","16394","Information","Offline downlevel migration succeeded."
"05/17/2026 9:09:23 PM","Alloy","1","Information","ts=2026-05-17T18:09:23.6635777Z level=info msg=""series GC completed"" component_path=/ component_id=prometheus.remote_write.metrics_service subcomponent=wal duration=1.0982ms
"
"05/17/2026 9:07:23 PM","Alloy","1","Information","ts=2026-05-17T18:07:23.4886827Z level=info msg=""usage report sent with success""
"
"05/17/2026 9:07:23 PM","Alloy","1","Information","ts=2026-05-17T18:07:23.1067042Z level=info msg=""reporting Alloy stats"" date=2026-05-17T21:07:23.106+03:00
"
"05/17/2026 8:58:36 PM","Microsoft-Windows-Security-SPP","16384","Information","Successfully scheduled Software Protection service for re-start at 2126-04-23T17:57:36Z. Reason: RulesEngine."
"05/17/2026 8:58:06 PM","Microsoft-Windows-Security-SPP","16394","Information","Offline downlevel migration succeeded."
"05/17/2026 8:12:40 PM","Microsoft-Windows-Security-SPP","16384","Information","Successfully scheduled Software Protection service for re-start at 2126-04-23T17:12:40Z. Reason: RulesEngine."
"05/17/2026 8:12:10 PM","Microsoft-Windows-Security-SPP","16394","Information","Offline downlevel migration succeeded."
"05/17/2026 8:02:11 PM","XTUService","0","Information","Service started successfully."
"05/17/2026 7:59:59 PM","Microsoft-Windows-Security-SPP","16384","Information","Successfully scheduled Software Protection service for re-start at 2126-04-23T16:59:59Z. Reason: RulesEngine."
"05/17/2026 7:59:29 PM","Microsoft-Windows-Security-SPP","16394","Information","Offline downlevel migration succeeded."
"05/17/2026 7:58:53 PM","Chrome","256","Information","[21716:18744:0517/195853.357:INFO:chrome\browser\extensions\extension_garbage_collector.cc:188] Garbage collection for extensions on file thread is complete."
"05/17/2026 7:58:38 PM","Microsoft UET SDK","0",,
"05/17/2026 7:58:38 PM","Microsoft UET SDK","0",,
"05/17/2026 7:58:38 PM","Microsoft UET SDK","0",,
"05/17/2026 7:57:43 PM","Intel Graphics Software Service","0","Information","Service started successfully."
"05/17/2026 7:57:42 PM","Intel Graphics Software Service","0","Information","Service stopped successfully."
"05/17/2026 7:57:40 PM","Microsoft-Windows-AppXDeploymentServer/Operational","2562",,
"05/17/2026 7:57:12 PM","SpotifySessionConnectedTask","1",,
"05/17/2026 7:57:12 PM","SpotifySessionConnectedTask","1",,
"05/17/2026 7:57:09 PM","Microsoft-Windows-AppXDeploymentServer/Operational","2562",,
"05/17/2026 7:57:08 PM","Microsoft-Windows-Winlogon","6000","Information","The winlogon notification subscriber <SessionEnv> was unavailable to handle a notification event."
"05/17/2026 7:57:07 PM","Microsoft-Windows-Winlogon","6003","Information","The winlogon notification subscriber <SessionEnv> was unavailable to handle a critical notification event."
"05/17/2026 7:48:36 PM","Microsoft-Windows-Security-SPP","16384","Information","Successfully scheduled Software Protection service for re-start at 2126-04-23T16:48:36Z. Reason: RulesEngine."
"05/17/2026 7:48:06 PM","Microsoft-Windows-Security-SPP","16394","Information","Offline downlevel migration succeeded."
"05/17/2026 7:22:44 PM","Microsoft-Windows-Security-SPP","16384","Information","Successfully scheduled Software Protection service for re-start at 2126-04-23T16:22:44Z. Reason: RulesEngine."
"05/17/2026 7:22:14 PM","Microsoft-Windows-Security-SPP","16394","Information","Offline downlevel migration succeeded."
"05/17/2026 7:13:54 PM","Microsoft-Windows-Security-SPP","16384","Information","Successfully scheduled Software Protection service for re-start at 2126-04-23T16:13:54Z. Reason: RulesEngine."
"05/17/2026 7:13:23 PM","Microsoft-Windows-Security-SPP","16394","Information","Offline downlevel migration succeeded."
"05/17/2026 7:09:23 PM","Alloy","1","Information","ts=2026-05-17T16:09:23.6519078Z level=info msg=""WAL checkpoint complete"" component_path=/ component_id=prometheus.remote_write.metrics_service subcomponent=wal first=90 last=91 duration=53.576ms
"
"05/17/2026 7:09:23 PM","Alloy","1","Information","ts=2026-05-17T16:09:23.602043Z level=info msg=""Creating checkpoint"" component_path=/ component_id=prometheus.remote_write.metrics_service subcomponent=wal from_segment=90 to_segment=91 mint=1779033829000
"
"05/17/2026 7:09:23 PM","Alloy","1","Information","ts=2026-05-17T16:09:23.5994306Z level=info msg=""series GC completed"" component_path=/ component_id=prometheus.remote_write.metrics_service subcomponent=wal duration=1.0988ms
"
"05/17/2026 6:39:23 PM","Microsoft-Windows-Security-SPP","16384","Information","Successfully scheduled Software Protection service for re-start at 2126-04-23T15:39:23Z. Reason: RulesEngine."
"05/17/2026 6:38:53 PM","Microsoft-Windows-Security-SPP","16394","Information","Offline downlevel migration succeeded."
"05/17/2026 6:13:52 PM","Microsoft-Windows-Security-SPP","16384","Information","Successfully scheduled Software Protection service for re-start at 2126-04-23T15:13:52Z. Reason: RulesEngine."
"05/17/2026 6:13:22 PM","Microsoft-Windows-Security-SPP","16394","Information","Offline downlevel migration succeeded."
"05/17/2026 5:59:49 PM","Microsoft-Windows-Security-SPP","16384","Information","Successfully scheduled Software Protection service for re-start at 2126-04-23T14:59:49Z. Reason: RulesEngine."
"05/17/2026 5:59:17 PM","Microsoft-Windows-Security-SPP","16394","Information","Offline downlevel migration succeeded."
"05/17/2026 5:23:55 PM","Microsoft-Windows-Security-SPP","16384","Information","Successfully scheduled Software Protection service for re-start at 2126-04-23T14:23:55Z. Reason: RulesEngine."
"05/17/2026 5:23:25 PM","Microsoft-Windows-Security-SPP","16394","Information","Offline downlevel migration succeeded."
"05/17/2026 5:09:21 PM","Alloy","1","Information","ts=2026-05-17T14:09:21.0686037Z level=info msg=""series GC completed"" component_path=/ component_id=prometheus.remote_write.metrics_service subcomponent=wal duration=2.2223ms
"
"05/17/2026 5:08:21 PM","Microsoft-Windows-Security-SPP","16384","Information","Successfully scheduled Software Protection service for re-start at 2126-04-23T14:08:21Z. Reason: RulesEngine."
"05/17/2026 5:07:51 PM","Microsoft-Windows-Security-SPP","16394","Information","Offline downlevel migration succeeded."
"05/17/2026 5:07:20 PM","Alloy","1","Information","ts=2026-05-17T14:07:20.8911817Z level=info msg=""usage report sent with success""
"
"05/17/2026 5:07:20 PM","Alloy","1","Information","ts=2026-05-17T14:07:20.5803893Z level=info msg=""reporting Alloy stats"" date=2026-05-17T17:07:20.580+03:00
"
"05/17/2026 4:24:19 PM","Microsoft-Windows-Security-SPP","16384","Information","Successfully scheduled Software Protection service for re-start at 2126-04-23T13:24:19Z. Reason: RulesEngine."
"05/17/2026 4:23:49 PM","Microsoft-Windows-Security-SPP","16394","Information","Offline downlevel migration succeeded."
"05/17/2026 4:13:49 PM","Microsoft-Windows-Security-SPP","16384","Information","Successfully scheduled Software Protection service for re-start at 2126-04-23T13:13:49Z. Reason: RulesEngine."
"05/17/2026 4:13:19 PM","Microsoft-Windows-Security-SPP","16394","Information","Offline downlevel migration succeeded."
"05/17/2026 3:44:21 PM","Microsoft-Windows-Security-SPP","16384","Information","Successfully scheduled Software Protection service for re-start at 2126-04-23T12:44:21Z. Reason: RulesEngine."
"05/17/2026 3:43:51 PM","Microsoft-Windows-Security-SPP","16394","Information","Offline downlevel migration succeeded."
"05/17/2026 3:38:22 PM","VSS","8224","Information","The VSS service is shutting down due to idle timeout. "
"05/17/2026 3:31:14 PM","Microsoft-Windows-Security-SPP","16384","Information","Successfully scheduled Software Protection service for re-start at 2126-04-23T12:31:14Z. Reason: RulesEngine."
"05/17/2026 3:30:44 PM","Microsoft-Windows-Security-SPP","16394","Information","Offline downlevel migration succeeded."
"05/17/2026 3:21:32 PM","FusionService","0","Information","PowerEvent handled successfully by the service."
"05/17/2026 3:21:32 PM","DellTechHub","0","Information","PowerEvent handled successfully by the service."
"05/17/2026 3:21:32 PM","Dell SupportAssist Remediation","0","Information","PowerEvent handled successfully by the service."
"05/17/2026 3:10:52 PM","Microsoft-Windows-Security-SPP","16384","Information","Successfully scheduled Software Protection service for re-start at 2126-04-23T12:10:52Z. Reason: RulesEngine."
"05/17/2026 3:10:22 PM","Microsoft-Windows-Security-SPP","16394","Information","Offline downlevel migration succeeded."
"05/17/2026 3:09:21 PM","Alloy","1","Information","ts=2026-05-17T12:09:21.0650357Z level=info msg=""WAL checkpoint complete"" component_path=/ component_id=prometheus.remote_write.metrics_service subcomponent=wal first=88 last=89 duration=82.6835ms
"
"05/17/2026 3:09:20 PM","Alloy","1","Information","ts=2026-05-17T12:09:20.9860762Z level=info msg=""Creating checkpoint"" component_path=/ component_id=prometheus.remote_write.metrics_service subcomponent=wal from_segment=88 to_segment=89 mint=1779019427000
"
"05/17/2026 3:09:20 PM","Alloy","1","Information","ts=2026-05-17T12:09:20.9835562Z level=info msg=""series GC completed"" component_path=/ component_id=prometheus.remote_write.metrics_service subcomponent=wal duration=1.204ms
"
"05/17/2026 3:03:47 PM","Microsoft-Windows-Security-SPP","16384","Information","Successfully scheduled Software Protection service for re-start at 2126-04-23T12:03:47Z. Reason: RulesEngine."
"05/17/2026 3:03:17 PM","Microsoft-Windows-Security-SPP","16394","Information","Offline downlevel migration succeeded."
"05/17/2026 2:56:38 PM","Microsoft-Windows-Security-SPP","16384","Information","Successfully scheduled Software Protection service for re-start at 2126-04-23T11:56:38Z. Reason: RulesEngine."
"05/17/2026 2:56:06 PM","Microsoft-Windows-Security-SPP","16394","Information","Offline downlevel migration succeeded."
"05/17/2026 2:14:14 PM","Microsoft-Windows-Security-SPP","16384","Information","Successfully scheduled Software Protection service for re-start at 2126-04-23T11:14:14Z. Reason: RulesEngine."
"05/17/2026 2:14:08 PM","SecurityCenter","15","Information","Updated Windows Defender status successfully to SECURITY_PRODUCT_STATE_ON."
"05/17/2026 2:13:19 PM","Microsoft-Windows-Security-SPP","16394","Information","Offline downlevel migration succeeded."
"05/17/2026 2:06:01 PM","Microsoft-Windows-Security-SPP","16384","Information","Successfully scheduled Software Protection service for re-start at 2126-04-23T11:06:01Z. Reason: RulesEngine."
"05/17/2026 2:05:31 PM","Microsoft-Windows-Security-SPP","16394","Information","Offline downlevel migration succeeded."
"05/17/2026 2:01:20 PM","edgeupdate","0","Information","Service stopped."
"05/17/2026 1:51:05 PM","SecurityCenter","15","Information","Updated Windows Defender status successfully to SECURITY_PRODUCT_STATE_ON."
"05/17/2026 1:44:12 PM","MsiInstaller","1035","Information","Windows Installer reconfigured the product. Product Name: Dell SupportAssist OS Recovery Plugin for Dell Update. Product Version: 5.5.15.2. Product Language: 1033. Manufacturer: Dell Inc.. Reconfiguration success or error status: 0."
"05/17/2026 1:44:12 PM","MsiInstaller","1035","Information","Windows Installer reconfigured the product. Product Name: Windows SDK for Windows Store Apps Contracts. Product Version: 10.1.26100.7705. Product Language: 1033. Manufacturer: Microsoft Corporation. Reconfiguration success or error status: 0."
"05/17/2026 1:44:12 PM","MsiInstaller","1035","Information","Windows Installer reconfigured the product. Product Name: Python 3.13.2 Documentation (64-bit). Product Version: 3.13.2150.0. Product Language: 1033. Manufacturer: Python Software Foundation. Reconfiguration success or error status: 0."
"05/17/2026 1:44:12 PM","MsiInstaller","1035","Information","Windows Installer reconfigured the product. Product Name: Microsoft.NET.Sdk.Android.Manifest-10.0.100 (x64). Product Version: 36.1.2. Product Language: 1033. Manufacturer: Microsoft Corporation. Reconfiguration success or error status: 0."
"05/17/2026 1:44:12 PM","MsiInstaller","1035","Information","Windows Installer reconfigured the product. Product Name: Windows SDK OnecoreUap Headers arm64. Product Version: 10.1.26100.7705. Product Language: 1033. Manufacturer: Microsoft Corporation. Reconfiguration success or error status: 0."
"05/17/2026 1:44:12 PM","MsiInstaller","1035","Information","Windows Installer reconfigured the product. Product Name: Universal General MIDI DLS Extension SDK. Product Version: 10.1.26100.7705. Product Language: 1033. Manufacturer: Microsoft Corporation. Reconfiguration success or error status: 0."
"05/17/2026 1:44:12 PM","MsiInstaller","1035","Information","Windows Installer reconfigured the product. Product Name: Microsoft Visual C++ 2012 x64 Minimum Runtime - 11.0.51106. Product Version: 11.0.51106. Product Language: 1033. Manufacturer: Microsoft Corporation. Reconfiguration success or error status: 0."
"05/17/2026 1:44:12 PM","MsiInstaller","1035","Information","Windows Installer reconfigured the product. Product Name: Windows SDK OnecoreUap Headers x86. Product Version: 10.1.26100.7705. Product Language: 1033. Manufacturer: Microsoft Corporation. Reconfiguration success or error status: 0."
"05/17/2026 1:44:12 PM","MsiInstaller","1035","Information","Windows Installer reconfigured the product. Product Name: Python 3.13.2 Tcl/Tk Support (64-bit). Product Version: 3.13.2150.0. Product Language: 1033. Manufacturer: Python Software Foundation. Reconfiguration success or error status: 0."
"05/17/2026 1:44:12 PM","MsiInstaller","1035","Information","Windows Installer reconfigured the product. Product Name: Windows Mobile Extension SDK Contracts. Product Version: 10.1.26100.7705. Product Language: 1033. Manufacturer: Microsoft Corporation. Reconfiguration success or error status: 0."
"05/17/2026 1:44:12 PM","MsiInstaller","1035","Information","Windows Installer reconfigured the product. Product Name: Windows SDK DirectX x86 Remote. Product Version: 10.1.26100.7705. Product Language: 1033. Manufacturer: Microsoft Corporation. Reconfiguration success or error status: 0."
"05/17/2026 1:44:12 PM","MsiInstaller","1035","Information","Windows Installer reconfigured the product. Product Name: SDK Debuggers. Product Version: 10.1.19041.685. Product Language: 1033. Manufacturer: Microsoft Corporation. Reconfiguration success or error status: 0."
"05/17/2026 1:44:12 PM","MsiInstaller","1035","Information","Windows Installer reconfigured the product. Product Name: vs_githubprotocolhandlermsi. Product Version: 17.14.36015. Product Language: 1033. Manufacturer: Microsoft Corporation. Reconfiguration success or error status: 0."
"05/17/2026 1:44:12 PM","MsiInstaller","1035","Information","Windows Installer reconfigured the product. Product Name: Eclipse Temurin JRE with Hotspot 21.0.6+7 (x64). Product Version: 21.0.6.7. Product Language: 1033. Manufacturer: Eclipse Adoptium. Reconfiguration success or error status: 0."
"05/17/2026 1:44:12 PM","MsiInstaller","1035","Information","Windows Installer reconfigured the product. Product Name: Windows SDK Desktop Tools x86. Product Version: 10.1.26100.7705. Product Language: 1033. Manufacturer: Microsoft Corporation. Reconfiguration success or error status: 0."
"05/17/2026 1:44:11 PM","MsiInstaller","1035","Information","Windows Installer reconfigured the product. Product Name: NVIDIA Nsight Visual Studio Edition 2025.4.0.25287. Product Version: 25.4.0.25287. Product Language: 1033. Manufacturer: NVIDIA Corporation. Reconfiguration success or error status: 0."
"05/17/2026 1:44:11 PM","MsiInstaller","1035","Information","Windows Installer reconfigured the product. Product Name: Microsoft Azure CLI (64-bit). Product Version: 2.85.0. Product Language: 1033. Manufacturer: Microsoft Corporation. Reconfiguration success or error status: 0."
"05/17/2026 1:44:11 PM","MsiInstaller","1035","Information","Windows Installer reconfigured the product. Product Name: PowerShell 7-x64. Product Version: 7.6.0.0. Product Language: 1033. Manufacturer: Microsoft Corporation. Reconfiguration success or error status: 0."
"05/17/2026 1:44:11 PM","MsiInstaller","1035","Information","Windows Installer reconfigured the product. Product Name: Windows SDK EULA. Product Version: 10.1.26100.7705. Product Language: 1033. Manufacturer: Microsoft Corporations. Reconfiguration success or error status: 0."
"05/17/2026 1:44:10 PM","MsiInstaller","1035","Information","Windows Installer reconfigured the product. Product Name: vs_CoreEditorFonts. Product Version: 17.7.40001. Product Language: 1033. Manufacturer: Microsoft Corporation. Reconfiguration success or error status: 0."
"05/17/2026 1:44:10 PM","MsiInstaller","1035","Information","Windows Installer reconfigured the product. Product Name: Windows SDK for Windows Store Apps Metadata. Product Version: 10.1.26100.7705. Product Language: 1033. Manufacturer: Microsoft Corporation. Reconfiguration success or error status: 0."
"05/17/2026 1:44:10 PM","MsiInstaller","1035","Information","Windows Installer reconfigured the product. Product Name: vs_minshellmsi. Product Version: 17.14.36301. Product Language: 1033. Manufacturer: Microsoft Corporation. Reconfiguration success or error status: 0."
"05/17/2026 1:44:10 PM","MsiInstaller","1035","Information","Windows Installer reconfigured the product. Product Name: WinRT Intellisense PPI - Other Languages. Product Version: 10.1.26100.7705. Product Language: 1033. Manufacturer: Microsoft Corporation. Reconfiguration success or error status: 0."
"05/17/2026 1:44:10 PM","MsiInstaller","1035","Information","Windows Installer reconfigured the product. Product Name: AlienwareArena. Product Version: 1.4.1. Product Language: 1033. Manufacturer: Alienware. Reconfiguration success or error status: 0."
"05/17/2026 1:44:10 PM","MsiInstaller","1035","Information","Windows Installer reconfigured the product. Product Name: Microsoft Visual C++ 2012 x86 Minimum Runtime - 11.0.61030. Product Version: 11.0.61030. Product Language: 1033. Manufacturer: Microsoft Corporation. Reconfiguration success or error status: 0."
"05/17/2026 1:44:10 PM","MsiInstaller","1035","Information","Windows Installer reconfigured the product. Product Name: WinRT Intellisense Desktop - en-us. Product Version: 10.1.26100.7705. Product Language: 1033. Manufacturer: Microsoft Corporation. Reconfiguration success or error status: 0."
"05/17/2026 1:44:10 PM","MsiInstaller","1035","Information","Windows Installer reconfigured the product. Product Name: Microsoft Windows Desktop Runtime - 9.0.16 (x64). Product Version: 72.64.52194. Product Language: 1033. Manufacturer: Microsoft Corporation. Reconfiguration success or error status: 0."
"05/17/2026 1:44:10 PM","MsiInstaller","1035","Information","Windows Installer reconfigured the product. Product Name: Windows SDK EULA. Product Version: 10.1.19041.685. Product Language: 1033. Manufacturer: Microsoft Corporations. Reconfiguration success or error status: 0."
"05/17/2026 1:44:10 PM","MsiInstaller","1035","Information","Windows Installer reconfigured the product. Product Name: Microsoft .NET 10.0 Templates 10.0.204 x64. Product Version: 40.11.2218. Product Language: 1033. Manufacturer: Microsoft Corporation. Reconfiguration success or error status: 0."
"05/17/2026 1:44:10 PM","MsiInstaller","1035","Information","Windows Installer reconfigured the product. Product Name: Microsoft.NET.Sdk.iOS.Manifest-10.0.100 (x64). Product Version: 26.0.11017. Product Language: 1033. Manufacturer: Microsoft Corporation. Reconfiguration success or error status: 0."
"05/17/2026 1:44:10 PM","MsiInstaller","1035","Information","Windows Installer reconfigured the product. Product Name: Microsoft .NET Host FX Resolver - 10.0.8 (x64). Product Version: 80.32.52183. Product Language: 1033. Manufacturer: Microsoft Corporation. Reconfiguration success or error status: 0."
"05/17/2026 1:44:10 PM","MsiInstaller","1035","Information","Windows Installer reconfigured the product. Product Name: Python 3.13.2 Test Suite (64-bit). Product Version: 3.13.2150.0. Product Language: 1033. Manufacturer: Python Software Foundation. Reconfiguration success or error status: 0."
"05/17/2026 1:44:10 PM","MsiInstaller","1035","Information","Windows Installer reconfigured the product. Product Name: Microsoft Windows Desktop Runtime - 6.0.30 (x64). Product Version: 48.120.13587. Product Language: 1033. Manufacturer: Microsoft Corporation. Reconfiguration success or error status: 0."
"05/17/2026 1:44:09 PM","MsiInstaller","1035","Information","Windows Installer reconfigured the product. Product Name: Microsoft .NET Host - 6.0.30 (x64). Product Version: 48.120.13561. Product Language: 1033. Manufacturer: Microsoft Corporation. Reconfiguration success or error status: 0."
"05/17/2026 1:44:09 PM","MsiInstaller","1035","Information","Windows Installer reconfigured the product. Product Name: Windows SDK for Windows Store Apps DirectX x86 Remote. Product Version: 10.1.26100.7705. Product Language: 1033. Manufacturer: Microsoft Corporation. Reconfiguration success or error status: 0."
"05/17/2026 1:44:09 PM","MsiInstaller","1035","Information","Windows Installer reconfigured the product. Product Name: Windows SDK ARM64 Desktop Tools. Product Version: 10.1.26100.7705. Product Language: 1033. Manufacturer: Microsoft Corporation. Reconfiguration success or error status: 0."
"05/17/2026 1:44:09 PM","MsiInstaller","1035","Information","Windows Installer reconfigured the product. Product Name: vs_communityx64msi. Product Version: 17.14.36025. Product Language: 1033. Manufacturer: Microsoft Corporation. Reconfiguration success or error status: 0."
"05/17/2026 1:44:09 PM","MsiInstaller","1035","Information","Windows Installer reconfigured the product. Product Name: Windows SDK for Windows Store Apps. Product Version: 10.1.26100.7705. Product Language: 1033. Manufacturer: Microsoft Corporation. Reconfiguration success or error status: 0."
"05/17/2026 1:44:09 PM","MsiInstaller","1035","Information","Windows Installer reconfigured the product. Product Name: DiagnosticsHub_CollectionService. Product Version: 17.14.36412. Product Language: 1033. Manufacturer: Microsoft Corporation. Reconfiguration success or error status: 0."
"05/17/2026 1:44:09 PM","MsiInstaller","1035","Information","Windows Installer reconfigured the product. Product Name: Universal CRT Headers Libraries and Sources. Product Version: 10.1.26100.7705. Product Language: 1033. Manufacturer: Microsoft Corporation. Reconfiguration success or error status: 0."
"05/17/2026 1:44:09 PM","MsiInstaller","1035","Information","Windows Installer reconfigured the product. Product Name: WinRT Intellisense UAP - Other Languages. Product Version: 10.1.26100.7705. Product Language: 1033. Manufacturer: Microsoft Corporation. Reconfiguration success or error status: 0."
"05/17/2026 1:44:09 PM","MsiInstaller","1035","Information","Windows Installer reconfigured the product. Product Name: Windows SDK Desktop Libs x64. Product Version: 10.1.26100.7705. Product Language: 1033. Manufacturer: Microsoft Corporation. Reconfiguration success or error status: 0."
"05/17/2026 1:44:09 PM","MsiInstaller","1035","Information","Windows Installer reconfigured the product. Product Name: CoreInstaller. Product Version: 6.13.7.0. Product Language: 1033. Manufacturer: Dell Inc.. Reconfiguration success or error status: 0."
"05/17/2026 1:44:09 PM","MsiInstaller","1035","Information","Windows Installer reconfigured the product. Product Name: Microsoft.NET.Workload.Emscripten.net9.Manifest-10.0.100 (x64). Product Version: 81.176.52183. Product Language: 1033. Manufacturer: Microsoft Corporation. Reconfiguration success or error status: 0."
"05/17/2026 1:44:09 PM","MsiInstaller","1035","Information","Windows Installer reconfigured the product. Product Name: Visual C++ 64-bit Redistributables. Product Version: 1.2.0.5555. Product Language: 1033. Manufacturer: PACE Anti-Piracy, Inc.. Reconfiguration success or error status: 0."
"05/17/2026 1:44:08 PM","MsiInstaller","1035","Information","Windows Installer reconfigured the product. Product Name: Microsoft Visual C++ 2012 x86 Additional Runtime - 11.0.61030. Product Version: 11.0.61030. Product Language: 1033. Manufacturer: Microsoft Corporation. Reconfiguration success or error status: 0."
"05/17/2026 1:44:08 PM","MsiInstaller","1035","Information","Windows Installer reconfigured the product. Product Name: Dell Core Services. Product Version: 1.13.23.0. Product Language: 1033. Manufacturer: Dell, Inc.. Reconfiguration success or error status: 0."
"05/17/2026 1:44:08 PM","MsiInstaller","1035","Information","Windows Installer reconfigured the product. Product Name: Ableton Push Driver v5.68.0. Product Version: 5.68.0. Product Language: 1033. Manufacturer: Ableton. Reconfiguration success or error status: 0."
"05/17/2026 1:44:08 PM","MsiInstaller","1035","Information","Windows Installer reconfigured the product. Product Name: Universal CRT Extension SDK. Product Version: 10.1.26100.7705. Product Language: 1033. Manufacturer: Microsoft Corporation. Reconfiguration success or error status: 0."
"05/17/2026 1:44:08 PM","MsiInstaller","1035","Information","Windows Installer reconfigured the product. Product Name: Microsoft .NET Runtime - 10.0.8 (x64). Product Version: 80.32.52183. Product Language: 1033. Manufacturer: Microsoft Corporation. Reconfiguration success or error status: 0."
"05/17/2026 1:44:08 PM","MsiInstaller","1035","Information","Windows Installer reconfigured the product. Product Name: License Support. Product Version: 1.2.0.5555. Product Language: 1033. Manufacturer: PACE Anti-Piracy, Inc.. Reconfiguration success or error status: 0."
"05/17/2026 1:44:08 PM","MsiInstaller","1035","Information","Windows Installer reconfigured the product. Product Name: Windows SDK Facade Windows WinMD Versioned. Product Version: 10.1.26100.7705. Product Language: 1033. Manufacturer: Microsoft Corporation. Reconfiguration success or error status: 0."
"05/17/2026 1:44:08 PM","MsiInstaller","1035","Information","Windows Installer reconfigured the product. Product Name: Universal CRT Redistributable. Product Version: 10.0.26624. Product Language: 1033. Manufacturer: Microsoft Corporation. Reconfiguration success or error status: 0."
"05/17/2026 1:44:08 PM","MsiInstaller","1035","Information","Windows Installer reconfigured the product. Product Name: vs_communitymsires. Product Version: 17.14.36015. Product Language: 1033. Manufacturer: Microsoft Corporation. Reconfiguration success or error status: 0."
"05/17/2026 1:44:08 PM","MsiInstaller","1035","Information","Windows Installer reconfigured the product. Product Name: SupportAssist Recovery Assistant. Product Version: 5.5.10.19019. Product Language: 1033. Manufacturer: Dell Inc.. Reconfiguration success or error status: 0."
"05/17/2026 1:44:08 PM","MsiInstaller","1035","Information","Windows Installer reconfigured the product. Product Name: Dell Connected Service Delivery. Product Version: 1.1.1.0. Product Language: 1033. Manufacturer: Dell Technologies, Inc.. Reconfiguration success or error status: 0."
"05/17/2026 1:44:08 PM","MsiInstaller","1035","Information","Windows Installer reconfigured the product. Product Name: Microsoft.NET.Sdk.Maui.Manifest-10.0.100 (x64). Product Version: 10.0.0. Product Language: 1033. Manufacturer: Microsoft Corporation. Reconfiguration success or error status: 0."
"05/17/2026 1:44:07 PM","MsiInstaller","1035","Information","Windows Installer reconfigured the product. Product Name: Microsoft.NET.Workload.Mono.Toolchain.net6.Manifest-10.0.100 (x64). Product Version: 81.176.52183. Product Language: 1033. Manufacturer: Microsoft Corporation. Reconfiguration success or error status: 0."
"05/17/2026 1:44:07 PM","MsiInstaller","1035","Information","Windows Installer reconfigured the product. Product Name: Visual C++ Redistributables. Product Version: 1.2.0.5555. Product Language: 1033. Manufacturer: PACE Anti-Piracy, Inc.. Reconfiguration success or error status: 0."
"05/17/2026 1:44:07 PM","MsiInstaller","1035","Information","Windows Installer reconfigured the product. Product Name: Microsoft .NET Runtime - 8.0.27 (x64). Product Version: 64.108.52182. Product Language: 1033. Manufacturer: Microsoft Corporation. Reconfiguration success or error status: 0."
"05/17/2026 1:44:07 PM","MsiInstaller","1035","Information","Windows Installer reconfigured the product. Product Name: Python Launcher. Product Version: 3.13.2150.0. Product Language: 1033. Manufacturer: Python Software Foundation. Reconfiguration success or error status: 0."
"05/17/2026 1:44:07 PM","MsiInstaller","1035","Information","Windows Installer reconfigured the product. Product Name: Microsoft.NET.Workload.Emscripten.Current.Manifest-10.0.100 (x64). Product Version: 81.176.52183. Product Language: 1033. Manufacturer: Microsoft Corporation. Reconfiguration success or error status: 0."
"05/17/2026 1:44:07 PM","MsiInstaller","1035","Information","Windows Installer reconfigured the product. Product Name: Native Instruments Service Center. Product Version: 2.4.4.1428. Product Language: 1033. Manufacturer: Native Instruments. Reconfiguration success or error status: 0."
"05/17/2026 1:44:07 PM","MsiInstaller","1035","Information","Windows Installer reconfigured the product. Product Name: Microsoft Visual Studio Setup Configuration. Product Version: 3.12.2140.44225. Product Language: 1033. Manufacturer: Microsoft Corporation. Reconfiguration success or error status: 0."
"05/17/2026 1:44:07 PM","MsiInstaller","1035","Information","Windows Installer reconfigured the product. Product Name: Python 3.13.2 Development Libraries (64-bit). Product Version: 3.13.2150.0. Product Language: 1033. Manufacturer: Python Software Foundation. Reconfiguration success or error status: 0."
"05/17/2026 1:44:07 PM","MsiInstaller","1035","Information","Windows Installer reconfigured the product. Product Name: Windows SDK Desktop Headers x86. Product Version: 10.1.26100.7705. Product Language: 1033. Manufacturer: Microsoft Corporation. Reconfiguration success or error status: 0."
"05/17/2026 1:44:07 PM","MsiInstaller","1035","Information","Windows Installer reconfigured the product. Product Name: WinRT Intellisense IoT - Other Languages. Product Version: 10.1.26100.7705. Product Language: 1033. Manufacturer: Microsoft Corporation. Reconfiguration success or error status: 0."
"05/17/2026 1:44:07 PM","MsiInstaller","1035","Information","Windows Installer reconfigured the product. Product Name: Windows Mobile Extension SDK. Product Version: 10.1.26100.7705. Product Language: 1033. Manufacturer: Microsoft Corporation. Reconfiguration success or error status: 0."
"05/17/2026 1:44:07 PM","MsiInstaller","1035","Information","Windows Installer reconfigured the product. Product Name: WinRT Intellisense Mobile - en-us. Product Version: 10.1.26100.7705. Product Language: 1033. Manufacturer: Microsoft Corporation. Reconfiguration success or error status: 0."
"05/17/2026 1:44:07 PM","MsiInstaller","1035","Information","Windows Installer reconfigured the product. Product Name: Windows IoT Extension SDK. Product Version: 10.1.26100.7705. Product Language: 1033. Manufacturer: Microsoft Corporation. Reconfiguration success or error status: 0."
"05/17/2026 1:44:07 PM","MsiInstaller","1035","Information","Windows Installer reconfigured the product. Product Name: Microsoft Windows Desktop Runtime - 8.0.27 (x64). Product Version: 64.108.52193. Product Language: 1033. Manufacturer: Microsoft Corporation. Reconfiguration success or error status: 0."
"05/17/2026 1:44:07 PM","MsiInstaller","1035","Information","Windows Installer reconfigured the product. Product Name: Microsoft .NET Host FX Resolver - 9.0.16 (x64). Product Version: 72.64.52183. Product Language: 1033. Manufacturer: Microsoft Corporation. Reconfiguration success or error status: 0."
"05/17/2026 1:44:06 PM","MsiInstaller","1035","Information","Windows Installer reconfigured the product. Product Name: Python 3.13.2 Executables (64-bit). Product Version: 3.13.2150.0. Product Language: 1033. Manufacturer: Python Software Foundation. Reconfiguration success or error status: 0."
"05/17/2026 1:44:06 PM","MsiInstaller","1035","Information","Windows Installer reconfigured the product. Product Name: Microsoft.NET.Workload.Mono.Toolchain.net7.Manifest-10.0.100 (x64). Product Version: 81.176.52183. Product Language: 1033. Manufacturer: Microsoft Corporation. Reconfiguration success or error status: 0."
"05/17/2026 1:44:06 PM","MsiInstaller","1035","Information","Windows Installer reconfigured the product. Product Name: SDK ARM64 Additions. Product Version: 10.1.26100.7705. Product Language: 1033. Manufacturer: Microsoft Corporation. Reconfiguration success or error status: 0."
"05/17/2026 1:44:06 PM","MsiInstaller","1035","Information","Windows Installer reconfigured the product. Product Name: Windows SDK Desktop Tools x64. Product Version: 10.1.26100.7705. Product Language: 1033. Manufacturer: Microsoft Corporation. Reconfiguration success or error status: 0."
"05/17/2026 1:44:06 PM","MsiInstaller","1035","Information","Windows Installer reconfigured the product. Product Name: Microsoft GameInput. Product Version: 3.3.182.0. Product Language: 1033. Manufacturer: Microsoft Corporation. Reconfiguration success or error status: 0."
"05/17/2026 1:44:06 PM","MsiInstaller","1035","Information","Windows Installer reconfigured the product. Product Name: Fusion Service. Product Version: 2.2.14.0. Product Language: 1033. Manufacturer: Dell.Inc. Reconfiguration success or error status: 0."
"05/17/2026 1:44:06 PM","MsiInstaller","1035","Information","Windows Installer reconfigured the product. Product Name: Universal CRT Tools x86. Product Version: 10.1.26100.7705. Product Language: 1033. Manufacturer: Microsoft Corporation. Reconfiguration success or error status: 0."
"05/17/2026 1:44:06 PM","MsiInstaller","1035","Information","Windows Installer reconfigured the product. Product Name: GitHub CLI. Product Version: 2.92.0. Product Language: 1033. Manufacturer: GitHub, Inc.. Reconfiguration success or error status: 0."
"05/17/2026 1:44:06 PM","MsiInstaller","1035","Information","Windows Installer reconfigured the product. Product Name: Application Verifier x64 External Package (OnecoreUAP). Product Version: 10.1.26100.7705. Product Language: 1033. Manufacturer: Microsoft. Reconfiguration success or error status: 0."
"05/17/2026 1:44:06 PM","MsiInstaller","1035","Information","Windows Installer reconfigured the product. Product Name: Windows SDK. Product Version: 10.1.26100.7705. Product Language: 1033. Manufacturer: Microsoft Corporation. Reconfiguration success or error status: 0."
"05/17/2026 1:44:06 PM","MsiInstaller","1035","Information","Windows Installer reconfigured the product. Product Name: Microsoft .NET Runtime - 9.0.16 (x64). Product Version: 72.64.52183. Product Language: 1033. Manufacturer: Microsoft Corporation. Reconfiguration success or error status: 0."
"05/17/2026 1:44:06 PM","MsiInstaller","1035","Information","Windows Installer reconfigured the product. Product Name: Python 3.13.2 Standard Library (64-bit). Product Version: 3.13.2150.0. Product Language: 1033. Manufacturer: Python Software Foundation. Reconfiguration success or error status: 0."
"05/17/2026 1:44:06 PM","MsiInstaller","1035","Information","Windows Installer reconfigured the product. Product Name: Microsoft Visual C++ 2022 X64 Debug Runtime - 14.44.35211. Product Version: 14.44.35211. Product Language: 1033. Manufacturer: Microsoft Corporation. Reconfiguration success or error status: 0."
"05/17/2026 1:44:06 PM","MsiInstaller","1035","Information","Windows Installer reconfigured the product. Product Name: Node.js. Product Version: 24.14.1. Product Language: 1033. Manufacturer: Node.js Foundation. Reconfiguration success or error status: 0."
"05/17/2026 1:44:06 PM","MsiInstaller","1035","Information","Windows Installer reconfigured the product. Product Name: Microsoft.NET.Workload.Emscripten.net6.Manifest-10.0.100 (x64). Product Version: 81.176.52183. Product Language: 1033. Manufacturer: Microsoft Corporation. Reconfiguration success or error status: 0."
"05/17/2026 1:44:05 PM","MsiInstaller","1035","Information","Windows Installer reconfigured the product. Product Name: Alienware FX Display002. Product Version: 6.13.3.0. Product Language: 1033. Manufacturer: Dell Inc.. Reconfiguration success or error status: 0."
"05/17/2026 1:44:05 PM","MsiInstaller","1035","Information","Windows Installer reconfigured the product. Product Name: Python 3.13.2 Add to Path (64-bit). Product Version: 3.13.2150.0. Product Language: 1033. Manufacturer: Python Software Foundation. Reconfiguration success or error status: 0."
"05/17/2026 1:44:05 PM","MsiInstaller","1035","Information","Windows Installer reconfigured the product. Product Name: vs_filehandler_amd64. Product Version: 17.14.36024. Product Language: 1033. Manufacturer: Microsoft Corporation. Reconfiguration success or error status: 0."
"05/17/2026 1:44:05 PM","MsiInstaller","1035","Information","Windows Installer reconfigured the product. Product Name: Microsoft .NET Host FX Resolver - 6.0.30 (x64). Product Version: 48.120.13561. Product Language: 1033. Manufacturer: Microsoft Corporation. Reconfiguration success or error status: 0."
"05/17/2026 1:44:05 PM","MsiInstaller","1035","Information","Windows Installer reconfigured the product. Product Name: Windows SDK Desktop Tools arm64. Product Version: 10.1.26100.7705. Product Language: 1033. Manufacturer: Microsoft Corporation. Reconfiguration success or error status: 0."
"05/17/2026 1:44:05 PM","MsiInstaller","1035","Information","Windows Installer reconfigured the product. Product Name: Microsoft ASP.NET Core Targeting Pack - 10.0.8 (x64). Product Version: 80.32.52183. Product Language: 1033. Manufacturer: Microsoft Corporation. Reconfiguration success or error status: 0."
"05/17/2026 1:44:05 PM","MsiInstaller","1035","Information","Windows Installer reconfigured the product. Product Name: Dell SupportAssist. Product Version: 5.0.1.2516. Product Language: 1033. Manufacturer: Dell Inc.. Reconfiguration success or error status: 0."
"05/17/2026 1:44:05 PM","MsiInstaller","1035","Information","Windows Installer reconfigured the product. Product Name: vs_minshellsharedmsi. Product Version: 17.14.36024. Product Language: 1033. Manufacturer: Microsoft Corporation. Reconfiguration success or error status: 0."
"05/17/2026 1:44:05 PM","MsiInstaller","1035","Information","Windows Installer reconfigured the product. Product Name: vs_minshellinteropsharedmsi. Product Version: 17.14.36015. Product Language: 1033. Manufacturer: Microsoft Corporation. Reconfiguration success or error status: 0."
"05/17/2026 1:44:05 PM","MsiInstaller","1035","Information","Windows Installer reconfigured the product. Product Name: Kits Configuration Installer. Product Version: 10.1.19041.685. Product Language: 1033. Manufacturer: Microsoft. Reconfiguration success or error status: 0."
"05/17/2026 1:44:05 PM","MsiInstaller","1035","Information","Windows Installer reconfigured the product. Product Name: vs_minshellmsires. Product Version: 17.14.36015. Product Language: 1033. Manufacturer: Microsoft Corporation. Reconfiguration success or error status: 0."
"05/17/2026 1:44:05 PM","MsiInstaller","1035","Information","Windows Installer reconfigured the product. Product Name: Microsoft.NET.Workload.Emscripten.net8.Manifest-10.0.100 (x64). Product Version: 81.176.52183. Product Language: 1033. Manufacturer: Microsoft Corporation. Reconfiguration success or error status: 0."
"05/17/2026 1:44:04 PM","MsiInstaller","1035","Information","Windows Installer reconfigured the product. Product Name: Microsoft.NET.Sdk.macOS.Manifest-10.0.100 (x64). Product Version: 26.0.11017. Product Language: 1033. Manufacturer: Microsoft Corporation. Reconfiguration success or error status: 0."
"05/17/2026 1:44:04 PM","MsiInstaller","1035","Information","Windows Installer reconfigured the product. Product Name: Python 3.13.2 pip Bootstrap (64-bit). Product Version: 3.13.2150.0. Product Language: 1033. Manufacturer: Python Software Foundation. Reconfiguration success or error status: 0."
"05/17/2026 1:44:04 PM","MsiInstaller","1035","Information","Windows Installer reconfigured the product. Product Name: Windows SDK Desktop Libs arm64. Product Version: 10.1.26100.7705. Product Language: 1033. Manufacturer: Microsoft Corporation. Reconfiguration success or error status: 0."
"05/17/2026 1:44:04 PM","MsiInstaller","1035","Information","Windows Installer reconfigured the product. Product Name: Microsoft.NET.Workload.Mono.Toolchain.net9.Manifest-10.0.100 (x64). Product Version: 81.176.52183. Product Language: 1033. Manufacturer: Microsoft Corporation. Reconfiguration success or error status: 0."
"05/17/2026 1:44:04 PM","MsiInstaller","1035","Information","Windows Installer reconfigured the product. Product Name: vcpp_crt.redist.clickonce. Product Version: 14.44.35211. Product Language: 1033. Manufacturer: Microsoft Corporation. Reconfiguration success or error status: 0."
"05/17/2026 1:44:04 PM","MsiInstaller","1035","Information","Windows Installer reconfigured the product. Product Name: vs_FileTracker_Singleton. Product Version: 17.14.36015. Product Language: 1033. Manufacturer: Microsoft Corporation. Reconfiguration success or error status: 0."
"05/17/2026 1:44:04 PM","MsiInstaller","1035","Information","Windows Installer reconfigured the product. Product Name: Windows SDK for Windows Store Apps Headers OnecoreUap. Product Version: 10.1.26100.7705. Product Language: 1033. Manufacturer: Microsoft Corporation. Reconfiguration success or error status: 0."
"05/17/2026 1:44:04 PM","MsiInstaller","1035","Information","Windows Installer reconfigured the product. Product Name: WinAppDeploy. Product Version: 10.1.26100.7705. Product Language: 1033. Manufacturer: Microsoft Corporation. Reconfiguration success or error status: 0."
"05/17/2026 1:44:04 PM","MsiInstaller","1035","Information","Windows Installer reconfigured the product. Product Name: Arturia USB MIDI Driver v1.6.0. Product Version: 1.6.0. Product Language: 1033. Manufacturer: Arturia. Reconfiguration success or error status: 0."
"05/17/2026 1:44:04 PM","MsiInstaller","1035","Information","Windows Installer reconfigured the product. Product Name: Windows SDK for Windows Store Managed Apps Libs. Product Version: 10.1.26100.7705. Product Language: 1033. Manufacturer: Microsoft Corporation. Reconfiguration success or error status: 0."
"05/17/2026 1:44:04 PM","MsiInstaller","1035","Information","Windows Installer reconfigured the product. Product Name: Windows SDK DirectX x64 Remote. Product Version: 10.1.26100.7705. Product Language: 1033. Manufacturer: Microsoft Corporation. Reconfiguration success or error status: 0."
"05/17/2026 1:44:04 PM","MsiInstaller","1035","Information","Windows Installer reconfigured the product. Product Name: Windows SDK for Windows Store Apps Headers. Product Version: 10.1.26100.7705. Product Language: 1033. Manufacturer: Microsoft Corporation. Reconfiguration success or error status: 0."
"05/17/2026 1:44:04 PM","MsiInstaller","1035","Information","Windows Installer reconfigured the product. Product Name: M-Audio M-Track Solo and Duo 1.0.3. Product Version: 1.0.3. Product Language: 1033. Manufacturer: M-Audio. Reconfiguration success or error status: 0."
"05/17/2026 1:44:04 PM","MsiInstaller","1035","Information","Windows Installer reconfigured the product. Product Name: Microsoft .NET Host - 10.0.8 (x64). Product Version: 80.32.52183. Product Language: 1033. Manufacturer: Microsoft Corporation. Reconfiguration success or error status: 0."
"05/17/2026 1:44:03 PM","MsiInstaller","1035","Information","Windows Installer reconfigured the product. Product Name: vs_communitysharedmsi. Product Version: 17.14.36025. Product Language: 1033. Manufacturer: Microsoft Corporation. Reconfiguration success or error status: 0."
"05/17/2026 1:44:03 PM","MsiInstaller","1035","Information","Windows Installer reconfigured the product. Product Name: Microsoft Visual C++ 2008 Redistributable - x86 9.0.30729.6161. Product Version: 9.0.30729.6161. Product Language: 1033. Manufacturer: Microsoft Corporation. Reconfiguration success or error status: 0."
"05/17/2026 1:44:03 PM","MsiInstaller","1035","Information","Windows Installer reconfigured the product. Product Name: LibreOffice 25.2.0.3. Product Version: 25.2.0.3. Product Language: 1033. Manufacturer: The Document Foundation. Reconfiguration success or error status: 0."
"05/17/2026 1:44:02 PM","MsiInstaller","1035","Information","Windows Installer reconfigured the product. Product Name: Windows SDK Modern Versioned Developer Tools. Product Version: 10.1.26100.7705. Product Language: 1033. Manufacturer: Microsoft Corporation. Reconfiguration success or error status: 0."
"05/17/2026 1:44:02 PM","MsiInstaller","1035","Information","Windows Installer reconfigured the product. Product Name: Microsoft .NET AppHost Pack - 10.0.8 (x64). Product Version: 80.32.52183. Product Language: 1033. Manufacturer: Microsoft Corporation. Reconfiguration success or error status: 0."
"05/17/2026 1:44:02 PM","MsiInstaller","1035","Information","Windows Installer reconfigured the product. Product Name: Windows SDK Modern Non-Versioned Developer Tools. Product Version: 10.1.26100.7705. Product Language: 1033. Manufacturer: Microsoft Corporation. Reconfiguration success or error status: 0."
"05/17/2026 1:44:02 PM","MsiInstaller","1035","Information","Windows Installer reconfigured the product. Product Name: Microsoft Windows Desktop Runtime - 10.0.8 (x64). Product Version: 80.32.52183. Product Language: 1033. Manufacturer: Microsoft Corporation. Reconfiguration success or error status: 0."
"05/17/2026 1:44:02 PM","MsiInstaller","1035","Information","Windows Installer reconfigured the product. Product Name: Microsoft.NET.Workload.Emscripten.net7.Manifest-10.0.100 (x64). Product Version: 81.176.52183. Product Language: 1033. Manufacturer: Microsoft Corporation. Reconfiguration success or error status: 0."
"05/17/2026 1:44:02 PM","MsiInstaller","1035","Information","Windows Installer reconfigured the product. Product Name: Dell Connected Service Delivery SubAgent. Product Version: 1.0.0.0. Product Language: 1033. Manufacturer: Dell Technologies, Inc.. Reconfiguration success or error status: 0."
"05/17/2026 1:44:02 PM","MsiInstaller","1035","Information","Windows Installer reconfigured the product. Product Name: Windows Subsystem for Linux. Product Version: 2.6.3.0. Product Language: 1033. Manufacturer: Microsoft Corporation. Reconfiguration success or error status: 0."
"05/17/2026 1:44:02 PM","MsiInstaller","1035","Information","Windows Installer reconfigured the product. Product Name: Dell Digital Delivery Services. Product Version: 5.6.3.0. Product Language: 1033. Manufacturer: Dell Inc.. Reconfiguration success or error status: 0."
"05/17/2026 1:44:02 PM","MsiInstaller","1035","Information","Windows Installer reconfigured the product. Product Name: Microsoft Visual C++ 2008 Redistributable - x64 9.0.30729.6161. Product Version: 9.0.30729.6161. Product Language: 1033. Manufacturer: Microsoft Corporation. Reconfiguration success or error status: 0."
"05/17/2026 1:44:02 PM","MsiInstaller","1035","Information","Windows Installer reconfigured the product. Product Name: vs_minshellinteropmsi. Product Version: 17.14.36015. Product Language: 1033. Manufacturer: Microsoft Corporation. Reconfiguration success or error status: 0."
"05/17/2026 1:44:02 PM","MsiInstaller","1035","Information","Windows Installer reconfigured the product. Product Name: vs_vswebprotocolselectormsi. Product Version: 17.14.36323. Product Language: 1033. Manufacturer: Microsoft Corporation. Reconfiguration success or error status: 0."
"05/17/2026 1:44:02 PM","MsiInstaller","1035","Information","Windows Installer reconfigured the product. Product Name: Python 3.13.2 Core Interpreter (64-bit). Product Version: 3.13.2150.0. Product Language: 1033. Manufacturer: Python Software Foundation. Reconfiguration success or error status: 0."
"05/17/2026 1:44:02 PM","MsiInstaller","1035","Information","Windows Installer reconfigured the product. Product Name: Microsoft .NET Runtime - 6.0.30 (x64). Product Version: 48.120.13561. Product Language: 1033. Manufacturer: Microsoft Corporation. Reconfiguration success or error status: 0."
"05/17/2026 1:44:02 PM","MsiInstaller","1035","Information","Windows Installer reconfigured the product. Product Name: Microsoft Visual C++ 2022 X86 Minimum Runtime - 14.44.35211. Product Version: 14.44.35211. Product Language: 1033. Manufacturer: Microsoft Corporation. Reconfiguration success or error status: 0."
"05/17/2026 1:44:02 PM","MsiInstaller","1035","Information","Windows Installer reconfigured the product. Product Name: WinRT Intellisense UAP - en-us. Product Version: 10.1.26100.7705. Product Language: 1033. Manufacturer: Microsoft Corporation. Reconfiguration success or error status: 0."
"05/17/2026 1:44:02 PM","MsiInstaller","1035","Information","Windows Installer reconfigured the product. Product Name: Windows SDK for Windows Store Apps Libs. Product Version: 10.1.26100.7705. Product Language: 1033. Manufacturer: Microsoft Corporation. Reconfiguration success or error status: 0."
"05/17/2026 1:44:01 PM","MsiInstaller","1035","Information","Windows Installer reconfigured the product. Product Name: Universal CRT Tools x64. Product Version: 10.1.26100.7705. Product Language: 1033. Manufacturer: Microsoft Corporation. Reconfiguration success or error status: 0."
"05/17/2026 1:44:01 PM","MsiInstaller","1035","Information","Windows Installer reconfigured the product. Product Name: OpenOffice 4.1.16. Product Version: 4.116.9816. Product Language: 1033. Manufacturer: Apache Software Foundation. Reconfiguration success or error status: 0."
"05/17/2026 1:44:01 PM","MsiInstaller","1035","Information","Windows Installer reconfigured the product. Product Name: Windows SDK for Windows Store Apps Tools. Product Version: 10.1.26100.7705. Product Language: 1033. Manufacturer: Microsoft Corporation. Reconfiguration success or error status: 0."
"05/17/2026 1:44:01 PM","MsiInstaller","1035","Information","Windows Installer reconfigured the product. Product Name: Windows SDK Redistributables. Product Version: 10.1.26100.7705. Product Language: 1033. Manufacturer: Microsoft Corporation. Reconfiguration success or error status: 0."
"05/17/2026 1:44:01 PM","MsiInstaller","1035","Information","Windows Installer reconfigured the product. Product Name: Microsoft Visual C++ 2012 x64 Additional Runtime - 11.0.51106. Product Version: 11.0.51106. Product Language: 1033. Manufacturer: Microsoft Corporation. Reconfiguration success or error status: 0."
"05/17/2026 1:44:01 PM","MsiInstaller","1035","Information","Windows Installer reconfigured the product. Product Name: WinRT Intellisense Desktop - Other Languages. Product Version: 10.1.26100.7705. Product Language: 1033. Manufacturer: Microsoft Corporation. Reconfiguration success or error status: 0."
"05/17/2026 1:44:01 PM","MsiInstaller","1035","Information","Windows Installer reconfigured the product. Product Name: Microsoft Windows Desktop Targeting Pack - 10.0.8 (x64). Product Version: 80.32.52183. Product Language: 1033. Manufacturer: Microsoft Corporation. Reconfiguration success or error status: 0."
"05/17/2026 1:44:01 PM","MsiInstaller","1035","Information","Windows Installer reconfigured the product. Product Name: Microsoft ASP.NET Core Runtime - 10.0.8 (x64). Product Version: 80.32.52183. Product Language: 1033. Manufacturer: Microsoft Corporation. Reconfiguration success or error status: 0."
"05/17/2026 1:44:01 PM","MsiInstaller","1035","Information","Windows Installer reconfigured the product. Product Name: MSI Development Tools. Product Version: 10.1.26100.7705. Product Language: 1033. Manufacturer: Microsoft Corporation. Reconfiguration success or error status: 0."
"05/17/2026 1:44:01 PM","MsiInstaller","1035","Information","Windows Installer reconfigured the product. Product Name: AWIOSmartInstaller. Product Version: 6.13.6.0. Product Language: 1033. Manufacturer: Dell Inc.. Reconfiguration success or error status: 0."
"05/17/2026 1:44:01 PM","MsiInstaller","1035","Information","Windows Installer reconfigured the product. Product Name: Microsoft .NET Host FX Resolver - 8.0.27 (x64). Product Version: 64.108.52182. Product Language: 1033. Manufacturer: Microsoft Corporation. Reconfiguration success or error status: 0."
"05/17/2026 1:44:01 PM","MsiInstaller","1035","Information","Windows Installer reconfigured the product. Product Name: NVIDIA Nsight Compute 2025.4.0. Product Version: 25.4.0.0. Product Language: 1033. Manufacturer: NVIDIA Corporation. Reconfiguration success or error status: 0."
"05/17/2026 1:44:01 PM","MsiInstaller","1035","Information","Windows Installer reconfigured the product. Product Name: Dell SupportAssist Remediation. Product Version: 5.5.15.1. Product Language: 1033. Manufacturer: Dell Inc.. Reconfiguration success or error status: 0."
"05/17/2026 1:44:00 PM","MsiInstaller","1035","Information","Windows Installer reconfigured the product. Product Name: FXELCInstaller. Product Version: 6.13.7.0. Product Language: 1033. Manufacturer: Dell. Reconfiguration success or error status: 0."
"05/17/2026 1:44:00 PM","MsiInstaller","1035","Information","Windows Installer reconfigured the product. Product Name: Windows Team Extension SDK Contracts. Product Version: 10.1.26100.7705. Product Language: 1033. Manufacturer: Microsoft Corporation. Reconfiguration success or error status: 0."
"05/17/2026 1:44:00 PM","MsiInstaller","1035","Information","Windows Installer reconfigured the product. Product Name: Windows Team Extension SDK. Product Version: 10.1.26100.7705. Product Language: 1033. Manufacturer: Microsoft Corporation. Reconfiguration success or error status: 0."
"05/17/2026 1:44:00 PM","MsiInstaller","1035","Information","Windows Installer reconfigured the product. Product Name: Application Verifier x64 External Package (DesktopEditions). Product Version: 10.1.26100.7705. Product Language: 1033. Manufacturer: Microsoft. Reconfiguration success or error status: 0."
"05/17/2026 1:44:00 PM","MsiInstaller","1035","Information","Windows Installer reconfigured the product. Product Name: VS Script Debugging Common. Product Version: 17.0.157.0. Product Language: 1033. Manufacturer: Microsoft Corporation. Reconfiguration success or error status: 0."
"05/17/2026 1:44:00 PM","MsiInstaller","1035","Information","Windows Installer reconfigured the product. Product Name: WinRT Intellisense IoT - en-us. Product Version: 10.1.26100.7705. Product Language: 1033. Manufacturer: Microsoft Corporation. Reconfiguration success or error status: 0."
"05/17/2026 1:44:00 PM","MsiInstaller","1035","Information","Windows Installer reconfigured the product. Product Name: Ableton Live 12 Suite. Product Version: 12.0.0.0. Product Language: 1033. Manufacturer: Ableton. Reconfiguration success or error status: 0."
"05/17/2026 1:43:57 PM","MsiInstaller","1035","Information","Windows Installer reconfigured the product. Product Name: Windows Desktop Extension SDK Contracts. Product Version: 10.1.26100.7705. Product Language: 1033. Manufacturer: Microsoft Corporation. Reconfiguration success or error status: 0."
"05/17/2026 1:43:57 PM","MsiInstaller","1035","Information","Windows Installer reconfigured the product. Product Name: WinRT Intellisense PPI - en-us. Product Version: 10.1.26100.7705. Product Language: 1033. Manufacturer: Microsoft Corporation. Reconfiguration success or error status: 0."
"05/17/2026 1:43:57 PM","MsiInstaller","1035","Information","Windows Installer reconfigured the product. Product Name: Microsoft.NET.Workload.Mono.Toolchain.net8.Manifest-10.0.100 (x64). Product Version: 81.176.52183. Product Language: 1033. Manufacturer: Microsoft Corporation. Reconfiguration success or error status: 0."
"05/17/2026 1:43:57 PM","MsiInstaller","1035","Information","Windows Installer reconfigured the product. Product Name: Universal CRT Redistributable. Product Version: 10.1.26100.7705. Product Language: 1033. Manufacturer: Microsoft Corporation. Reconfiguration success or error status: 0."
"05/17/2026 1:43:56 PM","MsiInstaller","1035","Information","Windows Installer reconfigured the product. Product Name: Microsoft Visual C++ 2022 X86 Additional Runtime - 14.44.35211. Product Version: 14.44.35211. Product Language: 1033. Manufacturer: Microsoft Corporation. Reconfiguration success or error status: 0."
"05/17/2026 1:43:56 PM","MsiInstaller","1035","Information","Windows Installer reconfigured the product. Product Name: Windows SDK Desktop Headers x64. Product Version: 10.1.26100.7705. Product Language: 1033. Manufacturer: Microsoft Corporation. Reconfiguration success or error status: 0."
"05/17/2026 1:43:56 PM","MsiInstaller","1035","Information","Windows Installer reconfigured the product. Product Name: Windows SDK AddOn. Product Version: 10.1.0.0. Product Language: 1033. Manufacturer: Microsoft Corporation. Reconfiguration success or error status: 0."
"05/17/2026 1:43:56 PM","MsiInstaller","1035","Information","Windows Installer reconfigured the product. Product Name: Microsoft .NET Host - 9.0.16 (x64). Product Version: 72.64.52183. Product Language: 1033. Manufacturer: Microsoft Corporation. Reconfiguration success or error status: 0."
"05/17/2026 1:43:56 PM","MsiInstaller","1035","Information","Windows Installer reconfigured the product. Product Name: Microsoft.NET.Sdk.MacCatalyst.Manifest-10.0.100 (x64). Product Version: 26.0.11017. Product Language: 1033. Manufacturer: Microsoft Corporation. Reconfiguration success or error status: 0."
"05/17/2026 1:43:56 PM","MsiInstaller","1035","Information","Windows Installer reconfigured the product. Product Name: Microsoft Visual C++ 2022 X86 Debug Runtime - 14.44.35211. Product Version: 14.44.35211. Product Language: 1033. Manufacturer: Microsoft Corporation. Reconfiguration success or error status: 0."
"05/17/2026 1:43:56 PM","MsiInstaller","1035","Information","Windows Installer reconfigured the product. Product Name: Windows App Certification Kit SupportedApiList x86. Product Version: 10.1.26100.7705. Product Language: 1033. Manufacturer: Microsoft Corporation. Reconfiguration success or error status: 0."
"05/17/2026 1:43:56 PM","MsiInstaller","1035","Information","Windows Installer reconfigured the product. Product Name: Microsoft Visual C++ 2022 X64 Minimum Runtime - 14.50.35719. Product Version: 14.50.35719. Product Language: 1033. Manufacturer: Microsoft Corporation. Reconfiguration success or error status: 0."
"05/17/2026 1:43:56 PM","MsiInstaller","1035","Information","Windows Installer reconfigured the product. Product Name: vs_filehandler_x86. Product Version: 17.14.36024. Product Language: 1033. Manufacturer: Microsoft Corporation. Reconfiguration success or error status: 0."
"05/17/2026 1:43:56 PM","MsiInstaller","1035","Information","Windows Installer reconfigured the product. Product Name: AWDisplay001Installer. Product Version: 6.13.6.0. Product Language: 1033. Manufacturer: Dell Inc.. Reconfiguration success or error status: 0."
"05/17/2026 1:43:56 PM","MsiInstaller","1035","Information","Windows Installer reconfigured the product. Product Name: NVIDIA Nsight Systems 2025.5.2. Product Version: 25.5.2.266. Product Language: 1033. Manufacturer: NVIDIA Corporation. Reconfiguration success or error status: 0."
"05/17/2026 1:43:56 PM","MsiInstaller","1035","Information","Windows Installer reconfigured the product. Product Name: GameLibrarySetup. Product Version: 6.13.6.0. Product Language: 1033. Manufacturer: Dell Inc.. Reconfiguration success or error status: 0."
"05/17/2026 1:43:56 PM","MsiInstaller","1035","Information","Windows Installer reconfigured the product. Product Name: Native Instruments Battery 4. Product Version: 4.1.0.2330. Product Language: 1033. Manufacturer: Native Instruments. Reconfiguration success or error status: 0."
"05/17/2026 1:43:55 PM","MsiInstaller","1035","Information","Windows Installer reconfigured the product. Product Name: XtuInstaller_Legacy. Product Version: 2.13.4.0. Product Language: 1033. Manufacturer: DELL inc.. Reconfiguration success or error status: 0."
"05/17/2026 1:43:55 PM","MsiInstaller","1035","Information","Windows Installer reconfigured the product. Product Name: FXDeviceInstaller. Product Version: 6.13.0. Product Language: 1033. Manufacturer: Dell, Inc.. Reconfiguration success or error status: 0."
"05/17/2026 1:43:55 PM","MsiInstaller","1035","Information","Windows Installer reconfigured the product. Product Name: Windows SDK Desktop Libs x86. Product Version: 10.1.26100.7705. Product Language: 1033. Manufacturer: Microsoft Corporation. Reconfiguration success or error status: 0."
"05/17/2026 1:43:55 PM","MsiInstaller","1035","Information","Windows Installer reconfigured the product. Product Name: Tailscale. Product Version: 1.98.1. Product Language: 1033. Manufacturer: Tailscale Inc.. Reconfiguration success or error status: 0."
"05/17/2026 1:43:55 PM","MsiInstaller","1035","Information","Windows Installer reconfigured the product. Product Name: Windows SDK Signing Tools. Product Version: 10.1.26100.7705. Product Language: 1033. Manufacturer: Microsoft Corporation. Reconfiguration success or error status: 0."
"05/17/2026 1:43:55 PM","MsiInstaller","1035","Information","Windows Installer reconfigured the product. Product Name: Windows App Certification Kit x64 (OnecoreUAP). Product Version: 10.1.26100.7705. Product Language: 1033. Manufacturer: Microsoft Corporation. Reconfiguration success or error status: 0."
"05/17/2026 1:43:55 PM","MsiInstaller","1035","Information","Windows Installer reconfigured the product. Product Name: SDK ARM64 Redistributables. Product Version: 10.1.26100.7705. Product Language: 1033. Manufacturer: Microsoft Corporation. Reconfiguration success or error status: 0."
"05/17/2026 1:43:55 PM","MsiInstaller","1035","Information","Windows Installer reconfigured the product. Product Name: Microsoft.NET.Sdk.tvOS.Manifest-10.0.100 (x64). Product Version: 26.0.11017. Product Language: 1033. Manufacturer: Microsoft Corporation. Reconfiguration success or error status: 0."
"05/17/2026 1:43:55 PM","MsiInstaller","1035","Information","Windows Installer reconfigured the product. Product Name: Windows App Certification Kit Native Components. Product Version: 10.1.26100.7705. Product Language: 1033. Manufacturer: Microsoft Corporation. Reconfiguration success or error status: 0."
"05/17/2026 1:43:55 PM","MsiInstaller","1035","Information","Windows Installer reconfigured the product. Product Name: FXCoreInstaller. Product Version: 6.13.7.0. Product Language: 1033. Manufacturer: Dell. Reconfiguration success or error status: 0."
"05/17/2026 1:43:55 PM","MsiInstaller","1035","Information","Windows Installer reconfigured the product. Product Name: Windows SDK OnecoreUap Headers x64. Product Version: 10.1.26100.7705. Product Language: 1033. Manufacturer: Microsoft Corporation. Reconfiguration success or error status: 0."
"05/17/2026 1:43:55 PM","MsiInstaller","1035","Information","Windows Installer reconfigured the product. Product Name: Microsoft Visual C++ 2008 Redistributable - x64 9.0.21022. Product Version: 9.0.21022. Product Language: 1033. Manufacturer: Microsoft Corporation. Reconfiguration success or error status: 0."
"05/17/2026 1:43:55 PM","MsiInstaller","1035","Information","Windows Installer reconfigured the product. Product Name: CMake. Product Version: 4.3.0. Product Language: 1033. Manufacturer: Kitware. Reconfiguration success or error status: 0."
"05/17/2026 1:43:54 PM","MsiInstaller","1035","Information","Windows Installer reconfigured the product. Product Name: Microsoft .NET Targeting Pack - 10.0.8 (x64). Product Version: 80.32.52183. Product Language: 1033. Manufacturer: Microsoft Corporation. Reconfiguration success or error status: 0."
"05/17/2026 1:43:54 PM","MsiInstaller","1035","Information","Windows Installer reconfigured the product. Product Name: Microsoft Visual C++ 2022 X64 Additional Runtime - 14.50.35719. Product Version: 14.50.35719. Product Language: 1033. Manufacturer: Microsoft Corporation. Reconfiguration success or error status: 0."
"05/17/2026 1:43:54 PM","MsiInstaller","1035","Information","Windows Installer reconfigured the product. Product Name: Windows App Certification Kit x64. Product Version: 10.1.26100.7705. Product Language: 1033. Manufacturer: Microsoft Corporation. Reconfiguration success or error status: 0."
"05/17/2026 1:43:54 PM","MsiInstaller","1035","Information","Windows Installer reconfigured the product. Product Name: Windows SDK Desktop Headers arm64. Product Version: 10.1.26100.7705. Product Language: 1033. Manufacturer: Microsoft Corporation. Reconfiguration success or error status: 0."
"05/17/2026 1:43:54 PM","MsiInstaller","1035","Information","Windows Installer reconfigured the product. Product Name: Windows IoT Extension SDK Contracts. Product Version: 10.1.26100.7705. Product Language: 1033. Manufacturer: Microsoft Corporation. Reconfiguration success or error status: 0."
"05/17/2026 1:43:54 PM","MsiInstaller","1035","Information","Windows Installer reconfigured the product. Product Name: Windows Desktop Extension SDK. Product Version: 10.1.26100.7705. Product Language: 1033. Manufacturer: Microsoft Corporation. Reconfiguration success or error status: 0."
"05/17/2026 1:43:54 PM","MsiInstaller","1035","Information","Windows Installer reconfigured the product. Product Name: Microsoft .NET Host - 8.0.27 (x64). Product Version: 64.108.52182. Product Language: 1033. Manufacturer: Microsoft Corporation. Reconfiguration success or error status: 0."
"05/17/2026 1:43:54 PM","MsiInstaller","1035","Information","Windows Installer reconfigured the product. Product Name: Microsoft Visual Studio Setup WMI Provider. Product Version: 3.12.2140.44225. Product Language: 1033. Manufacturer: Microsoft Corporation. Reconfiguration success or error status: 0."
"05/17/2026 1:43:54 PM","MsiInstaller","1035","Information","Windows Installer reconfigured the product. Product Name: Microsoft .NET Toolset 10.0.204 (x64). Product Version: 40.11.2218. Product Language: 1033. Manufacturer: Microsoft Corporation. Reconfiguration success or error status: 0."
"05/17/2026 1:43:54 PM","MsiInstaller","1035","Information","Windows Installer reconfigured the product. Product Name: Microsoft.NET.Workload.Mono.Toolchain.Current.Manifest-10.0.100 (x64). Product Version: 81.176.52183. Product Language: 1033. Manufacturer: Microsoft Corporation. Reconfiguration success or error status: 0."
"05/17/2026 1:43:52 PM","MsiInstaller","1035","Information","Windows Installer reconfigured the product. Product Name: Dell SupportAssist OS Recovery Plugin for Dell Update. Product Version: 5.5.15.2. Product Language: 1033. Manufacturer: Dell Inc.. Reconfiguration success or error status: 0."
"05/17/2026 1:43:52 PM","MsiInstaller","1035","Information","Windows Installer reconfigured the product. Product Name: Windows SDK for Windows Store Apps Contracts. Product Version: 10.1.26100.7705. Product Language: 1033. Manufacturer: Microsoft Corporation. Reconfiguration success or error status: 0."
"05/17/2026 1:43:51 PM","MsiInstaller","1035","Information","Windows Installer reconfigured the product. Product Name: Python 3.13.2 Documentation (64-bit). Product Version: 3.13.2150.0. Product Language: 1033. Manufacturer: Python Software Foundation. Reconfiguration success or error status: 0."
"05/17/2026 1:43:51 PM","MsiInstaller","1035","Information","Windows Installer reconfigured the product. Product Name: Microsoft.NET.Sdk.Android.Manifest-10.0.100 (x64). Product Version: 36.1.2. Product Language: 1033. Manufacturer: Microsoft Corporation. Reconfiguration success or error status: 0."
"05/17/2026 1:43:51 PM","MsiInstaller","1035","Information","Windows Installer reconfigured the product. Product Name: Windows SDK OnecoreUap Headers arm64. Product Version: 10.1.26100.7705. Product Language: 1033. Manufacturer: Microsoft Corporation. Reconfiguration success or error status: 0."
"05/17/2026 1:43:51 PM","MsiInstaller","1035","Information","Windows Installer reconfigured the product. Product Name: Universal General MIDI DLS Extension SDK. Product Version: 10.1.26100.7705. Product Language: 1033. Manufacturer: Microsoft Corporation. Reconfiguration success or error status: 0."
"05/17/2026 1:43:51 PM","MsiInstaller","1035","Information","Windows Installer reconfigured the product. Product Name: Microsoft Visual C++ 2012 x64 Minimum Runtime - 11.0.51106. Product Version: 11.0.51106. Product Language: 1033. Manufacturer: Microsoft Corporation. Reconfiguration success or error status: 0."
"05/17/2026 1:43:51 PM","MsiInstaller","1035","Information","Windows Installer reconfigured the product. Product Name: Windows SDK OnecoreUap Headers x86. Product Version: 10.1.26100.7705. Product Language: 1033. Manufacturer: Microsoft Corporation. Reconfiguration success or error status: 0."
"05/17/2026 1:43:51 PM","MsiInstaller","1035","Information","Windows Installer reconfigured the product. Product Name: Python 3.13.2 Tcl/Tk Support (64-bit). Product Version: 3.13.2150.0. Product Language: 1033. Manufacturer: Python Software Foundation. Reconfiguration success or error status: 0."
"05/17/2026 1:43:51 PM","MsiInstaller","1035","Information","Windows Installer reconfigured the product. Product Name: Windows Mobile Extension SDK Contracts. Product Version: 10.1.26100.7705. Product Language: 1033. Manufacturer: Microsoft Corporation. Reconfiguration success or error status: 0."
"05/17/2026 1:43:51 PM","MsiInstaller","1035","Information","Windows Installer reconfigured the product. Product Name: Windows SDK DirectX x86 Remote. Product Version: 10.1.26100.7705. Product Language: 1033. Manufacturer: Microsoft Corporation. Reconfiguration success or error status: 0."
"05/17/2026 1:43:51 PM","MsiInstaller","1035","Information","Windows Installer reconfigured the product. Product Name: SDK Debuggers. Product Version: 10.1.19041.685. Product Language: 1033. Manufacturer: Microsoft Corporation. Reconfiguration success or error status: 0."
"05/17/2026 1:43:51 PM","MsiInstaller","1035","Information","Windows Installer reconfigured the product. Product Name: vs_githubprotocolhandlermsi. Product Version: 17.14.36015. Product Language: 1033. Manufacturer: Microsoft Corporation. Reconfiguration success or error status: 0."
"05/17/2026 1:43:51 PM","MsiInstaller","1035","Information","Windows Installer reconfigured the product. Product Name: Eclipse Temurin JRE with Hotspot 21.0.6+7 (x64). Product Version: 21.0.6.7. Product Language: 1033. Manufacturer: Eclipse Adoptium. Reconfiguration success or error status: 0."
"05/17/2026 1:43:51 PM","MsiInstaller","1035","Information","Windows Installer reconfigured the product. Product Name: Windows SDK Desktop Tools x86. Product Version: 10.1.26100.7705. Product Language: 1033. Manufacturer: Microsoft Corporation. Reconfiguration success or error status: 0."
"05/17/2026 1:43:51 PM","MsiInstaller","1035","Information","Windows Installer reconfigured the product. Product Name: NVIDIA Nsight Visual Studio Edition 2025.4.0.25287. Product Version: 25.4.0.25287. Product Language: 1033. Manufacturer: NVIDIA Corporation. Reconfiguration success or error status: 0."
"05/17/2026 1:43:51 PM","MsiInstaller","1035","Information","Windows Installer reconfigured the product. Product Name: Microsoft Azure CLI (64-bit). Product Version: 2.85.0. Product Language: 1033. Manufacturer: Microsoft Corporation. Reconfiguration success or error status: 0."
"05/17/2026 1:43:50 PM","MsiInstaller","1035","Information","Windows Installer reconfigured the product. Product Name: PowerShell 7-x64. Product Version: 7.6.0.0. Product Language: 1033. Manufacturer: Microsoft Corporation. Reconfiguration success or error status: 0."
"05/17/2026 1:43:50 PM","MsiInstaller","1035","Information","Windows Installer reconfigured the product. Product Name: Windows SDK EULA. Product Version: 10.1.26100.7705. Product Language: 1033. Manufacturer: Microsoft Corporations. Reconfiguration success or error status: 0."
"05/17/2026 1:43:50 PM","MsiInstaller","1035","Information","Windows Installer reconfigured the product. Product Name: vs_CoreEditorFonts. Product Version: 17.7.40001. Product Language: 1033. Manufacturer: Microsoft Corporation. Reconfiguration success or error status: 0."
"05/17/2026 1:43:49 PM","MsiInstaller","1035","Information","Windows Installer reconfigured the product. Product Name: Windows SDK for Windows Store Apps Metadata. Product Version: 10.1.26100.7705. Product Language: 1033. Manufacturer: Microsoft Corporation. Reconfiguration success or error status: 0."
"05/17/2026 1:43:49 PM","MsiInstaller","1035","Information","Windows Installer reconfigured the product. Product Name: vs_minshellmsi. Product Version: 17.14.36301. Product Language: 1033. Manufacturer: Microsoft Corporation. Reconfiguration success or error status: 0."
"05/17/2026 1:43:49 PM","MsiInstaller","1035","Information","Windows Installer reconfigured the product. Product Name: WinRT Intellisense PPI - Other Languages. Product Version: 10.1.26100.7705. Product Language: 1033. Manufacturer: Microsoft Corporation. Reconfiguration success or error status: 0."
"05/17/2026 1:43:49 PM","MsiInstaller","1035","Information","Windows Installer reconfigured the product. Product Name: AlienwareArena. Product Version: 1.4.1. Product Language: 1033. Manufacturer: Alienware. Reconfiguration success or error status: 0."
"05/17/2026 1:43:49 PM","MsiInstaller","1035","Information","Windows Installer reconfigured the product. Product Name: Microsoft Visual C++ 2012 x86 Minimum Runtime - 11.0.61030. Product Version: 11.0.61030. Product Language: 1033. Manufacturer: Microsoft Corporation. Reconfiguration success or error status: 0."
"05/17/2026 1:43:49 PM","MsiInstaller","1035","Information","Windows Installer reconfigured the product. Product Name: WinRT Intellisense Desktop - en-us. Product Version: 10.1.26100.7705. Product Language: 1033. Manufacturer: Microsoft Corporation. Reconfiguration success or error status: 0."
"05/17/2026 1:43:49 PM","MsiInstaller","1035","Information","Windows Installer reconfigured the product. Product Name: Microsoft Windows Desktop Runtime - 9.0.16 (x64). Product Version: 72.64.52194. Product Language: 1033. Manufacturer: Microsoft Corporation. Reconfiguration success or error status: 0."
"05/17/2026 1:43:49 PM","MsiInstaller","1035","Information","Windows Installer reconfigured the product. Product Name: Windows SDK EULA. Product Version: 10.1.19041.685. Product Language: 1033. Manufacturer: Microsoft Corporations. Reconfiguration success or error status: 0."
"05/17/2026 1:43:49 PM","MsiInstaller","1035","Information","Windows Installer reconfigured the product. Product Name: Microsoft .NET 10.0 Templates 10.0.204 x64. Product Version: 40.11.2218. Product Language: 1033. Manufacturer: Microsoft Corporation. Reconfiguration success or error status: 0."
"05/17/2026 1:43:49 PM","MsiInstaller","1035","Information","Windows Installer reconfigured the product. Product Name: Microsoft.NET.Sdk.iOS.Manifest-10.0.100 (x64). Product Version: 26.0.11017. Product Language: 1033. Manufacturer: Microsoft Corporation. Reconfiguration success or error status: 0."
"05/17/2026 1:43:49 PM","MsiInstaller","1035","Information","Windows Installer reconfigured the product. Product Name: Microsoft .NET Host FX Resolver - 10.0.8 (x64). Product Version: 80.32.52183. Product Language: 1033. Manufacturer: Microsoft Corporation. Reconfiguration success or error status: 0."
"05/17/2026 1:43:49 PM","MsiInstaller","1035","Information","Windows Installer reconfigured the product. Product Name: Python 3.13.2 Test Suite (64-bit). Product Version: 3.13.2150.0. Product Language: 1033. Manufacturer: Python Software Foundation. Reconfiguration success or error status: 0."
"05/17/2026 1:43:49 PM","MsiInstaller","1035","Information","Windows Installer reconfigured the product. Product Name: Microsoft Windows Desktop Runtime - 6.0.30 (x64). Product Version: 48.120.13587. Product Language: 1033. Manufacturer: Microsoft Corporation. Reconfiguration success or error status: 0."
"05/17/2026 1:43:49 PM","MsiInstaller","1035","Information","Windows Installer reconfigured the product. Product Name: Microsoft .NET Host - 6.0.30 (x64). Product Version: 48.120.13561. Product Language: 1033. Manufacturer: Microsoft Corporation. Reconfiguration success or error status: 0."
"05/17/2026 1:43:49 PM","MsiInstaller","1035","Information","Windows Installer reconfigured the product. Product Name: Windows SDK for Windows Store Apps DirectX x86 Remote. Product Version: 10.1.26100.7705. Product Language: 1033. Manufacturer: Microsoft Corporation. Reconfiguration success or error status: 0."
"05/17/2026 1:43:49 PM","MsiInstaller","1035","Information","Windows Installer reconfigured the product. Product Name: Windows SDK ARM64 Desktop Tools. Product Version: 10.1.26100.7705. Product Language: 1033. Manufacturer: Microsoft Corporation. Reconfiguration success or error status: 0."
"05/17/2026 1:43:48 PM","MsiInstaller","1035","Information","Windows Installer reconfigured the product. Product Name: vs_communityx64msi. Product Version: 17.14.36025. Product Language: 1033. Manufacturer: Microsoft Corporation. Reconfiguration success or error status: 0."
"05/17/2026 1:43:48 PM","MsiInstaller","1035","Information","Windows Installer reconfigured the product. Product Name: Windows SDK for Windows Store Apps. Product Version: 10.1.26100.7705. Product Language: 1033. Manufacturer: Microsoft Corporation. Reconfiguration success or error status: 0."
"05/17/2026 1:43:48 PM","MsiInstaller","1035","Information","Windows Installer reconfigured the product. Product Name: DiagnosticsHub_CollectionService. Product Version: 17.14.36412. Product Language: 1033. Manufacturer: Microsoft Corporation. Reconfiguration success or error status: 0."
"05/17/2026 1:43:48 PM","MsiInstaller","1035","Information","Windows Installer reconfigured the product. Product Name: Universal CRT Headers Libraries and Sources. Product Version: 10.1.26100.7705. Product Language: 1033. Manufacturer: Microsoft Corporation. Reconfiguration success or error status: 0."
"05/17/2026 1:43:48 PM","MsiInstaller","1035","Information","Windows Installer reconfigured the product. Product Name: WinRT Intellisense UAP - Other Languages. Product Version: 10.1.26100.7705. Product Language: 1033. Manufacturer: Microsoft Corporation. Reconfiguration success or error status: 0."
"05/17/2026 1:43:48 PM","MsiInstaller","1035","Information","Windows Installer reconfigured the product. Product Name: Windows SDK Desktop Libs x64. Product Version: 10.1.26100.7705. Product Language: 1033. Manufacturer: Microsoft Corporation. Reconfiguration success or error status: 0."
"05/17/2026 1:43:48 PM","MsiInstaller","1035","Information","Windows Installer reconfigured the product. Product Name: CoreInstaller. Product Version: 6.13.7.0. Product Language: 1033. Manufacturer: Dell Inc.. Reconfiguration success or error status: 0."
"05/17/2026 1:43:48 PM","MsiInstaller","1035","Information","Windows Installer reconfigured the product. Product Name: Microsoft.NET.Workload.Emscripten.net9.Manifest-10.0.100 (x64). Product Version: 81.176.52183. Product Language: 1033. Manufacturer: Microsoft Corporation. Reconfiguration success or error status: 0."
"05/17/2026 1:43:48 PM","MsiInstaller","1035","Information","Windows Installer reconfigured the product. Product Name: Visual C++ 64-bit Redistributables. Product Version: 1.2.0.5555. Product Language: 1033. Manufacturer: PACE Anti-Piracy, Inc.. Reconfiguration success or error status: 0."
"05/17/2026 1:43:48 PM","MsiInstaller","1035","Information","Windows Installer reconfigured the product. Product Name: Microsoft Visual C++ 2012 x86 Additional Runtime - 11.0.61030. Product Version: 11.0.61030. Product Language: 1033. Manufacturer: Microsoft Corporation. Reconfiguration success or error status: 0."
"05/17/2026 1:43:48 PM","MsiInstaller","1035","Information","Windows Installer reconfigured the product. Product Name: Dell Core Services. Product Version: 1.13.23.0. Product Language: 1033. Manufacturer: Dell, Inc.. Reconfiguration success or error status: 0."
"05/17/2026 1:43:48 PM","MsiInstaller","1035","Information","Windows Installer reconfigured the product. Product Name: Ableton Push Driver v5.68.0. Product Version: 5.68.0. Product Language: 1033. Manufacturer: Ableton. Reconfiguration success or error status: 0."
"05/17/2026 1:43:47 PM","MsiInstaller","1035","Information","Windows Installer reconfigured the product. Product Name: Universal CRT Extension SDK. Product Version: 10.1.26100.7705. Product Language: 1033. Manufacturer: Microsoft Corporation. Reconfiguration success or error status: 0."
"05/17/2026 1:43:47 PM","MsiInstaller","1035","Information","Windows Installer reconfigured the product. Product Name: Microsoft .NET Runtime - 10.0.8 (x64). Product Version: 80.32.52183. Product Language: 1033. Manufacturer: Microsoft Corporation. Reconfiguration success or error status: 0."
"05/17/2026 1:43:47 PM","MsiInstaller","1035","Information","Windows Installer reconfigured the product. Product Name: License Support. Product Version: 1.2.0.5555. Product Language: 1033. Manufacturer: PACE Anti-Piracy, Inc.. Reconfiguration success or error status: 0."
"05/17/2026 1:43:47 PM","MsiInstaller","1035","Information","Windows Installer reconfigured the product. Product Name: Windows SDK Facade Windows WinMD Versioned. Product Version: 10.1.26100.7705. Product Language: 1033. Manufacturer: Microsoft Corporation. Reconfiguration success or error status: 0."
"05/17/2026 1:43:47 PM","MsiInstaller","1035","Information","Windows Installer reconfigured the product. Product Name: Universal CRT Redistributable. Product Version: 10.0.26624. Product Language: 1033. Manufacturer: Microsoft Corporation. Reconfiguration success or error status: 0."
"05/17/2026 1:43:47 PM","MsiInstaller","1035","Information","Windows Installer reconfigured the product. Product Name: vs_communitymsires. Product Version: 17.14.36015. Product Language: 1033. Manufacturer: Microsoft Corporation. Reconfiguration success or error status: 0."
"05/17/2026 1:43:47 PM","MsiInstaller","1035","Information","Windows Installer reconfigured the product. Product Name: SupportAssist Recovery Assistant. Product Version: 5.5.10.19019. Product Language: 1033. Manufacturer: Dell Inc.. Reconfiguration success or error status: 0."
"05/17/2026 1:43:47 PM","MsiInstaller","1035","Information","Windows Installer reconfigured the product. Product Name: Dell Connected Service Delivery. Product Version: 1.1.1.0. Product Language: 1033. Manufacturer: Dell Technologies, Inc.. Reconfiguration success or error status: 0."
"05/17/2026 1:43:47 PM","MsiInstaller","1035","Information","Windows Installer reconfigured the product. Product Name: Microsoft.NET.Sdk.Maui.Manifest-10.0.100 (x64). Product Version: 10.0.0. Product Language: 1033. Manufacturer: Microsoft Corporation. Reconfiguration success or error status: 0."
"05/17/2026 1:43:47 PM","MsiInstaller","1035","Information","Windows Installer reconfigured the product. Product Name: Microsoft.NET.Workload.Mono.Toolchain.net6.Manifest-10.0.100 (x64). Product Version: 81.176.52183. Product Language: 1033. Manufacturer: Microsoft Corporation. Reconfiguration success or error status: 0."
"05/17/2026 1:43:47 PM","MsiInstaller","1035","Information","Windows Installer reconfigured the product. Product Name: Visual C++ Redistributables. Product Version: 1.2.0.5555. Product Language: 1033. Manufacturer: PACE Anti-Piracy, Inc.. Reconfiguration success or error status: 0."
"05/17/2026 1:43:47 PM","MsiInstaller","1035","Information","Windows Installer reconfigured the product. Product Name: Microsoft .NET Runtime - 8.0.27 (x64). Product Version: 64.108.52182. Product Language: 1033. Manufacturer: Microsoft Corporation. Reconfiguration success or error status: 0."
"05/17/2026 1:43:47 PM","MsiInstaller","1035","Information","Windows Installer reconfigured the product. Product Name: Python Launcher. Product Version: 3.13.2150.0. Product Language: 1033. Manufacturer: Python Software Foundation. Reconfiguration success or error status: 0."
"05/17/2026 1:43:47 PM","MsiInstaller","1035","Information","Windows Installer reconfigured the product. Product Name: Microsoft.NET.Workload.Emscripten.Current.Manifest-10.0.100 (x64). Product Version: 81.176.52183. Product Language: 1033. Manufacturer: Microsoft Corporation. Reconfiguration success or error status: 0."
"05/17/2026 1:43:47 PM","MsiInstaller","1035","Information","Windows Installer reconfigured the product. Product Name: Native Instruments Service Center. Product Version: 2.4.4.1428. Product Language: 1033. Manufacturer: Native Instruments. Reconfiguration success or error status: 0."
"05/17/2026 1:43:46 PM","MsiInstaller","1035","Information","Windows Installer reconfigured the product. Product Name: Microsoft Visual Studio Setup Configuration. Product Version: 3.12.2140.44225. Product Language: 1033. Manufacturer: Microsoft Corporation. Reconfiguration success or error status: 0."
"05/17/2026 1:43:46 PM","MsiInstaller","1035","Information","Windows Installer reconfigured the product. Product Name: Python 3.13.2 Development Libraries (64-bit). Product Version: 3.13.2150.0. Product Language: 1033. Manufacturer: Python Software Foundation. Reconfiguration success or error status: 0."
"05/17/2026 1:43:46 PM","MsiInstaller","1035","Information","Windows Installer reconfigured the product. Product Name: Windows SDK Desktop Headers x86. Product Version: 10.1.26100.7705. Product Language: 1033. Manufacturer: Microsoft Corporation. Reconfiguration success or error status: 0."
"05/17/2026 1:43:46 PM","MsiInstaller","1035","Information","Windows Installer reconfigured the product. Product Name: WinRT Intellisense IoT - Other Languages. Product Version: 10.1.26100.7705. Product Language: 1033. Manufacturer: Microsoft Corporation. Reconfiguration success or error status: 0."
"05/17/2026 1:43:46 PM","MsiInstaller","1035","Information","Windows Installer reconfigured the product. Product Name: Windows Mobile Extension SDK. Product Version: 10.1.26100.7705. Product Language: 1033. Manufacturer: Microsoft Corporation. Reconfiguration success or error status: 0."
"05/17/2026 1:43:46 PM","MsiInstaller","1035","Information","Windows Installer reconfigured the product. Product Name: WinRT Intellisense Mobile - en-us. Product Version: 10.1.26100.7705. Product Language: 1033. Manufacturer: Microsoft Corporation. Reconfiguration success or error status: 0."
"05/17/2026 1:43:46 PM","MsiInstaller","1035","Information","Windows Installer reconfigured the product. Product Name: Windows IoT Extension SDK. Product Version: 10.1.26100.7705. Product Language: 1033. Manufacturer: Microsoft Corporation. Reconfiguration success or error status: 0."
"05/17/2026 1:43:46 PM","MsiInstaller","1035","Information","Windows Installer reconfigured the product. Product Name: Microsoft Windows Desktop Runtime - 8.0.27 (x64). Product Version: 64.108.52193. Product Language: 1033. Manufacturer: Microsoft Corporation. Reconfiguration success or error status: 0."
"05/17/2026 1:43:46 PM","MsiInstaller","1035","Information","Windows Installer reconfigured the product. Product Name: Microsoft .NET Host FX Resolver - 9.0.16 (x64). Product Version: 72.64.52183. Product Language: 1033. Manufacturer: Microsoft Corporation. Reconfiguration success or error status: 0."
"05/17/2026 1:43:46 PM","MsiInstaller","1035","Information","Windows Installer reconfigured the product. Product Name: Python 3.13.2 Executables (64-bit). Product Version: 3.13.2150.0. Product Language: 1033. Manufacturer: Python Software Foundation. Reconfiguration success or error status: 0."
"05/17/2026 1:43:46 PM","MsiInstaller","1035","Information","Windows Installer reconfigured the product. Product Name: Microsoft.NET.Workload.Mono.Toolchain.net7.Manifest-10.0.100 (x64). Product Version: 81.176.52183. Product Language: 1033. Manufacturer: Microsoft Corporation. Reconfiguration success or error status: 0."
"05/17/2026 1:43:45 PM","MsiInstaller","1035","Information","Windows Installer reconfigured the product. Product Name: SDK ARM64 Additions. Product Version: 10.1.26100.7705. Product Language: 1033. Manufacturer: Microsoft Corporation. Reconfiguration success or error status: 0."
"05/17/2026 1:43:45 PM","MsiInstaller","1035","Information","Windows Installer reconfigured the product. Product Name: Windows SDK Desktop Tools x64. Product Version: 10.1.26100.7705. Product Language: 1033. Manufacturer: Microsoft Corporation. Reconfiguration success or error status: 0."
"05/17/2026 1:43:45 PM","MsiInstaller","1035","Information","Windows Installer reconfigured the product. Product Name: Microsoft GameInput. Product Version: 3.3.182.0. Product Language: 1033. Manufacturer: Microsoft Corporation. Reconfiguration success or error status: 0."
"05/17/2026 1:43:45 PM","MsiInstaller","1035","Information","Windows Installer reconfigured the product. Product Name: Fusion Service. Product Version: 2.2.14.0. Product Language: 1033. Manufacturer: Dell.Inc. Reconfiguration success or error status: 0."
"05/17/2026 1:43:45 PM","MsiInstaller","1035","Information","Windows Installer reconfigured the product. Product Name: Universal CRT Tools x86. Product Version: 10.1.26100.7705. Product Language: 1033. Manufacturer: Microsoft Corporation. Reconfiguration success or error status: 0."
"05/17/2026 1:43:45 PM","MsiInstaller","1035","Information","Windows Installer reconfigured the product. Product Name: GitHub CLI. Product Version: 2.92.0. Product Language: 1033. Manufacturer: GitHub, Inc.. Reconfiguration success or error status: 0."
"05/17/2026 1:43:45 PM","MsiInstaller","1035","Information","Windows Installer reconfigured the product. Product Name: Application Verifier x64 External Package (OnecoreUAP). Product Version: 10.1.26100.7705. Product Language: 1033. Manufacturer: Microsoft. Reconfiguration success or error status: 0."
"05/17/2026 1:43:45 PM","MsiInstaller","1035","Information","Windows Installer reconfigured the product. Product Name: Windows SDK. Product Version: 10.1.26100.7705. Product Language: 1033. Manufacturer: Microsoft Corporation. Reconfiguration success or error status: 0."
"05/17/2026 1:43:45 PM","MsiInstaller","1035","Information","Windows Installer reconfigured the product. Product Name: Microsoft .NET Runtime - 9.0.16 (x64). Product Version: 72.64.52183. Product Language: 1033. Manufacturer: Microsoft Corporation. Reconfiguration success or error status: 0."
"05/17/2026 1:43:45 PM","MsiInstaller","1035","Information","Windows Installer reconfigured the product. Product Name: Python 3.13.2 Standard Library (64-bit). Product Version: 3.13.2150.0. Product Language: 1033. Manufacturer: Python Software Foundation. Reconfiguration success or error status: 0."
"05/17/2026 1:43:45 PM","MsiInstaller","1035","Information","Windows Installer reconfigured the product. Product Name: Microsoft Visual C++ 2022 X64 Debug Runtime - 14.44.35211. Product Version: 14.44.35211. Product Language: 1033. Manufacturer: Microsoft Corporation. Reconfiguration success or error status: 0."
"05/17/2026 1:43:45 PM","MsiInstaller","1035","Information","Windows Installer reconfigured the product. Product Name: Node.js. Product Version: 24.14.1. Product Language: 1033. Manufacturer: Node.js Foundation. Reconfiguration success or error status: 0."
"05/17/2026 1:43:44 PM","MsiInstaller","1035","Information","Windows Installer reconfigured the product. Product Name: Microsoft.NET.Workload.Emscripten.net6.Manifest-10.0.100 (x64). Product Version: 81.176.52183. Product Language: 1033. Manufacturer: Microsoft Corporation. Reconfiguration success or error status: 0."
"05/17/2026 1:43:44 PM","MsiInstaller","1035","Information","Windows Installer reconfigured the product. Product Name: Alienware FX Display002. Product Version: 6.13.3.0. Product Language: 1033. Manufacturer: Dell Inc.. Reconfiguration success or error status: 0."
"05/17/2026 1:43:44 PM","MsiInstaller","1035","Information","Windows Installer reconfigured the product. Product Name: Python 3.13.2 Add to Path (64-bit). Product Version: 3.13.2150.0. Product Language: 1033. Manufacturer: Python Software Foundation. Reconfiguration success or error status: 0."
"05/17/2026 1:43:44 PM","MsiInstaller","1035","Information","Windows Installer reconfigured the product. Product Name: vs_filehandler_amd64. Product Version: 17.14.36024. Product Language: 1033. Manufacturer: Microsoft Corporation. Reconfiguration success or error status: 0."
"05/17/2026 1:43:44 PM","MsiInstaller","1035","Information","Windows Installer reconfigured the product. Product Name: Microsoft .NET Host FX Resolver - 6.0.30 (x64). Product Version: 48.120.13561. Product Language: 1033. Manufacturer: Microsoft Corporation. Reconfiguration success or error status: 0."
"05/17/2026 1:43:44 PM","MsiInstaller","1035","Information","Windows Installer reconfigured the product. Product Name: Windows SDK Desktop Tools arm64. Product Version: 10.1.26100.7705. Product Language: 1033. Manufacturer: Microsoft Corporation. Reconfiguration success or error status: 0."
"05/17/2026 1:43:44 PM","MsiInstaller","1035","Information","Windows Installer reconfigured the product. Product Name: Microsoft ASP.NET Core Targeting Pack - 10.0.8 (x64). Product Version: 80.32.52183. Product Language: 1033. Manufacturer: Microsoft Corporation. Reconfiguration success or error status: 0."
"05/17/2026 1:43:44 PM","MsiInstaller","1035","Information","Windows Installer reconfigured the product. Product Name: Dell SupportAssist. Product Version: 5.0.1.2516. Product Language: 1033. Manufacturer: Dell Inc.. Reconfiguration success or error status: 0."
"05/17/2026 1:43:43 PM","MsiInstaller","1035","Information","Windows Installer reconfigured the product. Product Name: vs_minshellsharedmsi. Product Version: 17.14.36024. Product Language: 1033. Manufacturer: Microsoft Corporation. Reconfiguration success or error status: 0."
"05/17/2026 1:43:43 PM","MsiInstaller","1035","Information","Windows Installer reconfigured the product. Product Name: vs_minshellinteropsharedmsi. Product Version: 17.14.36015. Product Language: 1033. Manufacturer: Microsoft Corporation. Reconfiguration success or error status: 0."
"05/17/2026 1:43:43 PM","MsiInstaller","1035","Information","Windows Installer reconfigured the product. Product Name: Kits Configuration Installer. Product Version: 10.1.19041.685. Product Language: 1033. Manufacturer: Microsoft. Reconfiguration success or error status: 0."
"05/17/2026 1:43:43 PM","MsiInstaller","1035","Information","Windows Installer reconfigured the product. Product Name: vs_minshellmsires. Product Version: 17.14.36015. Product Language: 1033. Manufacturer: Microsoft Corporation. Reconfiguration success or error status: 0."
"05/17/2026 1:43:43 PM","MsiInstaller","1035","Information","Windows Installer reconfigured the product. Product Name: Microsoft.NET.Workload.Emscripten.net8.Manifest-10.0.100 (x64). Product Version: 81.176.52183. Product Language: 1033. Manufacturer: Microsoft Corporation. Reconfiguration success or error status: 0."
"05/17/2026 1:43:43 PM","MsiInstaller","1035","Information","Windows Installer reconfigured the product. Product Name: Microsoft.NET.Sdk.macOS.Manifest-10.0.100 (x64). Product Version: 26.0.11017. Product Language: 1033. Manufacturer: Microsoft Corporation. Reconfiguration success or error status: 0."
"05/17/2026 1:43:43 PM","MsiInstaller","1035","Information","Windows Installer reconfigured the product. Product Name: Python 3.13.2 pip Bootstrap (64-bit). Product Version: 3.13.2150.0. Product Language: 1033. Manufacturer: Python Software Foundation. Reconfiguration success or error status: 0."
"05/17/2026 1:43:43 PM","MsiInstaller","1035","Information","Windows Installer reconfigured the product. Product Name: Windows SDK Desktop Libs arm64. Product Version: 10.1.26100.7705. Product Language: 1033. Manufacturer: Microsoft Corporation. Reconfiguration success or error status: 0."
"05/17/2026 1:43:43 PM","MsiInstaller","1035","Information","Windows Installer reconfigured the product. Product Name: Microsoft.NET.Workload.Mono.Toolchain.net9.Manifest-10.0.100 (x64). Product Version: 81.176.52183. Product Language: 1033. Manufacturer: Microsoft Corporation. Reconfiguration success or error status: 0."
"05/17/2026 1:43:43 PM","MsiInstaller","1035","Information","Windows Installer reconfigured the product. Product Name: vcpp_crt.redist.clickonce. Product Version: 14.44.35211. Product Language: 1033. Manufacturer: Microsoft Corporation. Reconfiguration success or error status: 0."
"05/17/2026 1:43:43 PM","MsiInstaller","1035","Information","Windows Installer reconfigured the product. Product Name: vs_FileTracker_Singleton. Product Version: 17.14.36015. Product Language: 1033. Manufacturer: Microsoft Corporation. Reconfiguration success or error status: 0."
"05/17/2026 1:43:43 PM","MsiInstaller","1035","Information","Windows Installer reconfigured the product. Product Name: Windows SDK for Windows Store Apps Headers OnecoreUap. Product Version: 10.1.26100.7705. Product Language: 1033. Manufacturer: Microsoft Corporation. Reconfiguration success or error status: 0."
"05/17/2026 1:43:43 PM","MsiInstaller","1035","Information","Windows Installer reconfigured the product. Product Name: WinAppDeploy. Product Version: 10.1.26100.7705. Product Language: 1033. Manufacturer: Microsoft Corporation. Reconfiguration success or error status: 0."
"05/17/2026 1:43:43 PM","MsiInstaller","1035","Information","Windows Installer reconfigured the product. Product Name: Arturia USB MIDI Driver v1.6.0. Product Version: 1.6.0. Product Language: 1033. Manufacturer: Arturia. Reconfiguration success or error status: 0."
"05/17/2026 1:43:42 PM","MsiInstaller","1035","Information","Windows Installer reconfigured the product. Product Name: Windows SDK for Windows Store Managed Apps Libs. Product Version: 10.1.26100.7705. Product Language: 1033. Manufacturer: Microsoft Corporation. Reconfiguration success or error status: 0."
"05/17/2026 1:43:42 PM","MsiInstaller","1035","Information","Windows Installer reconfigured the product. Product Name: Windows SDK DirectX x64 Remote. Product Version: 10.1.26100.7705. Product Language: 1033. Manufacturer: Microsoft Corporation. Reconfiguration success or error status: 0."
"05/17/2026 1:43:42 PM","MsiInstaller","1035","Information","Windows Installer reconfigured the product. Product Name: Windows SDK for Windows Store Apps Headers. Product Version: 10.1.26100.7705. Product Language: 1033. Manufacturer: Microsoft Corporation. Reconfiguration success or error status: 0."
"05/17/2026 1:43:42 PM","MsiInstaller","1035","Information","Windows Installer reconfigured the product. Product Name: M-Audio M-Track Solo and Duo 1.0.3. Product Version: 1.0.3. Product Language: 1033. Manufacturer: M-Audio. Reconfiguration success or error status: 0."
"05/17/2026 1:43:42 PM","MsiInstaller","1035","Information","Windows Installer reconfigured the product. Product Name: Microsoft .NET Host - 10.0.8 (x64). Product Version: 80.32.52183. Product Language: 1033. Manufacturer: Microsoft Corporation. Reconfiguration success or error status: 0."
"05/17/2026 1:43:42 PM","MsiInstaller","1035","Information","Windows Installer reconfigured the product. Product Name: vs_communitysharedmsi. Product Version: 17.14.36025. Product Language: 1033. Manufacturer: Microsoft Corporation. Reconfiguration success or error status: 0."
"05/17/2026 1:43:42 PM","MsiInstaller","1035","Information","Windows Installer reconfigured the product. Product Name: Microsoft Visual C++ 2008 Redistributable - x86 9.0.30729.6161. Product Version: 9.0.30729.6161. Product Language: 1033. Manufacturer: Microsoft Corporation. Reconfiguration success or error status: 0."
"05/17/2026 1:43:42 PM","MsiInstaller","1035","Information","Windows Installer reconfigured the product. Product Name: LibreOffice 25.2.0.3. Product Version: 25.2.0.3. Product Language: 1033. Manufacturer: The Document Foundation. Reconfiguration success or error status: 0."
"05/17/2026 1:43:40 PM","MsiInstaller","1035","Information","Windows Installer reconfigured the product. Product Name: Windows SDK Modern Versioned Developer Tools. Product Version: 10.1.26100.7705. Product Language: 1033. Manufacturer: Microsoft Corporation. Reconfiguration success or error status: 0."
"05/17/2026 1:43:40 PM","MsiInstaller","1035","Information","Windows Installer reconfigured the product. Product Name: Microsoft .NET AppHost Pack - 10.0.8 (x64). Product Version: 80.32.52183. Product Language: 1033. Manufacturer: Microsoft Corporation. Reconfiguration success or error status: 0."
"05/17/2026 1:43:40 PM","MsiInstaller","1035","Information","Windows Installer reconfigured the product. Product Name: Windows SDK Modern Non-Versioned Developer Tools. Product Version: 10.1.26100.7705. Product Language: 1033. Manufacturer: Microsoft Corporation. Reconfiguration success or error status: 0."
"05/17/2026 1:43:40 PM","MsiInstaller","1035","Information","Windows Installer reconfigured the product. Product Name: Microsoft Windows Desktop Runtime - 10.0.8 (x64). Product Version: 80.32.52183. Product Language: 1033. Manufacturer: Microsoft Corporation. Reconfiguration success or error status: 0."
"05/17/2026 1:43:40 PM","MsiInstaller","1035","Information","Windows Installer reconfigured the product. Product Name: Microsoft.NET.Workload.Emscripten.net7.Manifest-10.0.100 (x64). Product Version: 81.176.52183. Product Language: 1033. Manufacturer: Microsoft Corporation. Reconfiguration success or error status: 0."
"05/17/2026 1:43:40 PM","MsiInstaller","1035","Information","Windows Installer reconfigured the product. Product Name: Dell Connected Service Delivery SubAgent. Product Version: 1.0.0.0. Product Language: 1033. Manufacturer: Dell Technologies, Inc.. Reconfiguration success or error status: 0."
"05/17/2026 1:43:40 PM","MsiInstaller","1035","Information","Windows Installer reconfigured the product. Product Name: Windows Subsystem for Linux. Product Version: 2.6.3.0. Product Language: 1033. Manufacturer: Microsoft Corporation. Reconfiguration success or error status: 0."
"05/17/2026 1:43:40 PM","MsiInstaller","1035","Information","Windows Installer reconfigured the product. Product Name: Dell Digital Delivery Services. Product Version: 5.6.3.0. Product Language: 1033. Manufacturer: Dell Inc.. Reconfiguration success or error status: 0."
"05/17/2026 1:43:40 PM","MsiInstaller","1035","Information","Windows Installer reconfigured the product. Product Name: Microsoft Visual C++ 2008 Redistributable - x64 9.0.30729.6161. Product Version: 9.0.30729.6161. Product Language: 1033. Manufacturer: Microsoft Corporation. Reconfiguration success or error status: 0."
"05/17/2026 1:43:40 PM","MsiInstaller","1035","Information","Windows Installer reconfigured the product. Product Name: vs_minshellinteropmsi. Product Version: 17.14.36015. Product Language: 1033. Manufacturer: Microsoft Corporation. Reconfiguration success or error status: 0."
"05/17/2026 1:43:40 PM","MsiInstaller","1035","Information","Windows Installer reconfigured the product. Product Name: vs_vswebprotocolselectormsi. Product Version: 17.14.36323. Product Language: 1033. Manufacturer: Microsoft Corporation. Reconfiguration success or error status: 0."
"05/17/2026 1:43:40 PM","MsiInstaller","1035","Information","Windows Installer reconfigured the product. Product Name: Python 3.13.2 Core Interpreter (64-bit). Product Version: 3.13.2150.0. Product Language: 1033. Manufacturer: Python Software Foundation. Reconfiguration success or error status: 0."
"05/17/2026 1:43:39 PM","MsiInstaller","1035","Information","Windows Installer reconfigured the product. Product Name: Microsoft .NET Runtime - 6.0.30 (x64). Product Version: 48.120.13561. Product Language: 1033. Manufacturer: Microsoft Corporation. Reconfiguration success or error status: 0."
"05/17/2026 1:43:39 PM","MsiInstaller","1035","Information","Windows Installer reconfigured the product. Product Name: Microsoft Visual C++ 2022 X86 Minimum Runtime - 14.44.35211. Product Version: 14.44.35211. Product Language: 1033. Manufacturer: Microsoft Corporation. Reconfiguration success or error status: 0."
"05/17/2026 1:43:39 PM","MsiInstaller","1035","Information","Windows Installer reconfigured the product. Product Name: WinRT Intellisense UAP - en-us. Product Version: 10.1.26100.7705. Product Language: 1033. Manufacturer: Microsoft Corporation. Reconfiguration success or error status: 0."
"05/17/2026 1:43:39 PM","MsiInstaller","1035","Information","Windows Installer reconfigured the product. Product Name: Windows SDK for Windows Store Apps Libs. Product Version: 10.1.26100.7705. Product Language: 1033. Manufacturer: Microsoft Corporation. Reconfiguration success or error status: 0."
"05/17/2026 1:43:39 PM","MsiInstaller","1035","Information","Windows Installer reconfigured the product. Product Name: Universal CRT Tools x64. Product Version: 10.1.26100.7705. Product Language: 1033. Manufacturer: Microsoft Corporation. Reconfiguration success or error status: 0."
"05/17/2026 1:43:39 PM","MsiInstaller","1035","Information","Windows Installer reconfigured the product. Product Name: OpenOffice 4.1.16. Product Version: 4.116.9816. Product Language: 1033. Manufacturer: Apache Software Foundation. Reconfiguration success or error status: 0."
"05/17/2026 1:43:39 PM","MsiInstaller","1035","Information","Windows Installer reconfigured the product. Product Name: Windows SDK for Windows Store Apps Tools. Product Version: 10.1.26100.7705. Product Language: 1033. Manufacturer: Microsoft Corporation. Reconfiguration success or error status: 0."
"05/17/2026 1:43:39 PM","MsiInstaller","1035","Information","Windows Installer reconfigured the product. Product Name: Windows SDK Redistributables. Product Version: 10.1.26100.7705. Product Language: 1033. Manufacturer: Microsoft Corporation. Reconfiguration success or error status: 0."
"05/17/2026 1:43:39 PM","MsiInstaller","1035","Information","Windows Installer reconfigured the product. Product Name: Microsoft Visual C++ 2012 x64 Additional Runtime - 11.0.51106. Product Version: 11.0.51106. Product Language: 1033. Manufacturer: Microsoft Corporation. Reconfiguration success or error status: 0."
"05/17/2026 1:43:39 PM","MsiInstaller","1035","Information","Windows Installer reconfigured the product. Product Name: WinRT Intellisense Desktop - Other Languages. Product Version: 10.1.26100.7705. Product Language: 1033. Manufacturer: Microsoft Corporation. Reconfiguration success or error status: 0."
"05/17/2026 1:43:38 PM","MsiInstaller","1035","Information","Windows Installer reconfigured the product. Product Name: Microsoft Windows Desktop Targeting Pack - 10.0.8 (x64). Product Version: 80.32.52183. Product Language: 1033. Manufacturer: Microsoft Corporation. Reconfiguration success or error status: 0."
"05/17/2026 1:43:38 PM","MsiInstaller","1035","Information","Windows Installer reconfigured the product. Product Name: Microsoft ASP.NET Core Runtime - 10.0.8 (x64). Product Version: 80.32.52183. Product Language: 1033. Manufacturer: Microsoft Corporation. Reconfiguration success or error status: 0."
"05/17/2026 1:43:38 PM","MsiInstaller","1035","Information","Windows Installer reconfigured the product. Product Name: MSI Development Tools. Product Version: 10.1.26100.7705. Product Language: 1033. Manufacturer: Microsoft Corporation. Reconfiguration success or error status: 0."
"05/17/2026 1:43:38 PM","MsiInstaller","1035","Information","Windows Installer reconfigured the product. Product Name: AWIOSmartInstaller. Product Version: 6.13.6.0. Product Language: 1033. Manufacturer: Dell Inc.. Reconfiguration success or error status: 0."
"05/17/2026 1:43:38 PM","MsiInstaller","1035","Information","Windows Installer reconfigured the product. Product Name: Microsoft .NET Host FX Resolver - 8.0.27 (x64). Product Version: 64.108.52182. Product Language: 1033. Manufacturer: Microsoft Corporation. Reconfiguration success or error status: 0."
"05/17/2026 1:43:38 PM","MsiInstaller","1035","Information","Windows Installer reconfigured the product. Product Name: NVIDIA Nsight Compute 2025.4.0. Product Version: 25.4.0.0. Product Language: 1033. Manufacturer: NVIDIA Corporation. Reconfiguration success or error status: 0."
"05/17/2026 1:43:38 PM","MsiInstaller","1035","Information","Windows Installer reconfigured the product. Product Name: Dell SupportAssist Remediation. Product Version: 5.5.15.1. Product Language: 1033. Manufacturer: Dell Inc.. Reconfiguration success or error status: 0."
"05/17/2026 1:43:38 PM","MsiInstaller","1035","Information","Windows Installer reconfigured the product. Product Name: FXELCInstaller. Product Version: 6.13.7.0. Product Language: 1033. Manufacturer: Dell. Reconfiguration success or error status: 0."
"05/17/2026 1:43:38 PM","MsiInstaller","1035","Information","Windows Installer reconfigured the product. Product Name: Windows Team Extension SDK Contracts. Product Version: 10.1.26100.7705. Product Language: 1033. Manufacturer: Microsoft Corporation. Reconfiguration success or error status: 0."
"05/17/2026 1:43:38 PM","MsiInstaller","1035","Information","Windows Installer reconfigured the product. Product Name: Windows Team Extension SDK. Product Version: 10.1.26100.7705. Product Language: 1033. Manufacturer: Microsoft Corporation. Reconfiguration success or error status: 0."
"05/17/2026 1:43:38 PM","MsiInstaller","1035","Information","Windows Installer reconfigured the product. Product Name: Application Verifier x64 External Package (DesktopEditions). Product Version: 10.1.26100.7705. Product Language: 1033. Manufacturer: Microsoft. Reconfiguration success or error status: 0."
"05/17/2026 1:43:38 PM","MsiInstaller","1035","Information","Windows Installer reconfigured the product. Product Name: VS Script Debugging Common. Product Version: 17.0.157.0. Product Language: 1033. Manufacturer: Microsoft Corporation. Reconfiguration success or error status: 0."
"05/17/2026 1:43:38 PM","MsiInstaller","1035","Information","Windows Installer reconfigured the product. Product Name: WinRT Intellisense IoT - en-us. Product Version: 10.1.26100.7705. Product Language: 1033. Manufacturer: Microsoft Corporation. Reconfiguration success or error status: 0."
"05/17/2026 1:43:37 PM","MsiInstaller","1035","Information","Windows Installer reconfigured the product. Product Name: Ableton Live 12 Suite. Product Version: 12.0.0.0. Product Language: 1033. Manufacturer: Ableton. Reconfiguration success or error status: 0."
"05/17/2026 1:43:34 PM","MsiInstaller","1035","Information","Windows Installer reconfigured the product. Product Name: Windows Desktop Extension SDK Contracts. Product Version: 10.1.26100.7705. Product Language: 1033. Manufacturer: Microsoft Corporation. Reconfiguration success or error status: 0."
"05/17/2026 1:43:34 PM","MsiInstaller","1035","Information","Windows Installer reconfigured the product. Product Name: WinRT Intellisense PPI - en-us. Product Version: 10.1.26100.7705. Product Language: 1033. Manufacturer: Microsoft Corporation. Reconfiguration success or error status: 0."
"05/17/2026 1:43:33 PM","MsiInstaller","1035","Information","Windows Installer reconfigured the product. Product Name: Microsoft.NET.Workload.Mono.Toolchain.net8.Manifest-10.0.100 (x64). Product Version: 81.176.52183. Product Language: 1033. Manufacturer: Microsoft Corporation. Reconfiguration success or error status: 0."
"05/17/2026 1:43:33 PM","MsiInstaller","1035","Information","Windows Installer reconfigured the product. Product Name: Universal CRT Redistributable. Product Version: 10.1.26100.7705. Product Language: 1033. Manufacturer: Microsoft Corporation. Reconfiguration success or error status: 0."
"05/17/2026 1:43:33 PM","MsiInstaller","1035","Information","Windows Installer reconfigured the product. Product Name: Microsoft Visual C++ 2022 X86 Additional Runtime - 14.44.35211. Product Version: 14.44.35211. Product Language: 1033. Manufacturer: Microsoft Corporation. Reconfiguration success or error status: 0."
"05/17/2026 1:43:33 PM","MsiInstaller","1035","Information","Windows Installer reconfigured the product. Product Name: Windows SDK Desktop Headers x64. Product Version: 10.1.26100.7705. Product Language: 1033. Manufacturer: Microsoft Corporation. Reconfiguration success or error status: 0."
"05/17/2026 1:43:33 PM","MsiInstaller","1035","Information","Windows Installer reconfigured the product. Product Name: Windows SDK AddOn. Product Version: 10.1.0.0. Product Language: 1033. Manufacturer: Microsoft Corporation. Reconfiguration success or error status: 0."
"05/17/2026 1:43:33 PM","MsiInstaller","1035","Information","Windows Installer reconfigured the product. Product Name: Microsoft .NET Host - 9.0.16 (x64). Product Version: 72.64.52183. Product Language: 1033. Manufacturer: Microsoft Corporation. Reconfiguration success or error status: 0."
"05/17/2026 1:43:33 PM","MsiInstaller","1035","Information","Windows Installer reconfigured the product. Product Name: Microsoft.NET.Sdk.MacCatalyst.Manifest-10.0.100 (x64). Product Version: 26.0.11017. Product Language: 1033. Manufacturer: Microsoft Corporation. Reconfiguration success or error status: 0."
"05/17/2026 1:43:33 PM","MsiInstaller","1035","Information","Windows Installer reconfigured the product. Product Name: Microsoft Visual C++ 2022 X86 Debug Runtime - 14.44.35211. Product Version: 14.44.35211. Product Language: 1033. Manufacturer: Microsoft Corporation. Reconfiguration success or error status: 0."
"05/17/2026 1:43:33 PM","MsiInstaller","1035","Information","Windows Installer reconfigured the product. Product Name: Windows App Certification Kit SupportedApiList x86. Product Version: 10.1.26100.7705. Product Language: 1033. Manufacturer: Microsoft Corporation. Reconfiguration success or error status: 0."
"05/17/2026 1:43:33 PM","MsiInstaller","1035","Information","Windows Installer reconfigured the product. Product Name: Microsoft Visual C++ 2022 X64 Minimum Runtime - 14.50.35719. Product Version: 14.50.35719. Product Language: 1033. Manufacturer: Microsoft Corporation. Reconfiguration success or error status: 0."
"05/17/2026 1:43:33 PM","MsiInstaller","1035","Information","Windows Installer reconfigured the product. Product Name: vs_filehandler_x86. Product Version: 17.14.36024. Product Language: 1033. Manufacturer: Microsoft Corporation. Reconfiguration success or error status: 0."
"05/17/2026 1:43:33 PM","MsiInstaller","1035","Information","Windows Installer reconfigured the product. Product Name: AWDisplay001Installer. Product Version: 6.13.6.0. Product Language: 1033. Manufacturer: Dell Inc.. Reconfiguration success or error status: 0."
"05/17/2026 1:43:32 PM","MsiInstaller","1035","Information","Windows Installer reconfigured the product. Product Name: NVIDIA Nsight Systems 2025.5.2. Product Version: 25.5.2.266. Product Language: 1033. Manufacturer: NVIDIA Corporation. Reconfiguration success or error status: 0."
"05/17/2026 1:43:32 PM","MsiInstaller","1035","Information","Windows Installer reconfigured the product. Product Name: GameLibrarySetup. Product Version: 6.13.6.0. Product Language: 1033. Manufacturer: Dell Inc.. Reconfiguration success or error status: 0."
"05/17/2026 1:43:32 PM","MsiInstaller","1035","Information","Windows Installer reconfigured the product. Product Name: Native Instruments Battery 4. Product Version: 4.1.0.2330. Product Language: 1033. Manufacturer: Native Instruments. Reconfiguration success or error status: 0."
"05/17/2026 1:43:32 PM","MsiInstaller","1035","Information","Windows Installer reconfigured the product. Product Name: XtuInstaller_Legacy. Product Version: 2.13.4.0. Product Language: 1033. Manufacturer: DELL inc.. Reconfiguration success or error status: 0."
"05/17/2026 1:43:32 PM","MsiInstaller","1035","Information","Windows Installer reconfigured the product. Product Name: FXDeviceInstaller. Product Version: 6.13.0. Product Language: 1033. Manufacturer: Dell, Inc.. Reconfiguration success or error status: 0."
"05/17/2026 1:43:32 PM","MsiInstaller","1035","Information","Windows Installer reconfigured the product. Product Name: Windows SDK Desktop Libs x86. Product Version: 10.1.26100.7705. Product Language: 1033. Manufacturer: Microsoft Corporation. Reconfiguration success or error status: 0."
"05/17/2026 1:43:32 PM","MsiInstaller","1035","Information","Windows Installer reconfigured the product. Product Name: Tailscale. Product Version: 1.98.1. Product Language: 1033. Manufacturer: Tailscale Inc.. Reconfiguration success or error status: 0."
"05/17/2026 1:43:32 PM","MsiInstaller","1035","Information","Windows Installer reconfigured the product. Product Name: Windows SDK Signing Tools. Product Version: 10.1.26100.7705. Product Language: 1033. Manufacturer: Microsoft Corporation. Reconfiguration success or error status: 0."
"05/17/2026 1:43:32 PM","MsiInstaller","1035","Information","Windows Installer reconfigured the product. Product Name: Windows App Certification Kit x64 (OnecoreUAP). Product Version: 10.1.26100.7705. Product Language: 1033. Manufacturer: Microsoft Corporation. Reconfiguration success or error status: 0."
"05/17/2026 1:43:32 PM","MsiInstaller","1035","Information","Windows Installer reconfigured the product. Product Name: SDK ARM64 Redistributables. Product Version: 10.1.26100.7705. Product Language: 1033. Manufacturer: Microsoft Corporation. Reconfiguration success or error status: 0."
"05/17/2026 1:43:32 PM","MsiInstaller","1035","Information","Windows Installer reconfigured the product. Product Name: Microsoft.NET.Sdk.tvOS.Manifest-10.0.100 (x64). Product Version: 26.0.11017. Product Language: 1033. Manufacturer: Microsoft Corporation. Reconfiguration success or error status: 0."
"05/17/2026 1:43:31 PM","MsiInstaller","1035","Information","Windows Installer reconfigured the product. Product Name: Windows App Certification Kit Native Components. Product Version: 10.1.26100.7705. Product Language: 1033. Manufacturer: Microsoft Corporation. Reconfiguration success or error status: 0."
"05/17/2026 1:43:31 PM","MsiInstaller","1035","Information","Windows Installer reconfigured the product. Product Name: FXCoreInstaller. Product Version: 6.13.7.0. Product Language: 1033. Manufacturer: Dell. Reconfiguration success or error status: 0."
"05/17/2026 1:43:31 PM","MsiInstaller","1035","Information","Windows Installer reconfigured the product. Product Name: Windows SDK OnecoreUap Headers x64. Product Version: 10.1.26100.7705. Product Language: 1033. Manufacturer: Microsoft Corporation. Reconfiguration success or error status: 0."
"05/17/2026 1:43:31 PM","MsiInstaller","1035","Information","Windows Installer reconfigured the product. Product Name: Microsoft Visual C++ 2008 Redistributable - x64 9.0.21022. Product Version: 9.0.21022. Product Language: 1033. Manufacturer: Microsoft Corporation. Reconfiguration success or error status: 0."
"05/17/2026 1:43:31 PM","MsiInstaller","1035","Information","Windows Installer reconfigured the product. Product Name: CMake. Product Version: 4.3.0. Product Language: 1033. Manufacturer: Kitware. Reconfiguration success or error status: 0."
"05/17/2026 1:43:31 PM","MsiInstaller","1035","Information","Windows Installer reconfigured the product. Product Name: Microsoft .NET Targeting Pack - 10.0.8 (x64). Product Version: 80.32.52183. Product Language: 1033. Manufacturer: Microsoft Corporation. Reconfiguration success or error status: 0."
"05/17/2026 1:43:31 PM","MsiInstaller","1035","Information","Windows Installer reconfigured the product. Product Name: Microsoft Visual C++ 2022 X64 Additional Runtime - 14.50.35719. Product Version: 14.50.35719. Product Language: 1033. Manufacturer: Microsoft Corporation. Reconfiguration success or error status: 0."
"05/17/2026 1:43:31 PM","MsiInstaller","1035","Information","Windows Installer reconfigured the product. Product Name: Windows App Certification Kit x64. Product Version: 10.1.26100.7705. Product Language: 1033. Manufacturer: Microsoft Corporation. Reconfiguration success or error status: 0."
"05/17/2026 1:43:30 PM","MsiInstaller","1035","Information","Windows Installer reconfigured the product. Product Name: Windows SDK Desktop Headers arm64. Product Version: 10.1.26100.7705. Product Language: 1033. Manufacturer: Microsoft Corporation. Reconfiguration success or error status: 0."
"05/17/2026 1:43:30 PM","MsiInstaller","1035","Information","Windows Installer reconfigured the product. Product Name: Windows IoT Extension SDK Contracts. Product Version: 10.1.26100.7705. Product Language: 1033. Manufacturer: Microsoft Corporation. Reconfiguration success or error status: 0."
"05/17/2026 1:43:30 PM","MsiInstaller","1035","Information","Windows Installer reconfigured the product. Product Name: Windows Desktop Extension SDK. Product Version: 10.1.26100.7705. Product Language: 1033. Manufacturer: Microsoft Corporation. Reconfiguration success or error status: 0."
"05/17/2026 1:43:30 PM","MsiInstaller","1035","Information","Windows Installer reconfigured the product. Product Name: Microsoft .NET Host - 8.0.27 (x64). Product Version: 64.108.52182. Product Language: 1033. Manufacturer: Microsoft Corporation. Reconfiguration success or error status: 0."
"05/17/2026 1:43:30 PM","MsiInstaller","1035","Information","Windows Installer reconfigured the product. Product Name: Microsoft Visual Studio Setup WMI Provider. Product Version: 3.12.2140.44225. Product Language: 1033. Manufacturer: Microsoft Corporation. Reconfiguration success or error status: 0."
"05/17/2026 1:43:30 PM","MsiInstaller","1035","Information","Windows Installer reconfigured the product. Product Name: Microsoft .NET Toolset 10.0.204 (x64). Product Version: 40.11.2218. Product Language: 1033. Manufacturer: Microsoft Corporation. Reconfiguration success or error status: 0."
"05/17/2026 1:43:30 PM","MsiInstaller","1035","Information","Windows Installer reconfigured the product. Product Name: Microsoft.NET.Workload.Mono.Toolchain.Current.Manifest-10.0.100 (x64). Product Version: 81.176.52183. Product Language: 1033. Manufacturer: Microsoft Corporation. Reconfiguration success or error status: 0."
"05/17/2026 1:41:55 PM","SecurityCenter","15","Information","Updated Windows Defender status successfully to SECURITY_PRODUCT_STATE_ON."
"05/17/2026 1:35:53 PM","SecurityCenter","15","Information","Updated Windows Defender status successfully to SECURITY_PRODUCT_STATE_ON."
"05/17/2026 1:28:52 PM","SecurityCenter","15","Information","Updated Windows Defender status successfully to SECURITY_PRODUCT_STATE_ON."
"05/17/2026 1:28:50 PM","ESENT","326","Information","svchost (9048,D,50,0) DS_Token_DB: The database engine attached a database (1, C:\Windows\system32\config\systemprofile\AppData\Local\DataSharing\Storage\DSTokenDB2.dat). (Time=0 seconds) 
 
Saved Cache: 1 0 
Additional Data: lgposAttach = 00000017:000B:0268,
dbv = 1568.300.620 (9620) 
 
Internal Timing Sequence: 
[1] 0.000003 +J(0) +M(C:0K, Fs:1, WS:4K # 0K, PF:0K # 0K, P:0K)
[2] 0.000421 -0.000059 (1) WT +J(0) +M(C:0K, Fs:17, WS:4K # 4K, PF:4K # 0K, P:4K)
[3] 0.002764 -0.000301 (6) WT +J(CM:0, PgRf:0, Rd:0/0, Dy:0/0, Lg:3480/2) +M(C:0K, Fs:6, WS:20K # 0K, PF:20K # 0K, P:20K)
[4] 0.000881 +J(0)
[5] -
[6] 0.000270 -0.000201 (2) CM -0.000165 (2) WT +J(CM:2, PgRf:2, Rd:0/2, Dy:0/0, Lg:0/0) +M(C:0K, Fs:2, WS:8K # 0K, PF:0K # 0K, P:0K)
[7] 0.000001 +J(0)
[8] 0.000196 -0.000107 (1) CM -0.000092 (1) WT +J(CM:1, PgRf:1, Rd:4/1, Dy:0/0, Lg:0/0) +M(C:16K, Fs:25, WS:100K # 64K, PF:208K # 168K, P:208K)
[9] -
[10] -
[11] -
[12] 0.000004 +J(CM:0, PgRf:0, Rd:0/0, Dy:0/0, Lg:54/1) +M(C:0K, Fs:1, WS:4K # 4K, PF:20K # 16K, P:20K)
[13] 0.000281 -0.000194 (3) CM -0.000163 (3) WT +J(CM:3, PgRf:23, Rd:0/3, Dy:0/0, Lg:0/0) +M(C:-8K, Fs:21, WS:76K # 76K, PF:-4K # 4K, P:-4K)
[14] 0.000192 -0.000136 (2) CM -0.000119 (2) WT +J(CM:2, PgRf:40, Rd:0/2, Dy:0/0, Lg:0/0) +M(C:0K, Fs:3, WS:12K # 12K, PF:64K # 56K, P:64K)
[15] 0.000054 -0.000045 (1) CM -0.000038 (1) WT +J(CM:1, PgRf:1, Rd:0/1, Dy:0/0, Lg:0/0)
[16] 0.000005 +J(CM:0, PgRf:1, Rd:0/0, Dy:0/0, Lg:0/0) +M(C:0K, Fs:1, WS:4K # 4K, PF:0K # 0K, P:0K)
[17] 0.000070 -0.000040 (1) CM -0.000032 (1) WT +J(CM:1, PgRf:42, Rd:0/1, Dy:0/0, Lg:0/0) +M(C:0K, Fs:8, WS:32K # 32K, PF:0K # 0K, P:0K)
[18] 0.0 +J(0)
[19] 0.0 +J(0)
[20] 0.000056 -0.000038 (1) CM -0.000031 (1) WT +J(CM:1, PgRf:3, Rd:0/1, Dy:0/0, Lg:0/0) +M(C:0K, Fs:3, WS:12K # 12K, PF:0K # 0K, P:0K)."
"05/17/2026 1:28:50 PM","ESENT","105","Information","svchost (9048,D,0,0) DS_Token_DB: The database engine started a new instance (0). (Time=0.024 seconds) 
 
Additional Data:
 lgposV2[] = 00000017:0001:0000 - 00000017:0008:0039 - 00000017:0009:0000 - 00000017:0009:0000 (00000000:0000:0000)
cReInits = 2
RBSOn = 0
 
 
Internal Timing Sequence: 
[1] 0.000771 +J(0) +M(C:0K, Fs:184, WS:688K # 688K, PF:4236K # 4236K, P:4236K)
[2] 0.000581 +J(0) +M(C:8K, Fs:398, WS:1584K # 1584K, PF:1356K # 1356K, P:1356K)
[3] 0.000011 +J(0) +M(C:0K, Fs:12, WS:44K # 44K, PF:68K # 68K, P:68K)
[4] 0.000140 +J(0) +M(C:0K, Fs:135, WS:536K # 536K, PF:236K # 236K, P:236K)
[5] 0.000965 +J(0) +M(C:0K, Fs:146, WS:584K # 584K, PF:20K # 20K, P:20K)
[6] 0.001948 +J(0) +M(C:0K, Fs:45, WS:180K # 180K, PF:20K # 20K, P:20K)
[7] 0.000639 -0.000210 (2) WT +J(0) +M(C:0K, Fs:39, WS:156K # 156K, PF:64K # 64K, P:64K)
[8] 0.007478 -0.001802 (12) WT +J(CM:0, PgRf:0, Rd:0/0, Dy:0/0, Lg:32448/22) +M(C:0K, Fs:153, WS:380K # 380K, PF:256K # 264K, P:256K)
[9] 0.000283 +J(0) +M(C:0K, Fs:12, WS:48K # 48K, PF:0K # 0K, P:0K)
[10] 0.000964 -0.000157 (1) WT +J(0) +M(C:0K, Fs:2, WS:-52K # 8K, PF:-60K # 0K, P:-60K)
[11] 0.000015 +J(CM:0, PgRf:0, Rd:0/0, Dy:0/0, Lg:49/1) +M(C:0K, Fs:4, WS:16K # 0K, PF:0K # 0K, P:0K)
[12] 0.000346 +J(0)
[13] 0.009633 -0.000506 (2) CM -0.001115 (17) WT +J(CM:2, PgRf:2, Rd:0/2, Dy:0/0, Lg:8759/5) +M(C:0K, Fs:81, WS:208K # 228K, PF:208K # 208K, P:208K)
[14] 0.000010 +J(0)
[15] 0.000007 +J(0)
[16] 0.000457 -0.000064 (1) WT +J(0) +M(C:0K, Fs:2, WS:0K # 0K, PF:0K # 0K, P:0K)."
"05/17/2026 1:28:50 PM","ESENT","302","Information","svchost (9048,U,98,0) DS_Token_DB: The database engine has successfully completed recovery steps."
"05/17/2026 1:28:50 PM","ESENT","301","Information","svchost (9048,R,98,0) DS_Token_DB: The database engine has finished replaying logfile C:\Windows\system32\config\systemprofile\AppData\Local\DataSharing\Storage\DSS.log. 
 
Processing Stats: 
[1] 0.005114 -0.001460 (8) WT +J(CM:0, PgRf:0, Rd:0/0, Dy:0/0, Lg:32448/22) +M(C:0K, Fs:96, WS:228K # 164K, PF:164K # 104K, P:164K). 
Log record of type 'AttachDB ' was seen most frequently (2 times)"
"05/17/2026 1:28:50 PM","ESENT","300","Information","svchost (9048,R,98,0) DS_Token_DB: The database engine is initiating recovery steps."
"05/17/2026 1:28:50 PM","ESENT","102","Information","svchost (9048,P,98,0) DS_Token_DB: The database engine (10.00.26200.0000) is starting a new instance (0)."
"05/17/2026 1:17:39 PM","SecurityCenter","15","Information","Updated Windows Defender status successfully to SECURITY_PRODUCT_STATE_ON."
"05/17/2026 1:14:34 PM","Microsoft-Windows-Security-SPP","16384","Information","Successfully scheduled Software Protection service for re-start at 2126-04-23T10:14:34Z. Reason: RulesEngine."
"05/17/2026 1:14:16 PM","VSS","8224","Information","The VSS service is shutting down due to idle timeout. "
"05/17/2026 1:13:48 PM","Microsoft-Windows-Security-SPP","16394","Information","Offline downlevel migration succeeded."
"05/17/2026 1:09:51 PM","Microsoft-Windows-Security-SPP","16384","Information","Successfully scheduled Software Protection service for re-start at 2126-04-23T10:09:51Z. Reason: RulesEngine."
"05/17/2026 1:09:39 PM","Alloy","1","Information","ts=2026-05-17T10:09:39.4280515Z level=info msg=""Done replaying WAL"" component_path=/ component_id=prometheus.remote_write.metrics_service subcomponent=rw remote_name=8e9b58 url=https://prometheus-prod-65-prod-eu-west-2.grafana.net/api/prom/push duration=18.4603965s
"
"05/17/2026 1:09:29 PM","Microsoft-Windows-Search","1003","Information","The Windows Search Service started.
"
"05/17/2026 1:09:25 PM","SecurityCenter","15","Information","Updated Windows Defender status successfully to SECURITY_PRODUCT_STATE_ON."
"05/17/2026 1:09:23 PM","SecurityCenter","1","Information","The Windows Security Center Service has started."
"05/17/2026 1:09:22 PM","Intel Network Helper Service","0","Information","Service started successfully."
"05/17/2026 1:09:21 PM","KNDBWM","0","Information","Service started successfully."
"05/17/2026 1:09:21 PM","KNDBWM","0","Information","Starting KNDBWM.exe "
"05/17/2026 1:09:21 PM","KNDBWM","0","Information","envar KNDBWM_HOME=C:\Windows\System32\drivers\RivetNetworks\Killer"
"05/17/2026 1:09:21 PM","SupportAssistAgent","0","Information","Service started successfully."
"05/17/2026 1:09:21 PM","Microsoft-Windows-Security-SPP","16394","Information","Offline downlevel migration succeeded."
"05/17/2026 1:09:21 PM","Microsoft-Windows-Security-SPP","900","Information","The Software Protection service is starting.
Parameters:<explicit>"
"05/17/2026 1:09:20 PM","Alloy","1","Information","ts=2026-05-17T10:09:20.9824706Z level=info msg=""peers changed"" service=cluster peers_count=1 min_cluster_size=0 peers=specimbaPC
ts=2026-05-17T10:09:20.9824706Z level=info msg=""failed to register collector with remote server"" service=remotecfg id=eaef18c9-07d5-40fc-bd32-8ed1e4a2e2c5 name="""" err=""noop client""
ts=2026-05-17T10:09:20.9824706Z level=info msg=""now listening for http traffic"" service=http addr=127.0.0.1:12345
"
"05/17/2026 1:09:20 PM","Alloy","1","Information","ts=2026-05-17T10:09:20.9813902Z level=info msg=""starting cluster node"" service=cluster peers_count=0 peers="""" advertise_addr=127.0.0.1:12345 minimum_cluster_size=0 minimum_size_wait_timeout=0s
"
"05/17/2026 1:09:20 PM","Alloy","1","Information","ts=2026-05-17T10:09:20.9808449Z level=info source=/__w/alloy/alloy/internal/runtime/internal/controller/loader.go:218 msg=""finished node evaluation"" controller_path=/ controller_id="""" trace_id=ff6592a675db7c0ba96e73dc8ae54bd8 node_id=ui duration=0s
ts=2026-05-17T10:09:20.9808449Z level=info source=/__w/alloy/alloy/internal/runtime/internal/controller/loader.go:218 msg=""finished node evaluation"" controller_path=/ controller_id="""" trace_id=ff6592a675db7c0ba96e73dc8ae54bd8 node_id=labelstore duration=0s
ts=2026-05-17T10:09:20.9808449Z level=info source=/__w/alloy/alloy/internal/runtime/internal/controller/loader.go:205 msg=""finished complete graph evaluation"" controller_path=/ controller_id="""" trace_id=ff6592a675db7c0ba96e73dc8ae54bd8 duration=342.6556ms
ts=2026-05-17T10:09:20.9813902Z level=info source=/__w/alloy/alloy/internal/runtime/alloy.go:287 msg=""scheduling loaded components and services"" controller_id=""""
"
"05/17/2026 1:09:20 PM","Alloy","1","Information","ts=2026-05-17T10:09:20.9802995Z level=info msg=""Starting WAL watcher"" component_path=/ component_id=prometheus.remote_write.metrics_service subcomponent=rw remote_name=8e9b58 url=https://prometheus-prod-65-prod-eu-west-2.grafana.net/api/prom/push queue=8e9b58
ts=2026-05-17T10:09:20.9802995Z level=info msg=""Starting scraped metadata watcher"" component_path=/ component_id=prometheus.remote_write.metrics_service subcomponent=rw remote_name=8e9b58 url=https://prometheus-prod-65-prod-eu-west-2.grafana.net/api/prom/push
ts=2026-05-17T10:09:20.967655Z level=info source=/__w/alloy/alloy/internal/runtime/internal/controller/loader.go:218 msg=""finished node evaluation"" controller_path=/ controller_id="""" trace_id=ff6592a675db7c0ba96e73dc8ae54bd8 node_id=prometheus.remote_write.metrics_service duration=76.351ms
ts=2026-05-17T10:09:20.9802995Z level=info msg=""Replaying WAL"" component_path=/ component_id=prometheus.remote_write.metrics_service subcomponent=rw remote_name=8e9b58 url=https://prometheus-prod-65-prod-eu-west-2.grafana.net/api/prom/push queue=8e9b58
ts=2026-05-17T10:09:20.9681949Z level=info source=/__w/alloy/alloy/internal/runtime/internal/controller/loader.go:218 msg=""finished node evaluation"" controller_path=/ controller_id="""" trace_id=ff6592a675db7c0ba96e73dc8ae54bd8 node_id=prometheus.relabel.integrations_windows_exporter duration=539.9µs
ts=2026-05-17T10:09:20.9766091Z level=info source=/__w/alloy/alloy/internal/runtime/internal/controller/loader.go:218 msg=""finished node evaluation"" controller_path=/ controller_id="""" trace_id=ff6592a675db7c0ba96e73dc8ae54bd8 node_id=prometheus.scrape.integrations_windows_exporter duration=8.4142ms
ts=2026-05-17T10:09:20.9771267Z level=info source=/__w/alloy/alloy/internal/runtime/internal/controller/loader.go:218 msg=""finished node evaluation"" controller_path=/ controller_id="""" trace_id=ff6592a675db7c0ba96e73dc8ae54bd8 node_id=prometheus.relabel.alloy_check duration=517.6µs
ts=2026-05-17T10:09:20.9771267Z level=info source=/__w/alloy/alloy/internal/runtime/internal/controller/loader.go:218 msg=""finished node evaluation"" controller_path=/ controller_id="""" trace_id=ff6592a675db7c0ba96e73dc8ae54bd8 node_id=prometheus.exporter.self.alloy_check duration=0s
ts=2026-05-17T10:09:20.9771267Z level=info source=/__w/alloy/alloy/internal/runtime/internal/controller/loader.go:218 msg=""finished node evaluation"" controller_path=/ controller_id="""" trace_id=ff6592a675db7c0ba96e73dc8ae54bd8 node_id=discovery.relabel.alloy_check duration=0s
ts=2026-05-17T10:09:20.97765Z level=info source=/__w/alloy/alloy/internal/runtime/internal/controller/loader.go:218 msg=""finished node evaluation"" controller_path=/ controller_id="""" trace_id=ff6592a675db7c0ba96e73dc8ae54bd8 node_id=prometheus.scrape.alloy_check duration=523.3µs
ts=2026-05-17T10:09:20.97765Z level=info source=/__w/alloy/alloy/internal/runtime/internal/controller/loader.go:218 msg=""finished node evaluation"" controller_path=/ controller_id="""" trace_id=ff6592a675db7c0ba96e73dc8ae54bd8 node_id=tracing duration=0s
ts=2026-05-17T10:09:20.9802995Z level=info source=/__w/alloy/alloy/internal/runtime/internal/controller/loader.go:218 msg=""finished node evaluation"" controller_path=/ controller_id="""" trace_id=ff6592a675db7c0ba96e73dc8ae54bd8 node_id=logging duration=2.6495ms
ts=2026-05-17T10:09:20.9808449Z level=info source=/__w/alloy/alloy/internal/runtime/internal/controller/loader.go:218 msg=""finished node evaluation"" controller_path=/ controller_id="""" trace_id=ff6592a675db7c0ba96e73dc8ae54bd8 node_id=remotecfg duration=545.4µs
ts=2026-05-17T10:09:20.9808449Z level=info msg=""applying non-TLS config to HTTP server"" service=http
ts=2026-05-17T10:09:20.9808449Z level=info source=/__w/alloy/alloy/internal/runtime/internal/controller/loader.go:218 msg=""finished node evaluation"" controller_path=/ controller_id="""" trace_id=ff6592a675db7c0ba96e73dc8ae54bd8 node_id=http duration=0s
ts=2026-05-17T10:09:20.9808449Z level=info source=/__w/alloy/alloy/internal/runtime/internal/controller/loader.go:218 msg=""finished node evaluation"" controller_path=/ controller_id="""" trace_id=ff6592a675db7c0ba96e73dc8ae54bd8 node_id=cluster duration=0s
"
"05/17/2026 1:09:20 PM","Alloy","1","Information","ts=2026-05-17T10:09:20.9781677Z level=info msg=""WAL segment loaded"" component_path=/ component_id=prometheus.remote_write.metrics_service subcomponent=wal segment=91 maxSegment=91
"
"05/17/2026 1:09:20 PM","Alloy","1","Information","ts=2026-05-17T10:09:20.891304Z level=info source=/__w/alloy/alloy/internal/runtime/internal/controller/loader.go:218 msg=""finished node evaluation"" controller_path=/ controller_id="""" trace_id=ff6592a675db7c0ba96e73dc8ae54bd8 node_id=otel duration=0s
ts=2026-05-17T10:09:20.9781677Z level=info msg=""replaying WAL, this may take a while"" component_path=/ component_id=prometheus.remote_write.metrics_service subcomponent=wal dir=C:\ProgramData\GrafanaLabs\Alloy\data\prometheus.remote_write.metrics_service\wal
ts=2026-05-17T10:09:20.9781677Z level=info msg=""WAL checkpoint loaded"" component_path=/ component_id=prometheus.remote_write.metrics_service subcomponent=wal
ts=2026-05-17T10:09:20.9781677Z level=info msg=""WAL segment loaded"" component_path=/ component_id=prometheus.remote_write.metrics_service subcomponent=wal segment=88 maxSegment=91
ts=2026-05-17T10:09:20.9781677Z level=info msg=""WAL segment loaded"" component_path=/ component_id=prometheus.remote_write.metrics_service subcomponent=wal segment=89 maxSegment=91
ts=2026-05-17T10:09:20.9781677Z level=info msg=""WAL segment loaded"" component_path=/ component_id=prometheus.remote_write.metrics_service subcomponent=wal segment=90 maxSegment=91
"
"05/17/2026 1:09:20 PM","Alloy","1","Warning","ts=2026-05-17T10:09:20.97765Z level=info msg=""no peer discovery configured: both join and discover peers are empty"" service=cluster
ts=2026-05-17T10:09:20.97765Z level=info msg=""running usage stats reporter""
ts=2026-05-17T10:09:20.6392101Z level=info source=/__w/alloy/alloy/internal/runtime/internal/controller/loader.go:201 msg=""starting complete graph evaluation"" controller_path=/ controller_id="""" trace_id=ff6592a675db7c0ba96e73dc8ae54bd8
ts=2026-05-17T10:09:20.6397261Z level=info source=/__w/alloy/alloy/internal/runtime/internal/controller/loader.go:218 msg=""finished node evaluation"" controller_path=/ controller_id="""" trace_id=ff6592a675db7c0ba96e73dc8ae54bd8 node_id=livedebugging duration=516µs
ts=2026-05-17T10:09:20.6447051Z level=info source=/__w/alloy/alloy/internal/runtime/internal/controller/loader.go:218 msg=""finished node evaluation"" controller_path=/ controller_id="""" trace_id=ff6592a675db7c0ba96e73dc8ae54bd8 node_id=loki.write.grafana_cloud_loki duration=4.979ms
ts=2026-05-17T10:09:20.6463854Z level=info source=/__w/alloy/alloy/internal/runtime/internal/controller/loader.go:218 msg=""finished node evaluation"" controller_path=/ controller_id="""" trace_id=ff6592a675db7c0ba96e73dc8ae54bd8 node_id=loki.process.logs_integrations_windows_exporter_system duration=1.6803ms
ts=2026-05-17T10:09:20.6474326Z level=info source=/__w/alloy/alloy/internal/runtime/internal/controller/loader.go:218 msg=""finished node evaluation"" controller_path=/ controller_id="""" trace_id=ff6592a675db7c0ba96e73dc8ae54bd8 node_id=loki.relabel.logs_integrations_windows_exporter_system duration=524.5µs
ts=2026-05-17T10:09:20.6590576Z level=info source=/__w/alloy/alloy/internal/runtime/internal/controller/loader.go:218 msg=""finished node evaluation"" controller_path=/ controller_id="""" trace_id=ff6592a675db7c0ba96e73dc8ae54bd8 node_id=loki.source.windowsevent.logs_integrations_windows_exporter_system duration=11.625ms
ts=2026-05-17T10:09:20.6595625Z level=info source=/__w/alloy/alloy/internal/runtime/internal/controller/loader.go:218 msg=""finished node evaluation"" controller_path=/ controller_id="""" trace_id=ff6592a675db7c0ba96e73dc8ae54bd8 node_id=loki.process.logs_integrations_windows_exporter_application duration=504.9µs
ts=2026-05-17T10:09:20.6595625Z level=info source=/__w/alloy/alloy/internal/runtime/internal/controller/loader.go:218 msg=""finished node evaluation"" controller_path=/ controller_id="""" trace_id=ff6592a675db7c0ba96e73dc8ae54bd8 node_id=loki.relabel.logs_integrations_windows_exporter_application duration=0s
ts=2026-05-17T10:09:20.6753862Z level=info source=/__w/alloy/alloy/internal/runtime/internal/controller/loader.go:218 msg=""finished node evaluation"" controller_path=/ controller_id="""" trace_id=ff6592a675db7c0ba96e73dc8ae54bd8 node_id=loki.source.windowsevent.logs_integrations_windows_exporter_application duration=15.8237ms
ts=2026-05-17T10:09:20.9781677Z level=warn msg=""the `cs` collector is removed - its metrics are in the `os`, `memory`, and `cpu` collectors"" component_path=/ component_id=prometheus.exporter.windows.integrations_windows_exporter
ts=2026-05-17T10:09:20.9781677Z level=info msg=""enabled windows_exporter collectors"" component_path=/ component_id=prometheus.exporter.windows.integrations_windows_exporter collectors=cpu,diskdrive,gpu,logical_disk,memory,net,os,service,system,time
ts=2026-05-17T10:09:20.9781677Z level=info msg=""nic/addresses collector is in an experimental state! The configuration and metrics may change in future. Please report any issues."" component_path=/ component_id=prometheus.exporter.windows.integrations_windows_exporter collector=net
ts=2026-05-17T10:09:20.891304Z level=info source=/__w/alloy/alloy/internal/runtime/internal/controller/loader.go:218 msg=""finished node evaluation"" controller_path=/ controller_id="""" trace_id=ff6592a675db7c0ba96e73dc8ae54bd8 node_id=prometheus.exporter.windows.integrations_windows_exporter duration=215.9178ms
ts=2026-05-17T10:09:20.891304Z level=info source=/__w/alloy/alloy/internal/runtime/internal/controller/loader.go:218 msg=""finished node evaluation"" controller_path=/ controller_id="""" trace_id=ff6592a675db7c0ba96e73dc8ae54bd8 node_id=discovery.relabel.integrations_windows_exporter duration=0s
"
"05/17/2026 1:09:20 PM","Alloy","1","Information","ts=2026-05-17T10:09:20.97765Z level=info boringcrypto_enabled=false
"
"05/17/2026 1:09:20 PM","Killer Provider Data Helper Service","0",,
"05/17/2026 1:09:19 PM","FusionService","0","Information","Service started successfully."
"05/17/2026 1:09:18 PM","edgeupdate","0","Information","Service stopped."
"05/17/2026 1:09:17 PM","DellConnectedServiceDelivery","0","Information","Service started successfully."
"05/17/2026 1:09:17 PM","Dell SupportAssist Remediation","0","Information","Service started successfully."
"05/17/2026 1:09:17 PM","Dell Digital Delivery Services","0","Information","Service started successfully."
"05/17/2026 1:09:16 PM","Alloy","1","Information","level=info msg=""starting program"" command=""C:\\Program Files\\GrafanaLabs\\Alloy\\alloy-windows-amd64.exe run C:\\Program Files\\GrafanaLabs\\Alloy\\config.alloy --storage.path=C:\\ProgramData\\GrafanaLabs\\Alloy\\data""
"
"05/17/2026 1:08:49 PM","DellClientManagementService","0","Information","Service started successfully."
"05/17/2026 1:08:14 PM","Microsoft-Windows-Security-SPP","903","Information","The Software Protection service has stopped.
"
"05/17/2026 1:08:14 PM","Microsoft-Windows-Security-SPP","16384","Information","Successfully scheduled Software Protection service for re-start at 2126-04-23T10:08:14Z. Reason: RulesEngine."
"05/17/2026 1:07:44 PM","Microsoft-Windows-Security-SPP","902","Information","The Software Protection service has started.
10.0.26100.8457"
"05/17/2026 1:07:44 PM","Microsoft-Windows-Security-SPP","1003","Information","The Software Protection service has completed licensing status check.
Application Id=55c92734-d682-4d71-983e-d6ec3f16059f
Licensing Status=
1: 0567073a-7d74-403b-b2d5-6b35da372d8d, 1, 0 [(0 [0xC004F014, 0, 0], [(?)(?)(?)(?)(?)(?)(?)(?)])(1 )(2 )(3 )]
2: 1b750385-9fe2-49a8-ab55-149d0546395b, 1, 0 [(0 [0xC004F014, 0, 0], [(?)(?)(?)(?)(?)(?)(?)(?)])(1 )(2 )(3 )]
3: 1d873132-f09f-4eb2-bf5a-2e4fb48935e8, 1, 0 [(0 )(1 )(2 [0x00000000, 1, 0], [(?)( 1 0x00000000)(?)(?)(?)(?)( 10 0x00000000 msft:rm/algorithm/flags/1.0)(?)])(3 )]
4: 2b1f36bb-c1cd-4306-bf5c-a0367c2d97d8, 1, 0 [(0 [0xC004F014, 0, 0], [(?)(?)(?)(?)(?)(?)(?)(?)])(1 )(2 )(3 )]
5: 30d469c6-a78f-4476-b5c8-af78d5b6a5fb, 1, 0 [(0 [0xC004F014, 0, 0], [(?)(?)(?)(?)(?)(?)(?)(?)])(1 )(2 )(3 )]
6: 3ae2cc14-ab2d-41f4-972f-5e20142771dc, 1, 0 [(0 [0xC004F014, 0, 0], [(?)(?)(?)(?)(?)(?)(?)(?)])(1 )(2 )(3 )]
7: 4002e33a-524c-4100-8108-131a0d42c0ea, 1, 0 [(0 [0xC004F014, 0, 0], [(?)(?)(?)(?)(?)(?)(?)(?)])(1 )(2 )(3 )]
8: 411b3d4f-be6d-4a06-baaa-9cabfc256cae, 1, 0 [(0 [0xC004F014, 0, 0], [(?)(?)(?)(?)(?)(?)(?)(?)])(1 )(2 )(3 )]
9: 58e97c99-f377-4ef1-81d5-4ad5522b5fd8, 1, 0 [(0 [0xC004F014, 0, 0], [(?)(?)(?)(?)(?)(?)(?)(?)])(1 )(2 )(3 )]
10: 653098ee-780d-4863-8cf2-d18399ce413b, 1, 0 [(0 [0xC004F014, 0, 0], [(?)(?)(?)(?)(?)(?)(?)(?)])(1 )(2 )(3 )]
11: 74436dbb-cc17-46de-867f-14906ba4a938, 1, 0 [(0 [0xC004F014, 0, 0], [(?)(?)(?)(?)(?)(?)(?)(?)])(1 )(2 )(3 )]
12: 8a292df8-d653-4057-8133-a0701792f912, 1, 0 [(0 [0xC004F014, 0, 0], [(?)(?)(?)(?)(?)(?)(?)(?)])(1 )(2 )(3 )]
13: 8db63db6-4f8f-46d6-a448-66444faaaa72, 1, 0 [(0 [0xC004F014, 0, 0], [(?)(?)(?)(?)(?)(?)(?)(?)])(1 )(2 )(3 )]
14: cd918a57-a41b-4c82-8dce-1a538e221a83, 1, 0 [(0 [0xC004F014, 0, 0], [(?)(?)(?)(?)(?)(?)(?)(?)])(1 )(2 )(3 )]
15: da9621af-f086-4244-b563-18611e51aa1a, 1, 0 [(0 [0xC004F014, 0, 0], [(?)(?)(?)(?)(?)(?)(?)(?)])(1 )(2 )(3 )]
16: e371d89a-73e8-4b24-a7ff-23a3641dd18e, 1, 0 [(0 [0xC004F014, 0, 0], [(?)(?)(?)(?)(?)(?)(?)(?)])(1 )(2 )(3 )]
17: ed799377-74b8-4989-a244-14d082e65972, 1, 0 [(0 [0xC004F014, 0, 0], [(?)(?)(?)(?)(?)(?)(?)(?)])(1 )(2 )(3 )]

"
"05/17/2026 1:07:44 PM","Microsoft-Windows-Security-SPP","1033","Information","These policies are being excluded since they are only defined with override-only attribute.
Policy Names=(Security-SPP-Reserved-EnableNotificationMode) 
App Id=55c92734-d682-4d71-983e-d6ec3f16059f
Sku Id=1d873132-f09f-4eb2-bf5a-2e4fb48935e8"
"05/17/2026 1:07:44 PM","Microsoft-Windows-Security-SPP","1034","Information","Duplicate definition of policy found. Policy name=Security-SPP-WriteWauMarker  Priority=500"
"05/17/2026 1:07:44 PM","Microsoft-Windows-Security-SPP","1034","Information","Duplicate definition of policy found. Policy name=AAD-AddDeviceJoinUserToAdminGroup-Policy  Priority=100"
"05/17/2026 1:07:43 PM","Microsoft-Windows-Security-SPP","1066","Information","Initialization status for service objects.
C:\Windows\system32\sppwinob.dll, msft:spp/windowsfunctionality/agent/7.0, 0x00000000, 0x00000000
C:\Windows\system32\sppobjs.dll, msft:rm/algorithm/inherited/1.0, 0x00000000, 0x00000000
C:\Windows\system32\sppobjs.dll, msft:rm/algorithm/phone/1.0, 0x00000000, 0x00000000
C:\Windows\system32\sppobjs.dll, msft:rm/algorithm/pkey/detect, 0x00000000, 0x00000000
C:\Windows\system32\sppobjs.dll, msft:spp/ActionScheduler/1.0, 0x00000000, 0x00000000
C:\Windows\system32\sppobjs.dll, msft:spp/TaskScheduler/1.0, 0x00000000, 0x00000000
C:\Windows\system32\sppobjs.dll, msft:spp/statecollector/pkey, 0x00000000, 0x00000000
C:\Windows\system32\sppobjs.dll, msft:spp/volume/services/kms/1.0, 0x00000000, 0x00000000
C:\Windows\system32\sppobjs.dll, msft:spp/volume/services/kms/activationinfo/1.0, 0x00000000, 0x00000000
"
"05/17/2026 1:07:43 PM","Microsoft-Windows-Security-SPP","16394","Information","Offline downlevel migration succeeded."
"05/17/2026 1:07:43 PM","Microsoft-Windows-Security-SPP","900","Information","The Software Protection service is starting.
Parameters:TriggerStarted:6"
"05/17/2026 1:07:24 PM","Microsoft-Windows-RestartManager","10001","Information","Ending session 0 started ‎2026‎-‎05‎-‎17T10:07:21.838592600Z."
"05/17/2026 1:07:24 PM","MsiInstaller","1042","Information","Ending a Windows Installer transaction: C:\Program Files\WindowsApps\Microsoft.GamingServices_36.113.2002.0_x64__8wekyb3d8bbwe\gameinputredist.msi. Client Process Id: 12120."
"05/17/2026 1:07:24 PM","MsiInstaller","1035","Information","Windows Installer reconfigured the product. Product Name: Microsoft GameInput. Product Version: 3.3.182.0. Product Language: 1033. Manufacturer: Microsoft Corporation. Reconfiguration success or error status: 0."
"05/17/2026 1:07:24 PM","MsiInstaller","11728","Information","Product: Microsoft GameInput -- Configuration completed successfully."
"05/17/2026 1:07:21 PM","Microsoft-Windows-RestartManager","10000","Information","Starting session 0 - ‎2026‎-‎05‎-‎17T10:07:21.838592600Z."
"05/17/2026 1:07:21 PM","MsiInstaller","1040","Information","Beginning a Windows Installer transaction: C:\Program Files\WindowsApps\Microsoft.GamingServices_36.113.2002.0_x64__8wekyb3d8bbwe\gameinputredist.msi. Client Process Id: 12120."
"05/17/2026 1:07:20 PM","IPF","19","Information","ESIF(2.3.20303.5058) TYPE: INFO MODULE: IPF TIME 30589 ms

    DPTF Build Version:  9.1.10009.1745    DPTF Build Date:  Mar 11 2026 16:58:52    Message:  EPO Modes Status:DC Endurance Gaming(Status: Disabled);DC Better Battery(Status: Enabled);DC Balanced(Status: Enabled);AC Balanced(Status: Disabled);AC Quiet(Status: Disabled    Policy:  Energy Performance Optimizer Policy [2]        "
"05/17/2026 1:07:20 PM","IPF","19","Information","ESIF(2.3.20303.5058) TYPE: INFO MODULE: IPF TIME 30229 ms

    DPTF Build Version:  9.1.10009.1745    DPTF Build Date:  Mar 11 2026 16:58:52    Message:  VR RF Interference Mitigation: Disabled; DDR RF Interference Mitigation: Disabled; RF Interference Mitigation Priority: WIFI; TCON Interference Mitigation: X; TCON P2P Clock Table State: X; TCON Mitigation SSC: X    Policy:  RFIM Policy [5]        "
"05/17/2026 1:07:20 PM","IPF","19","Information","ESIF(2.3.20303.5058) TYPE: INFO MODULE: IPF TIME 30163 ms

    DPTF Build Version:  9.1.10009.1745    DPTF Build Date:  Mar 11 2026 16:58:52    Message:  EPO Modes Status:DC Endurance Gaming(Status: Disabled);DC Better Battery(Status: Enabled);DC Balanced(Status: Enabled);AC Balanced(Status: Disabled);AC Quiet(Status: Disabled    Policy:  Energy Performance Optimizer Policy [2]        "
"05/17/2026 1:07:19 PM","IPF","19","Information","ESIF(2.3.20303.5058) TYPE: INFO MODULE: IPF TIME 29917 ms

<EVENTLOG>DTT Version: 9.1.10009.1745. IPF SDK Version: 1.0.23203.03. Minimum IPF Version Required: 1.0.11904.0."
"05/17/2026 1:07:16 PM","Microsoft-Windows-WMI","63","Warning","A provider, IntelMEProv, has been registered in the Windows Management Instrumentation namespace root\Intel_ME to use the LocalSystem account. This account is privileged and the provider may cause a security violation if it does not correctly impersonate user requests."
"05/17/2026 1:07:16 PM","Microsoft-Windows-WMI","63","Warning","A provider, IntelMEProv, has been registered in the Windows Management Instrumentation namespace root\Intel_ME to use the LocalSystem account. This account is privileged and the provider may cause a security violation if it does not correctly impersonate user requests."
"05/17/2026 1:07:16 PM","Microsoft-Windows-WMI","63","Warning","A provider, IntelMEProv, has been registered in the Windows Management Instrumentation namespace root\Intel_ME to use the LocalSystem account. This account is privileged and the provider may cause a security violation if it does not correctly impersonate user requests."
"05/17/2026 1:07:16 PM","Intel Graphics Software Service","0","Information","Service started successfully."
"05/17/2026 1:07:16 PM","WMIRegistrationService","2","Information","Intel(R) WMI Registration Service has successfully finished WMI Registration."
"05/17/2026 1:07:16 PM","CoworkVMService","1","Information","Claude VM Service starting. Detailed logs: C:\ProgramData\Claude\Logs\cowork-service.log"
"05/17/2026 1:07:14 PM","Microsoft-Windows-WMI","5617","Information","Windows Management Instrumentation Service subsystems initialized successfully"
"05/17/2026 1:07:14 PM","IgoAudioService","0","Information","Service started successfully."
"05/17/2026 1:07:14 PM","DellTechHub","0","Information","Service started successfully."
"05/17/2026 1:07:14 PM","Service1","0","Information","Service started successfully."
"05/17/2026 1:07:14 PM","M-Track Solo and Duo AudioDevMon","0",,
"05/17/2026 1:07:14 PM","WMIRegistrationService","0","Information","Intel(R) WMI Registration Service started."
"05/17/2026 1:07:14 PM","IntelDalJhi","0","Information","Intel(R) Dynamic Application Loader Host Interface Service started."
"05/17/2026 1:07:14 PM","RtkAudioUniversalService","0",,
"05/17/2026 1:07:14 PM","Microsoft-Windows-WMI","5615","Information","Windows Management Instrumentation Service started sucessfully"
"05/17/2026 1:07:13 PM","Microsoft-Windows-User Profiles Service","1531","Information","The User Profile Service has started successfully.  

"
"05/17/2026 11:05:02 AM","Microsoft-Windows-User Profiles Service","1532","Information","The User Profile Service has stopped.  

"
"05/17/2026 11:05:02 AM","CoworkVMService","1","Information","Claude VM Service stopped."
"05/17/2026 11:05:02 AM","IgoAudioService","0","Information","Service has been successfully shut down."
"05/17/2026 11:05:02 AM","Service1","0","Information","Service has been successfully shut down."
"05/17/2026 11:05:02 AM","RtkAudioUniversalService","0",,
"05/17/2026 11:04:59 AM","Microsoft-Windows-Winlogon","6004","Warning","The winlogon notification subscriber <TrustedInstaller> failed a critical notification event."
"05/17/2026 11:04:58 AM","Intel Graphics Software Service","0","Information","Service started successfully."
"05/17/2026 11:04:58 AM","WMIRegistrationService","2","Information","Intel(R) WMI Registration Service has successfully finished WMI Registration."
"05/17/2026 11:04:58 AM","Microsoft-Windows-WMI","63","Warning","A provider, IntelMEProv, has been registered in the Windows Management Instrumentation namespace root\Intel_ME to use the LocalSystem account. This account is privileged and the provider may cause a security violation if it does not correctly impersonate user requests."
"05/17/2026 11:04:58 AM","Microsoft-Windows-WMI","63","Warning","A provider, IntelMEProv, has been registered in the Windows Management Instrumentation namespace root\Intel_ME to use the LocalSystem account. This account is privileged and the provider may cause a security violation if it does not correctly impersonate user requests."
"05/17/2026 11:04:58 AM","Microsoft-Windows-WMI","63","Warning","A provider, IntelMEProv, has been registered in the Windows Management Instrumentation namespace root\Intel_ME to use the LocalSystem account. This account is privileged and the provider may cause a security violation if it does not correctly impersonate user requests."
"05/17/2026 11:04:57 AM","CoworkVMService","1","Information","Claude VM Service starting. Detailed logs: C:\ProgramData\Claude\Logs\cowork-service.log"
"05/17/2026 11:04:55 AM","IPF","19","Information","ESIF(2.3.20303.5058) TYPE: INFO MODULE: IPF TIME 53619 ms

    DPTF Build Version:  9.1.10009.1745    DPTF Build Date:  Mar 11 2026 16:58:52    Message:  EPO Modes Status:DC Endurance Gaming(Status: Disabled);DC Better Battery(Status: Enabled);DC Balanced(Status: Enabled);AC Balanced(Status: Disabled);AC Quiet(Status: Disabled    Policy:  Energy Performance Optimizer Policy [2]        "
"05/17/2026 11:04:53 AM","IPF","19","Information","ESIF(2.3.20303.5058) TYPE: INFO MODULE: IPF TIME 51666 ms

    DPTF Build Version:  9.1.10009.1745    DPTF Build Date:  Mar 11 2026 16:58:52    Message:  VR RF Interference Mitigation: Disabled; DDR RF Interference Mitigation: Disabled; RF Interference Mitigation Priority: WIFI; TCON Interference Mitigation: X; TCON P2P Clock Table State: X; TCON Mitigation SSC: X    Policy:  RFIM Policy [5]        "
"05/17/2026 11:04:53 AM","IPF","19","Information","ESIF(2.3.20303.5058) TYPE: INFO MODULE: IPF TIME 51247 ms

    DPTF Build Version:  9.1.10009.1745    DPTF Build Date:  Mar 11 2026 16:58:52    Message:  EPO Modes Status:DC Endurance Gaming(Status: Disabled);DC Better Battery(Status: Enabled);DC Balanced(Status: Enabled);AC Balanced(Status: Disabled);AC Quiet(Status: Disabled    Policy:  Energy Performance Optimizer Policy [2]        "
"05/17/2026 11:04:51 AM","IPF","19","Information","ESIF(2.3.20303.5058) TYPE: INFO MODULE: IPF TIME 50055 ms

<EVENTLOG>DTT Version: 9.1.10009.1745. IPF SDK Version: 1.0.23203.03. Minimum IPF Version Required: 1.0.11904.0."
"05/17/2026 11:04:49 AM","DellTechHub","0","Information","PowerEvent handled successfully by the service."
"05/17/2026 11:04:44 AM","IgoAudioService","0","Information","Service started successfully."
"05/17/2026 11:04:43 AM","DellTechHub","0","Information","Service started successfully."
"05/17/2026 11:04:43 AM","Service1","0","Information","Service started successfully."
"05/17/2026 11:04:43 AM","M-Track Solo and Duo AudioDevMon","0",,
"05/17/2026 11:04:43 AM","WMIRegistrationService","0","Information","Intel(R) WMI Registration Service started."
"05/17/2026 11:04:42 AM","Microsoft-Windows-WMI","5617","Information","Windows Management Instrumentation Service subsystems initialized successfully"
"05/17/2026 11:04:42 AM","RtkAudioUniversalService","0",,
"05/17/2026 11:04:42 AM","IntelDalJhi","0","Information","Intel(R) Dynamic Application Loader Host Interface Service started."
"05/17/2026 11:04:41 AM","Microsoft-Windows-WMI","5615","Information","Windows Management Instrumentation Service started sucessfully"
"05/17/2026 11:04:39 AM","Microsoft-Windows-User Profiles Service","1531","Information","The User Profile Service has started successfully.  

"
"05/17/2026 7:28:54 AM","Microsoft-Windows-User Profiles Service","1532","Information","The User Profile Service has stopped.  

"
"05/17/2026 7:28:54 AM","CoworkVMService","1","Information","Claude VM Service stopped."
"05/17/2026 7:28:54 AM","Service1","0","Information","Service has been successfully shut down."
"05/17/2026 7:28:54 AM","IgoAudioService","0","Information","Service has been successfully shut down."
"05/17/2026 7:28:54 AM","RtkAudioUniversalService","0",,
"05/17/2026 7:28:53 AM","Microsoft-Windows-Winlogon","6004","Warning","The winlogon notification subscriber <TrustedInstaller> failed a critical notification event."
"05/17/2026 7:28:36 AM","Microsoft-Windows-RestartManager","10001","Information","Ending session 0 started ‎2026‎-‎05‎-‎17T04:28:33.811492300Z."
"05/17/2026 7:28:36 AM","MsiInstaller","1042","Information","Ending a Windows Installer transaction: C:\Program Files\WindowsApps\Microsoft.GamingServices_36.113.2002.0_x64__8wekyb3d8bbwe\gameinputredist.msi. Client Process Id: 3996."
"05/17/2026 7:28:36 AM","MsiInstaller","1035","Information","Windows Installer reconfigured the product. Product Name: Microsoft GameInput. Product Version: 3.3.182.0. Product Language: 1033. Manufacturer: Microsoft Corporation. Reconfiguration success or error status: 0."
"05/17/2026 7:28:36 AM","MsiInstaller","11728","Information","Product: Microsoft GameInput -- Configuration completed successfully."
"05/17/2026 7:28:33 AM","Microsoft-Windows-RestartManager","10000","Information","Starting session 0 - ‎2026‎-‎05‎-‎17T04:28:33.811492300Z."
"05/17/2026 7:28:33 AM","MsiInstaller","1040","Information","Beginning a Windows Installer transaction: C:\Program Files\WindowsApps\Microsoft.GamingServices_36.113.2002.0_x64__8wekyb3d8bbwe\gameinputredist.msi. Client Process Id: 3996."
"05/17/2026 7:28:32 AM","IPF","19","Information","ESIF(2.3.20303.5058) TYPE: INFO MODULE: IPF TIME 33359 ms

    DPTF Build Version:  9.1.10009.1745    DPTF Build Date:  Mar 11 2026 16:58:52    Message:  EPO Modes Status:DC Endurance Gaming(Status: Disabled);DC Better Battery(Status: Enabled);DC Balanced(Status: Enabled);AC Balanced(Status: Disabled);AC Quiet(Status: Disabled    Policy:  Energy Performance Optimizer Policy [2]        "
"05/17/2026 7:28:31 AM","IPF","19","Information","ESIF(2.3.20303.5058) TYPE: INFO MODULE: IPF TIME 33025 ms

    DPTF Build Version:  9.1.10009.1745    DPTF Build Date:  Mar 11 2026 16:58:52    Message:  VR RF Interference Mitigation: Disabled; DDR RF Interference Mitigation: Disabled; RF Interference Mitigation Priority: WIFI; TCON Interference Mitigation: X; TCON P2P Clock Table State: X; TCON Mitigation SSC: X    Policy:  RFIM Policy [5]        "
"05/17/2026 7:28:31 AM","IPF","19","Information","ESIF(2.3.20303.5058) TYPE: INFO MODULE: IPF TIME 32951 ms

    DPTF Build Version:  9.1.10009.1745    DPTF Build Date:  Mar 11 2026 16:58:52    Message:  EPO Modes Status:DC Endurance Gaming(Status: Disabled);DC Better Battery(Status: Enabled);DC Balanced(Status: Enabled);AC Balanced(Status: Disabled);AC Quiet(Status: Disabled    Policy:  Energy Performance Optimizer Policy [2]        "
"05/17/2026 7:28:31 AM","IPF","19","Information","ESIF(2.3.20303.5058) TYPE: INFO MODULE: IPF TIME 32726 ms

<EVENTLOG>DTT Version: 9.1.10009.1745. IPF SDK Version: 1.0.23203.03. Minimum IPF Version Required: 1.0.11904.0."
"05/17/2026 7:28:27 AM","Microsoft-Windows-WMI","63","Warning","A provider, IntelMEProv, has been registered in the Windows Management Instrumentation namespace root\Intel_ME to use the LocalSystem account. This account is privileged and the provider may cause a security violation if it does not correctly impersonate user requests."
"05/17/2026 7:28:27 AM","Microsoft-Windows-WMI","63","Warning","A provider, IntelMEProv, has been registered in the Windows Management Instrumentation namespace root\Intel_ME to use the LocalSystem account. This account is privileged and the provider may cause a security violation if it does not correctly impersonate user requests."
"05/17/2026 7:28:27 AM","Microsoft-Windows-WMI","63","Warning","A provider, IntelMEProv, has been registered in the Windows Management Instrumentation namespace root\Intel_ME to use the LocalSystem account. This account is privileged and the provider may cause a security violation if it does not correctly impersonate user requests."
"05/17/2026 7:28:27 AM","Intel Graphics Software Service","0","Information","Service started successfully."
"05/17/2026 7:28:27 AM","WMIRegistrationService","2","Information","Intel(R) WMI Registration Service has successfully finished WMI Registration."
"05/17/2026 7:28:27 AM","CoworkVMService","1","Information","Claude VM Service starting. Detailed logs: C:\ProgramData\Claude\Logs\cowork-service.log"
"05/17/2026 7:28:25 AM","IgoAudioService","0","Information","Service started successfully."
"05/17/2026 7:28:25 AM","DellTechHub","0","Information","Service started successfully."
"05/17/2026 7:28:25 AM","Microsoft-Windows-WMI","5617","Information","Windows Management Instrumentation Service subsystems initialized successfully"
"05/17/2026 7:28:24 AM","Microsoft-Windows-WMI","5615","Information","Windows Management Instrumentation Service started sucessfully"
"05/17/2026 7:28:25 AM","Service1","0","Information","Service started successfully."
"05/17/2026 7:28:25 AM","M-Track Solo and Duo AudioDevMon","0",,
"05/17/2026 7:28:25 AM","WMIRegistrationService","0","Information","Intel(R) WMI Registration Service started."
"05/17/2026 7:28:25 AM","RtkAudioUniversalService","0",,
"05/17/2026 7:28:25 AM","IntelDalJhi","0","Information","Intel(R) Dynamic Application Loader Host Interface Service started."
"05/17/2026 7:28:24 AM","Microsoft-Windows-User Profiles Service","1531","Information","The User Profile Service has started successfully.  

"
"05/17/2026 7:28:24 AM","Microsoft-Windows-EventSystem","4625","Information","The EventSystem sub system is suppressing duplicate event log entries for a duration of 86400 seconds.  The suppression timeout can be controlled by a REG_DWORD value named SuppressDuplicateDuration under the following registry key: HKLM\Software\Microsoft\EventSystem\EventLog."
"05/17/2026 7:26:52 AM","Microsoft-Windows-User Profiles Service","1532","Information","The User Profile Service has stopped.  

"
"05/17/2026 7:26:52 AM","XTUService","0","Information","Service has been successfully shut down."
"05/17/2026 7:26:52 AM","RtkAudioUniversalService","0",,
"05/17/2026 7:26:52 AM","Alloy","1","Information","level=info msg=""service exited"" exit_code=0
"
"05/17/2026 7:26:52 AM","Alloy","1","Error","ts=2026-05-17T04:26:52.7331624Z level=info source=/__w/alloy/alloy/internal/runtime/internal/controller/scheduler.go:108 msg=""node exited without error"" controller_id="""" node=loki.write.grafana_cloud_loki
"
"05/17/2026 7:26:52 AM","Alloy","1","Error","ts=2026-05-17T04:26:52.4565948Z level=info source=/__w/alloy/alloy/internal/runtime/internal/controller/scheduler.go:108 msg=""node exited without error"" controller_id="""" node=remotecfg
"
"05/17/2026 7:26:52 AM","Alloy","1","Information","ts=2026-05-17T04:26:52.4565948Z level=info msg=""failed to unregister collector during service shutdown"" service=remotecfg err=""noop client""
"
"05/17/2026 7:26:52 AM","Alloy","1","Information","ts=2026-05-17T04:26:52.4560222Z level=info msg=""failed to unregister collector with remote server"" service=remotecfg id=eaef18c9-07d5-40fc-bd32-8ed1e4a2e2c5 err=""noop client""
"
"05/17/2026 7:26:52 AM","Alloy","1","Error","ts=2026-05-17T04:26:52.4544258Z level=info source=/__w/alloy/alloy/internal/runtime/internal/controller/scheduler.go:108 msg=""node exited without error"" controller_id="""" node=http
"
"05/17/2026 7:26:52 AM","Alloy","1","Information","ts=2026-05-17T04:26:52.4527965Z level=info msg=""http server closed"" service=http addr=memory err=""http: Server closed""
"
"05/17/2026 7:26:52 AM","Alloy","1","Information","ts=2026-05-17T04:26:52.4527965Z level=info msg=""http server closed"" service=http addr=127.0.0.1:12345 err=""http: Server closed""
"
"05/17/2026 7:26:52 AM","Alloy","1","Error","ts=2026-05-17T04:26:52.4527965Z level=error msg=""error running exporter"" component_path=/ component_id=prometheus.exporter.windows.integrations_windows_exporter err=""context canceled""
"
"05/17/2026 7:26:52 AM","Alloy","1","Error","ts=2026-05-17T04:26:52.4511667Z level=info source=/__w/alloy/alloy/internal/runtime/internal/controller/scheduler.go:108 msg=""node exited without error"" controller_id="""" node=discovery.relabel.alloy_check
ts=2026-05-17T04:26:52.4511667Z level=info source=/__w/alloy/alloy/internal/runtime/internal/controller/scheduler.go:108 msg=""node exited without error"" controller_id="""" node=cluster
ts=2026-05-17T04:26:52.4511667Z level=info source=/__w/alloy/alloy/internal/runtime/internal/controller/scheduler.go:108 msg=""node exited without error"" controller_id="""" node=prometheus.exporter.self.alloy_check
"
"05/17/2026 7:26:52 AM","Alloy","1","Error","ts=2026-05-17T04:26:52.4511667Z level=info source=/__w/alloy/alloy/internal/runtime/internal/controller/scheduler.go:108 msg=""node exited without error"" controller_id="""" node=prometheus.remote_write.metrics_service
"
"05/17/2026 7:26:52 AM","Alloy","1","Information","ts=2026-05-17T04:26:52.4506418Z level=info msg=""Remote storage stopped."" component_path=/ component_id=prometheus.remote_write.metrics_service subcomponent=rw remote_name=8e9b58 url=https://prometheus-prod-65-prod-eu-west-2.grafana.net/api/prom/push
"
"05/17/2026 7:26:52 AM","Alloy","1","Information","ts=2026-05-17T04:26:52.449526Z level=info msg=""Scraped metadata watcher stopped"" component_path=/ component_id=prometheus.remote_write.metrics_service subcomponent=rw remote_name=8e9b58 url=https://prometheus-prod-65-prod-eu-west-2.grafana.net/api/prom/push
"
"05/17/2026 7:26:52 AM","Alloy","1","Information","ts=2026-05-17T04:26:52.4490215Z level=info msg=""Stopping metadata watcher..."" component_path=/ component_id=prometheus.remote_write.metrics_service subcomponent=rw remote_name=8e9b58 url=https://prometheus-prod-65-prod-eu-west-2.grafana.net/api/prom/push
"
"05/17/2026 7:26:52 AM","Alloy","1","Information","ts=2026-05-17T04:26:52.4487123Z level=info msg=""WAL watcher stopped"" component_path=/ component_id=prometheus.remote_write.metrics_service subcomponent=rw remote_name=8e9b58 url=https://prometheus-prod-65-prod-eu-west-2.grafana.net/api/prom/push queue=8e9b58
"
"05/17/2026 7:26:52 AM","Alloy","1","Information","ts=2026-05-17T04:26:52.4473749Z level=info msg=""Stopping remote storage..."" component_path=/ component_id=prometheus.remote_write.metrics_service subcomponent=rw remote_name=8e9b58 url=https://prometheus-prod-65-prod-eu-west-2.grafana.net/api/prom/push
"
"05/17/2026 7:26:52 AM","Alloy","1","Information","ts=2026-05-17T04:26:52.4413619Z level=info msg=""scrape manager stopped"" component_path=/ component_id=prometheus.scrape.integrations_windows_exporter
"
"05/17/2026 7:26:52 AM","Alloy","1","Information","ts=2026-05-17T04:26:52.4419185Z level=info msg=""scrape manager stopped"" component_path=/ component_id=prometheus.scrape.alloy_check
"
"05/17/2026 7:26:52 AM","Alloy","1","Error","ts=2026-05-17T04:26:52.4419185Z level=info source=/__w/alloy/alloy/internal/runtime/internal/controller/scheduler.go:108 msg=""node exited without error"" controller_id="""" node=prometheus.scrape.alloy_check
ts=2026-05-17T04:26:52.4419185Z level=info source=/__w/alloy/alloy/internal/runtime/internal/controller/scheduler.go:108 msg=""node exited without error"" controller_id="""" node=prometheus.relabel.alloy_check
ts=2026-05-17T04:26:52.4419185Z level=info source=/__w/alloy/alloy/internal/runtime/internal/controller/scheduler.go:108 msg=""node exited without error"" controller_id="""" node=prometheus.relabel.integrations_windows_exporter
"
"05/17/2026 7:26:52 AM","Alloy","1","Error","ts=2026-05-17T04:26:52.4413619Z level=info source=/__w/alloy/alloy/internal/runtime/internal/controller/scheduler.go:108 msg=""node exited without error"" controller_id="""" node=prometheus.exporter.windows.integrations_windows_exporter
"
"05/17/2026 7:26:52 AM","Alloy","1","Error","ts=2026-05-17T04:26:52.4413619Z level=info source=/__w/alloy/alloy/internal/runtime/internal/controller/scheduler.go:108 msg=""node exited without error"" controller_id="""" node=discovery.relabel.integrations_windows_exporter
"
"05/17/2026 7:26:52 AM","Alloy","1","Error","ts=2026-05-17T04:26:52.4413619Z level=info source=/__w/alloy/alloy/internal/runtime/internal/controller/scheduler.go:108 msg=""node exited without error"" controller_id="""" node=prometheus.scrape.integrations_windows_exporter
"
"05/17/2026 7:26:52 AM","Alloy","1","Error","ts=2026-05-17T04:26:52.4396916Z level=info source=/__w/alloy/alloy/internal/runtime/internal/controller/scheduler.go:108 msg=""node exited without error"" controller_id="""" node=loki.relabel.logs_integrations_windows_exporter_system
ts=2026-05-17T04:26:52.4396916Z level=info source=/__w/alloy/alloy/internal/runtime/internal/controller/scheduler.go:108 msg=""node exited without error"" controller_id="""" node=loki.process.logs_integrations_windows_exporter_system
"
"05/17/2026 7:26:52 AM","Alloy","1","Error","ts=2026-05-17T04:26:52.4396916Z level=info source=/__w/alloy/alloy/internal/runtime/internal/controller/scheduler.go:108 msg=""node exited without error"" controller_id="""" node=loki.source.windowsevent.logs_integrations_windows_exporter_system
"
"05/17/2026 7:26:52 AM","Alloy","1","Error","ts=2026-05-17T04:26:52.419779Z level=info source=/__w/alloy/alloy/internal/runtime/internal/controller/scheduler.go:108 msg=""node exited without error"" controller_id="""" node=otel
ts=2026-05-17T04:26:52.429619Z level=info source=/__w/alloy/alloy/internal/runtime/internal/controller/scheduler.go:108 msg=""node exited without error"" controller_id="""" node=livedebugging
ts=2026-05-17T04:26:52.4252079Z level=info source=/__w/alloy/alloy/internal/runtime/internal/controller/scheduler.go:108 msg=""node exited without error"" controller_id="""" node=ui
ts=2026-05-17T04:26:52.4214895Z level=info source=/__w/alloy/alloy/internal/runtime/internal/controller/scheduler.go:108 msg=""node exited without error"" controller_id="""" node=labelstore
ts=2026-05-17T04:26:52.4353947Z level=info source=/__w/alloy/alloy/internal/runtime/internal/controller/scheduler.go:108 msg=""node exited without error"" controller_id="""" node=loki.source.windowsevent.logs_integrations_windows_exporter_application
ts=2026-05-17T04:26:52.4353947Z level=info source=/__w/alloy/alloy/internal/runtime/internal/controller/scheduler.go:108 msg=""node exited without error"" controller_id="""" node=loki.relabel.logs_integrations_windows_exporter_application
ts=2026-05-17T04:26:52.4359Z level=info source=/__w/alloy/alloy/internal/runtime/internal/controller/scheduler.go:108 msg=""node exited without error"" controller_id="""" node=loki.process.logs_integrations_windows_exporter_application
"
"05/17/2026 7:26:52 AM","Alloy","1","Information","interrupt received
"
"05/17/2026 7:26:46 AM","DellClientManagementService","0","Information","Service command was processed successfully."
"05/17/2026 7:26:46 AM","DellClientManagementService","0","Information","Service stopped successfully."
"05/17/2026 7:26:46 AM","KNDBWM","0","Information","Service stopped successfully."
"05/17/2026 7:26:46 AM","Intel Network Helper Service","0","Information","Service stopped successfully."
"05/17/2026 7:26:46 AM","KNDBWM","0","Information","Child process [29224 - KNDBWM.exe ] terminated with 0"
"05/17/2026 7:26:46 AM","KNDBWM","0","Information","Stopping KNDBWM"
"05/17/2026 7:26:18 AM","Microsoft-Windows-Winlogon","6000","Information","The winlogon notification subscriber <SessionEnv> was unavailable to handle a notification event."
"05/17/2026 7:26:18 AM","Microsoft-Windows-Winlogon","6000","Information","The winlogon notification subscriber <WSearch> was unavailable to handle a notification event."
"05/17/2026 7:11:33 AM","Microsoft-Windows-Security-SPP","16384","Information","Successfully scheduled Software Protection service for re-start at 2126-04-23T04:11:33Z. Reason: RulesEngine."
"05/17/2026 7:11:00 AM","Microsoft-Windows-Security-SPP","16394","Information","Offline downlevel migration succeeded."
"05/17/2026 6:49:44 AM","Microsoft-Windows-Security-SPP","16384","Information","Successfully scheduled Software Protection service for re-start at 2126-04-23T03:49:44Z. Reason: RulesEngine."
"05/17/2026 6:49:14 AM","Microsoft-Windows-Security-SPP","16394","Information","Offline downlevel migration succeeded."
"05/17/2026 6:31:26 AM","Microsoft-Windows-Security-SPP","16384","Information","Successfully scheduled Software Protection service for re-start at 2126-04-23T03:31:26Z. Reason: RulesEngine."
"05/17/2026 6:30:55 AM","Microsoft-Windows-Security-SPP","16394","Information","Offline downlevel migration succeeded."
"05/17/2026 6:09:19 AM","Alloy","1","Information","ts=2026-05-17T03:09:19.5193537Z level=info msg=""WAL checkpoint complete"" component_path=/ component_id=prometheus.remote_write.metrics_service subcomponent=wal first=86 last=87 duration=85.4425ms
"
"05/17/2026 6:09:19 AM","Alloy","1","Information","ts=2026-05-17T03:09:19.4424586Z level=info msg=""Creating checkpoint"" component_path=/ component_id=prometheus.remote_write.metrics_service subcomponent=wal from_segment=86 to_segment=87 mint=1778987033000
"
"05/17/2026 6:09:19 AM","Alloy","1","Information","ts=2026-05-17T03:09:19.4347188Z level=info msg=""series GC completed"" component_path=/ component_id=prometheus.remote_write.metrics_service subcomponent=wal duration=807.6µs
"
"05/17/2026 6:07:45 AM","Microsoft-Windows-Security-SPP","16384","Information","Successfully scheduled Software Protection service for re-start at 2126-04-23T03:07:45Z. Reason: RulesEngine."
"05/17/2026 6:07:14 AM","Microsoft-Windows-Security-SPP","16394","Information","Offline downlevel migration succeeded."
"05/17/2026 5:54:54 AM","Microsoft-Windows-Security-SPP","16384","Information","Successfully scheduled Software Protection service for re-start at 2126-04-23T02:54:54Z. Reason: RulesEngine."
"05/17/2026 5:54:24 AM","Microsoft-Windows-Security-SPP","16394","Information","Offline downlevel migration succeeded."
"05/17/2026 5:07:17 AM","Alloy","1","Information","ts=2026-05-17T02:07:17.775993Z level=info msg=""usage report sent with success""
"
"05/17/2026 5:07:17 AM","Alloy","1","Information","ts=2026-05-17T02:07:17.4418997Z level=info msg=""reporting Alloy stats"" date=2026-05-17T05:07:17.441+03:00
"
"05/17/2026 5:04:51 AM","Microsoft-Windows-Security-SPP","16384","Information","Successfully scheduled Software Protection service for re-start at 2126-04-23T02:04:51Z. Reason: RulesEngine."
"05/17/2026 5:04:19 AM","Microsoft-Windows-Security-SPP","16394","Information","Offline downlevel migration succeeded."
"05/17/2026 4:49:43 AM","Microsoft-Windows-Security-SPP","16384","Information","Successfully scheduled Software Protection service for re-start at 2126-04-23T01:49:43Z. Reason: RulesEngine."
"05/17/2026 4:49:13 AM","Microsoft-Windows-Security-SPP","16394","Information","Offline downlevel migration succeeded."
"05/17/2026 4:17:42 AM","SecurityCenter","15","Information","Updated Windows Defender status successfully to SECURITY_PRODUCT_STATE_ON."
"05/17/2026 4:16:54 AM","Microsoft-Windows-Security-SPP","16384","Information","Successfully scheduled Software Protection service for re-start at 2126-04-23T01:16:54Z. Reason: RulesEngine."
"05/17/2026 4:16:21 AM","Microsoft-Windows-Security-SPP","16394","Information","Offline downlevel migration succeeded."
"05/17/2026 4:09:19 AM","Alloy","1","Information","ts=2026-05-17T01:09:19.4211745Z level=info msg=""series GC completed"" component_path=/ component_id=prometheus.remote_write.metrics_service subcomponent=wal duration=763.9µs
"
"05/17/2026 3:46:16 AM","Microsoft-Windows-Security-SPP","16384","Information","Successfully scheduled Software Protection service for re-start at 2126-04-23T00:46:16Z. Reason: RulesEngine."
"05/17/2026 3:45:43 AM","Microsoft-Windows-Security-SPP","16394","Information","Offline downlevel migration succeeded."
"05/17/2026 3:18:18 AM","Microsoft-Windows-Security-SPP","16384","Information","Successfully scheduled Software Protection service for re-start at 2126-04-23T00:18:18Z. Reason: RulesEngine."
"05/17/2026 3:17:48 AM","Microsoft-Windows-Security-SPP","16394","Information","Offline downlevel migration succeeded."
"05/17/2026 2:59:16 AM","Microsoft-Windows-Security-SPP","16384","Information","Successfully scheduled Software Protection service for re-start at 2126-04-22T23:59:16Z. Reason: RulesEngine."
"05/17/2026 2:58:46 AM","Microsoft-Windows-Security-SPP","16394","Information","Offline downlevel migration succeeded."
"05/17/2026 2:57:28 AM","Microsoft-Windows-Security-SPP","16384","Information","Successfully scheduled Software Protection service for re-start at 2126-04-22T23:57:28Z. Reason: RulesEngine."
"05/17/2026 2:56:58 AM","Microsoft-Windows-Security-SPP","16394","Information","Offline downlevel migration succeeded."
"05/17/2026 2:49:43 AM","Microsoft-Windows-Security-SPP","16384","Information","Successfully scheduled Software Protection service for re-start at 2126-04-22T23:49:43Z. Reason: RulesEngine."
"05/17/2026 2:49:12 AM","Microsoft-Windows-Security-SPP","16394","Information","Offline downlevel migration succeeded."
"05/17/2026 2:25:13 AM","Microsoft-Windows-Security-SPP","16384","Information","Successfully scheduled Software Protection service for re-start at 2126-04-22T23:25:13Z. Reason: RulesEngine."
"05/17/2026 2:24:43 AM","Microsoft-Windows-Security-SPP","16394","Information","Offline downlevel migration succeeded."
"05/17/2026 2:21:53 AM","Microsoft-Windows-Security-SPP","16384","Information","Successfully scheduled Software Protection service for re-start at 2126-04-22T23:21:53Z. Reason: RulesEngine."
"05/17/2026 2:21:23 AM","Microsoft-Windows-Security-SPP","16394","Information","Offline downlevel migration succeeded."
"05/17/2026 2:20:16 AM","Microsoft-Windows-Security-SPP","16384","Information","Successfully scheduled Software Protection service for re-start at 2126-04-22T23:20:16Z. Reason: RulesEngine."
"05/17/2026 2:19:46 AM","Microsoft-Windows-Security-SPP","16394","Information","Offline downlevel migration succeeded."
"05/17/2026 2:09:19 AM","Alloy","1","Information","ts=2026-05-16T23:09:19.4176043Z level=info msg=""WAL checkpoint complete"" component_path=/ component_id=prometheus.remote_write.metrics_service subcomponent=wal first=84 last=85 duration=156.5043ms
"
"05/17/2026 2:09:19 AM","Alloy","1","Information","ts=2026-05-16T23:09:19.2752553Z level=info msg=""Creating checkpoint"" component_path=/ component_id=prometheus.remote_write.metrics_service subcomponent=wal from_segment=84 to_segment=85 mint=1778972633000
"
"05/17/2026 2:09:19 AM","Alloy","1","Information","ts=2026-05-16T23:09:19.2627855Z level=info msg=""series GC completed"" component_path=/ component_id=prometheus.remote_write.metrics_service subcomponent=wal duration=1.6855ms
"
"05/17/2026 1:50:26 AM","Microsoft-Windows-Security-SPP","16384","Information","Successfully scheduled Software Protection service for re-start at 2126-04-22T22:50:26Z. Reason: RulesEngine."
"05/17/2026 1:50:10 AM","SecurityCenter","15","Information","Updated Windows Defender status successfully to SECURITY_PRODUCT_STATE_ON."
"05/17/2026 1:49:15 AM","Microsoft-Windows-Security-SPP","16394","Information","Offline downlevel migration succeeded."
"05/17/2026 1:24:37 AM","Microsoft-Windows-Security-SPP","16384","Information","Successfully scheduled Software Protection service for re-start at 2126-04-22T22:24:37Z. Reason: RulesEngine."
"05/17/2026 1:24:04 AM","Microsoft-Windows-Security-SPP","16394","Information","Offline downlevel migration succeeded."
"05/17/2026 1:07:17 AM","Alloy","1","Information","ts=2026-05-16T22:07:17.784675Z level=info msg=""usage report sent with success""
"
"05/17/2026 1:07:17 AM","Alloy","1","Information","ts=2026-05-16T22:07:17.4419978Z level=info msg=""reporting Alloy stats"" date=2026-05-17T01:07:17.441+03:00
"
"05/17/2026 1:04:27 AM","VSS","8224","Information","The VSS service is shutting down due to idle timeout. "
"05/17/2026 1:02:07 AM","Microsoft-Windows-Security-SPP","16384","Information","Successfully scheduled Software Protection service for re-start at 2126-04-22T22:02:07Z. Reason: RulesEngine."
"05/17/2026 1:01:37 AM","Microsoft-Windows-Security-SPP","16394","Information","Offline downlevel migration succeeded."
"05/17/2026 12:56:56 AM","Microsoft-Windows-Security-SPP","16384","Information","Successfully scheduled Software Protection service for re-start at 2126-04-22T21:56:56Z. Reason: RulesEngine."
"05/17/2026 12:56:25 AM","Microsoft-Windows-Security-SPP","16394","Information","Offline downlevel migration succeeded."
"05/17/2026 12:32:35 AM","Microsoft-Windows-Security-SPP","16384","Information","Successfully scheduled Software Protection service for re-start at 2126-04-22T21:32:35Z. Reason: RulesEngine."
"05/17/2026 12:32:05 AM","Microsoft-Windows-Security-SPP","16394","Information","Offline downlevel migration succeeded."
"05/17/2026 12:12:11 AM","Microsoft-Windows-Security-SPP","16384","Information","Successfully scheduled Software Protection service for re-start at 2126-04-22T21:12:11Z. Reason: RulesEngine."
"05/17/2026 12:11:41 AM","Microsoft-Windows-Security-SPP","16394","Information","Offline downlevel migration succeeded."
"05/17/2026 12:09:19 AM","Alloy","1","Information","ts=2026-05-16T21:09:19.2526125Z level=info msg=""series GC completed"" component_path=/ component_id=prometheus.remote_write.metrics_service subcomponent=wal duration=1.6632ms
"
"05/17/2026 12:02:21 AM","edgeupdate","0","Information","Service stopped."
"05/17/2026 12:02:05 AM","Microsoft-Windows-AppXDeploymentServer/Operational","2562",,
